butik_id;vare_nr;dato;beholdning;kolli
1101;10023;03/01/2022;81;12
1101;10047;03/01/2022;113;12
1101;10112;03/01/2022;57;6
1101;10310;03/01/2022;25;20
1101;11020;03/01/2022;80;1
1101;11085;03/01/2022;47;10
1101;11142;03/01/2022;84;6
1101;12004;03/01/2022;38;8
1101;12066;03/01/2022;28;6
1101;12190;03/01/2022;39;12
1101;20015;03/01/2022;58;6
1101;20041;03/01/2022;140;24
1101;20088;03/01/2022;69;4
1101;20131;03/01/2022;56;8
1101;30012;03/01/2022;25;10
1101;30077;03/01/2022;58;12
1101;30154;03/01/2022;37;10
1101;30209;03/01/2022;121;6
1102;10023;03/01/2022;131;12
1102;10047;03/01/2022;128;12
1102;10112;03/01/2022;33;6
1102;10310;03/01/2022;37;20
1102;11020;03/01/2022;91;1
1102;11085;03/01/2022;49;10
1102;11142;03/01/2022;66;6
1102;12004;03/01/2022;35;8
1102;12066;03/01/2022;63;6
1102;12190;03/01/2022;41;12
1102;20015;03/01/2022;119;6
1102;20041;03/01/2022;55;24
1102;20088;03/01/2022;42;4
1102;20131;03/01/2022;25;8
1102;30012;03/01/2022;18;10
1102;30077;03/01/2022;55;12
1102;30154;03/01/2022;26;10
1102;30209;03/01/2022;88;6
1102;99001;03/01/2022;2;1
1103;10023;03/01/2022;84;12
1103;10047;03/01/2022;106;12
1103;10112;03/01/2022;39;6
1103;10310;03/01/2022;16;20
1103;11020;03/01/2022;31;1
1103;11085;03/01/2022;19;10
1103;11142;03/01/2022;49;6
1103;12004;03/01/2022;46;8
1103;12066;03/01/2022;16;6
1103;12190;03/01/2022;23;12
1103;20015;03/01/2022;49;6
1103;20041;03/01/2022;79;24
1103;20088;03/01/2022;18;4
1103;20131;03/01/2022;16;8
1103;30012;03/01/2022;14;10
1103;30077;03/01/2022;17;12
1103;30154;03/01/2022;8;10
1103;30209;03/01/2022;67;6
1108;10023;03/01/2022;173;12
1108;10047;03/01/2022;554;12
1108;10112;03/01/2022;208;6
1108;10310;03/01/2022;78;20
1108;11020;03/01/2022;254;1
1108;11085;03/01/2022;167;10
1108;11142;03/01/2022;115;6
1108;12004;03/01/2022;68;8
1108;12066;03/01/2022;109;6
1108;12190;03/01/2022;73;12
1108;20015;03/01/2022;113;6
1108;20041;03/01/2022;150;24
1108;20088;03/01/2022;82;4
1108;20131;03/01/2022;67;8
1108;30012;03/01/2022;56;10
1108;30077;03/01/2022;63;12
1108;30154;03/01/2022;80;10
1108;30209;03/01/2022;244;6
3104;10023;03/01/2022;159;12
3104;10047;03/01/2022;92;12
3104;10112;03/01/2022;93;6
3104;10310;03/01/2022;39;20
3104;11020;03/01/2022;76;1
3104;11085;03/01/2022;80;10
3104;11142;03/01/2022;48;6
3104;12004;03/01/2022;60;8
3104;12066;03/01/2022;43;6
3104;12190;03/01/2022;14;12
3104;20015;03/01/2022;63;6
3104;20041;03/01/2022;142;24
3104;20088;03/01/2022;49;4
3104;20131;03/01/2022;43;8
3104;30012;03/01/2022;25;10
3104;30077;03/01/2022;25;12
3104;30154;03/01/2022;49;10
3104;30209;03/01/2022;54;6
3117;10023;03/01/2022;51;12
3117;10047;03/01/2022;62;12
3117;10112;03/01/2022;41;6
3117;10310;03/01/2022;20;20
3117;11020;03/01/2022;74;1
3117;11085;03/01/2022;16;10
3117;11142;03/01/2022;26;6
3117;12004;03/01/2022;30;8
3117;12066;03/01/2022;23;6
3117;12190;03/01/2022;18;12
3117;20015;03/01/2022;28;6
3117;20041;03/01/2022;31;24
3117;20088;03/01/2022;31;4
3117;20131;03/01/2022;19;8
3117;30012;03/01/2022;15;10
3117;30077;03/01/2022;13;12
3117;30154;03/01/2022;16;10
3117;30209;03/01/2022;53;6
3122;10023;03/01/2022;59;12
3122;10047;03/01/2022;79;12
3122;10112;03/01/2022;21;6
3122;10310;03/01/2022;8;20
3122;11020;03/01/2022;51;1
3122;11085;03/01/2022;21;10
3122;11142;03/01/2022;21;6
3122;12004;03/01/2022;29;8
3122;12066;03/01/2022;9;6
3122;12190;03/01/2022;10;12
3122;20015;03/01/2022;32;6
3122;20041;03/01/2022;28;24
3122;20088;03/01/2022;10;4
3122;20131;03/01/2022;14;8
3122;30012;03/01/2022;6;10
3122;30077;03/01/2022;9;12
3122;30154;03/01/2022;13;10
3122;30209;03/01/2022;18;6
4201;10023;03/01/2022;167;12
4201;10047;03/01/2022;331;12
4201;10112;03/01/2022;131;6
4201;10310;03/01/2022;37;20
4201;11020;03/01/2022;295;1
4201;11085;03/01/2022;150;10
4201;11142;03/01/2022;168;6
4201;12004;03/01/2022;102;8
4201;12066;03/01/2022;59;6
4201;12190;03/01/2022;70;12
4201;20015;03/01/2022;96;6
4201;20041;03/01/2022;249;24
4201;20088;03/01/2022;56;4
4201;20131;03/01/2022;47;8
4201;30012;03/01/2022;63;10
4201;30077;03/01/2022;51;12
4201;30154;03/01/2022;80;10
4201;30209;03/01/2022;195;6
4205;10023;03/01/2022;199;12
4205;10047;03/01/2022;235;12
4205;10112;03/01/2022;50;6
4205;10310;03/01/2022;54;20
4205;11020;03/01/2022;170;1
4205;11085;03/01/2022;34;10
4205;11142;03/01/2022;87;6
4205;12004;03/01/2022;46;8
4205;12066;03/01/2022;36;6
4205;12190;03/01/2022;25;12
4205;20015;03/01/2022;114;6
4205;20041;03/01/2022;122;24
4205;20088;03/01/2022;68;4
4205;20131;03/01/2022;34;8
4205;30012;03/01/2022;31;10
4205;30077;03/01/2022;44;12
4205;30154;03/01/2022;41;10
4205;30209;03/01/2022;83;6
4218;10023;03/01/2022;150;12
4218;10047;03/01/2022;295;12
4218;10112;03/01/2022;87;6
4218;10310;03/01/2022;36;20
4218;11020;03/01/2022;145;1
4218;11085;03/01/2022;87;10
4218;11142;03/01/2022;82;6
4218;12004;03/01/2022;91;8
4218;12066;03/01/2022;33;6
4218;12190;03/01/2022;25;12
4218;20015;03/01/2022;110;6
4218;20041;03/01/2022;113;24
4218;20088;03/01/2022;86;4
4218;20131;03/01/2022;46;8
4218;30012;03/01/2022;30;10
4218;30077;03/01/2022;35;12
4218;30154;03/01/2022;55;10
4218;30209;03/01/2022;66;6
5502;10023;03/01/2022;94;12
5502;10047;03/01/2022;237;12
5502;10112;03/01/2022;83;6
5502;10310;03/01/2022;43;20
5502;11020;03/01/2022;82;1
5502;11085;03/01/2022;49;10
5502;11142;03/01/2022;53;6
5502;12004;03/01/2022;41;8
5502;12066;03/01/2022;29;6
5502;12190;03/01/2022;16;12
5502;20015;03/01/2022;77;6
5502;20041;03/01/2022;97;24
5502;20088;03/01/2022;56;4
5502;20131;03/01/2022;60;8
5502;30012;03/01/2022;29;10
5502;30077;03/01/2022;66;12
5502;30154;03/01/2022;34;10
5502;30209;03/01/2022;113;6
5511;10023;03/01/2022;39;12
5511;10047;03/01/2022;64;12
5511;10112;03/01/2022;34;6
5511;10310;03/01/2022;7;20
5511;11020;03/01/2022;50;1
5511;11085;03/01/2022;14;10
5511;11142;03/01/2022;19;6
5511;12004;03/01/2022;11;8
5511;12066;03/01/2022;14;6
5511;12190;03/01/2022;13;12
5511;20015;03/01/2022;15;6
5511;20041;03/01/2022;49;24
5511;20088;03/01/2022;13;4
5511;20131;03/01/2022;10;8
5511;30012;03/01/2022;5;10
5511;30077;03/01/2022;21;12
5511;30154;03/01/2022;6;10
5511;30209;03/01/2022;23;6
9001;10023;03/01/2022;5;12
9001;10047;03/01/2022;7;12
9001;10112;03/01/2022;5;6
9001;10310;03/01/2022;1;20
9001;11020;03/01/2022;6;1
9001;11085;03/01/2022;3;10
9001;11142;03/01/2022;3;6
9001;12004;03/01/2022;2;8
9001;12066;03/01/2022;2;6
9001;12190;03/01/2022;2;12
9001;20015;03/01/2022;6;6
9001;20041;03/01/2022;6;24
9001;20088;03/01/2022;4;4
9001;20131;03/01/2022;1;8
9001;30012;03/01/2022;2;10
9001;30077;03/01/2022;2;12
9001;30154;03/01/2022;1;10
9001;30209;03/01/2022;4;6
1101;10023;31/01/2022;259;12
1101;10047;31/01/2022;135;12
1101;10112;31/01/2022;59;6
1101;10310;31/01/2022;29;20
1101;11020;31/01/2022;141;1
1101;11085;31/01/2022;105;10
1101;11142;31/01/2022;62;6
1101;12004;31/01/2022;44;8
1101;12066;31/01/2022;48;6
1101;12190;31/01/2022;38;12
1101;20015;31/01/2022;102;6
1101;20041;31/01/2022;115;24
1101;20088;31/01/2022;73;4
1101;20131;31/01/2022;49;8
1101;30012;31/01/2022;34;10
1101;30077;31/01/2022;50;12
1101;30154;31/01/2022;21;10
1101;30209;31/01/2022;29;6
1102;10023;31/01/2022;121;12
1102;10047;31/01/2022;100;12
1102;10112;31/01/2022;59;6
1102;10310;31/01/2022;30;20
1102;11020;31/01/2022;133;1
1102;11085;31/01/2022;38;10
1102;11142;31/01/2022;114;6
1102;12004;31/01/2022;71;8
1102;12066;31/01/2022;58;6
1102;12190;31/01/2022;44;12
1102;20015;31/01/2022;47;6
1102;20041;31/01/2022;103;24
1102;20088;31/01/2022;40;4
1102;20131;31/01/2022;55;8
1102;30012;31/01/2022;41;10
1102;30077;31/01/2022;76;12
1102;30154;31/01/2022;40;10
1102;30209;31/01/2022;28;6
1103;10023;31/01/2022;39;12
1103;10047;31/01/2022;37;12
1103;10112;31/01/2022;15;6
1103;10310;31/01/2022;19;20
1103;11020;31/01/2022;45;1
1103;11085;31/01/2022;36;10
1103;11142;31/01/2022;53;6
1103;12004;31/01/2022;54;8
1103;12066;31/01/2022;21;6
1103;12190;31/01/2022;17;12
1103;20015;31/01/2022;56;6
1103;20041;31/01/2022;45;24
1103;20088;31/01/2022;43;4
1103;20131;31/01/2022;24;8
1103;30012;31/01/2022;15;10
1103;30077;31/01/2022;22;12
1103;30154;31/01/2022;10;10
1103;30209;31/01/2022;13;6
1108;10023;31/01/2022;232;12
1108;10047;31/01/2022;0;12
1108;10112;31/01/2022;65;6
1108;10310;31/01/2022;129;20
1108;11020;31/01/2022;234;1
1108;11085;31/01/2022;99;10
1108;11142;31/01/2022;92;6
1108;12004;31/01/2022;110;8
1108;12066;31/01/2022;77;6
1108;12190;31/01/2022;86;12
1108;20015;31/01/2022;102;6
1108;20041;31/01/2022;261;24
1108;20088;31/01/2022;88;4
1108;20131;31/01/2022;109;8
1108;30012;31/01/2022;54;10
1108;30077;31/01/2022;52;12
1108;30154;31/01/2022;80;10
1108;30209;31/01/2022;85;6
3104;10023;31/01/2022;66;12
3104;10047;31/01/2022;118;12
3104;10112;31/01/2022;68;6
3104;10310;31/01/2022;22;20
3104;11020;31/01/2022;93;1
3104;11085;31/01/2022;111;10
3104;11142;31/01/2022;79;6
3104;12004;31/01/2022;60;8
3104;12066;31/01/2022;52;6
3104;12190;31/01/2022;32;12
3104;20015;31/01/2022;57;6
3104;20041;31/01/2022;123;24
3104;20088;31/01/2022;38;4
3104;20131;31/01/2022;28;8
3104;30012;31/01/2022;28;10
3104;30077;31/01/2022;52;12
3104;30154;31/01/2022;29;10
3104;30209;31/01/2022;43;6
3117;10023;31/01/2022;106;12
3117;10047;31/01/2022;21;12
3117;10112;31/01/2022;25;6
3117;10310;31/01/2022;23;20
3117;11020;31/01/2022;40;1
3117;11085;31/01/2022;25;10
3117;11142;31/01/2022;47;6
3117;12004;31/01/2022;25;8
3117;12066;31/01/2022;11;6
3117;12190;31/01/2022;16;12
3117;20015;31/01/2022;35;6
3117;20041;31/01/2022;68;24
3117;20088;31/01/2022;29;4
3117;20131;31/01/2022;11;8
3117;30012;31/01/2022;14;10
3117;30077;31/01/2022;29;12
3117;30154;31/01/2022;9;10
3117;30209;31/01/2022;11;6
3122;10023;31/01/2022;24;12
3122;10047;31/01/2022;22;12
3122;10112;31/01/2022;17;6
3122;10310;31/01/2022;9;20
3122;11020;31/01/2022;44;1
3122;11085;31/01/2022;27;10
3122;11142;31/01/2022;28;6
3122;12004;31/01/2022;19;8
3122;12066;31/01/2022;11;6
3122;12190;31/01/2022;10;12
3122;20015;31/01/2022;37;6
3122;20041;31/01/2022;20;24
3122;20088;31/01/2022;22;4
3122;20131;31/01/2022;14;8
3122;30012;31/01/2022;11;10
3122;30077;31/01/2022;9;12
3122;30154;31/01/2022;14;10
3122;30209;31/01/2022;17;6
4201;10023;31/01/2022;235;12
4201;10047;31/01/2022;167;12
4201;10112;31/01/2022;121;6
4201;10310;31/01/2022;81;20
4201;11020;31/01/2022;187;1
4201;11085;31/01/2022;130;10
4201;11142;31/01/2022;175;6
4201;12004;31/01/2022;62;8
4201;12066;31/01/2022;110;6
4201;12190;31/01/2022;80;12
4201;20015;31/01/2022;232;6
4201;20041;31/01/2022;191;24
4201;20088;31/01/2022;96;4
4201;20131;31/01/2022;115;8
4201;30012;31/01/2022;46;10
4201;30077;31/01/2022;59;12
4201;30154;31/01/2022;43;10
4201;30209;31/01/2022;84;6
4201;99001;31/01/2022;3;1
4205;10023;31/01/2022;178;12
4205;10047;31/01/2022;85;12
4205;10112;31/01/2022;70;6
4205;10310;31/01/2022;46;20
4205;11020;31/01/2022;155;1
4205;11085;31/01/2022;100;10
4205;11142;31/01/2022;107;6
4205;12004;31/01/2022;89;8
4205;12066;31/01/2022;57;6
4205;12190;31/01/2022;29;12
4205;20015;31/01/2022;117;6
4205;20041;31/01/2022;158;24
4205;20088;31/01/2022;62;4
4205;20131;31/01/2022;24;8
4205;30012;31/01/2022;47;10
4205;30077;31/01/2022;47;12
4205;30154;31/01/2022;39;10
4205;30209;31/01/2022;38;6
4205;99001;31/01/2022;3;1
4218;10023;31/01/2022;144;12
4218;10047;31/01/2022;62;12
4218;10112;31/01/2022;58;6
4218;10310;31/01/2022;73;20
4218;11020;31/01/2022;186;1
4218;11085;31/01/2022;97;10
4218;11142;31/01/2022;96;6
4218;12004;31/01/2022;50;8
4218;12066;31/01/2022;40;6
4218;12190;31/01/2022;26;12
4218;20015;31/01/2022;85;6
4218;20041;31/01/2022;183;24
4218;20088;31/01/2022;41;4
4218;20131;31/01/2022;23;8
4218;30012;31/01/2022;36;10
4218;30077;31/01/2022;28;12
4218;30154;31/01/2022;45;10
4218;30209;31/01/2022;41;6
5502;10023;31/01/2022;175;12
5502;10047;31/01/2022;105;12
5502;10112;31/01/2022;60;6
5502;10310;31/01/2022;22;20
5502;11020;31/01/2022;118;1
5502;11085;31/01/2022;69;10
5502;11142;31/01/2022;70;6
5502;12004;31/01/2022;92;8
5502;12066;31/01/2022;42;6
5502;12190;31/01/2022;26;12
5502;20015;31/01/2022;64;6
5502;20041;31/01/2022;67;24
5502;20088;31/01/2022;31;4
5502;20131;31/01/2022;35;8
5502;30012;31/01/2022;50;10
5502;30077;31/01/2022;42;12
5502;30154;31/01/2022;20;10
5502;30209;31/01/2022;56;6
5511;10023;31/01/2022;28;12
5511;10047;31/01/2022;33;12
5511;10112;31/01/2022;14;6
5511;10310;31/01/2022;11;20
5511;11020;31/01/2022;26;1
5511;11085;31/01/2022;35;10
5511;11142;31/01/2022;31;6
5511;12004;31/01/2022;27;8
5511;12066;31/01/2022;16;6
5511;12190;31/01/2022;12;12
5511;20015;31/01/2022;22;6
5511;20041;31/01/2022;45;24
5511;20088;31/01/2022;14;4
5511;20131;31/01/2022;21;8
5511;30012;31/01/2022;11;10
5511;30077;31/01/2022;11;12
5511;30154;31/01/2022;12;10
5511;30209;31/01/2022;23;6
9001;10023;31/01/2022;10;12
9001;10047;31/01/2022;3;12
9001;10112;31/01/2022;2;6
9001;10310;31/01/2022;1;20
9001;11020;31/01/2022;4;1
9001;11085;31/01/2022;1;10
9001;11142;31/01/2022;3;6
9001;12004;31/01/2022;3;8
9001;12066;31/01/2022;1;6
9001;12190;31/01/2022;1;12
9001;20015;31/01/2022;2;6
9001;20041;31/01/2022;7;24
9001;20088;31/01/2022;2;4
9001;20131;31/01/2022;2;8
9001;30012;31/01/2022;0;10
9001;30077;31/01/2022;1;12
9001;30154;31/01/2022;2;10
9001;30209;31/01/2022;1;6
1199;10023;31/01/2022;4;12
1199;10047;31/01/2022;2;12
1199;10112;31/01/2022;0;6
1199;10310;31/01/2022;0;20
1199;11020;31/01/2022;2;1
1199;11085;31/01/2022;1;10
1199;11142;31/01/2022;0;6
1199;12004;31/01/2022;1;8
1199;12066;31/01/2022;0;6
1199;12190;31/01/2022;0;12
1199;20015;31/01/2022;2;6
1199;20041;31/01/2022;1;24
1199;20088;31/01/2022;1;4
1199;20131;31/01/2022;0;8
1199;30012;31/01/2022;0;10
1199;30077;31/01/2022;0;12
1199;30154;31/01/2022;0;10
1199;30209;31/01/2022;1;6
1199;99001;31/01/2022;0;1
1101;10023;28/02/2022;227;12
1101;10047;28/02/2022;93;12
1101;10112;28/02/2022;53;6
1101;10310;28/02/2022;39;20
1101;11020;28/02/2022;128;1
1101;11085;28/02/2022;66;10
1101;11142;28/02/2022;70;6
1101;12004;28/02/2022;76;8
1101;12066;28/02/2022;30;6
1101;12190;28/02/2022;24;12
1101;20015;28/02/2022;98;6
1101;20041;28/02/2022;179;24
1101;20088;28/02/2022;37;4
1101;20131;28/02/2022;29;8
1101;30012;28/02/2022;57;10
1101;30077;28/02/2022;42;12
1101;30154;28/02/2022;41;10
1101;30209;28/02/2022;82;6
1102;10023;28/02/2022;175;12
1102;10047;28/02/2022;129;12
1102;10112;28/02/2022;59;6
1102;10310;28/02/2022;33;20
1102;11020;28/02/2022;101;1
1102;11085;28/02/2022;41;10
1102;11142;28/02/2022;46;6
1102;12004;28/02/2022;78;8
1102;12066;28/02/2022;58;6
1102;12190;28/02/2022;35;12
1102;20015;28/02/2022;57;6
1102;20041;28/02/2022;86;24
1102;20088;28/02/2022;74;4
1102;20131;28/02/2022;34;8
1102;30012;28/02/2022;44;10
1102;30077;28/02/2022;46;12
1102;30154;28/02/2022;47;10
1102;30209;28/02/2022;44;6
1103;10023;28/02/2022;107;12
1103;10047;28/02/2022;50;12
1103;10112;28/02/2022;41;6
1103;10310;28/02/2022;34;20
1103;11020;28/02/2022;44;1
1103;11085;28/02/2022;24;10
1103;11142;28/02/2022;20;6
1103;12004;28/02/2022;38;8
1103;12066;28/02/2022;20;6
1103;12190;28/02/2022;14;12
1103;20015;28/02/2022;57;6
1103;20041;28/02/2022;58;24
1103;20088;28/02/2022;16;4
1103;20131;28/02/2022;22;8
1103;30012;28/02/2022;14;10
1103;30077;28/02/2022;26;12
1103;30154;28/02/2022;26;10
1103;30209;28/02/2022;18;6
1108;10023;28/02/2022;286;12
1108;10047;28/02/2022;215;12
1108;10112;28/02/2022;174;6
1108;10310;28/02/2022;89;20
1108;11020;28/02/2022;256;1
1108;11085;28/02/2022;84;10
1108;11142;28/02/2022;61;6
1108;12004;28/02/2022;166;8
1108;12066;28/02/2022;87;6
1108;12190;28/02/2022;91;12
1108;20015;28/02/2022;109;6
1108;20041;28/02/2022;239;24
1108;20088;28/02/2022;102;4
1108;20131;28/02/2022;65;8
1108;30012;28/02/2022;50;10
1108;30077;28/02/2022;156;12
1108;30154;28/02/2022;62;10
1108;30209;28/02/2022;152;6
1108;99001;28/02/2022;4;1
3104;10023;28/02/2022;143;12
3104;10047;28/02/2022;128;12
3104;10112;28/02/2022;93;6
3104;10310;28/02/2022;66;20
3104;11020;28/02/2022;92;1
3104;11085;28/02/2022;62;10
3104;11142;28/02/2022;74;6
3104;12004;28/02/2022;44;8
3104;12066;28/02/2022;65;6
3104;12190;28/02/2022;16;12
3104;20015;28/02/2022;109;6
3104;20041;28/02/2022;126;24
3104;20088;28/02/2022;38;4
3104;20131;28/02/2022;32;8
3104;30012;28/02/2022;45;10
3104;30077;28/02/2022;38;12
3104;30154;28/02/2022;59;10
3104;30209;28/02/2022;52;6
3117;10023;28/02/2022;84;12
3117;10047;28/02/2022;25;12
3117;10112;28/02/2022;33;6
3117;10310;28/02/2022;34;20
3117;11020;28/02/2022;76;1
3117;11085;28/02/2022;29;10
3117;11142;28/02/2022;15;6
3117;12004;28/02/2022;35;8
3117;12066;28/02/2022;15;6
3117;12190;28/02/2022;18;12
3117;20015;28/02/2022;0;6
3117;20041;28/02/2022;28;24
3117;20088;28/02/2022;42;4
3117;20131;28/02/2022;24;8
3117;30012;28/02/2022;14;10
3117;30077;28/02/2022;21;12
3117;30154;28/02/2022;7;10
3117;30209;28/02/2022;22;6
3122;10023;28/02/2022;32;12
3122;10047;28/02/2022;32;12
3122;10112;28/02/2022;26;6
3122;10310;28/02/2022;19;20
3122;11020;28/02/2022;25;1
3122;11085;28/02/2022;30;10
3122;11142;28/02/2022;17;6
3122;12004;28/02/2022;29;8
3122;12066;28/02/2022;14;6
3122;12190;28/02/2022;11;12
3122;20015;28/02/2022;44;6
3122;20041;28/02/2022;39;24
3122;20088;28/02/2022;11;4
3122;20131;28/02/2022;17;8
3122;30012;28/02/2022;14;10
3122;30077;28/02/2022;12;12
3122;30154;28/02/2022;15;10
3122;30209;28/02/2022;12;6
4201;10023;28/02/2022;175;12
4201;10047;28/02/2022;214;12
4201;10112;28/02/2022;72;6
4201;10310;28/02/2022;96;20
4201;11020;28/02/2022;243;1
4201;11085;28/02/2022;265;10
4201;11142;28/02/2022;82;6
4201;12004;28/02/2022;168;8
4201;12066;28/02/2022;117;6
4201;12190;28/02/2022;64;12
4201;20015;28/02/2022;205;6
4201;20041;28/02/2022;205;24
4201;20088;28/02/2022;136;4
4201;20131;28/02/2022;74;8
4201;30012;28/02/2022;79;10
4201;30077;28/02/2022;109;12
4201;30154;28/02/2022;104;10
4201;30209;28/02/2022;91;6
4205;10023;28/02/2022;227;12
4205;10047;28/02/2022;55;12
4205;10112;28/02/2022;86;6
4205;10310;28/02/2022;65;20
4205;11020;28/02/2022;170;1
4205;11085;28/02/2022;51;10
4205;11142;28/02/2022;49;6
4205;12004;28/02/2022;43;8
4205;12066;28/02/2022;68;6
4205;12190;28/02/2022;25;12
4205;20015;28/02/2022;90;6
4205;20041;28/02/2022;192;24
4205;20088;28/02/2022;50;4
4205;20131;28/02/2022;38;8
4205;30012;28/02/2022;31;10
4205;30077;28/02/2022;42;12
4205;30154;28/02/2022;64;10
4205;30209;28/02/2022;59;6
4205;99001;28/02/2022;2;1
4218;10023;28/02/2022;270;12
4218;10047;28/02/2022;156;12
4218;10112;28/02/2022;37;6
4218;10310;28/02/2022;69;20
4218;11020;28/02/2022;133;1
4218;11085;28/02/2022;128;10
4218;11142;28/02/2022;50;6
4218;12004;28/02/2022;44;8
4218;12066;28/02/2022;72;6
4218;12190;28/02/2022;19;12
4218;20015;28/02/2022;49;6
4218;20041;28/02/2022;100;24
4218;20088;28/02/2022;70;4
4218;20131;28/02/2022;78;8
4218;30012;28/02/2022;18;10
4218;30077;28/02/2022;70;12
4218;30154;28/02/2022;36;10
4218;30209;28/02/2022;39;6
5502;10023;28/02/2022;144;12
5502;10047;28/02/2022;84;12
5502;10112;28/02/2022;34;6
5502;10310;28/02/2022;36;20
5502;11020;28/02/2022;152;1
5502;11085;28/02/2022;118;10
5502;11142;28/02/2022;64;6
5502;12004;28/02/2022;62;8
5502;12066;28/02/2022;53;6
5502;12190;28/02/2022;35;12
5502;20015;28/02/2022;58;6
5502;20041;28/02/2022;132;24
5502;20088;28/02/2022;27;4
5502;20131;28/02/2022;63;8
5502;30012;28/02/2022;44;10
5502;30077;28/02/2022;55;12
5502;30154;28/02/2022;20;10
5502;30209;28/02/2022;49;6
5511;10023;28/02/2022;69;12
5511;10047;28/02/2022;23;12
5511;10112;28/02/2022;13;6
5511;10310;28/02/2022;23;20
5511;11020;28/02/2022;40;1
5511;11085;28/02/2022;45;10
5511;11142;28/02/2022;29;6
5511;12004;28/02/2022;23;8
5511;12066;28/02/2022;0;6
5511;12190;28/02/2022;20;12
5511;20015;28/02/2022;43;6
5511;20041;28/02/2022;35;24
5511;20088;28/02/2022;32;4
5511;20131;28/02/2022;15;8
5511;30012;28/02/2022;7;10
5511;30077;28/02/2022;27;12
5511;30154;28/02/2022;7;10
5511;30209;28/02/2022;25;6
9001;10023;28/02/2022;8;12
9001;10047;28/02/2022;8;12
9001;10112;28/02/2022;4;6
9001;10310;28/02/2022;4;20
9001;11020;28/02/2022;4;1
9001;11085;28/02/2022;3;10
9001;11142;28/02/2022;3;6
9001;12004;28/02/2022;2;8
9001;12066;28/02/2022;1;6
9001;12190;28/02/2022;2;12
9001;20015;28/02/2022;6;6
9001;20041;28/02/2022;10;24
9001;20088;28/02/2022;4;4
9001;20131;28/02/2022;2;8
9001;30012;28/02/2022;1;10
9001;30077;28/02/2022;1;12
9001;30154;28/02/2022;2;10
9001;30209;28/02/2022;3;6
1101;10023;28/03/2022;168;12
1101;10047;28/03/2022;75;12
1101;10112;28/03/2022;81;6
1101;10310;28/03/2022;26;20
1101;11020;28/03/2022;176;1
1101;11085;28/03/2022;38;10
1101;11142;28/03/2022;34;6
1101;12004;28/03/2022;121;8
1101;12066;28/03/2022;46;6
1101;12190;28/03/2022;52;12
1101;20015;28/03/2022;55;6
1101;20041;28/03/2022;95;24
1101;20088;28/03/2022;65;4
1101;20131;28/03/2022;23;8
1101;30012;28/03/2022;53;10
1101;30077;28/03/2022;74;12
1101;30154;28/03/2022;53;10
1101;30209;28/03/2022;51;6
1102;10023;28/03/2022;197;12
1102;10047;28/03/2022;138;12
1102;10112;28/03/2022;69;6
1102;10310;28/03/2022;62;20
1102;11020;28/03/2022;203;1
1102;11085;28/03/2022;60;10
1102;11142;28/03/2022;67;6
1102;12004;28/03/2022;103;8
1102;12066;28/03/2022;0;6
1102;12190;28/03/2022;34;12
1102;20015;28/03/2022;108;6
1102;20041;28/03/2022;84;24
1102;20088;28/03/2022;39;4
1102;20131;28/03/2022;58;8
1102;30012;28/03/2022;26;10
1102;30077;28/03/2022;48;12
1102;30154;28/03/2022;38;10
1102;30209;28/03/2022;44;6
1103;10023;28/03/2022;88;12
1103;10047;28/03/2022;70;12
1103;10112;28/03/2022;31;6
1103;10310;28/03/2022;32;20
1103;11020;28/03/2022;62;1
1103;11085;28/03/2022;45;10
1103;11142;28/03/2022;36;6
1103;12004;28/03/2022;41;8
1103;12066;28/03/2022;48;6
1103;12190;28/03/2022;20;12
1103;20015;28/03/2022;29;6
1103;20041;28/03/2022;43;24
1103;20088;28/03/2022;20;4
1103;20131;28/03/2022;33;8
1103;30012;28/03/2022;26;10
1103;30077;28/03/2022;21;12
1103;30154;28/03/2022;46;10
1103;30209;28/03/2022;35;6
1103;99001;28/03/2022;1;1
1108;10023;28/03/2022;309;12
1108;10047;28/03/2022;345;12
1108;10112;28/03/2022;154;6
1108;10310;28/03/2022;95;20
1108;11020;28/03/2022;304;1
1108;11085;28/03/2022;146;10
1108;11142;28/03/2022;111;6
1108;12004;28/03/2022;155;8
1108;12066;28/03/2022;174;6
1108;12190;28/03/2022;78;12
1108;20015;28/03/2022;120;6
1108;20041;28/03/2022;276;24
1108;20088;28/03/2022;89;4
1108;20131;28/03/2022;91;8
1108;30012;28/03/2022;39;10
1108;30077;28/03/2022;71;12
1108;30154;28/03/2022;83;10
1108;30209;28/03/2022;110;6
3104;10023;28/03/2022;87;12
3104;10047;28/03/2022;136;12
3104;10112;28/03/2022;53;6
3104;10310;28/03/2022;34;20
3104;11020;28/03/2022;152;1
3104;11085;28/03/2022;87;10
3104;11142;28/03/2022;54;6
3104;12004;28/03/2022;42;8
3104;12066;28/03/2022;123;6
3104;12190;28/03/2022;47;12
3104;20015;28/03/2022;116;6
3104;20041;28/03/2022;136;24
3104;20088;28/03/2022;78;4
3104;20131;28/03/2022;69;8
3104;30012;28/03/2022;23;10
3104;30077;28/03/2022;47;12
3104;30154;28/03/2022;33;10
3104;30209;28/03/2022;45;6
3104;99001;28/03/2022;3;1
3117;10023;28/03/2022;53;12
3117;10047;28/03/2022;51;12
3117;10112;28/03/2022;31;6
3117;10310;28/03/2022;21;20
3117;11020;28/03/2022;58;1
3117;11085;28/03/2022;26;10
3117;11142;28/03/2022;32;6
3117;12004;28/03/2022;40;8
3117;12066;28/03/2022;50;6
3117;12190;28/03/2022;9;12
3117;20015;28/03/2022;21;6
3117;20041;28/03/2022;68;24
3117;20088;28/03/2022;42;4
3117;20131;28/03/2022;12;8
3117;30012;28/03/2022;16;10
3117;30077;28/03/2022;10;12
3117;30154;28/03/2022;12;10
3117;30209;28/03/2022;14;6
3122;10023;28/03/2022;69;12
3122;10047;28/03/2022;42;12
3122;10112;28/03/2022;23;6
3122;10310;28/03/2022;9;20
3122;11020;28/03/2022;49;1
3122;11085;28/03/2022;27;10
3122;11142;28/03/2022;18;6
3122;12004;28/03/2022;24;8
3122;12066;28/03/2022;42;6
3122;12190;28/03/2022;10;12
3122;20015;28/03/2022;24;6
3122;20041;28/03/2022;31;24
3122;20088;28/03/2022;11;4
3122;20131;28/03/2022;18;8
3122;30012;28/03/2022;6;10
3122;30077;28/03/2022;11;12
3122;30154;28/03/2022;17;10
3122;30209;28/03/2022;22;6
3122;99001;28/03/2022;0;1
4201;10023;28/03/2022;373;12
4201;10047;28/03/2022;132;12
4201;10112;28/03/2022;150;6
4201;10310;28/03/2022;73;20
4201;11020;28/03/2022;199;1
4201;11085;28/03/2022;192;10
4201;11142;28/03/2022;109;6
4201;12004;28/03/2022;71;8
4201;12066;28/03/2022;212;6
4201;12190;28/03/2022;43;12
4201;20015;28/03/2022;122;6
4201;20041;28/03/2022;299;24
4201;20088;28/03/2022;68;4
4201;20131;28/03/2022;119;8
4201;30012;28/03/2022;65;10
4201;30077;28/03/2022;42;12
4201;30154;28/03/2022;127;10
4201;30209;28/03/2022;100;6
4201;99001;28/03/2022;6;1
4205;10023;28/03/2022;287;12
4205;10047;28/03/2022;155;12
4205;10112;28/03/2022;50;6
4205;10310;28/03/2022;41;20
4205;11020;28/03/2022;138;1
4205;11085;28/03/2022;104;10
4205;11142;28/03/2022;45;6
4205;12004;28/03/2022;37;8
4205;12066;28/03/2022;101;6
4205;12190;28/03/2022;44;12
4205;20015;28/03/2022;152;6
4205;20041;28/03/2022;77;24
4205;20088;28/03/2022;36;4
4205;20131;28/03/2022;47;8
4205;30012;28/03/2022;19;10
4205;30077;28/03/2022;44;12
4205;30154;28/03/2022;32;10
4205;30209;28/03/2022;46;6
4218;10023;28/03/2022;237;12
4218;10047;28/03/2022;169;12
4218;10112;28/03/2022;88;6
4218;10310;28/03/2022;74;20
4218;11020;28/03/2022;160;1
4218;11085;28/03/2022;90;10
4218;11142;28/03/2022;51;6
4218;12004;28/03/2022;93;8
4218;12066;28/03/2022;83;6
4218;12190;28/03/2022;54;12
4218;20015;28/03/2022;83;6
4218;20041;28/03/2022;129;24
4218;20088;28/03/2022;86;4
4218;20131;28/03/2022;45;8
4218;30012;28/03/2022;53;10
4218;30077;28/03/2022;66;12
4218;30154;28/03/2022;79;10
4218;30209;28/03/2022;29;6
5502;10023;28/03/2022;211;12
5502;10047;28/03/2022;109;12
5502;10112;28/03/2022;88;6
5502;10310;28/03/2022;42;20
5502;11020;28/03/2022;142;1
5502;11085;28/03/2022;38;10
5502;11142;28/03/2022;42;6
5502;12004;28/03/2022;72;8
5502;12066;28/03/2022;88;6
5502;12190;28/03/2022;48;12
5502;20015;28/03/2022;75;6
5502;20041;28/03/2022;139;24
5502;20088;28/03/2022;45;4
5502;20131;28/03/2022;36;8
5502;30012;28/03/2022;34;10
5502;30077;28/03/2022;51;12
5502;30154;28/03/2022;28;10
5502;30209;28/03/2022;22;6
5502;99001;28/03/2022;1;1
5511;10023;28/03/2022;85;12
5511;10047;28/03/2022;39;12
5511;10112;28/03/2022;30;6
5511;10310;28/03/2022;17;20
5511;11020;28/03/2022;55;1
5511;11085;28/03/2022;25;10
5511;11142;28/03/2022;20;6
5511;12004;28/03/2022;17;8
5511;12066;28/03/2022;37;6
5511;12190;28/03/2022;17;12
5511;20015;28/03/2022;49;6
5511;20041;28/03/2022;24;24
5511;20088;28/03/2022;39;4
5511;20131;28/03/2022;22;8
5511;30012;28/03/2022;7;10
5511;30077;28/03/2022;23;12
5511;30154;28/03/2022;9;10
5511;30209;28/03/2022;18;6
9001;10023;28/03/2022;7;12
9001;10047;28/03/2022;6;12
9001;10112;28/03/2022;4;6
9001;10310;28/03/2022;2;20
9001;11020;28/03/2022;5;1
9001;11085;28/03/2022;6;10
9001;11142;28/03/2022;2;6
9001;12004;28/03/2022;3;8
9001;12066;28/03/2022;3;6
9001;12190;28/03/2022;2;12
9001;20015;28/03/2022;6;6
9001;20041;28/03/2022;4;24
9001;20088;28/03/2022;3;4
9001;20131;28/03/2022;2;8
9001;30012;28/03/2022;1;10
9001;30077;28/03/2022;2;12
9001;30154;28/03/2022;1;10
9001;30209;28/03/2022;1;6
9001;99001;28/03/2022;0;1
1101;10023;25/04/2022;92;12
1101;10047;25/04/2022;161;12
1101;10112;25/04/2022;72;6
1101;10310;25/04/2022;44;20
1101;11020;25/04/2022;180;1
1101;11085;25/04/2022;92;10
1101;11142;25/04/2022;105;6
1101;12004;25/04/2022;131;8
1101;12066;25/04/2022;70;6
1101;12190;25/04/2022;67;12
1101;20015;25/04/2022;89;6
1101;20041;25/04/2022;72;24
1101;20088;25/04/2022;88;4
1101;20131;25/04/2022;58;8
1101;30012;25/04/2022;59;10
1101;30077;25/04/2022;35;12
1101;30154;25/04/2022;69;10
1101;30209;25/04/2022;60;6
1101;99001;25/04/2022;3;1
1102;10023;25/04/2022;145;12
1102;10047;25/04/2022;162;12
1102;10112;25/04/2022;64;6
1102;10310;25/04/2022;49;20
1102;11020;25/04/2022;223;1
1102;11085;25/04/2022;56;10
1102;11142;25/04/2022;76;6
1102;12004;25/04/2022;61;8
1102;12066;25/04/2022;48;6
1102;12190;25/04/2022;49;12
1102;20015;25/04/2022;74;6
1102;20041;25/04/2022;169;24
1102;20088;25/04/2022;60;4
1102;20131;25/04/2022;51;8
1102;30012;25/04/2022;28;10
1102;30077;25/04/2022;68;12
1102;30154;25/04/2022;25;10
1102;30209;25/04/2022;57;6
1102;99001;25/04/2022;1;1
1103;10023;25/04/2022;55;12
1103;10047;25/04/2022;60;12
1103;10112;25/04/2022;39;6
1103;10310;25/04/2022;22;20
1103;11020;25/04/2022;100;1
1103;11085;25/04/2022;55;10
1103;11142;25/04/2022;25;6
1103;12004;25/04/2022;57;8
1103;12066;25/04/2022;17;6
1103;12190;25/04/2022;19;12
1103;20015;25/04/2022;26;6
1103;20041;25/04/2022;89;24
1103;20088;25/04/2022;44;4
1103;20131;25/04/2022;30;8
1103;30012;25/04/2022;28;10
1103;30077;25/04/2022;40;12
1103;30154;25/04/2022;26;10
1103;30209;25/04/2022;29;6
1108;10023;25/04/2022;337;12
1108;10047;25/04/2022;157;12
1108;10112;25/04/2022;148;6
1108;10310;25/04/2022;53;20
1108;11020;25/04/2022;350;1
1108;11085;25/04/2022;214;10
1108;11142;25/04/2022;117;6
1108;12004;25/04/2022;190;8
1108;12066;25/04/2022;59;6
1108;12190;25/04/2022;58;12
1108;20015;25/04/2022;200;6
1108;20041;25/04/2022;159;24
1108;20088;25/04/2022;160;4
1108;20131;25/04/2022;112;8
1108;30012;25/04/2022;58;10
1108;30077;25/04/2022;65;12
1108;30154;25/04/2022;95;10
1108;30209;25/04/2022;90;6
3104;10023;25/04/2022;171;12
3104;10047;25/04/2022;137;12
3104;10112;25/04/2022;40;6
3104;10310;25/04/2022;41;20
3104;11020;25/04/2022;91;1
3104;11085;25/04/2022;64;10
3104;11142;25/04/2022;40;6
3104;12004;25/04/2022;122;8
3104;12066;25/04/2022;27;6
3104;12190;25/04/2022;39;12
3104;20015;25/04/2022;56;6
3104;20041;25/04/2022;156;24
3104;20088;25/04/2022;100;4
3104;20131;25/04/2022;59;8
3104;30012;25/04/2022;39;10
3104;30077;25/04/2022;30;12
3104;30154;25/04/2022;33;10
3104;30209;25/04/2022;29;6
3117;10023;25/04/2022;95;12
3117;10047;25/04/2022;34;12
3117;10112;25/04/2022;37;6
3117;10310;25/04/2022;27;20
3117;11020;25/04/2022;81;1
3117;11085;25/04/2022;40;10
3117;11142;25/04/2022;33;6
3117;12004;25/04/2022;63;8
3117;12066;25/04/2022;13;6
3117;12190;25/04/2022;10;12
3117;20015;25/04/2022;59;6
3117;20041;25/04/2022;63;24
3117;20088;25/04/2022;26;4
3117;20131;25/04/2022;11;8
3117;30012;25/04/2022;24;10
3117;30077;25/04/2022;19;12
3117;30154;25/04/2022;29;10
3117;30209;25/04/2022;23;6
3122;10023;25/04/2022;62;12
3122;10047;25/04/2022;44;12
3122;10112;25/04/2022;30;6
3122;10310;25/04/2022;13;20
3122;11020;25/04/2022;68;1
3122;11085;25/04/2022;36;10
3122;11142;25/04/2022;20;6
3122;12004;25/04/2022;29;8
3122;12066;25/04/2022;24;6
3122;12190;25/04/2022;9;12
3122;20015;25/04/2022;48;6
3122;20041;25/04/2022;56;24
3122;20088;25/04/2022;23;4
3122;20131;25/04/2022;18;8
3122;30012;25/04/2022;8;10
3122;30077;25/04/2022;22;12
3122;30154;25/04/2022;16;10
3122;30209;25/04/2022;17;6
4201;10023;25/04/2022;372;12
4201;10047;25/04/2022;185;12
4201;10112;25/04/2022;142;6
4201;10310;25/04/2022;92;20
4201;11020;25/04/2022;333;1
4201;11085;25/04/2022;157;10
4201;11142;25/04/2022;100;6
4201;12004;25/04/2022;211;8
4201;12066;25/04/2022;68;6
4201;12190;25/04/2022;43;12
4201;20015;25/04/2022;171;6
4201;20041;25/04/2022;247;24
4201;20088;25/04/2022;141;4
4201;20131;25/04/2022;56;8
4201;30012;25/04/2022;52;10
4201;30077;25/04/2022;52;12
4201;30154;25/04/2022;96;10
4201;30209;25/04/2022;60;6
4205;10023;25/04/2022;211;12
4205;10047;25/04/2022;141;12
4205;10112;25/04/2022;28;6
4205;10310;25/04/2022;50;20
4205;11020;25/04/2022;118;1
4205;11085;25/04/2022;136;10
4205;11142;25/04/2022;40;6
4205;12004;25/04/2022;107;8
4205;12066;25/04/2022;70;6
4205;12190;25/04/2022;45;12
4205;20015;25/04/2022;64;6
4205;20041;25/04/2022;104;24
4205;20088;25/04/2022;39;4
4205;20131;25/04/2022;32;8
4205;30012;25/04/2022;56;10
4205;30077;25/04/2022;46;12
4205;30154;25/04/2022;59;10
4205;30209;25/04/2022;51;6
4218;10023;25/04/2022;99;12
4218;10047;25/04/2022;142;12
4218;10112;25/04/2022;44;6
4218;10310;25/04/2022;54;20
4218;11020;25/04/2022;234;1
4218;11085;25/04/2022;109;10
4218;11142;25/04/2022;95;6
4218;12004;25/04/2022;146;8
4218;12066;25/04/2022;92;6
4218;12190;25/04/2022;46;12
4218;20015;25/04/2022;120;6
4218;20041;25/04/2022;147;24
4218;20088;25/04/2022;97;4
4218;20131;25/04/2022;75;8
4218;30012;25/04/2022;54;10
4218;30077;25/04/2022;39;12
4218;30154;25/04/2022;40;10
4218;30209;25/04/2022;76;6
4218;99001;25/04/2022;2;1
5502;10023;25/04/2022;179;12
5502;10047;25/04/2022;105;12
5502;10112;25/04/2022;81;6
5502;10310;25/04/2022;78;20
5502;11020;25/04/2022;131;1
5502;11085;25/04/2022;77;10
5502;11142;25/04/2022;54;6
5502;12004;25/04/2022;141;8
5502;12066;25/04/2022;68;6
5502;12190;25/04/2022;59;12
5502;20015;25/04/2022;72;6
5502;20041;25/04/2022;73;24
5502;20088;25/04/2022;72;4
5502;20131;25/04/2022;68;8
5502;30012;25/04/2022;41;10
5502;30077;25/04/2022;69;12
5502;30154;25/04/2022;44;10
5502;30209;25/04/2022;33;6
5502;99001;25/04/2022;3;1
5511;10023;25/04/2022;88;12
5511;10047;25/04/2022;26;12
5511;10112;25/04/2022;29;6
5511;10310;25/04/2022;28;20
5511;11020;25/04/2022;65;1
5511;11085;25/04/2022;20;10
5511;11142;25/04/2022;29;6
5511;12004;25/04/2022;43;8
5511;12066;25/04/2022;21;6
5511;12190;25/04/2022;14;12
5511;20015;25/04/2022;37;6
5511;20041;25/04/2022;62;24
5511;20088;25/04/2022;25;4
5511;20131;25/04/2022;15;8
5511;30012;25/04/2022;13;10
5511;30077;25/04/2022;29;12
5511;30154;25/04/2022;16;10
5511;30209;25/04/2022;22;6
9001;10023;25/04/2022;15;12
9001;10047;25/04/2022;6;12
9001;10112;25/04/2022;2;6
9001;10310;25/04/2022;0;20
9001;11020;25/04/2022;8;1
9001;11085;25/04/2022;5;10
9001;11142;25/04/2022;3;6
9001;12004;25/04/2022;4;8
9001;12066;25/04/2022;4;6
9001;12190;25/04/2022;2;12
9001;20015;25/04/2022;4;6
9001;20041;25/04/2022;4;24
9001;20088;25/04/2022;4;4
9001;20131;25/04/2022;1;8
9001;30012;25/04/2022;2;10
9001;30077;25/04/2022;2;12
9001;30154;25/04/2022;2;10
9001;30209;25/04/2022;4;6
9001;99001;25/04/2022;0;1
1101;10023;23/05/2022;117;12
1101;10047;23/05/2022;193;12
1101;10112;23/05/2022;74;6
1101;10310;23/05/2022;31;20
1101;11020;23/05/2022;234;1
1101;11085;23/05/2022;122;10
1101;11142;23/05/2022;50;6
1101;12004;23/05/2022;91;8
1101;12066;23/05/2022;66;6
1101;12190;23/05/2022;58;12
1101;20015;23/05/2022;69;6
1101;20041;23/05/2022;333;24
1101;20088;23/05/2022;50;4
1101;20131;23/05/2022;38;8
1101;30012;23/05/2022;25;10
1101;30077;23/05/2022;53;12
1101;30154;23/05/2022;42;10
1101;30209;23/05/2022;53;6
1102;10023;23/05/2022;182;12
1102;10047;23/05/2022;123;12
1102;10112;23/05/2022;66;6
1102;10310;23/05/2022;89;20
1102;11020;23/05/2022;207;1
1102;11085;23/05/2022;51;10
1102;11142;23/05/2022;75;6
1102;12004;23/05/2022;70;8
1102;12066;23/05/2022;41;6
1102;12190;23/05/2022;37;12
1102;20015;23/05/2022;91;6
1102;20041;23/05/2022;309;24
1102;20088;23/05/2022;109;4
1102;20131;23/05/2022;51;8
1102;30012;23/05/2022;61;10
1102;30077;23/05/2022;69;12
1102;30154;23/05/2022;45;10
1102;30209;23/05/2022;86;6
1103;10023;23/05/2022;86;12
1103;10047;23/05/2022;86;12
1103;10112;23/05/2022;19;6
1103;10310;23/05/2022;36;20
1103;11020;23/05/2022;67;1
1103;11085;23/05/2022;49;10
1103;11142;23/05/2022;29;6
1103;12004;23/05/2022;28;8
1103;12066;23/05/2022;19;6
1103;12190;23/05/2022;27;12
1103;20015;23/05/2022;97;6
1103;20041;23/05/2022;105;24
1103;20088;23/05/2022;29;4
1103;20131;23/05/2022;14;8
1103;30012;23/05/2022;25;10
1103;30077;23/05/2022;46;12
1103;30154;23/05/2022;17;10
1103;30209;23/05/2022;45;6
1103;99001;23/05/2022;1;1
1108;10023;23/05/2022;545;12
1108;10047;23/05/2022;393;12
1108;10112;23/05/2022;187;6
1108;10310;23/05/2022;76;20
1108;11020;23/05/2022;430;1
1108;11085;23/05/2022;264;10
1108;11142;23/05/2022;90;6
1108;12004;23/05/2022;118;8
1108;12066;23/05/2022;136;6
1108;12190;23/05/2022;67;12
1108;20015;23/05/2022;171;6
1108;20041;23/05/2022;706;24
1108;20088;23/05/2022;134;4
1108;20131;23/05/2022;74;8
1108;30012;23/05/2022;101;10
1108;30077;23/05/2022;95;12
1108;30154;23/05/2022;105;10
1108;30209;23/05/2022;72;6
1108;99001;23/05/2022;7;1
3104;10023;23/05/2022;253;12
3104;10047;23/05/2022;114;12
3104;10112;23/05/2022;48;6
3104;10310;23/05/2022;48;20
3104;11020;23/05/2022;148;1
3104;11085;23/05/2022;123;10
3104;11142;23/05/2022;51;6
3104;12004;23/05/2022;50;8
3104;12066;23/05/2022;71;6
3104;12190;23/05/2022;43;12
3104;20015;23/05/2022;76;6
3104;20041;23/05/2022;101;24
3104;20088;23/05/2022;47;4
3104;20131;23/05/2022;50;8
3104;30012;23/05/2022;38;10
3104;30077;23/05/2022;76;12
3104;30154;23/05/2022;61;10
3104;30209;23/05/2022;28;6
3104;99001;23/05/2022;4;1
3117;10023;23/05/2022;62;12
3117;10047;23/05/2022;73;12
3117;10112;23/05/2022;39;6
3117;10310;23/05/2022;35;20
3117;11020;23/05/2022;77;1
3117;11085;23/05/2022;41;10
3117;11142;23/05/2022;21;6
3117;12004;23/05/2022;57;8
3117;12066;23/05/2022;19;6
3117;12190;23/05/2022;22;12
3117;20015;23/05/2022;43;6
3117;20041;23/05/2022;77;24
3117;20088;23/05/2022;15;4
3117;20131;23/05/2022;27;8
3117;30012;23/05/2022;18;10
3117;30077;23/05/2022;33;12
3117;30154;23/05/2022;27;10
3117;30209;23/05/2022;16;6
3117;99001;23/05/2022;1;1
3122;10023;23/05/2022;56;12
3122;10047;23/05/2022;29;12
3122;10112;23/05/2022;22;6
3122;10310;23/05/2022;10;20
3122;11020;23/05/2022;61;1
3122;11085;23/05/2022;40;10
3122;11142;23/05/2022;19;6
3122;12004;23/05/2022;20;8
3122;12066;23/05/2022;16;6
3122;12190;23/05/2022;8;12
3122;20015;23/05/2022;28;6
3122;20041;23/05/2022;49;24
3122;20088;23/05/2022;20;4
3122;20131;23/05/2022;21;8
3122;30012;23/05/2022;16;10
3122;30077;23/05/2022;11;12
3122;30154;23/05/2022;20;10
3122;30209;23/05/2022;26;6
4201;10023;23/05/2022;265;12
4201;10047;23/05/2022;128;12
4201;10112;23/05/2022;142;6
4201;10310;23/05/2022;116;20
4201;11020;23/05/2022;316;1
4201;11085;23/05/2022;97;10
4201;11142;23/05/2022;98;6
4201;12004;23/05/2022;193;8
4201;12066;23/05/2022;158;6
4201;12190;23/05/2022;125;12
4201;20015;23/05/2022;140;6
4201;20041;23/05/2022;311;24
4201;20088;23/05/2022;142;4
4201;20131;23/05/2022;58;8
4201;30012;23/05/2022;83;10
4201;30077;23/05/2022;127;12
4201;30154;23/05/2022;93;10
4201;30209;23/05/2022;90;6
4205;10023;23/05/2022;278;12
4205;10047;23/05/2022;110;12
4205;10112;23/05/2022;74;6
4205;10310;23/05/2022;62;20
4205;11020;23/05/2022;127;1
4205;11085;23/05/2022;95;10
4205;11142;23/05/2022;51;6
4205;12004;23/05/2022;150;8
4205;12066;23/05/2022;62;6
4205;12190;23/05/2022;48;12
4205;20015;23/05/2022;64;6
4205;20041;23/05/2022;213;24
4205;20088;23/05/2022;83;4
4205;20131;23/05/2022;40;8
4205;30012;23/05/2022;43;10
4205;30077;23/05/2022;49;12
4205;30154;23/05/2022;33;10
4205;30209;23/05/2022;60;6
4218;10023;23/05/2022;271;12
4218;10047;23/05/2022;159;12
4218;10112;23/05/2022;97;6
4218;10310;23/05/2022;91;20
4218;11020;23/05/2022;128;1
4218;11085;23/05/2022;79;10
4218;11142;23/05/2022;71;6
4218;12004;23/05/2022;192;8
4218;12066;23/05/2022;56;6
4218;12190;23/05/2022;34;12
4218;20015;23/05/2022;91;6
4218;20041;23/05/2022;159;24
4218;20088;23/05/2022;93;4
4218;20131;23/05/2022;73;8
4218;30012;23/05/2022;58;10
4218;30077;23/05/2022;90;12
4218;30154;23/05/2022;27;10
4218;30209;23/05/2022;45;6
5502;10023;23/05/2022;247;12
5502;10047;23/05/2022;66;12
5502;10112;23/05/2022;89;6
5502;10310;23/05/2022;26;20
5502;11020;23/05/2022;144;1
5502;11085;23/05/2022;95;10
5502;11142;23/05/2022;34;6
5502;12004;23/05/2022;143;8
5502;12066;23/05/2022;45;6
5502;12190;23/05/2022;49;12
5502;20015;23/05/2022;71;6
5502;20041;23/05/2022;115;24
5502;20088;23/05/2022;93;4
5502;20131;23/05/2022;56;8
5502;30012;23/05/2022;48;10
5502;30077;23/05/2022;66;12
5502;30154;23/05/2022;47;10
5502;30209;23/05/2022;65;6
5511;10023;23/05/2022;59;12
5511;10047;23/05/2022;56;12
5511;10112;23/05/2022;22;6
5511;10310;23/05/2022;34;20
5511;11020;23/05/2022;86;1
5511;11085;23/05/2022;49;10
5511;11142;23/05/2022;22;6
5511;12004;23/05/2022;37;8
5511;12066;23/05/2022;20;6
5511;12190;23/05/2022;22;12
5511;20015;23/05/2022;43;6
5511;20041;23/05/2022;31;24
5511;20088;23/05/2022;18;4
5511;20131;23/05/2022;20;8
5511;30012;23/05/2022;21;10
5511;30077;23/05/2022;20;12
5511;30154;23/05/2022;0;10
5511;30209;23/05/2022;25;6
5511;99001;23/05/2022;0;1
9001;10023;23/05/2022;13;12
9001;10047;23/05/2022;9;12
9001;10112;23/05/2022;4;6
9001;10310;23/05/2022;1;20
9001;11020;23/05/2022;7;1
9001;11085;23/05/2022;5;10
9001;11142;23/05/2022;3;6
9001;12004;23/05/2022;5;8
9001;12066;23/05/2022;1;6
9001;12190;23/05/2022;1;12
9001;20015;23/05/2022;6;6
9001;20041;23/05/2022;5;24
9001;20088;23/05/2022;6;4
9001;20131;23/05/2022;2;8
9001;30012;23/05/2022;3;10
9001;30077;23/05/2022;2;12
9001;30154;23/05/2022;2;10
9001;30209;23/05/2022;3;6
1101;10023;20/06/2022;177;12
1101;10047;20/06/2022;144;12
1101;10112;20/06/2022;72;6
1101;10310;20/06/2022;43;20
1101;11020;20/06/2022;70;1
1101;11085;20/06/2022;118;10
1101;11142;20/06/2022;39;6
1101;12004;20/06/2022;47;8
1101;12066;20/06/2022;58;6
1101;12190;20/06/2022;75;12
1101;20015;20/06/2022;57;6
1101;20041;20/06/2022;76;24
1101;20088;20/06/2022;88;4
1101;20131;20/06/2022;79;8
1101;30012;20/06/2022;19;10
1101;30077;20/06/2022;72;12
1101;30154;20/06/2022;55;10
1101;30209;20/06/2022;31;6
1101;99001;20/06/2022;3;1
1102;10023;20/06/2022;227;12
1102;10047;20/06/2022;144;12
1102;10112;20/06/2022;49;6
1102;10310;20/06/2022;29;20
1102;11020;20/06/2022;166;1
1102;11085;20/06/2022;120;10
1102;11142;20/06/2022;51;6
1102;12004;20/06/2022;85;8
1102;12066;20/06/2022;27;6
1102;12190;20/06/2022;74;12
1102;20015;20/06/2022;67;6
1102;20041;20/06/2022;102;24
1102;20088;20/06/2022;93;4
1102;20131;20/06/2022;62;8
1102;30012;20/06/2022;28;10
1102;30077;20/06/2022;114;12
1102;30154;20/06/2022;44;10
1102;30209;20/06/2022;31;6
1103;10023;20/06/2022;118;12
1103;10047;20/06/2022;60;12
1103;10112;20/06/2022;30;6
1103;10310;20/06/2022;28;20
1103;11020;20/06/2022;55;1
1103;11085;20/06/2022;25;10
1103;11142;20/06/2022;45;6
1103;12004;20/06/2022;39;8
1103;12066;20/06/2022;26;6
1103;12190;20/06/2022;24;12
1103;20015;20/06/2022;46;6
1103;20041;20/06/2022;54;24
1103;20088;20/06/2022;34;4
1103;20131;20/06/2022;31;8
1103;30012;20/06/2022;26;10
1103;30077;20/06/2022;40;12
1103;30154;20/06/2022;14;10
1103;30209;20/06/2022;40;6
1108;10023;20/06/2022;272;12
1108;10047;20/06/2022;119;12
1108;10112;20/06/2022;157;6
1108;10310;20/06/2022;130;20
1108;11020;20/06/2022;398;1
1108;11085;20/06/2022;229;10
1108;11142;20/06/2022;148;6
1108;12004;20/06/2022;157;8
1108;12066;20/06/2022;128;6
1108;12190;20/06/2022;81;12
1108;20015;20/06/2022;280;6
1108;20041;20/06/2022;311;24
1108;20088;20/06/2022;182;4
1108;20131;20/06/2022;58;8
1108;30012;20/06/2022;63;10
1108;30077;20/06/2022;68;12
1108;30154;20/06/2022;79;10
1108;30209;20/06/2022;101;6
3104;10023;20/06/2022;218;12
3104;10047;20/06/2022;100;12
3104;10112;20/06/2022;57;6
3104;10310;20/06/2022;25;20
3104;11020;20/06/2022;213;1
3104;11085;20/06/2022;73;10
3104;11142;20/06/2022;57;6
3104;12004;20/06/2022;56;8
3104;12066;20/06/2022;58;6
3104;12190;20/06/2022;60;12
3104;20015;20/06/2022;146;6
3104;20041;20/06/2022;185;24
3104;20088;20/06/2022;85;4
3104;20131;20/06/2022;46;8
3104;30012;20/06/2022;23;10
3104;30077;20/06/2022;51;12
3104;30154;20/06/2022;30;10
3104;30209;20/06/2022;60;6
3117;10023;20/06/2022;56;12
3117;10047;20/06/2022;60;12
3117;10112;20/06/2022;23;6
3117;10310;20/06/2022;18;20
3117;11020;20/06/2022;73;1
3117;11085;20/06/2022;24;10
3117;11142;20/06/2022;14;6
3117;12004;20/06/2022;40;8
3117;12066;20/06/2022;17;6
3117;12190;20/06/2022;42;12
3117;20015;20/06/2022;49;6
3117;20041;20/06/2022;75;24
3117;20088;20/06/2022;18;4
3117;20131;20/06/2022;13;8
3117;30012;20/06/2022;14;10
3117;30077;20/06/2022;35;12
3117;30154;20/06/2022;24;10
3117;30209;20/06/2022;19;6
3122;10023;20/06/2022;50;12
3122;10047;20/06/2022;28;12
3122;10112;20/06/2022;11;6
3122;10310;20/06/2022;10;20
3122;11020;20/06/2022;42;1
3122;11085;20/06/2022;25;10
3122;11142;20/06/2022;19;6
3122;12004;20/06/2022;30;8
3122;12066;20/06/2022;24;6
3122;12190;20/06/2022;24;12
3122;20015;20/06/2022;26;6
3122;20041;20/06/2022;29;24
3122;20088;20/06/2022;36;4
3122;20131;20/06/2022;0;8
3122;30012;20/06/2022;15;10
3122;30077;20/06/2022;21;12
3122;30154;20/06/2022;7;10
3122;30209;20/06/2022;14;6
4201;10023;20/06/2022;275;12
4201;10047;20/06/2022;262;12
4201;10112;20/06/2022;144;6
4201;10310;20/06/2022;108;20
4201;11020;20/06/2022;246;1
4201;11085;20/06/2022;76;10
4201;11142;20/06/2022;58;6
4201;12004;20/06/2022;66;8
4201;12066;20/06/2022;126;6
4201;12190;20/06/2022;121;12
4201;20015;20/06/2022;168;6
4201;20041;20/06/2022;262;24
4201;20088;20/06/2022;125;4
4201;20131;20/06/2022;134;8
4201;30012;20/06/2022;37;10
4201;30077;20/06/2022;141;12
4201;30154;20/06/2022;48;10
4201;30209;20/06/2022;54;6
4205;10023;20/06/2022;199;12
4205;10047;20/06/2022;113;12
4205;10112;20/06/2022;39;6
4205;10310;20/06/2022;44;20
4205;11020;20/06/2022;159;1
4205;11085;20/06/2022;121;10
4205;11142;20/06/2022;44;6
4205;12004;20/06/2022;84;8
4205;12066;20/06/2022;42;6
4205;12190;20/06/2022;39;12
4205;20015;20/06/2022;133;6
4205;20041;20/06/2022;180;24
4205;20088;20/06/2022;75;4
4205;20131;20/06/2022;65;8
4205;30012;20/06/2022;60;10
4205;30077;20/06/2022;62;12
4205;30154;20/06/2022;47;10
4205;30209;20/06/2022;50;6
4218;10023;20/06/2022;179;12
4218;10047;20/06/2022;134;12
4218;10112;20/06/2022;68;6
4218;10310;20/06/2022;72;20
4218;11020;20/06/2022;121;1
4218;11085;20/06/2022;64;10
4218;11142;20/06/2022;72;6
4218;12004;20/06/2022;102;8
4218;12066;20/06/2022;43;6
4218;12190;20/06/2022;41;12
4218;20015;20/06/2022;59;6
4218;20041;20/06/2022;85;24
4218;20088;20/06/2022;57;4
4218;20131;20/06/2022;59;8
4218;30012;20/06/2022;35;10
4218;30077;20/06/2022;111;12
4218;30154;20/06/2022;60;10
4218;30209;20/06/2022;64;6
5502;10023;20/06/2022;123;12
5502;10047;20/06/2022;149;12
5502;10112;20/06/2022;30;6
5502;10310;20/06/2022;27;20
5502;11020;20/06/2022;136;1
5502;11085;20/06/2022;69;10
5502;11142;20/06/2022;90;6
5502;12004;20/06/2022;85;8
5502;12066;20/06/2022;30;6
5502;12190;20/06/2022;44;12
5502;20015;20/06/2022;142;6
5502;20041;20/06/2022;179;24
5502;20088;20/06/2022;95;4
5502;20131;20/06/2022;44;8
5502;30012;20/06/2022;22;10
5502;30077;20/06/2022;95;12
5502;30154;20/06/2022;21;10
5502;30209;20/06/2022;36;6
5511;10023;20/06/2022;84;12
5511;10047;20/06/2022;61;12
5511;10112;20/06/2022;30;6
5511;10310;20/06/2022;24;20
5511;11020;20/06/2022;60;1
5511;11085;20/06/2022;43;10
5511;11142;20/06/2022;15;6
5511;12004;20/06/2022;23;8
5511;12066;20/06/2022;12;6
5511;12190;20/06/2022;25;12
5511;20015;20/06/2022;40;6
5511;20041;20/06/2022;74;24
5511;20088;20/06/2022;37;4
5511;20131;20/06/2022;10;8
5511;30012;20/06/2022;6;10
5511;30077;20/06/2022;35;12
5511;30154;20/06/2022;11;10
5511;30209;20/06/2022;18;6
5511;99001;20/06/2022;0;1
9001;10023;20/06/2022;15;12
9001;10047;20/06/2022;5;12
9001;10112;20/06/2022;2;6
9001;10310;20/06/2022;3;20
9001;11020;20/06/2022;10;1
9001;11085;20/06/2022;3;10
9001;11142;20/06/2022;1;6
9001;12004;20/06/2022;5;8
9001;12066;20/06/2022;4;6
9001;12190;20/06/2022;3;12
9001;20015;20/06/2022;7;6
9001;20041;20/06/2022;5;24
9001;20088;20/06/2022;2;4
9001;20131;20/06/2022;1;8
9001;30012;20/06/2022;2;10
9001;30077;20/06/2022;4;12
9001;30154;20/06/2022;3;10
9001;30209;20/06/2022;2;6
9001;99001;20/06/2022;0;1
1101;10023;18/07/2022;282;12
1101;10047;18/07/2022;194;12
1101;10112;18/07/2022;49;6
1101;10310;18/07/2022;54;20
1101;11020;18/07/2022;153;1
1101;11085;18/07/2022;53;10
1101;11142;18/07/2022;93;6
1101;12004;18/07/2022;105;8
1101;12066;18/07/2022;28;6
1101;12190;18/07/2022;30;12
1101;20015;18/07/2022;170;6
1101;20041;18/07/2022;228;24
1101;20088;18/07/2022;110;4
1101;20131;18/07/2022;86;8
1101;30012;18/07/2022;31;10
1101;30077;18/07/2022;59;12
1101;30154;18/07/2022;68;10
1101;30209;18/07/2022;34;6
1102;10023;18/07/2022;146;12
1102;10047;18/07/2022;250;12
1102;10112;18/07/2022;67;6
1102;10310;18/07/2022;47;20
1102;11020;18/07/2022;173;1
1102;11085;18/07/2022;62;10
1102;11142;18/07/2022;37;6
1102;12004;18/07/2022;86;8
1102;12066;18/07/2022;33;6
1102;12190;18/07/2022;37;12
1102;20015;18/07/2022;141;6
1102;20041;18/07/2022;106;24
1102;20088;18/07/2022;113;4
1102;20131;18/07/2022;82;8
1102;30012;18/07/2022;30;10
1102;30077;18/07/2022;62;12
1102;30154;18/07/2022;92;10
1102;30209;18/07/2022;73;6
1103;10023;18/07/2022;48;12
1103;10047;18/07/2022;74;12
1103;10112;18/07/2022;39;6
1103;10310;18/07/2022;31;20
1103;11020;18/07/2022;101;1
1103;11085;18/07/2022;48;10
1103;11142;18/07/2022;15;6
1103;12004;18/07/2022;37;8
1103;12066;18/07/2022;26;6
1103;12190;18/07/2022;26;12
1103;20015;18/07/2022;83;6
1103;20041;18/07/2022;69;24
1103;20088;18/07/2022;54;4
1103;20131;18/07/2022;27;8
1103;30012;18/07/2022;18;10
1103;30077;18/07/2022;45;12
1103;30154;18/07/2022;18;10
1103;30209;18/07/2022;34;6
1108;10023;18/07/2022;281;12
1108;10047;18/07/2022;480;12
1108;10112;18/07/2022;138;6
1108;10310;18/07/2022;107;20
1108;11020;18/07/2022;193;1
1108;11085;18/07/2022;153;10
1108;11142;18/07/2022;164;6
1108;12004;18/07/2022;190;8
1108;12066;18/07/2022;123;6
1108;12190;18/07/2022;67;12
1108;20015;18/07/2022;338;6
1108;20041;18/07/2022;304;24
1108;20088;18/07/2022;103;4
1108;20131;18/07/2022;161;8
1108;30012;18/07/2022;92;10
1108;30077;18/07/2022;140;12
1108;30154;18/07/2022;135;10
1108;30209;18/07/2022;98;6
1108;99001;18/07/2022;2;1
3104;10023;18/07/2022;247;12
3104;10047;18/07/2022;105;12
3104;10112;18/07/2022;69;6
3104;10310;18/07/2022;47;20
3104;11020;18/07/2022;113;1
3104;11085;18/07/2022;45;10
3104;11142;18/07/2022;43;6
3104;12004;18/07/2022;78;8
3104;12066;18/07/2022;68;6
3104;12190;18/07/2022;22;12
3104;20015;18/07/2022;116;6
3104;20041;18/07/2022;214;24
3104;20088;18/07/2022;45;4
3104;20131;18/07/2022;59;8
3104;30012;18/07/2022;40;10
3104;30077;18/07/2022;61;12
3104;30154;18/07/2022;53;10
3104;30209;18/07/2022;49;6
3117;10023;18/07/2022;95;12
3117;10047;18/07/2022;49;12
3117;10112;18/07/2022;26;6
3117;10310;18/07/2022;16;20
3117;11020;18/07/2022;57;1
3117;11085;18/07/2022;48;10
3117;11142;18/07/2022;14;6
3117;12004;18/07/2022;43;8
3117;12066;18/07/2022;23;6
3117;12190;18/07/2022;13;12
3117;20015;18/07/2022;84;6
3117;20041;18/07/2022;87;24
3117;20088;18/07/2022;33;4
3117;20131;18/07/2022;19;8
3117;30012;18/07/2022;14;10
3117;30077;18/07/2022;18;12
3117;30154;18/07/2022;29;10
3117;30209;18/07/2022;24;6
3117;99001;18/07/2022;1;1
3122;10023;18/07/2022;49;12
3122;10047;18/07/2022;36;12
3122;10112;18/07/2022;26;6
3122;10310;18/07/2022;21;20
3122;11020;18/07/2022;50;1
3122;11085;18/07/2022;29;10
3122;11142;18/07/2022;22;6
3122;12004;18/07/2022;28;8
3122;12066;18/07/2022;11;6
3122;12190;18/07/2022;8;12
3122;20015;18/07/2022;27;6
3122;20041;18/07/2022;39;24
3122;20088;18/07/2022;18;4
3122;20131;18/07/2022;24;8
3122;30012;18/07/2022;17;10
3122;30077;18/07/2022;21;12
3122;30154;18/07/2022;30;10
3122;30209;18/07/2022;20;6
3122;99001;18/07/2022;0;1
4201;10023;18/07/2022;209;12
4201;10047;18/07/2022;288;12
4201;10112;18/07/2022;102;6
4201;10310;18/07/2022;74;20
4201;11020;18/07/2022;279;1
4201;11085;18/07/2022;111;10
4201;11142;18/07/2022;74;6
4201;12004;18/07/2022;105;8
4201;12066;18/07/2022;114;6
4201;12190;18/07/2022;57;12
4201;20015;18/07/2022;107;6
4201;20041;18/07/2022;239;24
4201;20088;18/07/2022;98;4
4201;20131;18/07/2022;130;8
4201;30012;18/07/2022;38;10
4201;30077;18/07/2022;43;12
4201;30154;18/07/2022;57;10
4201;30209;18/07/2022;128;6
4205;10023;18/07/2022;209;12
4205;10047;18/07/2022;152;12
4205;10112;18/07/2022;91;6
4205;10310;18/07/2022;84;20
4205;11020;18/07/2022;172;1
4205;11085;18/07/2022;98;10
4205;11142;18/07/2022;73;6
4205;12004;18/07/2022;90;8
4205;12066;18/07/2022;55;6
4205;12190;18/07/2022;30;12
4205;20015;18/07/2022;159;6
4205;20041;18/07/2022;191;24
4205;20088;18/07/2022;62;4
4205;20131;18/07/2022;52;8
4205;30012;18/07/2022;49;10
4205;30077;18/07/2022;79;12
4205;30154;18/07/2022;118;10
4205;30209;18/07/2022;43;6
4218;10023;18/07/2022;184;12
4218;10047;18/07/2022;184;12
4218;10112;18/07/2022;53;6
4218;10310;18/07/2022;62;20
4218;11020;18/07/2022;247;1
4218;11085;18/07/2022;57;10
4218;11142;18/07/2022;69;6
4218;12004;18/07/2022;81;8
4218;12066;18/07/2022;76;6
4218;12190;18/07/2022;30;12
4218;20015;18/07/2022;227;6
4218;20041;18/07/2022;259;24
4218;20088;18/07/2022;95;4
4218;20131;18/07/2022;50;8
4218;30012;18/07/2022;35;10
4218;30077;18/07/2022;91;12
4218;30154;18/07/2022;121;10
4218;30209;18/07/2022;58;6
5502;10023;18/07/2022;102;12
5502;10047;18/07/2022;152;12
5502;10112;18/07/2022;64;6
5502;10310;18/07/2022;33;20
5502;11020;18/07/2022;207;1
5502;11085;18/07/2022;84;10
5502;11142;18/07/2022;40;6
5502;12004;18/07/2022;67;8
5502;12066;18/07/2022;30;6
5502;12190;18/07/2022;59;12
5502;20015;18/07/2022;202;6
5502;20041;18/07/2022;70;24
5502;20088;18/07/2022;117;4
5502;20131;18/07/2022;39;8
5502;30012;18/07/2022;39;10
5502;30077;18/07/2022;64;12
5502;30154;18/07/2022;46;10
5502;30209;18/07/2022;72;6
5511;10023;18/07/2022;76;12
5511;10047;18/07/2022;58;12
5511;10112;18/07/2022;12;6
5511;10310;18/07/2022;10;20
5511;11020;18/07/2022;35;1
5511;11085;18/07/2022;27;10
5511;11142;18/07/2022;13;6
5511;12004;18/07/2022;30;8
5511;12066;18/07/2022;28;6
5511;12190;18/07/2022;18;12
5511;20015;18/07/2022;53;6
5511;20041;18/07/2022;52;24
5511;20088;18/07/2022;18;4
5511;20131;18/07/2022;30;8
5511;30012;18/07/2022;10;10
5511;30077;18/07/2022;31;12
5511;30154;18/07/2022;17;10
5511;30209;18/07/2022;13;6
9001;10023;18/07/2022;6;12
9001;10047;18/07/2022;7;12
9001;10112;18/07/2022;4;6
9001;10310;18/07/2022;1;20
9001;11020;18/07/2022;6;1
9001;11085;18/07/2022;3;10
9001;11142;18/07/2022;3;6
9001;12004;18/07/2022;3;8
9001;12066;18/07/2022;1;6
9001;12190;18/07/2022;2;12
9001;20015;18/07/2022;5;6
9001;20041;18/07/2022;10;24
9001;20088;18/07/2022;2;4
9001;20131;18/07/2022;4;8
9001;30012;18/07/2022;1;10
9001;30077;18/07/2022;1;12
9001;30154;18/07/2022;3;10
9001;30209;18/07/2022;2;6
1101;10023;15/08/2022;119;12
1101;10047;15/08/2022;66;12
1101;10112;15/08/2022;78;6
1101;10310;15/08/2022;60;20
1101;11020;15/08/2022;138;1
1101;11085;15/08/2022;78;10
1101;11142;15/08/2022;37;6
1101;12004;15/08/2022;68;8
1101;12066;15/08/2022;28;6
1101;12190;15/08/2022;29;12
1101;20015;15/08/2022;114;6
1101;20041;15/08/2022;220;24
1101;20088;15/08/2022;40;4
1101;20131;15/08/2022;42;8
1101;30012;15/08/2022;28;10
1101;30077;15/08/2022;47;12
1101;30154;15/08/2022;38;10
1101;30209;15/08/2022;35;6
1101;99001;15/08/2022;2;1
1102;10023;15/08/2022;249;12
1102;10047;15/08/2022;91;12
1102;10112;15/08/2022;66;6
1102;10310;15/08/2022;24;20
1102;11020;15/08/2022;175;1
1102;11085;15/08/2022;103;10
1102;11142;15/08/2022;59;6
1102;12004;15/08/2022;73;8
1102;12066;15/08/2022;35;6
1102;12190;15/08/2022;20;12
1102;20015;15/08/2022;128;6
1102;20041;15/08/2022;210;24
1102;20088;15/08/2022;30;4
1102;20131;15/08/2022;63;8
1102;30012;15/08/2022;46;10
1102;30077;15/08/2022;77;12
1102;30154;15/08/2022;31;10
1102;30209;15/08/2022;34;6
1102;99001;15/08/2022;1;1
1103;10023;15/08/2022;90;12
1103;10047;15/08/2022;35;12
1103;10112;15/08/2022;48;6
1103;10310;15/08/2022;15;20
1103;11020;15/08/2022;87;1
1103;11085;15/08/2022;50;10
1103;11142;15/08/2022;23;6
1103;12004;15/08/2022;37;8
1103;12066;15/08/2022;30;6
1103;12190;15/08/2022;14;12
1103;20015;15/08/2022;54;6
1103;20041;15/08/2022;113;24
1103;20088;15/08/2022;33;4
1103;20131;15/08/2022;16;8
1103;30012;15/08/2022;21;10
1103;30077;15/08/2022;15;12
1103;30154;15/08/2022;31;10
1103;30209;15/08/2022;22;6
1108;10023;15/08/2022;185;12
1108;10047;15/08/2022;211;12
1108;10112;15/08/2022;71;6
1108;10310;15/08/2022;98;20
1108;11020;15/08/2022;322;1
1108;11085;15/08/2022;160;10
1108;11142;15/08/2022;65;6
1108;12004;15/08/2022;127;8
1108;12066;15/08/2022;72;6
1108;12190;15/08/2022;52;12
1108;20015;15/08/2022;154;6
1108;20041;15/08/2022;366;24
1108;20088;15/08/2022;110;4
1108;20131;15/08/2022;55;8
1108;30012;15/08/2022;69;10
1108;30077;15/08/2022;175;12
1108;30154;15/08/2022;111;10
1108;30209;15/08/2022;73;6
1108;99001;15/08/2022;2;1
3104;10023;15/08/2022;206;12
3104;10047;15/08/2022;109;12
3104;10112;15/08/2022;44;6
3104;10310;15/08/2022;52;20
3104;11020;15/08/2022;201;1
3104;11085;15/08/2022;83;10
3104;11142;15/08/2022;64;6
3104;12004;15/08/2022;58;8
3104;12066;15/08/2022;32;6
3104;12190;15/08/2022;22;12
3104;20015;15/08/2022;85;6
3104;20041;15/08/2022;85;24
3104;20088;15/08/2022;78;4
3104;20131;15/08/2022;42;8
3104;30012;15/08/2022;27;10
3104;30077;15/08/2022;47;12
3104;30154;15/08/2022;24;10
3104;30209;15/08/2022;25;6
3117;10023;15/08/2022;94;12
3117;10047;15/08/2022;42;12
3117;10112;15/08/2022;18;6
3117;10310;15/08/2022;26;20
3117;11020;15/08/2022;56;1
3117;11085;15/08/2022;37;10
3117;11142;15/08/2022;27;6
3117;12004;15/08/2022;51;8
3117;12066;15/08/2022;32;6
3117;12190;15/08/2022;9;12
3117;20015;15/08/2022;53;6
3117;20041;15/08/2022;28;24
3117;20088;15/08/2022;35;4
3117;20131;15/08/2022;21;8
3117;30012;15/08/2022;18;10
3117;30077;15/08/2022;18;12
3117;30154;15/08/2022;21;10
3117;30209;15/08/2022;12;6
3122;10023;15/08/2022;64;12
3122;10047;15/08/2022;39;12
3122;10112;15/08/2022;31;6
3122;10310;15/08/2022;7;20
3122;11020;15/08/2022;32;1
3122;11085;15/08/2022;19;10
3122;11142;15/08/2022;13;6
3122;12004;15/08/2022;29;8
3122;12066;15/08/2022;14;6
3122;12190;15/08/2022;15;12
3122;20015;15/08/2022;47;6
3122;20041;15/08/2022;38;24
3122;20088;15/08/2022;26;4
3122;20131;15/08/2022;18;8
3122;30012;15/08/2022;14;10
3122;30077;15/08/2022;10;12
3122;30154;15/08/2022;17;10
3122;30209;15/08/2022;22;6
4201;10023;15/08/2022;147;12
4201;10047;15/08/2022;106;12
4201;10112;15/08/2022;68;6
4201;10310;15/08/2022;118;20
4201;11020;15/08/2022;135;1
4201;11085;15/08/2022;69;10
4201;11142;15/08/2022;84;6
4201;12004;15/08/2022;121;8
4201;12066;15/08/2022;106;6
4201;12190;15/08/2022;37;12
4201;20015;15/08/2022;146;6
4201;20041;15/08/2022;220;24
4201;20088;15/08/2022;91;4
4201;20131;15/08/2022;100;8
4201;30012;15/08/2022;45;10
4201;30077;15/08/2022;64;12
4201;30154;15/08/2022;125;10
4201;30209;15/08/2022;63;6
4205;10023;15/08/2022;120;12
4205;10047;15/08/2022;64;12
4205;10112;15/08/2022;50;6
4205;10310;15/08/2022;36;20
4205;11020;15/08/2022;224;1
4205;11085;15/08/2022;88;10
4205;11142;15/08/2022;40;6
4205;12004;15/08/2022;73;8
4205;12066;15/08/2022;40;6
4205;12190;15/08/2022;27;12
4205;20015;15/08/2022;118;6
4205;20041;15/08/2022;183;24
4205;20088;15/08/2022;32;4
4205;20131;15/08/2022;60;8
4205;30012;15/08/2022;40;10
4205;30077;15/08/2022;55;12
4205;30154;15/08/2022;45;10
4205;30209;15/08/2022;57;6
4218;10023;15/08/2022;126;12
4218;10047;15/08/2022;63;12
4218;10112;15/08/2022;49;6
4218;10310;15/08/2022;61;20
4218;11020;15/08/2022;112;1
4218;11085;15/08/2022;56;10
4218;11142;15/08/2022;60;6
4218;12004;15/08/2022;71;8
4218;12066;15/08/2022;79;6
4218;12190;15/08/2022;25;12
4218;20015;15/08/2022;132;6
4218;20041;15/08/2022;288;24
4218;20088;15/08/2022;49;4
4218;20131;15/08/2022;44;8
4218;30012;15/08/2022;37;10
4218;30077;15/08/2022;79;12
4218;30154;15/08/2022;53;10
4218;30209;15/08/2022;29;6
5502;10023;15/08/2022;112;12
5502;10047;15/08/2022;62;12
5502;10112;15/08/2022;71;6
5502;10310;15/08/2022;33;20
5502;11020;15/08/2022;118;1
5502;11085;15/08/2022;90;10
5502;11142;15/08/2022;67;6
5502;12004;15/08/2022;34;8
5502;12066;15/08/2022;38;6
5502;12190;15/08/2022;33;12
5502;20015;15/08/2022;65;6
5502;20041;15/08/2022;85;24
5502;20088;15/08/2022;42;4
5502;20131;15/08/2022;26;8
5502;30012;15/08/2022;25;10
5502;30077;15/08/2022;28;12
5502;30154;15/08/2022;29;10
5502;30209;15/08/2022;22;6
5511;10023;15/08/2022;76;12
5511;10047;15/08/2022;23;12
5511;10112;15/08/2022;23;6
5511;10310;15/08/2022;9;20
5511;11020;15/08/2022;50;1
5511;11085;15/08/2022;28;10
5511;11142;15/08/2022;21;6
5511;12004;15/08/2022;25;8
5511;12066;15/08/2022;24;6
5511;12190;15/08/2022;10;12
5511;20015;15/08/2022;36;6
5511;20041;15/08/2022;36;24
5511;20088;15/08/2022;19;4
5511;20131;15/08/2022;18;8
5511;30012;15/08/2022;11;10
5511;30077;15/08/2022;22;12
5511;30154;15/08/2022;21;10
5511;30209;15/08/2022;16;6
9001;10023;15/08/2022;9;12
9001;10047;15/08/2022;4;12
9001;10112;15/08/2022;2;6
9001;10310;15/08/2022;2;20
9001;11020;15/08/2022;6;1
9001;11085;15/08/2022;3;10
9001;11142;15/08/2022;1;6
9001;12004;15/08/2022;2;8
9001;12066;15/08/2022;1;6
9001;12190;15/08/2022;2;12
9001;20015;15/08/2022;4;6
9001;20041;15/08/2022;9;24
9001;20088;15/08/2022;4;4
9001;20131;15/08/2022;2;8
9001;30012;15/08/2022;2;10
9001;30077;15/08/2022;3;12
9001;30154;15/08/2022;2;10
9001;30209;15/08/2022;2;6
1199;10023;15/08/2022;4;12
1199;10047;15/08/2022;2;12
1199;10112;15/08/2022;0;6
1199;10310;15/08/2022;1;20
1199;11020;15/08/2022;1;1
1199;11085;15/08/2022;2;10
1199;11142;15/08/2022;1;6
1199;12004;15/08/2022;1;8
1199;12066;15/08/2022;1;6
1199;12190;15/08/2022;0;12
1199;20015;15/08/2022;1;6
1199;20041;15/08/2022;3;24
1199;20088;15/08/2022;1;4
1199;20131;15/08/2022;0;8
1199;30012;15/08/2022;0;10
1199;30077;15/08/2022;1;12
1199;30154;15/08/2022;1;10
1199;30209;15/08/2022;1;6
1101;10023;12/09/2022;226;12
1101;10047;12/09/2022;65;12
1101;10112;12/09/2022;51;6
1101;10310;12/09/2022;67;20
1101;11020;12/09/2022;72;1
1101;11085;12/09/2022;93;10
1101;11142;12/09/2022;67;6
1101;12004;12/09/2022;56;8
1101;12066;12/09/2022;34;6
1101;12190;12/09/2022;24;12
1101;20015;12/09/2022;98;6
1101;20041;12/09/2022;86;24
1101;20088;12/09/2022;61;4
1101;20131;12/09/2022;46;8
1101;30012;12/09/2022;28;10
1101;30077;12/09/2022;57;12
1101;30154;12/09/2022;23;10
1101;30209;12/09/2022;61;6
1102;10023;12/09/2022;221;12
1102;10047;12/09/2022;103;12
1102;10112;12/09/2022;57;6
1102;10310;12/09/2022;38;20
1102;11020;12/09/2022;201;1
1102;11085;12/09/2022;48;10
1102;11142;12/09/2022;65;6
1102;12004;12/09/2022;43;8
1102;12066;12/09/2022;37;6
1102;12190;12/09/2022;45;12
1102;20015;12/09/2022;76;6
1102;20041;12/09/2022;84;24
1102;20088;12/09/2022;57;4
1102;20131;12/09/2022;40;8
1102;30012;12/09/2022;22;10
1102;30077;12/09/2022;64;12
1102;30154;12/09/2022;44;10
1102;30209;12/09/2022;49;6
1102;99001;12/09/2022;2;1
1103;10023;12/09/2022;82;12
1103;10047;12/09/2022;27;12
1103;10112;12/09/2022;42;6
1103;10310;12/09/2022;19;20
1103;11020;12/09/2022;67;1
1103;11085;12/09/2022;51;10
1103;11142;12/09/2022;21;6
1103;12004;12/09/2022;26;8
1103;12066;12/09/2022;33;6
1103;12190;12/09/2022;13;12
1103;20015;12/09/2022;53;6
1103;20041;12/09/2022;45;24
1103;20088;12/09/2022;30;4
1103;20131;12/09/2022;11;8
1103;30012;12/09/2022;24;10
1103;30077;12/09/2022;27;12
1103;30154;12/09/2022;14;10
1103;30209;12/09/2022;28;6
1108;10023;12/09/2022;376;12
1108;10047;12/09/2022;216;12
1108;10112;12/09/2022;110;6
1108;10310;12/09/2022;70;20
1108;11020;12/09/2022;274;1
1108;11085;12/09/2022;149;10
1108;11142;12/09/2022;77;6
1108;12004;12/09/2022;81;8
1108;12066;12/09/2022;140;6
1108;12190;12/09/2022;40;12
1108;20015;12/09/2022;176;6
1108;20041;12/09/2022;202;24
1108;20088;12/09/2022;165;4
1108;20131;12/09/2022;97;8
1108;30012;12/09/2022;67;10
1108;30077;12/09/2022;86;12
1108;30154;12/09/2022;72;10
1108;30209;12/09/2022;87;6
3104;10023;12/09/2022;149;12
3104;10047;12/09/2022;90;12
3104;10112;12/09/2022;45;6
3104;10310;12/09/2022;51;20
3104;11020;12/09/2022;55;1
3104;11085;12/09/2022;76;10
3104;11142;12/09/2022;48;6
3104;12004;12/09/2022;51;8
3104;12066;12/09/2022;66;6
3104;12190;12/09/2022;21;12
3104;20015;12/09/2022;100;6
3104;20041;12/09/2022;65;24
3104;20088;12/09/2022;68;4
3104;20131;12/09/2022;28;8
3104;30012;12/09/2022;20;10
3104;30077;12/09/2022;42;12
3104;30154;12/09/2022;40;10
3104;30209;12/09/2022;56;6
3117;10023;12/09/2022;31;12
3117;10047;12/09/2022;23;12
3117;10112;12/09/2022;36;6
3117;10310;12/09/2022;22;20
3117;11020;12/09/2022;78;1
3117;11085;12/09/2022;32;10
3117;11142;12/09/2022;25;6
3117;12004;12/09/2022;28;8
3117;12066;12/09/2022;18;6
3117;12190;12/09/2022;19;12
3117;20015;12/09/2022;25;6
3117;20041;12/09/2022;43;24
3117;20088;12/09/2022;14;4
3117;20131;12/09/2022;12;8
3117;30012;12/09/2022;21;10
3117;30077;12/09/2022;14;12
3117;30154;12/09/2022;18;10
3117;30209;12/09/2022;12;6
3122;10023;12/09/2022;48;12
3122;10047;12/09/2022;23;12
3122;10112;12/09/2022;22;6
3122;10310;12/09/2022;7;20
3122;11020;12/09/2022;34;1
3122;11085;12/09/2022;17;10
3122;11142;12/09/2022;20;6
3122;12004;12/09/2022;31;8
3122;12066;12/09/2022;20;6
3122;12190;12/09/2022;11;12
3122;20015;12/09/2022;29;6
3122;20041;12/09/2022;26;24
3122;20088;12/09/2022;17;4
3122;20131;12/09/2022;14;8
3122;30012;12/09/2022;8;10
3122;30077;12/09/2022;13;12
3122;30154;12/09/2022;9;10
3122;30209;12/09/2022;13;6
3122;99001;12/09/2022;1;1
4201;10023;12/09/2022;279;12
4201;10047;12/09/2022;210;12
4201;10112;12/09/2022;90;6
4201;10310;12/09/2022;53;20
4201;11020;12/09/2022;229;1
4201;11085;12/09/2022;82;10
4201;11142;12/09/2022;74;6
4201;12004;12/09/2022;103;8
4201;12066;12/09/2022;123;6
4201;12190;12/09/2022;94;12
4201;20015;12/09/2022;222;6
4201;20041;12/09/2022;306;24
4201;20088;12/09/2022;117;4
4201;20131;12/09/2022;45;8
4201;30012;12/09/2022;45;10
4201;30077;12/09/2022;58;12
4201;30154;12/09/2022;96;10
4201;30209;12/09/2022;80;6
4205;10023;12/09/2022;159;12
4205;10047;12/09/2022;115;12
4205;10112;12/09/2022;37;6
4205;10310;12/09/2022;27;20
4205;11020;12/09/2022;121;1
4205;11085;12/09/2022;80;10
4205;11142;12/09/2022;38;6
4205;12004;12/09/2022;47;8
4205;12066;12/09/2022;69;6
4205;12190;12/09/2022;38;12
4205;20015;12/09/2022;117;6
4205;20041;12/09/2022;73;24
4205;20088;12/09/2022;59;4
4205;20131;12/09/2022;27;8
4205;30012;12/09/2022;25;10
4205;30077;12/09/2022;48;12
4205;30154;12/09/2022;48;10
4205;30209;12/09/2022;39;6
4218;10023;12/09/2022;82;12
4218;10047;12/09/2022;70;12
4218;10112;12/09/2022;61;6
4218;10310;12/09/2022;64;20
4218;11020;12/09/2022;101;1
4218;11085;12/09/2022;49;10
4218;11142;12/09/2022;79;6
4218;12004;12/09/2022;60;8
4218;12066;12/09/2022;44;6
4218;12190;12/09/2022;31;12
4218;20015;12/09/2022;87;6
4218;20041;12/09/2022;162;24
4218;20088;12/09/2022;83;4
4218;20131;12/09/2022;43;8
4218;30012;12/09/2022;39;10
4218;30077;12/09/2022;81;12
4218;30154;12/09/2022;42;10
4218;30209;12/09/2022;47;6
5502;10023;12/09/2022;181;12
5502;10047;12/09/2022;70;12
5502;10112;12/09/2022;28;6
5502;10310;12/09/2022;22;20
5502;11020;12/09/2022;138;1
5502;11085;12/09/2022;72;10
5502;11142;12/09/2022;36;6
5502;12004;12/09/2022;45;8
5502;12066;12/09/2022;66;6
5502;12190;12/09/2022;32;12
5502;20015;12/09/2022;80;6
5502;20041;12/09/2022;97;24
5502;20088;12/09/2022;32;4
5502;20131;12/09/2022;44;8
5502;30012;12/09/2022;17;10
5502;30077;12/09/2022;70;12
5502;30154;12/09/2022;46;10
5502;30209;12/09/2022;58;6
5511;10023;12/09/2022;50;12
5511;10047;12/09/2022;32;12
5511;10112;12/09/2022;16;6
5511;10310;12/09/2022;18;20
5511;11020;12/09/2022;48;1
5511;11085;12/09/2022;34;10
5511;11142;12/09/2022;18;6
5511;12004;12/09/2022;18;8
5511;12066;12/09/2022;23;6
5511;12190;12/09/2022;10;12
5511;20015;12/09/2022;38;6
5511;20041;12/09/2022;42;24
5511;20088;12/09/2022;22;4
5511;20131;12/09/2022;13;8
5511;30012;12/09/2022;14;10
5511;30077;12/09/2022;9;12
5511;30154;12/09/2022;13;10
5511;30209;12/09/2022;16;6
9001;10023;12/09/2022;6;12
9001;10047;12/09/2022;5;12
9001;10112;12/09/2022;3;6
9001;10310;12/09/2022;3;20
9001;11020;12/09/2022;3;1
9001;11085;12/09/2022;4;10
9001;11142;12/09/2022;2;6
9001;12004;12/09/2022;4;8
9001;12066;12/09/2022;3;6
9001;12190;12/09/2022;1;12
9001;20015;12/09/2022;6;6
9001;20041;12/09/2022;8;24
9001;20088;12/09/2022;3;4
9001;20131;12/09/2022;2;8
9001;30012;12/09/2022;2;10
9001;30077;12/09/2022;1;12
9001;30154;12/09/2022;1;10
9001;30209;12/09/2022;2;6
1101;10023;10/10/2022;246;12
1101;10047;10/10/2022;166;12
1101;10112;10/10/2022;84;6
1101;10310;10/10/2022;36;20
1101;11020;10/10/2022;184;1
1101;11085;10/10/2022;100;10
1101;11142;10/10/2022;74;6
1101;12004;10/10/2022;45;8
1101;12066;10/10/2022;79;6
1101;12190;10/10/2022;46;12
1101;20015;10/10/2022;55;6
1101;20041;10/10/2022;107;24
1101;20088;10/10/2022;71;4
1101;20131;10/10/2022;38;8
1101;30012;10/10/2022;24;10
1101;30077;10/10/2022;39;12
1101;30154;10/10/2022;34;10
1101;30209;10/10/2022;23;6
1102;10023;10/10/2022;90;12
1102;10047;10/10/2022;65;12
1102;10112;10/10/2022;109;6
1102;10310;10/10/2022;71;20
1102;11020;10/10/2022;74;1
1102;11085;10/10/2022;104;10
1102;11142;10/10/2022;31;6
1102;12004;10/10/2022;72;8
1102;12066;10/10/2022;46;6
1102;12190;10/10/2022;36;12
1102;20015;10/10/2022;52;6
1102;20041;10/10/2022;72;24
1102;20088;10/10/2022;54;4
1102;20131;10/10/2022;60;8
1102;30012;10/10/2022;44;10
1102;30077;10/10/2022;53;12
1102;30154;10/10/2022;35;10
1102;30209;10/10/2022;58;6
1102;99001;10/10/2022;1;1
1103;10023;10/10/2022;80;12
1103;10047;10/10/2022;65;12
1103;10112;10/10/2022;53;6
1103;10310;10/10/2022;26;20
1103;11020;10/10/2022;47;1
1103;11085;10/10/2022;42;10
1103;11142;10/10/2022;15;6
1103;12004;10/10/2022;15;8
1103;12066;10/10/2022;25;6
1103;12190;10/10/2022;16;12
1103;20015;10/10/2022;57;6
1103;20041;10/10/2022;61;24
1103;20088;10/10/2022;36;4
1103;20131;10/10/2022;20;8
1103;30012;10/10/2022;17;10
1103;30077;10/10/2022;33;12
1103;30154;10/10/2022;26;10
1103;30209;10/10/2022;20;6
1108;10023;10/10/2022;370;12
1108;10047;10/10/2022;143;12
1108;10112;10/10/2022;155;6
1108;10310;10/10/2022;177;20
1108;11020;10/10/2022;186;1
1108;11085;10/10/2022;201;10
1108;11142;10/10/2022;64;6
1108;12004;10/10/2022;90;8
1108;12066;10/10/2022;49;6
1108;12190;10/10/2022;101;12
1108;20015;10/10/2022;91;6
1108;20041;10/10/2022;301;24
1108;20088;10/10/2022;156;4
1108;20131;10/10/2022;104;8
1108;30012;10/10/2022;67;10
1108;30077;10/10/2022;122;12
1108;30154;10/10/2022;38;10
1108;30209;10/10/2022;142;6
1108;99001;10/10/2022;4;1
3104;10023;10/10/2022;143;12
3104;10047;10/10/2022;134;12
3104;10112;10/10/2022;67;6
3104;10310;10/10/2022;35;20
3104;11020;10/10/2022;75;1
3104;11085;10/10/2022;61;10
3104;11142;10/10/2022;76;6
3104;12004;10/10/2022;84;8
3104;12066;10/10/2022;26;6
3104;12190;10/10/2022;31;12
3104;20015;10/10/2022;75;6
3104;20041;10/10/2022;138;24
3104;20088;10/10/2022;69;4
3104;20131;10/10/2022;59;8
3104;30012;10/10/2022;14;10
3104;30077;10/10/2022;22;12
3104;30154;10/10/2022;41;10
3104;30209;10/10/2022;28;6
3117;10023;10/10/2022;72;12
3117;10047;10/10/2022;19;12
3117;10112;10/10/2022;16;6
3117;10310;10/10/2022;17;20
3117;11020;10/10/2022;60;1
3117;11085;10/10/2022;23;10
3117;11142;10/10/2022;30;6
3117;12004;10/10/2022;18;8
3117;12066;10/10/2022;26;6
3117;12190;10/10/2022;16;12
3117;20015;10/10/2022;44;6
3117;20041;10/10/2022;53;24
3117;20088;10/10/2022;19;4
3117;20131;10/10/2022;20;8
3117;30012;10/10/2022;7;10
3117;30077;10/10/2022;17;12
3117;30154;10/10/2022;11;10
3117;30209;10/10/2022;16;6
3122;10023;10/10/2022;40;12
3122;10047;10/10/2022;40;12
3122;10112;10/10/2022;21;6
3122;10310;10/10/2022;12;20
3122;11020;10/10/2022;31;1
3122;11085;10/10/2022;17;10
3122;11142;10/10/2022;8;6
3122;12004;10/10/2022;30;8
3122;12066;10/10/2022;17;6
3122;12190;10/10/2022;6;12
3122;20015;10/10/2022;19;6
3122;20041;10/10/2022;52;24
3122;20088;10/10/2022;13;4
3122;20131;10/10/2022;7;8
3122;30012;10/10/2022;5;10
3122;30077;10/10/2022;20;12
3122;30154;10/10/2022;16;10
3122;30209;10/10/2022;20;6
4201;10023;10/10/2022;333;12
4201;10047;10/10/2022;206;12
4201;10112;10/10/2022;174;6
4201;10310;10/10/2022;92;20
4201;11020;10/10/2022;176;1
4201;11085;10/10/2022;112;10
4201;11142;10/10/2022;93;6
4201;12004;10/10/2022;103;8
4201;12066;10/10/2022;97;6
4201;12190;10/10/2022;83;12
4201;20015;10/10/2022;170;6
4201;20041;10/10/2022;199;24
4201;20088;10/10/2022;106;4
4201;20131;10/10/2022;72;8
4201;30012;10/10/2022;39;10
4201;30077;10/10/2022;78;12
4201;30154;10/10/2022;86;10
4201;30209;10/10/2022;83;6
4201;99001;10/10/2022;3;1
4205;10023;10/10/2022;84;12
4205;10047;10/10/2022;78;12
4205;10112;10/10/2022;53;6
4205;10310;10/10/2022;53;20
4205;11020;10/10/2022;166;1
4205;11085;10/10/2022;40;10
4205;11142;10/10/2022;39;6
4205;12004;10/10/2022;62;8
4205;12066;10/10/2022;36;6
4205;12190;10/10/2022;55;12
4205;20015;10/10/2022;95;6
4205;20041;10/10/2022;141;24
4205;20088;10/10/2022;68;4
4205;20131;10/10/2022;44;8
4205;30012;10/10/2022;40;10
4205;30077;10/10/2022;54;12
4205;30154;10/10/2022;42;10
4205;30209;10/10/2022;41;6
4205;99001;10/10/2022;2;1
4218;10023;10/10/2022;208;12
4218;10047;10/10/2022;130;12
4218;10112;10/10/2022;79;6
4218;10310;10/10/2022;80;20
4218;11020;10/10/2022;176;1
4218;11085;10/10/2022;35;10
4218;11142;10/10/2022;38;6
4218;12004;10/10/2022;41;8
4218;12066;10/10/2022;40;6
4218;12190;10/10/2022;50;12
4218;20015;10/10/2022;111;6
4218;20041;10/10/2022;126;24
4218;20088;10/10/2022;35;4
4218;20131;10/10/2022;33;8
4218;30012;10/10/2022;42;10
4218;30077;10/10/2022;28;12
4218;30154;10/10/2022;28;10
4218;30209;10/10/2022;62;6
5502;10023;10/10/2022;81;12
5502;10047;10/10/2022;131;12
5502;10112;10/10/2022;48;6
5502;10310;10/10/2022;47;20
5502;11020;10/10/2022;107;1
5502;11085;10/10/2022;55;10
5502;11142;10/10/2022;34;6
5502;12004;10/10/2022;36;8
5502;12066;10/10/2022;60;6
5502;12190;10/10/2022;26;12
5502;20015;10/10/2022;61;6
5502;20041;10/10/2022;84;24
5502;20088;10/10/2022;60;4
5502;20131;10/10/2022;50;8
5502;30012;10/10/2022;36;10
5502;30077;10/10/2022;46;12
5502;30154;10/10/2022;34;10
5502;30209;10/10/2022;23;6
5511;10023;10/10/2022;40;12
5511;10047;10/10/2022;28;12
5511;10112;10/10/2022;26;6
5511;10310;10/10/2022;26;20
5511;11020;10/10/2022;56;1
5511;11085;10/10/2022;21;10
5511;11142;10/10/2022;18;6
5511;12004;10/10/2022;15;8
5511;12066;10/10/2022;21;6
5511;12190;10/10/2022;23;12
5511;20015;10/10/2022;35;6
5511;20041;10/10/2022;36;24
5511;20088;10/10/2022;14;4
5511;20131;10/10/2022;15;8
5511;30012;10/10/2022;9;10
5511;30077;10/10/2022;11;12
5511;30154;10/10/2022;12;10
5511;30209;10/10/2022;11;6
9001;10023;10/10/2022;12;12
9001;10047;10/10/2022;4;12
9001;10112;10/10/2022;3;6
9001;10310;10/10/2022;1;20
9001;11020;10/10/2022;4;1
9001;11085;10/10/2022;2;10
9001;11142;10/10/2022;1;6
9001;12004;10/10/2022;3;8
9001;12066;10/10/2022;1;6
9001;12190;10/10/2022;1;12
9001;20015;10/10/2022;3;6
9001;20041;10/10/2022;7;24
9001;20088;10/10/2022;3;4
9001;20131;10/10/2022;2;8
9001;30012;10/10/2022;1;10
9001;30077;10/10/2022;3;12
9001;30154;10/10/2022;1;10
9001;30209;10/10/2022;2;6
1101;10023;07/11/2022;73;12
1101;10047;07/11/2022;63;12
1101;10112;07/11/2022;81;6
1101;10310;07/11/2022;56;20
1101;11020;07/11/2022;110;1
1101;11085;07/11/2022;102;10
1101;11142;07/11/2022;66;6
1101;12004;07/11/2022;83;8
1101;12066;07/11/2022;58;6
1101;12190;07/11/2022;38;12
1101;20015;07/11/2022;165;6
1101;20041;07/11/2022;130;24
1101;20088;07/11/2022;76;4
1101;20131;07/11/2022;75;8
1101;30012;07/11/2022;35;10
1101;30077;07/11/2022;23;12
1101;30154;07/11/2022;32;10
1101;30209;07/11/2022;32;6
1101;99001;07/11/2022;3;1
1102;10023;07/11/2022;127;12
1102;10047;07/11/2022;67;12
1102;10112;07/11/2022;38;6
1102;10310;07/11/2022;108;20
1102;11020;07/11/2022;71;1
1102;11085;07/11/2022;78;10
1102;11142;07/11/2022;75;6
1102;12004;07/11/2022;48;8
1102;12066;07/11/2022;38;6
1102;12190;07/11/2022;20;12
1102;20015;07/11/2022;145;6
1102;20041;07/11/2022;101;24
1102;20088;07/11/2022;63;4
1102;20131;07/11/2022;28;8
1102;30012;07/11/2022;39;10
1102;30077;07/11/2022;53;12
1102;30154;07/11/2022;37;10
1102;30209;07/11/2022;54;6
1103;10023;07/11/2022;53;12
1103;10047;07/11/2022;26;12
1103;10112;07/11/2022;14;6
1103;10310;07/11/2022;59;20
1103;11020;07/11/2022;80;1
1103;11085;07/11/2022;47;10
1103;11142;07/11/2022;13;6
1103;12004;07/11/2022;51;8
1103;12066;07/11/2022;30;6
1103;12190;07/11/2022;21;12
1103;20015;07/11/2022;98;6
1103;20041;07/11/2022;56;24
1103;20088;07/11/2022;46;4
1103;20131;07/11/2022;33;8
1103;30012;07/11/2022;19;10
1103;30077;07/11/2022;10;12
1103;30154;07/11/2022;18;10
1103;30209;07/11/2022;20;6
1108;10023;07/11/2022;309;12
1108;10047;07/11/2022;221;12
1108;10112;07/11/2022;115;6
1108;10310;07/11/2022;132;20
1108;11020;07/11/2022;225;1
1108;11085;07/11/2022;99;10
1108;11142;07/11/2022;77;6
1108;12004;07/11/2022;145;8
1108;12066;07/11/2022;126;6
1108;12190;07/11/2022;38;12
1108;20015;07/11/2022;334;6
1108;20041;07/11/2022;315;24
1108;20088;07/11/2022;161;4
1108;20131;07/11/2022;136;8
1108;30012;07/11/2022;36;10
1108;30077;07/11/2022;63;12
1108;30154;07/11/2022;51;10
1108;30209;07/11/2022;53;6
3104;10023;07/11/2022;101;12
3104;10047;07/11/2022;78;12
3104;10112;07/11/2022;68;6
3104;10310;07/11/2022;122;20
3104;11020;07/11/2022;119;1
3104;11085;07/11/2022;78;10
3104;11142;07/11/2022;63;6
3104;12004;07/11/2022;57;8
3104;12066;07/11/2022;37;6
3104;12190;07/11/2022;25;12
3104;20015;07/11/2022;101;6
3104;20041;07/11/2022;104;24
3104;20088;07/11/2022;49;4
3104;20131;07/11/2022;44;8
3104;30012;07/11/2022;35;10
3104;30077;07/11/2022;21;12
3104;30154;07/11/2022;40;10
3104;30209;07/11/2022;44;6
3117;10023;07/11/2022;53;12
3117;10047;07/11/2022;48;12
3117;10112;07/11/2022;28;6
3117;10310;07/11/2022;23;20
3117;11020;07/11/2022;40;1
3117;11085;07/11/2022;19;10
3117;11142;07/11/2022;23;6
3117;12004;07/11/2022;16;8
3117;12066;07/11/2022;15;6
3117;12190;07/11/2022;19;12
3117;20015;07/11/2022;54;6
3117;20041;07/11/2022;39;24
3117;20088;07/11/2022;32;4
3117;20131;07/11/2022;16;8
3117;30012;07/11/2022;11;10
3117;30077;07/11/2022;19;12
3117;30154;07/11/2022;9;10
3117;30209;07/11/2022;27;6
3122;10023;07/11/2022;39;12
3122;10047;07/11/2022;30;12
3122;10112;07/11/2022;13;6
3122;10310;07/11/2022;20;20
3122;11020;07/11/2022;23;1
3122;11085;07/11/2022;11;10
3122;11142;07/11/2022;21;6
3122;12004;07/11/2022;20;8
3122;12066;07/11/2022;22;6
3122;12190;07/11/2022;14;12
3122;20015;07/11/2022;48;6
3122;20041;07/11/2022;25;24
3122;20088;07/11/2022;9;4
3122;20131;07/11/2022;14;8
3122;30012;07/11/2022;11;10
3122;30077;07/11/2022;11;12
3122;30154;07/11/2022;13;10
3122;30209;07/11/2022;17;6
4201;10023;07/11/2022;267;12
4201;10047;07/11/2022;191;12
4201;10112;07/11/2022;120;6
4201;10310;07/11/2022;250;20
4201;11020;07/11/2022;156;1
4201;11085;07/11/2022;88;10
4201;11142;07/11/2022;131;6
4201;12004;07/11/2022;121;8
4201;12066;07/11/2022;63;6
4201;12190;07/11/2022;53;12
4201;20015;07/11/2022;160;6
4201;20041;07/11/2022;150;24
4201;20088;07/11/2022;57;4
4201;20131;07/11/2022;98;8
4201;30012;07/11/2022;34;10
4201;30077;07/11/2022;59;12
4201;30154;07/11/2022;53;10
4201;30209;07/11/2022;54;6
4205;10023;07/11/2022;118;12
4205;10047;07/11/2022;49;12
4205;10112;07/11/2022;52;6
4205;10310;07/11/2022;142;20
4205;11020;07/11/2022;93;1
4205;11085;07/11/2022;41;10
4205;11142;07/11/2022;0;6
4205;12004;07/11/2022;51;8
4205;12066;07/11/2022;31;6
4205;12190;07/11/2022;30;12
4205;20015;07/11/2022;112;6
4205;20041;07/11/2022;131;24
4205;20088;07/11/2022;63;4
4205;20131;07/11/2022;64;8
4205;30012;07/11/2022;23;10
4205;30077;07/11/2022;76;12
4205;30154;07/11/2022;22;10
4205;30209;07/11/2022;33;6
4218;10023;07/11/2022;184;12
4218;10047;07/11/2022;172;12
4218;10112;07/11/2022;66;6
4218;10310;07/11/2022;63;20
4218;11020;07/11/2022;124;1
4218;11085;07/11/2022;51;10
4218;11142;07/11/2022;58;6
4218;12004;07/11/2022;36;8
4218;12066;07/11/2022;72;6
4218;12190;07/11/2022;43;12
4218;20015;07/11/2022;70;6
4218;20041;07/11/2022;112;24
4218;20088;07/11/2022;79;4
4218;20131;07/11/2022;48;8
4218;30012;07/11/2022;46;10
4218;30077;07/11/2022;34;12
4218;30154;07/11/2022;24;10
4218;30209;07/11/2022;33;6
5502;10023;07/11/2022;100;12
5502;10047;07/11/2022;97;12
5502;10112;07/11/2022;31;6
5502;10310;07/11/2022;123;20
5502;11020;07/11/2022;83;1
5502;11085;07/11/2022;43;10
5502;11142;07/11/2022;25;6
5502;12004;07/11/2022;70;8
5502;12066;07/11/2022;46;6
5502;12190;07/11/2022;22;12
5502;20015;07/11/2022;141;6
5502;20041;07/11/2022;65;24
5502;20088;07/11/2022;38;4
5502;20131;07/11/2022;79;8
5502;30012;07/11/2022;31;10
5502;30077;07/11/2022;60;12
5502;30154;07/11/2022;31;10
5502;30209;07/11/2022;41;6
5511;10023;07/11/2022;48;12
5511;10047;07/11/2022;41;12
5511;10112;07/11/2022;25;6
5511;10310;07/11/2022;33;20
5511;11020;07/11/2022;47;1
5511;11085;07/11/2022;21;10
5511;11142;07/11/2022;29;6
5511;12004;07/11/2022;24;8
5511;12066;07/11/2022;23;6
5511;12190;07/11/2022;15;12
5511;20015;07/11/2022;35;6
5511;20041;07/11/2022;32;24
5511;20088;07/11/2022;23;4
5511;20131;07/11/2022;18;8
5511;30012;07/11/2022;11;10
5511;30077;07/11/2022;26;12
5511;30154;07/11/2022;15;10
5511;30209;07/11/2022;14;6
9001;10023;07/11/2022;11;12
9001;10047;07/11/2022;6;12
9001;10112;07/11/2022;2;6
9001;10310;07/11/2022;6;20
9001;11020;07/11/2022;8;1
9001;11085;07/11/2022;5;10
9001;11142;07/11/2022;3;6
9001;12004;07/11/2022;2;8
9001;12066;07/11/2022;2;6
9001;12190;07/11/2022;1;12
9001;20015;07/11/2022;8;6
9001;20041;07/11/2022;3;24
9001;20088;07/11/2022;1;4
9001;20131;07/11/2022;3;8
9001;30012;07/11/2022;1;10
9001;30077;07/11/2022;2;12
9001;30154;07/11/2022;2;10
9001;30209;07/11/2022;1;6
1101;10023;05/12/2022;206;12
1101;10047;05/12/2022;137;12
1101;10112;05/12/2022;30;6
1101;10310;05/12/2022;65;20
1101;11020;05/12/2022;163;1
1101;11085;05/12/2022;103;10
1101;11142;05/12/2022;70;6
1101;12004;05/12/2022;102;8
1101;12066;05/12/2022;70;6
1101;12190;05/12/2022;86;12
1101;20015;05/12/2022;81;6
1101;20041;05/12/2022;175;24
1101;20088;05/12/2022;75;4
1101;20131;05/12/2022;87;8
1101;30012;05/12/2022;17;10
1101;30077;05/12/2022;68;12
1101;30154;05/12/2022;38;10
1101;30209;05/12/2022;129;6
1102;10023;05/12/2022;195;12
1102;10047;05/12/2022;75;12
1102;10112;05/12/2022;87;6
1102;10310;05/12/2022;75;20
1102;11020;05/12/2022;100;1
1102;11085;05/12/2022;92;10
1102;11142;05/12/2022;83;6
1102;12004;05/12/2022;97;8
1102;12066;05/12/2022;63;6
1102;12190;05/12/2022;55;12
1102;20015;05/12/2022;109;6
1102;20041;05/12/2022;180;24
1102;20088;05/12/2022;72;4
1102;20131;05/12/2022;77;8
1102;30012;05/12/2022;41;10
1102;30077;05/12/2022;32;12
1102;30154;05/12/2022;44;10
1102;30209;05/12/2022;77;6
1103;10023;05/12/2022;38;12
1103;10047;05/12/2022;72;12
1103;10112;05/12/2022;40;6
1103;10310;05/12/2022;30;20
1103;11020;05/12/2022;94;1
1103;11085;05/12/2022;51;10
1103;11142;05/12/2022;25;6
1103;12004;05/12/2022;45;8
1103;12066;05/12/2022;33;6
1103;12190;05/12/2022;0;12
1103;20015;05/12/2022;29;6
1103;20041;05/12/2022;65;24
1103;20088;05/12/2022;31;4
1103;20131;05/12/2022;59;8
1103;30012;05/12/2022;26;10
1103;30077;05/12/2022;41;12
1103;30154;05/12/2022;21;10
1103;30209;05/12/2022;42;6
1108;10023;05/12/2022;197;12
1108;10047;05/12/2022;155;12
1108;10112;05/12/2022;143;6
1108;10310;05/12/2022;137;20
1108;11020;05/12/2022;190;1
1108;11085;05/12/2022;158;10
1108;11142;05/12/2022;86;6
1108;12004;05/12/2022;91;8
1108;12066;05/12/2022;93;6
1108;12190;05/12/2022;120;12
1108;20015;05/12/2022;97;6
1108;20041;05/12/2022;374;24
1108;20088;05/12/2022;133;4
1108;20131;05/12/2022;158;8
1108;30012;05/12/2022;44;10
1108;30077;05/12/2022;99;12
1108;30154;05/12/2022;49;10
1108;30209;05/12/2022;115;6
3104;10023;05/12/2022;155;12
3104;10047;05/12/2022;79;12
3104;10112;05/12/2022;54;6
3104;10310;05/12/2022;50;20
3104;11020;05/12/2022;91;1
3104;11085;05/12/2022;105;10
3104;11142;05/12/2022;52;6
3104;12004;05/12/2022;43;8
3104;12066;05/12/2022;26;6
3104;12190;05/12/2022;40;12
3104;20015;05/12/2022;76;6
3104;20041;05/12/2022;139;24
3104;20088;05/12/2022;31;4
3104;20131;05/12/2022;65;8
3104;30012;05/12/2022;29;10
3104;30077;05/12/2022;52;12
3104;30154;05/12/2022;43;10
3104;30209;05/12/2022;40;6
3117;10023;05/12/2022;92;12
3117;10047;05/12/2022;46;12
3117;10112;05/12/2022;27;6
3117;10310;05/12/2022;25;20
3117;11020;05/12/2022;38;1
3117;11085;05/12/2022;49;10
3117;11142;05/12/2022;27;6
3117;12004;05/12/2022;44;8
3117;12066;05/12/2022;25;6
3117;12190;05/12/2022;24;12
3117;20015;05/12/2022;22;6
3117;20041;05/12/2022;70;24
3117;20088;05/12/2022;17;4
3117;20131;05/12/2022;25;8
3117;30012;05/12/2022;19;10
3117;30077;05/12/2022;27;12
3117;30154;05/12/2022;10;10
3117;30209;05/12/2022;21;6
3122;10023;05/12/2022;46;12
3122;10047;05/12/2022;29;12
3122;10112;05/12/2022;19;6
3122;10310;05/12/2022;20;20
3122;11020;05/12/2022;50;1
3122;11085;05/12/2022;25;10
3122;11142;05/12/2022;17;6
3122;12004;05/12/2022;25;8
3122;12066;05/12/2022;18;6
3122;12190;05/12/2022;20;12
3122;20015;05/12/2022;21;6
3122;20041;05/12/2022;21;24
3122;20088;05/12/2022;22;4
3122;20131;05/12/2022;32;8
3122;30012;05/12/2022;6;10
3122;30077;05/12/2022;24;12
3122;30154;05/12/2022;15;10
3122;30209;05/12/2022;11;6
4201;10023;05/12/2022;363;12
4201;10047;05/12/2022;144;12
4201;10112;05/12/2022;145;6
4201;10310;05/12/2022;97;20
4201;11020;05/12/2022;147;1
4201;11085;05/12/2022;133;10
4201;11142;05/12/2022;80;6
4201;12004;05/12/2022;141;8
4201;12066;05/12/2022;123;6
4201;12190;05/12/2022;57;12
4201;20015;05/12/2022;102;6
4201;20041;05/12/2022;326;24
4201;20088;05/12/2022;150;4
4201;20131;05/12/2022;267;8
4201;30012;05/12/2022;52;10
4201;30077;05/12/2022;47;12
4201;30154;05/12/2022;71;10
4201;30209;05/12/2022;116;6
4205;10023;05/12/2022;176;12
4205;10047;05/12/2022;59;12
4205;10112;05/12/2022;54;6
4205;10310;05/12/2022;83;20
4205;11020;05/12/2022;145;1
4205;11085;05/12/2022;55;10
4205;11142;05/12/2022;25;6
4205;12004;05/12/2022;89;8
4205;12066;05/12/2022;76;6
4205;12190;05/12/2022;53;12
4205;20015;05/12/2022;137;6
4205;20041;05/12/2022;128;24
4205;20088;05/12/2022;73;4
4205;20131;05/12/2022;123;8
4205;30012;05/12/2022;42;10
4205;30077;05/12/2022;49;12
4205;30154;05/12/2022;39;10
4205;30209;05/12/2022;51;6
4205;99001;05/12/2022;2;1
4218;10023;05/12/2022;100;12
4218;10047;05/12/2022;159;12
4218;10112;05/12/2022;40;6
4218;10310;05/12/2022;91;20
4218;11020;05/12/2022;129;1
4218;11085;05/12/2022;125;10
4218;11142;05/12/2022;43;6
4218;12004;05/12/2022;85;8
4218;12066;05/12/2022;81;6
4218;12190;05/12/2022;88;12
4218;20015;05/12/2022;99;6
4218;20041;05/12/2022;215;24
4218;20088;05/12/2022;86;4
4218;20131;05/12/2022;99;8
4218;30012;05/12/2022;38;10
4218;30077;05/12/2022;51;12
4218;30154;05/12/2022;30;10
4218;30209;05/12/2022;113;6
5502;10023;05/12/2022;91;12
5502;10047;05/12/2022;51;12
5502;10112;05/12/2022;70;6
5502;10310;05/12/2022;62;20
5502;11020;05/12/2022;129;1
5502;11085;05/12/2022;90;10
5502;11142;05/12/2022;45;6
5502;12004;05/12/2022;33;8
5502;12066;05/12/2022;46;6
5502;12190;05/12/2022;62;12
5502;20015;05/12/2022;65;6
5502;20041;05/12/2022;101;24
5502;20088;05/12/2022;30;4
5502;20131;05/12/2022;127;8
5502;30012;05/12/2022;29;10
5502;30077;05/12/2022;56;12
5502;30154;05/12/2022;32;10
5502;30209;05/12/2022;25;6
5511;10023;05/12/2022;31;12
5511;10047;05/12/2022;29;12
5511;10112;05/12/2022;13;6
5511;10310;05/12/2022;9;20
5511;11020;05/12/2022;55;1
5511;11085;05/12/2022;22;10
5511;11142;05/12/2022;12;6
5511;12004;05/12/2022;26;8
5511;12066;05/12/2022;13;6
5511;12190;05/12/2022;11;12
5511;20015;05/12/2022;24;6
5511;20041;05/12/2022;64;24
5511;20088;05/12/2022;25;4
5511;20131;05/12/2022;33;8
5511;30012;05/12/2022;12;10
5511;30077;05/12/2022;10;12
5511;30154;05/12/2022;13;10
5511;30209;05/12/2022;10;6
9001;10023;05/12/2022;9;12
9001;10047;05/12/2022;3;12
9001;10112;05/12/2022;3;6
9001;10310;05/12/2022;2;20
9001;11020;05/12/2022;8;1
9001;11085;05/12/2022;5;10
9001;11142;05/12/2022;1;6
9001;12004;05/12/2022;2;8
9001;12066;05/12/2022;3;6
9001;12190;05/12/2022;3;12
9001;20015;05/12/2022;2;6
9001;20041;05/12/2022;7;24
9001;20088;05/12/2022;3;4
9001;20131;05/12/2022;3;8
9001;30012;05/12/2022;2;10
9001;30077;05/12/2022;3;12
9001;30154;05/12/2022;1;10
9001;30209;05/12/2022;3;6
1101;10023;02/01/2023;120;12
1101;10047;02/01/2023;133;12
1101;10112;02/01/2023;50;6
1101;10310;02/01/2023;47;20
1101;11020;02/01/2023;145;1
1101;11085;02/01/2023;123;10
1101;11142;02/01/2023;79;6
1101;12004;02/01/2023;37;8
1101;12066;02/01/2023;85;6
1101;12190;02/01/2023;77;12
1101;20015;02/01/2023;131;6
1101;20041;02/01/2023;162;24
1101;20088;02/01/2023;33;4
1101;20131;02/01/2023;51;8
1101;30012;02/01/2023;37;10
1101;30077;02/01/2023;30;12
1101;30154;02/01/2023;38;10
1101;30209;02/01/2023;62;6
1101;99001;02/01/2023;1;1
1102;10023;02/01/2023;164;12
1102;10047;02/01/2023;96;12
1102;10112;02/01/2023;63;6
1102;10310;02/01/2023;47;20
1102;11020;02/01/2023;55;1
1102;11085;02/01/2023;66;10
1102;11142;02/01/2023;32;6
1102;12004;02/01/2023;39;8
1102;12066;02/01/2023;60;6
1102;12190;02/01/2023;37;12
1102;20015;02/01/2023;82;6
1102;20041;02/01/2023;66;24
1102;20088;02/01/2023;36;4
1102;20131;02/01/2023;44;8
1102;30012;02/01/2023;43;10
1102;30077;02/01/2023;78;12
1102;30154;02/01/2023;24;10
1102;30209;02/01/2023;29;6
1103;10023;02/01/2023;78;12
1103;10047;02/01/2023;66;12
1103;10112;02/01/2023;26;6
1103;10310;02/01/2023;21;20
1103;11020;02/01/2023;49;1
1103;11085;02/01/2023;60;10
1103;11142;02/01/2023;32;6
1103;12004;02/01/2023;25;8
1103;12066;02/01/2023;18;6
1103;12190;02/01/2023;18;12
1103;20015;02/01/2023;51;6
1103;20041;02/01/2023;85;24
1103;20088;02/01/2023;46;4
1103;20131;02/01/2023;27;8
1103;30012;02/01/2023;19;10
1103;30077;02/01/2023;16;12
1103;30154;02/01/2023;20;10
1103;30209;02/01/2023;34;6
1108;10023;02/01/2023;433;12
1108;10047;02/01/2023;282;12
1108;10112;02/01/2023;132;6
1108;10310;02/01/2023;129;20
1108;11020;02/01/2023;359;1
1108;11085;02/01/2023;183;10
1108;11142;02/01/2023;155;6
1108;12004;02/01/2023;172;8
1108;12066;02/01/2023;139;6
1108;12190;02/01/2023;156;12
1108;20015;02/01/2023;138;6
1108;20041;02/01/2023;222;24
1108;20088;02/01/2023;161;4
1108;20131;02/01/2023;57;8
1108;30012;02/01/2023;42;10
1108;30077;02/01/2023;70;12
1108;30154;02/01/2023;78;10
1108;30209;02/01/2023;57;6
3104;10023;02/01/2023;236;12
3104;10047;02/01/2023;119;12
3104;10112;02/01/2023;79;6
3104;10310;02/01/2023;66;20
3104;11020;02/01/2023;152;1
3104;11085;02/01/2023;87;10
3104;11142;02/01/2023;48;6
3104;12004;02/01/2023;81;8
3104;12066;02/01/2023;46;6
3104;12190;02/01/2023;48;12
3104;20015;02/01/2023;60;6
3104;20041;02/01/2023;152;24
3104;20088;02/01/2023;67;4
3104;20131;02/01/2023;45;8
3104;30012;02/01/2023;32;10
3104;30077;02/01/2023;67;12
3104;30154;02/01/2023;36;10
3104;30209;02/01/2023;51;6
3117;10023;02/01/2023;54;12
3117;10047;02/01/2023;25;12
3117;10112;02/01/2023;30;6
3117;10310;02/01/2023;13;20
3117;11020;02/01/2023;57;1
3117;11085;02/01/2023;36;10
3117;11142;02/01/2023;28;6
3117;12004;02/01/2023;38;8
3117;12066;02/01/2023;22;6
3117;12190;02/01/2023;26;12
3117;20015;02/01/2023;21;6
3117;20041;02/01/2023;47;24
3117;20088;02/01/2023;25;4
3117;20131;02/01/2023;19;8
3117;30012;02/01/2023;14;10
3117;30077;02/01/2023;20;12
3117;30154;02/01/2023;11;10
3117;30209;02/01/2023;12;6
3122;10023;02/01/2023;33;12
3122;10047;02/01/2023;30;12
3122;10112;02/01/2023;22;6
3122;10310;02/01/2023;16;20
3122;11020;02/01/2023;53;1
3122;11085;02/01/2023;21;10
3122;11142;02/01/2023;22;6
3122;12004;02/01/2023;22;8
3122;12066;02/01/2023;18;6
3122;12190;02/01/2023;23;12
3122;20015;02/01/2023;18;6
3122;20041;02/01/2023;31;24
3122;20088;02/01/2023;30;4
3122;20131;02/01/2023;10;8
3122;30012;02/01/2023;10;10
3122;30077;02/01/2023;22;12
3122;30154;02/01/2023;17;10
3122;30209;02/01/2023;11;6
3122;99001;02/01/2023;0;1
4201;10023;02/01/2023;379;12
4201;10047;02/01/2023;189;12
4201;10112;02/01/2023;160;6
4201;10310;02/01/2023;111;20
4201;11020;02/01/2023;141;1
4201;11085;02/01/2023;209;10
4201;11142;02/01/2023;55;6
4201;12004;02/01/2023;149;8
4201;12066;02/01/2023;43;6
4201;12190;02/01/2023;78;12
4201;20015;02/01/2023;182;6
4201;20041;02/01/2023;200;24
4201;20088;02/01/2023;57;4
4201;20131;02/01/2023;172;8
4201;30012;02/01/2023;60;10
4201;30077;02/01/2023;89;12
4201;30154;02/01/2023;58;10
4201;30209;02/01/2023;61;6
4201;99001;02/01/2023;4;1
4205;10023;02/01/2023;263;12
4205;10047;02/01/2023;101;12
4205;10112;02/01/2023;33;6
4205;10310;02/01/2023;40;20
4205;11020;02/01/2023;113;1
4205;11085;02/01/2023;52;10
4205;11142;02/01/2023;55;6
4205;12004;02/01/2023;99;8
4205;12066;02/01/2023;68;6
4205;12190;02/01/2023;54;12
4205;20015;02/01/2023;119;6
4205;20041;02/01/2023;143;24
4205;20088;02/01/2023;31;4
4205;20131;02/01/2023;96;8
4205;30012;02/01/2023;43;10
4205;30077;02/01/2023;28;12
4205;30154;02/01/2023;40;10
4205;30209;02/01/2023;74;6
4205;99001;02/01/2023;1;1
4218;10023;02/01/2023;115;12
4218;10047;02/01/2023;151;12
4218;10112;02/01/2023;79;6
4218;10310;02/01/2023;78;20
4218;11020;02/01/2023;136;1
4218;11085;02/01/2023;50;10
4218;11142;02/01/2023;66;6
4218;12004;02/01/2023;114;8
4218;12066;02/01/2023;66;6
4218;12190;02/01/2023;42;12
4218;20015;02/01/2023;125;6
4218;20041;02/01/2023;188;24
4218;20088;02/01/2023;39;4
4218;20131;02/01/2023;107;8
4218;30012;02/01/2023;25;10
4218;30077;02/01/2023;33;12
4218;30154;02/01/2023;44;10
4218;30209;02/01/2023;57;6
5502;10023;02/01/2023;167;12
5502;10047;02/01/2023;95;12
5502;10112;02/01/2023;65;6
5502;10310;02/01/2023;27;20
5502;11020;02/01/2023;168;1
5502;11085;02/01/2023;36;10
5502;11142;02/01/2023;80;6
5502;12004;02/01/2023;49;8
5502;12066;02/01/2023;45;6
5502;12190;02/01/2023;42;12
5502;20015;02/01/2023;99;6
5502;20041;02/01/2023;69;24
5502;20088;02/01/2023;57;4
5502;20131;02/01/2023;48;8
5502;30012;02/01/2023;29;10
5502;30077;02/01/2023;59;12
5502;30154;02/01/2023;57;10
5502;30209;02/01/2023;59;6
5511;10023;02/01/2023;56;12
5511;10047;02/01/2023;32;12
5511;10112;02/01/2023;26;6
5511;10310;02/01/2023;10;20
5511;11020;02/01/2023;54;1
5511;11085;02/01/2023;41;10
5511;11142;02/01/2023;28;6
5511;12004;02/01/2023;12;8
5511;12066;02/01/2023;19;6
5511;12190;02/01/2023;10;12
5511;20015;02/01/2023;23;6
5511;20041;02/01/2023;64;24
5511;20088;02/01/2023;15;4
5511;20131;02/01/2023;43;8
5511;30012;02/01/2023;10;10
5511;30077;02/01/2023;30;12
5511;30154;02/01/2023;10;10
5511;30209;02/01/2023;20;6
9001;10023;02/01/2023;13;12
9001;10047;02/01/2023;5;12
9001;10112;02/01/2023;4;6
9001;10310;02/01/2023;4;20
9001;11020;02/01/2023;8;1
9001;11085;02/01/2023;2;10
9001;11142;02/01/2023;3;6
9001;12004;02/01/2023;3;8
9001;12066;02/01/2023;1;6
9001;12190;02/01/2023;3;12
9001;20015;02/01/2023;4;6
9001;20041;02/01/2023;8;24
9001;20088;02/01/2023;2;4
9001;20131;02/01/2023;1;8
9001;30012;02/01/2023;1;10
9001;30077;02/01/2023;3;12
9001;30154;02/01/2023;2;10
9001;30209;02/01/2023;4;6
1101;10023;30/01/2023;180;12
1101;10047;30/01/2023;145;12
1101;10112;30/01/2023;40;6
1101;10310;30/01/2023;47;20
1101;11020;30/01/2023;159;1
1101;11085;30/01/2023;134;10
1101;11142;30/01/2023;60;6
1101;12004;30/01/2023;58;8
1101;12066;30/01/2023;93;6
1101;12190;30/01/2023;31;12
1101;20015;30/01/2023;121;6
1101;20041;30/01/2023;153;24
1101;20088;30/01/2023;69;4
1101;20131;30/01/2023;40;8
1101;30012;30/01/2023;50;10
1101;30077;30/01/2023;82;12
1101;30154;30/01/2023;65;10
1101;30209;30/01/2023;56;6
1101;99001;30/01/2023;1;1
1102;10023;30/01/2023;205;12
1102;10047;30/01/2023;72;12
1102;10112;30/01/2023;61;6
1102;10310;30/01/2023;37;20
1102;11020;30/01/2023;96;1
1102;11085;30/01/2023;94;10
1102;11142;30/01/2023;41;6
1102;12004;30/01/2023;100;8
1102;12066;30/01/2023;38;6
1102;12190;30/01/2023;39;12
1102;20015;30/01/2023;152;6
1102;20041;30/01/2023;111;24
1102;20088;30/01/2023;55;4
1102;20131;30/01/2023;37;8
1102;30012;30/01/2023;21;10
1102;30077;30/01/2023;32;12
1102;30154;30/01/2023;38;10
1102;30209;30/01/2023;61;6
1103;10023;30/01/2023;125;12
1103;10047;30/01/2023;65;12
1103;10112;30/01/2023;31;6
1103;10310;30/01/2023;31;20
1103;11020;30/01/2023;98;1
1103;11085;30/01/2023;38;10
1103;11142;30/01/2023;24;6
1103;12004;30/01/2023;36;8
1103;12066;30/01/2023;22;6
1103;12190;30/01/2023;30;12
1103;20015;30/01/2023;46;6
1103;20041;30/01/2023;43;24
1103;20088;30/01/2023;22;4
1103;20131;30/01/2023;37;8
1103;30012;30/01/2023;19;10
1103;30077;30/01/2023;38;12
1103;30154;30/01/2023;24;10
1103;30209;30/01/2023;19;6
1103;99001;30/01/2023;1;1
1108;10023;30/01/2023;406;12
1108;10047;30/01/2023;199;12
1108;10112;30/01/2023;0;6
1108;10310;30/01/2023;56;20
1108;11020;30/01/2023;367;1
1108;11085;30/01/2023;217;10
1108;11142;30/01/2023;179;6
1108;12004;30/01/2023;73;8
1108;12066;30/01/2023;85;6
1108;12190;30/01/2023;119;12
1108;20015;30/01/2023;184;6
1108;20041;30/01/2023;295;24
1108;20088;30/01/2023;203;4
1108;20131;30/01/2023;111;8
1108;30012;30/01/2023;46;10
1108;30077;30/01/2023;112;12
1108;30154;30/01/2023;82;10
1108;30209;30/01/2023;71;6
3104;10023;30/01/2023;161;12
3104;10047;30/01/2023;72;12
3104;10112;30/01/2023;62;6
3104;10310;30/01/2023;54;20
3104;11020;30/01/2023;69;1
3104;11085;30/01/2023;106;10
3104;11142;30/01/2023;46;6
3104;12004;30/01/2023;89;8
3104;12066;30/01/2023;70;6
3104;12190;30/01/2023;35;12
3104;20015;30/01/2023;85;6
3104;20041;30/01/2023;70;24
3104;20088;30/01/2023;42;4
3104;20131;30/01/2023;34;8
3104;30012;30/01/2023;42;10
3104;30077;30/01/2023;58;12
3104;30154;30/01/2023;48;10
3104;30209;30/01/2023;58;6
3117;10023;30/01/2023;77;12
3117;10047;30/01/2023;62;12
3117;10112;30/01/2023;23;6
3117;10310;30/01/2023;22;20
3117;11020;30/01/2023;67;1
3117;11085;30/01/2023;30;10
3117;11142;30/01/2023;20;6
3117;12004;30/01/2023;46;8
3117;12066;30/01/2023;16;6
3117;12190;30/01/2023;13;12
3117;20015;30/01/2023;56;6
3117;20041;30/01/2023;88;24
3117;20088;30/01/2023;42;4
3117;20131;30/01/2023;24;8
3117;30012;30/01/2023;7;10
3117;30077;30/01/2023;18;12
3117;30154;30/01/2023;17;10
3117;30209;30/01/2023;24;6
3117;99001;30/01/2023;1;1
3122;10023;30/01/2023;60;12
3122;10047;30/01/2023;43;12
3122;10112;30/01/2023;24;6
3122;10310;30/01/2023;23;20
3122;11020;30/01/2023;59;1
3122;11085;30/01/2023;38;10
3122;11142;30/01/2023;13;6
3122;12004;30/01/2023;16;8
3122;12066;30/01/2023;18;6
3122;12190;30/01/2023;18;12
3122;20015;30/01/2023;28;6
3122;20041;30/01/2023;47;24
3122;20088;30/01/2023;19;4
3122;20131;30/01/2023;21;8
3122;30012;30/01/2023;12;10
3122;30077;30/01/2023;15;12
3122;30154;30/01/2023;18;10
3122;30209;30/01/2023;18;6
4201;10023;30/01/2023;214;12
4201;10047;30/01/2023;189;12
4201;10112;30/01/2023;137;6
4201;10310;30/01/2023;126;20
4201;11020;30/01/2023;222;1
4201;11085;30/01/2023;173;10
4201;11142;30/01/2023;63;6
4201;12004;30/01/2023;103;8
4201;12066;30/01/2023;138;6
4201;12190;30/01/2023;52;12
4201;20015;30/01/2023;175;6
4201;20041;30/01/2023;157;24
4201;20088;30/01/2023;56;4
4201;20131;30/01/2023;50;8
4201;30012;30/01/2023;72;10
4201;30077;30/01/2023;140;12
4201;30154;30/01/2023;114;10
4201;30209;30/01/2023;94;6
4205;10023;30/01/2023;196;12
4205;10047;30/01/2023;142;12
4205;10112;30/01/2023;64;6
4205;10310;30/01/2023;32;20
4205;11020;30/01/2023;182;1
4205;11085;30/01/2023;112;10
4205;11142;30/01/2023;68;6
4205;12004;30/01/2023;71;8
4205;12066;30/01/2023;42;6
4205;12190;30/01/2023;51;12
4205;20015;30/01/2023;73;6
4205;20041;30/01/2023;76;24
4205;20088;30/01/2023;82;4
4205;20131;30/01/2023;56;8
4205;30012;30/01/2023;54;10
4205;30077;30/01/2023;60;12
4205;30154;30/01/2023;51;10
4205;30209;30/01/2023;65;6
4205;99001;30/01/2023;2;1
4218;10023;30/01/2023;236;12
4218;10047;30/01/2023;164;12
4218;10112;30/01/2023;46;6
4218;10310;30/01/2023;32;20
4218;11020;30/01/2023;243;1
4218;11085;30/01/2023;108;10
4218;11142;30/01/2023;49;6
4218;12004;30/01/2023;124;8
4218;12066;30/01/2023;91;6
4218;12190;30/01/2023;36;12
4218;20015;30/01/2023;162;6
4218;20041;30/01/2023;154;24
4218;20088;30/01/2023;112;4
4218;20131;30/01/2023;37;8
4218;30012;30/01/2023;50;10
4218;30077;30/01/2023;87;12
4218;30154;30/01/2023;22;10
4218;30209;30/01/2023;58;6
5502;10023;30/01/2023;153;12
5502;10047;30/01/2023;136;12
5502;10112;30/01/2023;61;6
5502;10310;30/01/2023;67;20
5502;11020;30/01/2023;89;1
5502;11085;30/01/2023;107;10
5502;11142;30/01/2023;67;6
5502;12004;30/01/2023;32;8
5502;12066;30/01/2023;49;6
5502;12190;30/01/2023;42;12
5502;20015;30/01/2023;126;6
5502;20041;30/01/2023;93;24
5502;20088;30/01/2023;71;4
5502;20131;30/01/2023;30;8
5502;30012;30/01/2023;45;10
5502;30077;30/01/2023;41;12
5502;30154;30/01/2023;33;10
5502;30209;30/01/2023;63;6
5511;10023;30/01/2023;71;12
5511;10047;30/01/2023;19;12
5511;10112;30/01/2023;14;6
5511;10310;30/01/2023;20;20
5511;11020;30/01/2023;61;1
5511;11085;30/01/2023;45;10
5511;11142;30/01/2023;17;6
5511;12004;30/01/2023;39;8
5511;12066;30/01/2023;19;6
5511;12190;30/01/2023;18;12
5511;20015;30/01/2023;35;6
5511;20041;30/01/2023;37;24
5511;20088;30/01/2023;32;4
5511;20131;30/01/2023;20;8
5511;30012;30/01/2023;19;10
5511;30077;30/01/2023;30;12
5511;30154;30/01/2023;7;10
5511;30209;30/01/2023;13;6
5511;99001;30/01/2023;0;1
9001;10023;30/01/2023;4;12
9001;10047;30/01/2023;7;12
9001;10112;30/01/2023;4;6
9001;10310;30/01/2023;2;20
9001;11020;30/01/2023;6;1
9001;11085;30/01/2023;4;10
9001;11142;30/01/2023;4;6
9001;12004;30/01/2023;2;8
9001;12066;30/01/2023;1;6
9001;12190;30/01/2023;1;12
9001;20015;30/01/2023;4;6
9001;20041;30/01/2023;5;24
9001;20088;30/01/2023;2;4
9001;20131;30/01/2023;2;8
9001;30012;30/01/2023;1;10
9001;30077;30/01/2023;2;12
9001;30154;30/01/2023;2;10
9001;30209;30/01/2023;2;6
1101;10023;27/02/2023;163;12
1101;10047;27/02/2023;160;12
1101;10112;27/02/2023;69;6
1101;10310;27/02/2023;38;20
1101;11020;27/02/2023;218;1
1101;11085;27/02/2023;76;10
1101;11142;27/02/2023;46;6
1101;12004;27/02/2023;105;8
1101;12066;27/02/2023;61;6
1101;12190;27/02/2023;50;12
1101;20015;27/02/2023;129;6
1101;20041;27/02/2023;103;24
1101;20088;27/02/2023;44;4
1101;20131;27/02/2023;30;8
1101;30012;27/02/2023;62;10
1101;30077;27/02/2023;56;12
1101;30154;27/02/2023;41;10
1101;30209;27/02/2023;48;6
1102;10023;27/02/2023;128;12
1102;10047;27/02/2023;58;12
1102;10112;27/02/2023;99;6
1102;10310;27/02/2023;75;20
1102;11020;27/02/2023;173;1
1102;11085;27/02/2023;80;10
1102;11142;27/02/2023;73;6
1102;12004;27/02/2023;70;8
1102;12066;27/02/2023;41;6
1102;12190;27/02/2023;46;12
1102;20015;27/02/2023;72;6
1102;20041;27/02/2023;150;24
1102;20088;27/02/2023;77;4
1102;20131;27/02/2023;50;8
1102;30012;27/02/2023;45;10
1102;30077;27/02/2023;51;12
1102;30154;27/02/2023;42;10
1102;30209;27/02/2023;29;6
1103;10023;27/02/2023;107;12
1103;10047;27/02/2023;37;12
1103;10112;27/02/2023;25;6
1103;10310;27/02/2023;21;20
1103;11020;27/02/2023;67;1
1103;11085;27/02/2023;32;10
1103;11142;27/02/2023;29;6
1103;12004;27/02/2023;21;8
1103;12066;27/02/2023;41;6
1103;12190;27/02/2023;18;12
1103;20015;27/02/2023;75;6
1103;20041;27/02/2023;91;24
1103;20088;27/02/2023;35;4
1103;20131;27/02/2023;17;8
1103;30012;27/02/2023;15;10
1103;30077;27/02/2023;33;12
1103;30154;27/02/2023;22;10
1103;30209;27/02/2023;26;6
1108;10023;27/02/2023;420;12
1108;10047;27/02/2023;336;12
1108;10112;27/02/2023;195;6
1108;10310;27/02/2023;167;20
1108;11020;27/02/2023;308;1
1108;11085;27/02/2023;222;10
1108;11142;27/02/2023;146;6
1108;12004;27/02/2023;200;8
1108;12066;27/02/2023;103;6
1108;12190;27/02/2023;108;12
1108;20015;27/02/2023;233;6
1108;20041;27/02/2023;280;24
1108;20088;27/02/2023;186;4
1108;20131;27/02/2023;117;8
1108;30012;27/02/2023;97;10
1108;30077;27/02/2023;170;12
1108;30154;27/02/2023;78;10
1108;30209;27/02/2023;81;6
3104;10023;27/02/2023;188;12
3104;10047;27/02/2023;58;12
3104;10112;27/02/2023;79;6
3104;10310;27/02/2023;26;20
3104;11020;27/02/2023;81;1
3104;11085;27/02/2023;87;10
3104;11142;27/02/2023;73;6
3104;12004;27/02/2023;99;8
3104;12066;27/02/2023;56;6
3104;12190;27/02/2023;50;12
3104;20015;27/02/2023;122;6
3104;20041;27/02/2023;179;24
3104;20088;27/02/2023;66;4
3104;20131;27/02/2023;56;8
3104;30012;27/02/2023;40;10
3104;30077;27/02/2023;53;12
3104;30154;27/02/2023;49;10
3104;30209;27/02/2023;72;6
3117;10023;27/02/2023;104;12
3117;10047;27/02/2023;46;12
3117;10112;27/02/2023;30;6
3117;10310;27/02/2023;28;20
3117;11020;27/02/2023;59;1
3117;11085;27/02/2023;36;10
3117;11142;27/02/2023;28;6
3117;12004;27/02/2023;19;8
3117;12066;27/02/2023;41;6
3117;12190;27/02/2023;15;12
3117;20015;27/02/2023;23;6
3117;20041;27/02/2023;86;24
3117;20088;27/02/2023;33;4
3117;20131;27/02/2023;19;8
3117;30012;27/02/2023;7;10
3117;30077;27/02/2023;34;12
3117;30154;27/02/2023;17;10
3117;30209;27/02/2023;20;6
3117;99001;27/02/2023;0;1
3122;10023;27/02/2023;55;12
3122;10047;27/02/2023;58;12
3122;10112;27/02/2023;29;6
3122;10310;27/02/2023;25;20
3122;11020;27/02/2023;59;1
3122;11085;27/02/2023;27;10
3122;11142;27/02/2023;29;6
3122;12004;27/02/2023;22;8
3122;12066;27/02/2023;26;6
3122;12190;27/02/2023;7;12
3122;20015;27/02/2023;39;6
3122;20041;27/02/2023;52;24
3122;20088;27/02/2023;20;4
3122;20131;27/02/2023;22;8
3122;30012;27/02/2023;15;10
3122;30077;27/02/2023;23;12
3122;30154;27/02/2023;18;10
3122;30209;27/02/2023;11;6
4201;10023;27/02/2023;352;12
4201;10047;27/02/2023;168;12
4201;10112;27/02/2023;72;6
4201;10310;27/02/2023;76;20
4201;11020;27/02/2023;297;1
4201;11085;27/02/2023;132;10
4201;11142;27/02/2023;70;6
4201;12004;27/02/2023;182;8
4201;12066;27/02/2023;118;6
4201;12190;27/02/2023;95;12
4201;20015;27/02/2023;177;6
4201;20041;27/02/2023;306;24
4201;20088;27/02/2023;63;4
4201;20131;27/02/2023;97;8
4201;30012;27/02/2023;50;10
4201;30077;27/02/2023;72;12
4201;30154;27/02/2023;46;10
4201;30209;27/02/2023;56;6
4201;99001;27/02/2023;2;1
4205;10023;27/02/2023;96;12
4205;10047;27/02/2023;184;12
4205;10112;27/02/2023;63;6
4205;10310;27/02/2023;78;20
4205;11020;27/02/2023;194;1
4205;11085;27/02/2023;86;10
4205;11142;27/02/2023;35;6
4205;12004;27/02/2023;88;8
4205;12066;27/02/2023;58;6
4205;12190;27/02/2023;49;12
4205;20015;27/02/2023;103;6
4205;20041;27/02/2023;127;24
4205;20088;27/02/2023;97;4
4205;20131;27/02/2023;45;8
4205;30012;27/02/2023;30;10
4205;30077;27/02/2023;47;12
4205;30154;27/02/2023;46;10
4205;30209;27/02/2023;65;6
4205;99001;27/02/2023;1;1
4218;10023;27/02/2023;275;12
4218;10047;27/02/2023;161;12
4218;10112;27/02/2023;94;6
4218;10310;27/02/2023;83;20
4218;11020;27/02/2023;161;1
4218;11085;27/02/2023;129;10
4218;11142;27/02/2023;70;6
4218;12004;27/02/2023;57;8
4218;12066;27/02/2023;33;6
4218;12190;27/02/2023;71;12
4218;20015;27/02/2023;120;6
4218;20041;27/02/2023;105;24
4218;20088;27/02/2023;79;4
4218;20131;27/02/2023;69;8
4218;30012;27/02/2023;40;10
4218;30077;27/02/2023;41;12
4218;30154;27/02/2023;34;10
4218;30209;27/02/2023;71;6
5502;10023;27/02/2023;160;12
5502;10047;27/02/2023;142;12
5502;10112;27/02/2023;82;6
5502;10310;27/02/2023;40;20
5502;11020;27/02/2023;120;1
5502;11085;27/02/2023;56;10
5502;11142;27/02/2023;89;6
5502;12004;27/02/2023;54;8
5502;12066;27/02/2023;74;6
5502;12190;27/02/2023;55;12
5502;20015;27/02/2023;102;6
5502;20041;27/02/2023;144;24
5502;20088;27/02/2023;42;4
5502;20131;27/02/2023;33;8
5502;30012;27/02/2023;35;10
5502;30077;27/02/2023;82;12
5502;30154;27/02/2023;40;10
5502;30209;27/02/2023;45;6
5511;10023;27/02/2023;52;12
5511;10047;27/02/2023;38;12
5511;10112;27/02/2023;31;6
5511;10310;27/02/2023;12;20
5511;11020;27/02/2023;48;1
5511;11085;27/02/2023;22;10
5511;11142;27/02/2023;20;6
5511;12004;27/02/2023;24;8
5511;12066;27/02/2023;22;6
5511;12190;27/02/2023;17;12
5511;20015;27/02/2023;47;6
5511;20041;27/02/2023;45;24
5511;20088;27/02/2023;0;4
5511;20131;27/02/2023;20;8
5511;30012;27/02/2023;23;10
5511;30077;27/02/2023;27;12
5511;30154;27/02/2023;17;10
5511;30209;27/02/2023;22;6
9001;10023;27/02/2023;15;12
9001;10047;27/02/2023;6;12
9001;10112;27/02/2023;4;6
9001;10310;27/02/2023;3;20
9001;11020;27/02/2023;8;1
9001;11085;27/02/2023;5;10
9001;11142;27/02/2023;0;6
9001;12004;27/02/2023;6;8
9001;12066;27/02/2023;2;6
9001;12190;27/02/2023;3;12
9001;20015;27/02/2023;3;6
9001;20041;27/02/2023;6;24
9001;20088;27/02/2023;4;4
9001;20131;27/02/2023;3;8
9001;30012;27/02/2023;1;10
9001;30077;27/02/2023;4;12
9001;30154;27/02/2023;1;10
9001;30209;27/02/2023;3;6
1101;10023;27/03/2023;156;12
1101;10047;27/03/2023;168;12
1101;10112;27/03/2023;82;6
1101;10310;27/03/2023;32;20
1101;11020;27/03/2023;145;1
1101;11085;27/03/2023;97;10
1101;11142;27/03/2023;105;6
1101;12004;27/03/2023;119;8
1101;12066;27/03/2023;52;6
1101;12190;27/03/2023;55;12
1101;20015;27/03/2023;202;6
1101;20041;27/03/2023;172;24
1101;20088;27/03/2023;85;4
1101;20131;27/03/2023;53;8
1101;30012;27/03/2023;57;10
1101;30077;27/03/2023;71;12
1101;30154;27/03/2023;45;10
1101;30209;27/03/2023;38;6
1102;10023;27/03/2023;266;12
1102;10047;27/03/2023;93;12
1102;10112;27/03/2023;65;6
1102;10310;27/03/2023;67;20
1102;11020;27/03/2023;211;1
1102;11085;27/03/2023;82;10
1102;11142;27/03/2023;52;6
1102;12004;27/03/2023;53;8
1102;12066;27/03/2023;73;6
1102;12190;27/03/2023;68;12
1102;20015;27/03/2023;325;6
1102;20041;27/03/2023;217;24
1102;20088;27/03/2023;47;4
1102;20131;27/03/2023;62;8
1102;30012;27/03/2023;52;10
1102;30077;27/03/2023;49;12
1102;30154;27/03/2023;74;10
1102;30209;27/03/2023;39;6
1103;10023;27/03/2023;59;12
1103;10047;27/03/2023;47;12
1103;10112;27/03/2023;48;6
1103;10310;27/03/2023;37;20
1103;11020;27/03/2023;53;1
1103;11085;27/03/2023;50;10
1103;11142;27/03/2023;19;6
1103;12004;27/03/2023;59;8
1103;12066;27/03/2023;43;6
1103;12190;27/03/2023;17;12
1103;20015;27/03/2023;114;6
1103;20041;27/03/2023;102;24
1103;20088;27/03/2023;50;4
1103;20131;27/03/2023;16;8
1103;30012;27/03/2023;17;10
1103;30077;27/03/2023;38;12
1103;30154;27/03/2023;21;10
1103;30209;27/03/2023;32;6
1108;10023;27/03/2023;196;12
1108;10047;27/03/2023;129;12
1108;10112;27/03/2023;149;6
1108;10310;27/03/2023;128;20
1108;11020;27/03/2023;395;1
1108;11085;27/03/2023;217;10
1108;11142;27/03/2023;154;6
1108;12004;27/03/2023;140;8
1108;12066;27/03/2023;187;6
1108;12190;27/03/2023;86;12
1108;20015;27/03/2023;607;6
1108;20041;27/03/2023;297;24
1108;20088;27/03/2023;183;4
1108;20131;27/03/2023;54;8
1108;30012;27/03/2023;44;10
1108;30077;27/03/2023;182;12
1108;30154;27/03/2023;64;10
1108;30209;27/03/2023;99;6
3104;10023;27/03/2023;262;12
3104;10047;27/03/2023;132;12
3104;10112;27/03/2023;82;6
3104;10310;27/03/2023;26;20
3104;11020;27/03/2023;197;1
3104;11085;27/03/2023;70;10
3104;11142;27/03/2023;50;6
3104;12004;27/03/2023;39;8
3104;12066;27/03/2023;75;6
3104;12190;27/03/2023;35;12
3104;20015;27/03/2023;146;6
3104;20041;27/03/2023;152;24
3104;20088;27/03/2023;73;4
3104;20131;27/03/2023;50;8
3104;30012;27/03/2023;40;10
3104;30077;27/03/2023;53;12
3104;30154;27/03/2023;23;10
3104;30209;27/03/2023;41;6
3104;99001;27/03/2023;2;1
3117;10023;27/03/2023;85;12
3117;10047;27/03/2023;33;12
3117;10112;27/03/2023;38;6
3117;10310;27/03/2023;28;20
3117;11020;27/03/2023;102;1
3117;11085;27/03/2023;55;10
3117;11142;27/03/2023;27;6
3117;12004;27/03/2023;49;8
3117;12066;27/03/2023;34;6
3117;12190;27/03/2023;0;12
3117;20015;27/03/2023;56;6
3117;20041;27/03/2023;65;24
3117;20088;27/03/2023;17;4
3117;20131;27/03/2023;10;8
3117;30012;27/03/2023;20;10
3117;30077;27/03/2023;26;12
3117;30154;27/03/2023;29;10
3117;30209;27/03/2023;16;6
3122;10023;27/03/2023;58;12
3122;10047;27/03/2023;59;12
3122;10112;27/03/2023;37;6
3122;10310;27/03/2023;17;20
3122;11020;27/03/2023;36;1
3122;11085;27/03/2023;35;10
3122;11142;27/03/2023;22;6
3122;12004;27/03/2023;14;8
3122;12066;27/03/2023;12;6
3122;12190;27/03/2023;7;12
3122;20015;27/03/2023;29;6
3122;20041;27/03/2023;71;24
3122;20088;27/03/2023;26;4
3122;20131;27/03/2023;20;8
3122;30012;27/03/2023;12;10
3122;30077;27/03/2023;9;12
3122;30154;27/03/2023;10;10
3122;30209;27/03/2023;19;6
4201;10023;27/03/2023;239;12
4201;10047;27/03/2023;247;12
4201;10112;27/03/2023;99;6
4201;10310;27/03/2023;103;20
4201;11020;27/03/2023;210;1
4201;11085;27/03/2023;226;10
4201;11142;27/03/2023;109;6
4201;12004;27/03/2023;80;8
4201;12066;27/03/2023;134;6
4201;12190;27/03/2023;116;12
4201;20015;27/03/2023;253;6
4201;20041;27/03/2023;181;24
4201;20088;27/03/2023;0;4
4201;20131;27/03/2023;73;8
4201;30012;27/03/2023;54;10
4201;30077;27/03/2023;127;12
4201;30154;27/03/2023;43;10
4201;30209;27/03/2023;98;6
4201;99001;27/03/2023;6;1
4205;10023;27/03/2023;212;12
4205;10047;27/03/2023;163;12
4205;10112;27/03/2023;74;6
4205;10310;27/03/2023;77;20
4205;11020;27/03/2023;173;1
4205;11085;27/03/2023;55;10
4205;11142;27/03/2023;93;6
4205;12004;27/03/2023;74;8
4205;12066;27/03/2023;69;6
4205;12190;27/03/2023;57;12
4205;20015;27/03/2023;153;6
4205;20041;27/03/2023;78;24
4205;20088;27/03/2023;39;4
4205;20131;27/03/2023;48;8
4205;30012;27/03/2023;39;10
4205;30077;27/03/2023;80;12
4205;30154;27/03/2023;23;10
4205;30209;27/03/2023;74;6
4218;10023;27/03/2023;281;12
4218;10047;27/03/2023;187;12
4218;10112;27/03/2023;70;6
4218;10310;27/03/2023;62;20
4218;11020;27/03/2023;100;1
4218;11085;27/03/2023;61;10
4218;11142;27/03/2023;56;6
4218;12004;27/03/2023;83;8
4218;12066;27/03/2023;78;6
4218;12190;27/03/2023;26;12
4218;20015;27/03/2023;305;6
4218;20041;27/03/2023;253;24
4218;20088;27/03/2023;39;4
4218;20131;27/03/2023;56;8
4218;30012;27/03/2023;50;10
4218;30077;27/03/2023;92;12
4218;30154;27/03/2023;59;10
4218;30209;27/03/2023;49;6
4218;99001;27/03/2023;3;1
5502;10023;27/03/2023;89;12
5502;10047;27/03/2023;64;12
5502;10112;27/03/2023;108;6
5502;10310;27/03/2023;84;20
5502;11020;27/03/2023;222;1
5502;11085;27/03/2023;46;10
5502;11142;27/03/2023;46;6
5502;12004;27/03/2023;105;8
5502;12066;27/03/2023;37;6
5502;12190;27/03/2023;58;12
5502;20015;27/03/2023;161;6
5502;20041;27/03/2023;122;24
5502;20088;27/03/2023;103;4
5502;20131;27/03/2023;45;8
5502;30012;27/03/2023;29;10
5502;30077;27/03/2023;50;12
5502;30154;27/03/2023;55;10
5502;30209;27/03/2023;67;6
5511;10023;27/03/2023;89;12
5511;10047;27/03/2023;28;12
5511;10112;27/03/2023;28;6
5511;10310;27/03/2023;23;20
5511;11020;27/03/2023;37;1
5511;11085;27/03/2023;25;10
5511;11142;27/03/2023;28;6
5511;12004;27/03/2023;0;8
5511;12066;27/03/2023;13;6
5511;12190;27/03/2023;14;12
5511;20015;27/03/2023;52;6
5511;20041;27/03/2023;66;24
5511;20088;27/03/2023;40;4
5511;20131;27/03/2023;15;8
5511;30012;27/03/2023;8;10
5511;30077;27/03/2023;28;12
5511;30154;27/03/2023;11;10
5511;30209;27/03/2023;12;6
9001;10023;27/03/2023;12;12
9001;10047;27/03/2023;3;12
9001;10112;27/03/2023;5;6
9001;10310;27/03/2023;4;20
9001;11020;27/03/2023;6;1
9001;11085;27/03/2023;6;10
9001;11142;27/03/2023;3;6
9001;12004;27/03/2023;4;8
9001;12066;27/03/2023;1;6
9001;12190;27/03/2023;1;12
9001;20015;27/03/2023;7;6
9001;20041;27/03/2023;10;24
9001;20088;27/03/2023;3;4
9001;20131;27/03/2023;3;8
9001;30012;27/03/2023;1;10
9001;30077;27/03/2023;2;12
9001;30154;27/03/2023;1;10
9001;30209;27/03/2023;3;6
1101;10023;24/04/2023;165;12
1101;10047;24/04/2023;155;12
1101;10112;24/04/2023;89;6
1101;10310;24/04/2023;72;20
1101;11020;24/04/2023;250;1
1101;11085;24/04/2023;142;10
1101;11142;24/04/2023;49;6
1101;12004;24/04/2023;114;8
1101;12066;24/04/2023;88;6
1101;12190;24/04/2023;62;12
1101;20015;24/04/2023;124;6
1101;20041;24/04/2023;206;24
1101;20088;24/04/2023;97;4
1101;20131;24/04/2023;64;8
1101;30012;24/04/2023;59;10
1101;30077;24/04/2023;110;12
1101;30154;24/04/2023;35;10
1101;30209;24/04/2023;48;6
1101;99001;24/04/2023;2;1
1102;10023;24/04/2023;225;12
1102;10047;24/04/2023;159;12
1102;10112;24/04/2023;100;6
1102;10310;24/04/2023;76;20
1102;11020;24/04/2023;219;1
1102;11085;24/04/2023;100;10
1102;11142;24/04/2023;81;6
1102;12004;24/04/2023;55;8
1102;12066;24/04/2023;43;6
1102;12190;24/04/2023;65;12
1102;20015;24/04/2023;67;6
1102;20041;24/04/2023;187;24
1102;20088;24/04/2023;85;4
1102;20131;24/04/2023;58;8
1102;30012;24/04/2023;36;10
1102;30077;24/04/2023;38;12
1102;30154;24/04/2023;61;10
1102;30209;24/04/2023;33;6
1102;99001;24/04/2023;2;1
1103;10023;24/04/2023;138;12
1103;10047;24/04/2023;69;12
1103;10112;24/04/2023;44;6
1103;10310;24/04/2023;32;20
1103;11020;24/04/2023;99;1
1103;11085;24/04/2023;50;10
1103;11142;24/04/2023;31;6
1103;12004;24/04/2023;52;8
1103;12066;24/04/2023;35;6
1103;12190;24/04/2023;14;12
1103;20015;24/04/2023;63;6
1103;20041;24/04/2023;45;24
1103;20088;24/04/2023;44;4
1103;20131;24/04/2023;13;8
1103;30012;24/04/2023;18;10
1103;30077;24/04/2023;38;12
1103;30154;24/04/2023;16;10
1103;30209;24/04/2023;48;6
1108;10023;24/04/2023;424;12
1108;10047;24/04/2023;247;12
1108;10112;24/04/2023;200;6
1108;10310;24/04/2023;129;20
1108;11020;24/04/2023;239;1
1108;11085;24/04/2023;155;10
1108;11142;24/04/2023;69;6
1108;12004;24/04/2023;128;8
1108;12066;24/04/2023;125;6
1108;12190;24/04/2023;61;12
1108;20015;24/04/2023;121;6
1108;20041;24/04/2023;215;24
1108;20088;24/04/2023;193;4
1108;20131;24/04/2023;134;8
1108;30012;24/04/2023;100;10
1108;30077;24/04/2023;76;12
1108;30154;24/04/2023;85;10
1108;30209;24/04/2023;189;6
3104;10023;24/04/2023;280;12
3104;10047;24/04/2023;115;12
3104;10112;24/04/2023;89;6
3104;10310;24/04/2023;59;20
3104;11020;24/04/2023;180;1
3104;11085;24/04/2023;114;10
3104;11142;24/04/2023;45;6
3104;12004;24/04/2023;101;8
3104;12066;24/04/2023;48;6
3104;12190;24/04/2023;42;12
3104;20015;24/04/2023;153;6
3104;20041;24/04/2023;91;24
3104;20088;24/04/2023;116;4
3104;20131;24/04/2023;37;8
3104;30012;24/04/2023;37;10
3104;30077;24/04/2023;64;12
3104;30154;24/04/2023;52;10
3104;30209;24/04/2023;40;6
3117;10023;24/04/2023;75;12
3117;10047;24/04/2023;73;12
3117;10112;24/04/2023;44;6
3117;10310;24/04/2023;23;20
3117;11020;24/04/2023;34;1
3117;11085;24/04/2023;55;10
3117;11142;24/04/2023;46;6
3117;12004;24/04/2023;45;8
3117;12066;24/04/2023;14;6
3117;12190;24/04/2023;23;12
3117;20015;24/04/2023;68;6
3117;20041;24/04/2023;64;24
3117;20088;24/04/2023;40;4
3117;20131;24/04/2023;15;8
3117;30012;24/04/2023;10;10
3117;30077;24/04/2023;38;12
3117;30154;24/04/2023;10;10
3117;30209;24/04/2023;14;6
3122;10023;24/04/2023;35;12
3122;10047;24/04/2023;20;12
3122;10112;24/04/2023;29;6
3122;10310;24/04/2023;27;20
3122;11020;24/04/2023;64;1
3122;11085;24/04/2023;35;10
3122;11142;24/04/2023;10;6
3122;12004;24/04/2023;30;8
3122;12066;24/04/2023;21;6
3122;12190;24/04/2023;17;12
3122;20015;24/04/2023;18;6
3122;20041;24/04/2023;46;24
3122;20088;24/04/2023;29;4
3122;20131;24/04/2023;22;8
3122;30012;24/04/2023;17;10
3122;30077;24/04/2023;11;12
3122;30154;24/04/2023;19;10
3122;30209;24/04/2023;13;6
3122;99001;24/04/2023;0;1
4201;10023;24/04/2023;285;12
4201;10047;24/04/2023;228;12
4201;10112;24/04/2023;146;6
4201;10310;24/04/2023;55;20
4201;11020;24/04/2023;421;1
4201;11085;24/04/2023;93;10
4201;11142;24/04/2023;197;6
4201;12004;24/04/2023;80;8
4201;12066;24/04/2023;157;6
4201;12190;24/04/2023;90;12
4201;20015;24/04/2023;288;6
4201;20041;24/04/2023;401;24
4201;20088;24/04/2023;143;4
4201;20131;24/04/2023;134;8
4201;30012;24/04/2023;83;10
4201;30077;24/04/2023;66;12
4201;30154;24/04/2023;60;10
4201;30209;24/04/2023;114;6
4205;10023;24/04/2023;168;12
4205;10047;24/04/2023;100;12
4205;10112;24/04/2023;70;6
4205;10310;24/04/2023;40;20
4205;11020;24/04/2023;192;1
4205;11085;24/04/2023;77;10
4205;11142;24/04/2023;119;6
4205;12004;24/04/2023;79;8
4205;12066;24/04/2023;39;6
4205;12190;24/04/2023;42;12
4205;20015;24/04/2023;92;6
4205;20041;24/04/2023;121;24
4205;20088;24/04/2023;117;4
4205;20131;24/04/2023;63;8
4205;30012;24/04/2023;52;10
4205;30077;24/04/2023;78;12
4205;30154;24/04/2023;50;10
4205;30209;24/04/2023;74;6
4218;10023;24/04/2023;112;12
4218;10047;24/04/2023;190;12
4218;10112;24/04/2023;108;6
4218;10310;24/04/2023;34;20
4218;11020;24/04/2023;96;1
4218;11085;24/04/2023;125;10
4218;11142;24/04/2023;80;6
4218;12004;24/04/2023;75;8
4218;12066;24/04/2023;38;6
4218;12190;24/04/2023;62;12
4218;20015;24/04/2023;114;6
4218;20041;24/04/2023;105;24
4218;20088;24/04/2023;50;4
4218;20131;24/04/2023;78;8
4218;30012;24/04/2023;66;10
4218;30077;24/04/2023;68;12
4218;30154;24/04/2023;63;10
4218;30209;24/04/2023;38;6
4218;99001;24/04/2023;4;1
5502;10023;24/04/2023;150;12
5502;10047;24/04/2023;136;12
5502;10112;24/04/2023;62;6
5502;10310;24/04/2023;75;20
5502;11020;24/04/2023;72;1
5502;11085;24/04/2023;51;10
5502;11142;24/04/2023;127;6
5502;12004;24/04/2023;98;8
5502;12066;24/04/2023;42;6
5502;12190;24/04/2023;65;12
5502;20015;24/04/2023;89;6
5502;20041;24/04/2023;149;24
5502;20088;24/04/2023;80;4
5502;20131;24/04/2023;42;8
5502;30012;24/04/2023;23;10
5502;30077;24/04/2023;93;12
5502;30154;24/04/2023;58;10
5502;30209;24/04/2023;72;6
5511;10023;24/04/2023;56;12
5511;10047;24/04/2023;47;12
5511;10112;24/04/2023;20;6
5511;10310;24/04/2023;25;20
5511;11020;24/04/2023;37;1
5511;11085;24/04/2023;46;10
5511;11142;24/04/2023;32;6
5511;12004;24/04/2023;34;8
5511;12066;24/04/2023;19;6
5511;12190;24/04/2023;8;12
5511;20015;24/04/2023;27;6
5511;20041;24/04/2023;50;24
5511;20088;24/04/2023;16;4
5511;20131;24/04/2023;15;8
5511;30012;24/04/2023;15;10
5511;30077;24/04/2023;22;12
5511;30154;24/04/2023;18;10
5511;30209;24/04/2023;12;6
5511;99001;24/04/2023;0;1
9001;10023;24/04/2023;7;12
9001;10047;24/04/2023;3;12
9001;10112;24/04/2023;2;6
9001;10310;24/04/2023;4;20
9001;11020;24/04/2023;8;1
9001;11085;24/04/2023;3;10
9001;11142;24/04/2023;3;6
9001;12004;24/04/2023;5;8
9001;12066;24/04/2023;3;6
9001;12190;24/04/2023;2;12
9001;20015;24/04/2023;8;6
9001;20041;24/04/2023;9;24
9001;20088;24/04/2023;4;4
9001;20131;24/04/2023;2;8
9001;30012;24/04/2023;1;10
9001;30077;24/04/2023;4;12
9001;30154;24/04/2023;2;10
9001;30209;24/04/2023;3;6
1101;10023;22/05/2023;230;12
1101;10047;22/05/2023;147;12
1101;10112;22/05/2023;108;6
1101;10310;22/05/2023;46;20
1101;11020;22/05/2023;247;1
1101;11085;22/05/2023;131;10
1101;11142;22/05/2023;92;6
1101;12004;22/05/2023;117;8
1101;12066;22/05/2023;41;6
1101;12190;22/05/2023;32;12
1101;20015;22/05/2023;164;6
1101;20041;22/05/2023;123;24
1101;20088;22/05/2023;90;4
1101;20131;22/05/2023;65;8
1101;30012;22/05/2023;26;10
1101;30077;22/05/2023;45;12
1101;30154;22/05/2023;38;10
1101;30209;22/05/2023;31;6
1102;10023;22/05/2023;167;12
1102;10047;22/05/2023;82;12
1102;10112;22/05/2023;50;6
1102;10310;22/05/2023;60;20
1102;11020;22/05/2023;157;1
1102;11085;22/05/2023;84;10
1102;11142;22/05/2023;55;6
1102;12004;22/05/2023;57;8
1102;12066;22/05/2023;50;6
1102;12190;22/05/2023;57;12
1102;20015;22/05/2023;115;6
1102;20041;22/05/2023;124;24
1102;20088;22/05/2023;56;4
1102;20131;22/05/2023;79;8
1102;30012;22/05/2023;20;10
1102;30077;22/05/2023;102;12
1102;30154;22/05/2023;33;10
1102;30209;22/05/2023;33;6
1103;10023;22/05/2023;95;12
1103;10047;22/05/2023;64;12
1103;10112;22/05/2023;27;6
1103;10310;22/05/2023;21;20
1103;11020;22/05/2023;81;1
1103;11085;22/05/2023;52;10
1103;11142;22/05/2023;52;6
1103;12004;22/05/2023;22;8
1103;12066;22/05/2023;47;6
1103;12190;22/05/2023;33;12
1103;20015;22/05/2023;74;6
1103;20041;22/05/2023;75;24
1103;20088;22/05/2023;46;4
1103;20131;22/05/2023;21;8
1103;30012;22/05/2023;26;10
1103;30077;22/05/2023;29;12
1103;30154;22/05/2023;20;10
1103;30209;22/05/2023;19;6
1103;99001;22/05/2023;1;1
1108;10023;22/05/2023;377;12
1108;10047;22/05/2023;360;12
1108;10112;22/05/2023;103;6
1108;10310;22/05/2023;176;20
1108;11020;22/05/2023;467;1
1108;11085;22/05/2023;217;10
1108;11142;22/05/2023;124;6
1108;12004;22/05/2023;102;8
1108;12066;22/05/2023;93;6
1108;12190;22/05/2023;68;12
1108;20015;22/05/2023;231;6
1108;20041;22/05/2023;397;24
1108;20088;22/05/2023;138;4
1108;20131;22/05/2023;61;8
1108;30012;22/05/2023;70;10
1108;30077;22/05/2023;139;12
1108;30154;22/05/2023;107;10
1108;30209;22/05/2023;144;6
1108;99001;22/05/2023;7;1
3104;10023;22/05/2023;183;12
3104;10047;22/05/2023;58;12
3104;10112;22/05/2023;39;6
3104;10310;22/05/2023;26;20
3104;11020;22/05/2023;127;1
3104;11085;22/05/2023;102;10
3104;11142;22/05/2023;89;6
3104;12004;22/05/2023;67;8
3104;12066;22/05/2023;33;6
3104;12190;22/05/2023;27;12
3104;20015;22/05/2023;59;6
3104;20041;22/05/2023;150;24
3104;20088;22/05/2023;73;4
3104;20131;22/05/2023;31;8
3104;30012;22/05/2023;46;10
3104;30077;22/05/2023;70;12
3104;30154;22/05/2023;68;10
3104;30209;22/05/2023;50;6
3117;10023;22/05/2023;92;12
3117;10047;22/05/2023;39;12
3117;10112;22/05/2023;32;6
3117;10310;22/05/2023;33;20
3117;11020;22/05/2023;55;1
3117;11085;22/05/2023;36;10
3117;11142;22/05/2023;40;6
3117;12004;22/05/2023;35;8
3117;12066;22/05/2023;20;6
3117;12190;22/05/2023;19;12
3117;20015;22/05/2023;31;6
3117;20041;22/05/2023;58;24
3117;20088;22/05/2023;49;4
3117;20131;22/05/2023;11;8
3117;30012;22/05/2023;14;10
3117;30077;22/05/2023;25;12
3117;30154;22/05/2023;18;10
3117;30209;22/05/2023;30;6
3117;99001;22/05/2023;1;1
3122;10023;22/05/2023;70;12
3122;10047;22/05/2023;49;12
3122;10112;22/05/2023;17;6
3122;10310;22/05/2023;0;20
3122;11020;22/05/2023;64;1
3122;11085;22/05/2023;24;10
3122;11142;22/05/2023;26;6
3122;12004;22/05/2023;33;8
3122;12066;22/05/2023;14;6
3122;12190;22/05/2023;17;12
3122;20015;22/05/2023;26;6
3122;20041;22/05/2023;69;24
3122;20088;22/05/2023;28;4
3122;20131;22/05/2023;16;8
3122;30012;22/05/2023;11;10
3122;30077;22/05/2023;13;12
3122;30154;22/05/2023;11;10
3122;30209;22/05/2023;13;6
4201;10023;22/05/2023;0;12
4201;10047;22/05/2023;288;12
4201;10112;22/05/2023;199;6
4201;10310;22/05/2023;118;20
4201;11020;22/05/2023;335;1
4201;11085;22/05/2023;243;10
4201;11142;22/05/2023;103;6
4201;12004;22/05/2023;148;8
4201;12066;22/05/2023;155;6
4201;12190;22/05/2023;86;12
4201;20015;22/05/2023;173;6
4201;20041;22/05/2023;161;24
4201;20088;22/05/2023;130;4
4201;20131;22/05/2023;148;8
4201;30012;22/05/2023;64;10
4201;30077;22/05/2023;100;12
4201;30154;22/05/2023;105;10
4201;30209;22/05/2023;60;6
4205;10023;22/05/2023;113;12
4205;10047;22/05/2023;75;12
4205;10112;22/05/2023;86;6
4205;10310;22/05/2023;78;20
4205;11020;22/05/2023;194;1
4205;11085;22/05/2023;85;10
4205;11142;22/05/2023;37;6
4205;12004;22/05/2023;60;8
4205;12066;22/05/2023;30;6
4205;12190;22/05/2023;50;12
4205;20015;22/05/2023;142;6
4205;20041;22/05/2023;206;24
4205;20088;22/05/2023;96;4
4205;20131;22/05/2023;68;8
4205;30012;22/05/2023;23;10
4205;30077;22/05/2023;85;12
4205;30154;22/05/2023;61;10
4205;30209;22/05/2023;66;6
4218;10023;22/05/2023;327;12
4218;10047;22/05/2023;111;12
4218;10112;22/05/2023;107;6
4218;10310;22/05/2023;48;20
4218;11020;22/05/2023;165;1
4218;11085;22/05/2023;120;10
4218;11142;22/05/2023;70;6
4218;12004;22/05/2023;122;8
4218;12066;22/05/2023;103;6
4218;12190;22/05/2023;65;12
4218;20015;22/05/2023;73;6
4218;20041;22/05/2023;164;24
4218;20088;22/05/2023;73;4
4218;20131;22/05/2023;39;8
4218;30012;22/05/2023;54;10
4218;30077;22/05/2023;42;12
4218;30154;22/05/2023;22;10
4218;30209;22/05/2023;79;6
5502;10023;22/05/2023;220;12
5502;10047;22/05/2023;130;12
5502;10112;22/05/2023;50;6
5502;10310;22/05/2023;62;20
5502;11020;22/05/2023;94;1
5502;11085;22/05/2023;50;10
5502;11142;22/05/2023;55;6
5502;12004;22/05/2023;82;8
5502;12066;22/05/2023;68;6
5502;12190;22/05/2023;46;12
5502;20015;22/05/2023;135;6
5502;20041;22/05/2023;139;24
5502;20088;22/05/2023;68;4
5502;20131;22/05/2023;57;8
5502;30012;22/05/2023;35;10
5502;30077;22/05/2023;35;12
5502;30154;22/05/2023;69;10
5502;30209;22/05/2023;58;6
5511;10023;22/05/2023;40;12
5511;10047;22/05/2023;71;12
5511;10112;22/05/2023;15;6
5511;10310;22/05/2023;31;20
5511;11020;22/05/2023;82;1
5511;11085;22/05/2023;47;10
5511;11142;22/05/2023;29;6
5511;12004;22/05/2023;20;8
5511;12066;22/05/2023;21;6
5511;12190;22/05/2023;15;12
5511;20015;22/05/2023;35;6
5511;20041;22/05/2023;49;24
5511;20088;22/05/2023;20;4
5511;20131;22/05/2023;14;8
5511;30012;22/05/2023;21;10
5511;30077;22/05/2023;11;12
5511;30154;22/05/2023;16;10
5511;30209;22/05/2023;20;6
5511;99001;22/05/2023;0;1
9001;10023;22/05/2023;7;12
9001;10047;22/05/2023;4;12
9001;10112;22/05/2023;2;6
9001;10310;22/05/2023;4;20
9001;11020;22/05/2023;7;1
9001;11085;22/05/2023;5;10
9001;11142;22/05/2023;3;6
9001;12004;22/05/2023;6;8
9001;12066;22/05/2023;2;6
9001;12190;22/05/2023;1;12
9001;20015;22/05/2023;5;6
9001;20041;22/05/2023;8;24
9001;20088;22/05/2023;4;4
9001;20131;22/05/2023;3;8
9001;30012;22/05/2023;2;10
9001;30077;22/05/2023;5;12
9001;30154;22/05/2023;1;10
9001;30209;22/05/2023;1;6
9001;99001;22/05/2023;0;1
1101;10023;19/06/2023;218;12
1101;10047;19/06/2023;208;12
1101;10112;19/06/2023;92;6
1101;10310;19/06/2023;43;20
1101;11020;19/06/2023;200;1
1101;11085;19/06/2023;45;10
1101;11142;19/06/2023;38;6
1101;12004;19/06/2023;123;8
1101;12066;19/06/2023;44;6
1101;12190;19/06/2023;22;12
1101;20015;19/06/2023;83;6
1101;20041;19/06/2023;162;24
1101;20088;19/06/2023;88;4
1101;20131;19/06/2023;62;8
1101;30012;19/06/2023;51;10
1101;30077;19/06/2023;129;12
1101;30154;19/06/2023;63;10
1101;30209;19/06/2023;45;6
1102;10023;19/06/2023;130;12
1102;10047;19/06/2023;123;12
1102;10112;19/06/2023;114;6
1102;10310;19/06/2023;77;20
1102;11020;19/06/2023;215;1
1102;11085;19/06/2023;99;10
1102;11142;19/06/2023;75;6
1102;12004;19/06/2023;105;8
1102;12066;19/06/2023;85;6
1102;12190;19/06/2023;55;12
1102;20015;19/06/2023;124;6
1102;20041;19/06/2023;140;24
1102;20088;19/06/2023;51;4
1102;20131;19/06/2023;74;8
1102;30012;19/06/2023;31;10
1102;30077;19/06/2023;43;12
1102;30154;19/06/2023;27;10
1102;30209;19/06/2023;54;6
1103;10023;19/06/2023;70;12
1103;10047;19/06/2023;99;12
1103;10112;19/06/2023;52;6
1103;10310;19/06/2023;38;20
1103;11020;19/06/2023;103;1
1103;11085;19/06/2023;64;10
1103;11142;19/06/2023;26;6
1103;12004;19/06/2023;63;8
1103;12066;19/06/2023;32;6
1103;12190;19/06/2023;25;12
1103;20015;19/06/2023;85;6
1103;20041;19/06/2023;68;24
1103;20088;19/06/2023;59;4
1103;20131;19/06/2023;23;8
1103;30012;19/06/2023;21;10
1103;30077;19/06/2023;40;12
1103;30154;19/06/2023;17;10
1103;30209;19/06/2023;27;6
1108;10023;19/06/2023;571;12
1108;10047;19/06/2023;217;12
1108;10112;19/06/2023;109;6
1108;10310;19/06/2023;102;20
1108;11020;19/06/2023;216;1
1108;11085;19/06/2023;174;10
1108;11142;19/06/2023;112;6
1108;12004;19/06/2023;97;8
1108;12066;19/06/2023;168;6
1108;12190;19/06/2023;104;12
1108;20015;19/06/2023;154;6
1108;20041;19/06/2023;262;24
1108;20088;19/06/2023;155;4
1108;20131;19/06/2023;71;8
1108;30012;19/06/2023;70;10
1108;30077;19/06/2023;85;12
1108;30154;19/06/2023;119;10
1108;30209;19/06/2023;154;6
3104;10023;19/06/2023;145;12
3104;10047;19/06/2023;87;12
3104;10112;19/06/2023;93;6
3104;10310;19/06/2023;56;20
3104;11020;19/06/2023;185;1
3104;11085;19/06/2023;102;10
3104;11142;19/06/2023;81;6
3104;12004;19/06/2023;107;8
3104;12066;19/06/2023;31;6
3104;12190;19/06/2023;40;12
3104;20015;19/06/2023;80;6
3104;20041;19/06/2023;190;24
3104;20088;19/06/2023;106;4
3104;20131;19/06/2023;66;8
3104;30012;19/06/2023;50;10
3104;30077;19/06/2023;44;12
3104;30154;19/06/2023;37;10
3104;30209;19/06/2023;46;6
3104;99001;19/06/2023;4;1
3117;10023;19/06/2023;88;12
3117;10047;19/06/2023;85;12
3117;10112;19/06/2023;46;6
3117;10310;19/06/2023;21;20
3117;11020;19/06/2023;69;1
3117;11085;19/06/2023;50;10
3117;11142;19/06/2023;19;6
3117;12004;19/06/2023;36;8
3117;12066;19/06/2023;30;6
3117;12190;19/06/2023;19;12
3117;20015;19/06/2023;52;6
3117;20041;19/06/2023;70;24
3117;20088;19/06/2023;43;4
3117;20131;19/06/2023;30;8
3117;30012;19/06/2023;11;10
3117;30077;19/06/2023;54;12
3117;30154;19/06/2023;14;10
3117;30209;19/06/2023;32;6
3122;10023;19/06/2023;83;12
3122;10047;19/06/2023;25;12
3122;10112;19/06/2023;26;6
3122;10310;19/06/2023;20;20
3122;11020;19/06/2023;72;1
3122;11085;19/06/2023;16;10
3122;11142;19/06/2023;25;6
3122;12004;19/06/2023;29;8
3122;12066;19/06/2023;27;6
3122;12190;19/06/2023;20;12
3122;20015;19/06/2023;42;6
3122;20041;19/06/2023;59;24
3122;20088;19/06/2023;29;4
3122;20131;19/06/2023;16;8
3122;30012;19/06/2023;19;10
3122;30077;19/06/2023;38;12
3122;30154;19/06/2023;19;10
3122;30209;19/06/2023;19;6
4201;10023;19/06/2023;282;12
4201;10047;19/06/2023;302;12
4201;10112;19/06/2023;143;6
4201;10310;19/06/2023;122;20
4201;11020;19/06/2023;169;1
4201;11085;19/06/2023;189;10
4201;11142;19/06/2023;145;6
4201;12004;19/06/2023;135;8
4201;12066;19/06/2023;60;6
4201;12190;19/06/2023;83;12
4201;20015;19/06/2023;106;6
4201;20041;19/06/2023;233;24
4201;20088;19/06/2023;83;4
4201;20131;19/06/2023;90;8
4201;30012;19/06/2023;43;10
4201;30077;19/06/2023;178;12
4201;30154;19/06/2023;65;10
4201;30209;19/06/2023;156;6
4205;10023;19/06/2023;267;12
4205;10047;19/06/2023;66;12
4205;10112;19/06/2023;58;6
4205;10310;19/06/2023;41;20
4205;11020;19/06/2023;111;1
4205;11085;19/06/2023;139;10
4205;11142;19/06/2023;101;6
4205;12004;19/06/2023;105;8
4205;12066;19/06/2023;85;6
4205;12190;19/06/2023;51;12
4205;20015;19/06/2023;113;6
4205;20041;19/06/2023;85;24
4205;20088;19/06/2023;81;4
4205;20131;19/06/2023;69;8
4205;30012;19/06/2023;58;10
4205;30077;19/06/2023;42;12
4205;30154;19/06/2023;40;10
4205;30209;19/06/2023;59;6
4218;10023;19/06/2023;322;12
4218;10047;19/06/2023;136;12
4218;10112;19/06/2023;37;6
4218;10310;19/06/2023;32;20
4218;11020;19/06/2023;144;1
4218;11085;19/06/2023;91;10
4218;11142;19/06/2023;79;6
4218;12004;19/06/2023;116;8
4218;12066;19/06/2023;47;6
4218;12190;19/06/2023;50;12
4218;20015;19/06/2023;68;6
4218;20041;19/06/2023;115;24
4218;20088;19/06/2023;51;4
4218;20131;19/06/2023;47;8
4218;30012;19/06/2023;45;10
4218;30077;19/06/2023;41;12
4218;30154;19/06/2023;69;10
4218;30209;19/06/2023;41;6
4218;99001;19/06/2023;3;1
5502;10023;19/06/2023;184;12
5502;10047;19/06/2023;127;12
5502;10112;19/06/2023;87;6
5502;10310;19/06/2023;56;20
5502;11020;19/06/2023;164;1
5502;11085;19/06/2023;79;10
5502;11142;19/06/2023;74;6
5502;12004;19/06/2023;79;8
5502;12066;19/06/2023;34;6
5502;12190;19/06/2023;49;12
5502;20015;19/06/2023;120;6
5502;20041;19/06/2023;111;24
5502;20088;19/06/2023;68;4
5502;20131;19/06/2023;37;8
5502;30012;19/06/2023;56;10
5502;30077;19/06/2023;73;12
5502;30154;19/06/2023;47;10
5502;30209;19/06/2023;74;6
5511;10023;19/06/2023;80;12
5511;10047;19/06/2023;45;12
5511;10112;19/06/2023;12;6
5511;10310;19/06/2023;18;20
5511;11020;19/06/2023;79;1
5511;11085;19/06/2023;56;10
5511;11142;19/06/2023;19;6
5511;12004;19/06/2023;34;8
5511;12066;19/06/2023;11;6
5511;12190;19/06/2023;22;12
5511;20015;19/06/2023;55;6
5511;20041;19/06/2023;85;24
5511;20088;19/06/2023;27;4
5511;20131;19/06/2023;13;8
5511;30012;19/06/2023;10;10
5511;30077;19/06/2023;39;12
5511;30154;19/06/2023;11;10
5511;30209;19/06/2023;19;6
9001;10023;19/06/2023;15;12
9001;10047;19/06/2023;7;12
9001;10112;19/06/2023;4;6
9001;10310;19/06/2023;2;20
9001;11020;19/06/2023;13;1
9001;11085;19/06/2023;3;10
9001;11142;19/06/2023;5;6
9001;12004;19/06/2023;3;8
9001;12066;19/06/2023;3;6
9001;12190;19/06/2023;2;12
9001;20015;19/06/2023;4;6
9001;20041;19/06/2023;5;24
9001;20088;19/06/2023;5;4
9001;20131;19/06/2023;2;8
9001;30012;19/06/2023;1;10
9001;30077;19/06/2023;3;12
9001;30154;19/06/2023;2;10
9001;30209;19/06/2023;3;6
1199;10023;19/06/2023;5;12
1199;10047;19/06/2023;1;12
1199;10112;19/06/2023;1;6
1199;10310;19/06/2023;0;20
1199;11020;19/06/2023;3;1
1199;11085;19/06/2023;2;10
1199;11142;19/06/2023;2;6
1199;12004;19/06/2023;2;8
1199;12066;19/06/2023;0;6
1199;12190;19/06/2023;0;12
1199;20015;19/06/2023;2;6
1199;20041;19/06/2023;2;24
1199;20088;19/06/2023;1;4
1199;20131;19/06/2023;1;8
1199;30012;19/06/2023;1;10
1199;30077;19/06/2023;1;12
1199;30154;19/06/2023;1;10
1199;30209;19/06/2023;0;6
1199;99001;19/06/2023;0;1
1101;10023;17/07/2023;280;12
1101;10047;17/07/2023;205;12
1101;10112;17/07/2023;83;6
1101;10310;17/07/2023;35;20
1101;11020;17/07/2023;138;1
1101;11085;17/07/2023;118;10
1101;11142;17/07/2023;33;6
1101;12004;17/07/2023;62;8
1101;12066;17/07/2023;87;6
1101;12190;17/07/2023;50;12
1101;20015;17/07/2023;319;6
1101;20041;17/07/2023;207;24
1101;20088;17/07/2023;116;4
1101;20131;17/07/2023;67;8
1101;30012;17/07/2023;41;10
1101;30077;17/07/2023;46;12
1101;30154;17/07/2023;75;10
1101;30209;17/07/2023;70;6
1102;10023;17/07/2023;166;12
1102;10047;17/07/2023;150;12
1102;10112;17/07/2023;44;6
1102;10310;17/07/2023;43;20
1102;11020;17/07/2023;110;1
1102;11085;17/07/2023;82;10
1102;11142;17/07/2023;50;6
1102;12004;17/07/2023;105;8
1102;12066;17/07/2023;63;6
1102;12190;17/07/2023;68;12
1102;20015;17/07/2023;184;6
1102;20041;17/07/2023;209;24
1102;20088;17/07/2023;126;4
1102;20131;17/07/2023;81;8
1102;30012;17/07/2023;29;10
1102;30077;17/07/2023;55;12
1102;30154;17/07/2023;67;10
1102;30209;17/07/2023;68;6
1102;99001;17/07/2023;3;1
1103;10023;17/07/2023;59;12
1103;10047;17/07/2023;61;12
1103;10112;17/07/2023;27;6
1103;10310;17/07/2023;20;20
1103;11020;17/07/2023;108;1
1103;11085;17/07/2023;60;10
1103;11142;17/07/2023;24;6
1103;12004;17/07/2023;49;8
1103;12066;17/07/2023;29;6
1103;12190;17/07/2023;14;12
1103;20015;17/07/2023;66;6
1103;20041;17/07/2023;69;24
1103;20088;17/07/2023;44;4
1103;20131;17/07/2023;34;8
1103;30012;17/07/2023;20;10
1103;30077;17/07/2023;17;12
1103;30154;17/07/2023;26;10
1103;30209;17/07/2023;35;6
1103;99001;17/07/2023;1;1
1108;10023;17/07/2023;340;12
1108;10047;17/07/2023;125;12
1108;10112;17/07/2023;232;6
1108;10310;17/07/2023;81;20
1108;11020;17/07/2023;396;1
1108;11085;17/07/2023;141;10
1108;11142;17/07/2023;142;6
1108;12004;17/07/2023;261;8
1108;12066;17/07/2023;131;6
1108;12190;17/07/2023;132;12
1108;20015;17/07/2023;472;6
1108;20041;17/07/2023;504;24
1108;20088;17/07/2023;242;4
1108;20131;17/07/2023;172;8
1108;30012;17/07/2023;46;10
1108;30077;17/07/2023;138;12
1108;30154;17/07/2023;112;10
1108;30209;17/07/2023;75;6
3104;10023;17/07/2023;167;12
3104;10047;17/07/2023;114;12
3104;10112;17/07/2023;73;6
3104;10310;17/07/2023;54;20
3104;11020;17/07/2023;135;1
3104;11085;17/07/2023;113;10
3104;11142;17/07/2023;64;6
3104;12004;17/07/2023;82;8
3104;12066;17/07/2023;52;6
3104;12190;17/07/2023;60;12
3104;20015;17/07/2023;245;6
3104;20041;17/07/2023;125;24
3104;20088;17/07/2023;130;4
3104;20131;17/07/2023;97;8
3104;30012;17/07/2023;29;10
3104;30077;17/07/2023;61;12
3104;30154;17/07/2023;43;10
3104;30209;17/07/2023;84;6
3117;10023;17/07/2023;71;12
3117;10047;17/07/2023;67;12
3117;10112;17/07/2023;25;6
3117;10310;17/07/2023;14;20
3117;11020;17/07/2023;97;1
3117;11085;17/07/2023;54;10
3117;11142;17/07/2023;20;6
3117;12004;17/07/2023;57;8
3117;12066;17/07/2023;37;6
3117;12190;17/07/2023;17;12
3117;20015;17/07/2023;101;6
3117;20041;17/07/2023;73;24
3117;20088;17/07/2023;40;4
3117;20131;17/07/2023;18;8
3117;30012;17/07/2023;26;10
3117;30077;17/07/2023;26;12
3117;30154;17/07/2023;10;10
3117;30209;17/07/2023;32;6
3122;10023;17/07/2023;81;12
3122;10047;17/07/2023;33;12
3122;10112;17/07/2023;29;6
3122;10310;17/07/2023;8;20
3122;11020;17/07/2023;48;1
3122;11085;17/07/2023;25;10
3122;11142;17/07/2023;23;6
3122;12004;17/07/2023;36;8
3122;12066;17/07/2023;13;6
3122;12190;17/07/2023;8;12
3122;20015;17/07/2023;59;6
3122;20041;17/07/2023;69;24
3122;20088;17/07/2023;42;4
3122;20131;17/07/2023;13;8
3122;30012;17/07/2023;11;10
3122;30077;17/07/2023;15;12
3122;30154;17/07/2023;12;10
3122;30209;17/07/2023;13;6
4201;10023;17/07/2023;338;12
4201;10047;17/07/2023;108;12
4201;10112;17/07/2023;77;6
4201;10310;17/07/2023;63;20
4201;11020;17/07/2023;314;1
4201;11085;17/07/2023;135;10
4201;11142;17/07/2023;115;6
4201;12004;17/07/2023;222;8
4201;12066;17/07/2023;115;6
4201;12190;17/07/2023;82;12
4201;20015;17/07/2023;408;6
4201;20041;17/07/2023;184;24
4201;20088;17/07/2023;214;4
4201;20131;17/07/2023;128;8
4201;30012;17/07/2023;70;10
4201;30077;17/07/2023;105;12
4201;30154;17/07/2023;78;10
4201;30209;17/07/2023;125;6
4205;10023;17/07/2023;252;12
4205;10047;17/07/2023;121;12
4205;10112;17/07/2023;95;6
4205;10310;17/07/2023;0;20
4205;11020;17/07/2023;139;1
4205;11085;17/07/2023;80;10
4205;11142;17/07/2023;91;6
4205;12004;17/07/2023;102;8
4205;12066;17/07/2023;76;6
4205;12190;17/07/2023;28;12
4205;20015;17/07/2023;182;6
4205;20041;17/07/2023;299;24
4205;20088;17/07/2023;88;4
4205;20131;17/07/2023;46;8
4205;30012;17/07/2023;22;10
4205;30077;17/07/2023;40;12
4205;30154;17/07/2023;43;10
4205;30209;17/07/2023;59;6
4205;99001;17/07/2023;3;1
4218;10023;17/07/2023;187;12
4218;10047;17/07/2023;81;12
4218;10112;17/07/2023;54;6
4218;10310;17/07/2023;44;20
4218;11020;17/07/2023;121;1
4218;11085;17/07/2023;139;10
4218;11142;17/07/2023;145;6
4218;12004;17/07/2023;123;8
4218;12066;17/07/2023;98;6
4218;12190;17/07/2023;43;12
4218;20015;17/07/2023;260;6
4218;20041;17/07/2023;310;24
4218;20088;17/07/2023;64;4
4218;20131;17/07/2023;105;8
4218;30012;17/07/2023;54;10
4218;30077;17/07/2023;41;12
4218;30154;17/07/2023;47;10
4218;30209;17/07/2023;49;6
4218;99001;17/07/2023;3;1
5502;10023;17/07/2023;173;12
5502;10047;17/07/2023;180;12
5502;10112;17/07/2023;72;6
5502;10310;17/07/2023;50;20
5502;11020;17/07/2023;153;1
5502;11085;17/07/2023;57;10
5502;11142;17/07/2023;63;6
5502;12004;17/07/2023;40;8
5502;12066;17/07/2023;47;6
5502;12190;17/07/2023;33;12
5502;20015;17/07/2023;145;6
5502;20041;17/07/2023;188;24
5502;20088;17/07/2023;56;4
5502;20131;17/07/2023;52;8
5502;30012;17/07/2023;32;10
5502;30077;17/07/2023;59;12
5502;30154;17/07/2023;58;10
5502;30209;17/07/2023;54;6
5511;10023;17/07/2023;49;12
5511;10047;17/07/2023;36;12
5511;10112;17/07/2023;25;6
5511;10310;17/07/2023;29;20
5511;11020;17/07/2023;76;1
5511;11085;17/07/2023;48;10
5511;11142;17/07/2023;41;6
5511;12004;17/07/2023;27;8
5511;12066;17/07/2023;17;6
5511;12190;17/07/2023;18;12
5511;20015;17/07/2023;87;6
5511;20041;17/07/2023;86;24
5511;20088;17/07/2023;27;4
5511;20131;17/07/2023;34;8
5511;30012;17/07/2023;20;10
5511;30077;17/07/2023;19;12
5511;30154;17/07/2023;16;10
5511;30209;17/07/2023;14;6
5511;99001;17/07/2023;1;1
9001;10023;17/07/2023;5;12
9001;10047;17/07/2023;8;12
9001;10112;17/07/2023;4;6
9001;10310;17/07/2023;3;20
9001;11020;17/07/2023;5;1
9001;11085;17/07/2023;5;10
9001;11142;17/07/2023;4;6
9001;12004;17/07/2023;3;8
9001;12066;17/07/2023;2;6
9001;12190;17/07/2023;1;12
9001;20015;17/07/2023;6;6
9001;20041;17/07/2023;5;24
9001;20088;17/07/2023;3;4
9001;20131;17/07/2023;3;8
9001;30012;17/07/2023;1;10
9001;30077;17/07/2023;2;12
9001;30154;17/07/2023;1;10
9001;30209;17/07/2023;4;6
1101;10023;14/08/2023;131;12
1101;10047;14/08/2023;176;12
1101;10112;14/08/2023;37;6
1101;10310;14/08/2023;77;20
1101;11020;14/08/2023;170;1
1101;11085;14/08/2023;61;10
1101;11142;14/08/2023;68;6
1101;12004;14/08/2023;95;8
1101;12066;14/08/2023;40;6
1101;12190;14/08/2023;43;12
1101;20015;14/08/2023;89;6
1101;20041;14/08/2023;142;24
1101;20088;14/08/2023;90;4
1101;20131;14/08/2023;72;8
1101;30012;14/08/2023;21;10
1101;30077;14/08/2023;94;12
1101;30154;14/08/2023;33;10
1101;30209;14/08/2023;34;6
1102;10023;14/08/2023;131;12
1102;10047;14/08/2023;96;12
1102;10112;14/08/2023;67;6
1102;10310;14/08/2023;33;20
1102;11020;14/08/2023;112;1
1102;11085;14/08/2023;53;10
1102;11142;14/08/2023;95;6
1102;12004;14/08/2023;43;8
1102;12066;14/08/2023;65;6
1102;12190;14/08/2023;55;12
1102;20015;14/08/2023;65;6
1102;20041;14/08/2023;76;24
1102;20088;14/08/2023;99;4
1102;20131;14/08/2023;24;8
1102;30012;14/08/2023;40;10
1102;30077;14/08/2023;63;12
1102;30154;14/08/2023;22;10
1102;30209;14/08/2023;26;6
1103;10023;14/08/2023;115;12
1103;10047;14/08/2023;70;12
1103;10112;14/08/2023;26;6
1103;10310;14/08/2023;36;20
1103;11020;14/08/2023;50;1
1103;11085;14/08/2023;40;10
1103;11142;14/08/2023;39;6
1103;12004;14/08/2023;46;8
1103;12066;14/08/2023;36;6
1103;12190;14/08/2023;20;12
1103;20015;14/08/2023;29;6
1103;20041;14/08/2023;90;24
1103;20088;14/08/2023;51;4
1103;20131;14/08/2023;32;8
1103;30012;14/08/2023;18;10
1103;30077;14/08/2023;19;12
1103;30154;14/08/2023;30;10
1103;30209;14/08/2023;18;6
1103;99001;14/08/2023;2;1
1108;10023;14/08/2023;424;12
1108;10047;14/08/2023;289;12
1108;10112;14/08/2023;192;6
1108;10310;14/08/2023;55;20
1108;11020;14/08/2023;389;1
1108;11085;14/08/2023;220;10
1108;11142;14/08/2023;135;6
1108;12004;14/08/2023;112;8
1108;12066;14/08/2023;67;6
1108;12190;14/08/2023;54;12
1108;20015;14/08/2023;210;6
1108;20041;14/08/2023;256;24
1108;20088;14/08/2023;207;4
1108;20131;14/08/2023;102;8
1108;30012;14/08/2023;78;10
1108;30077;14/08/2023;152;12
1108;30154;14/08/2023;131;10
1108;30209;14/08/2023;105;6
1108;99001;14/08/2023;3;1
3104;10023;14/08/2023;193;12
3104;10047;14/08/2023;83;12
3104;10112;14/08/2023;96;6
3104;10310;14/08/2023;57;20
3104;11020;14/08/2023;183;1
3104;11085;14/08/2023;73;10
3104;11142;14/08/2023;83;6
3104;12004;14/08/2023;78;8
3104;12066;14/08/2023;53;6
3104;12190;14/08/2023;44;12
3104;20015;14/08/2023;66;6
3104;20041;14/08/2023;93;24
3104;20088;14/08/2023;54;4
3104;20131;14/08/2023;42;8
3104;30012;14/08/2023;37;10
3104;30077;14/08/2023;51;12
3104;30154;14/08/2023;26;10
3104;30209;14/08/2023;66;6
3104;99001;14/08/2023;1;1
3117;10023;14/08/2023;73;12
3117;10047;14/08/2023;41;12
3117;10112;14/08/2023;31;6
3117;10310;14/08/2023;19;20
3117;11020;14/08/2023;72;1
3117;11085;14/08/2023;54;10
3117;11142;14/08/2023;42;6
3117;12004;14/08/2023;36;8
3117;12066;14/08/2023;12;6
3117;12190;14/08/2023;21;12
3117;20015;14/08/2023;43;6
3117;20041;14/08/2023;35;24
3117;20088;14/08/2023;28;4
3117;20131;14/08/2023;30;8
3117;30012;14/08/2023;12;10
3117;30077;14/08/2023;14;12
3117;30154;14/08/2023;25;10
3117;30209;14/08/2023;26;6
3122;10023;14/08/2023;68;12
3122;10047;14/08/2023;25;12
3122;10112;14/08/2023;23;6
3122;10310;14/08/2023;12;20
3122;11020;14/08/2023;25;1
3122;11085;14/08/2023;25;10
3122;11142;14/08/2023;17;6
3122;12004;14/08/2023;28;8
3122;12066;14/08/2023;20;6
3122;12190;14/08/2023;10;12
3122;20015;14/08/2023;39;6
3122;20041;14/08/2023;31;24
3122;20088;14/08/2023;22;4
3122;20131;14/08/2023;15;8
3122;30012;14/08/2023;9;10
3122;30077;14/08/2023;22;12
3122;30154;14/08/2023;21;10
3122;30209;14/08/2023;20;6
4201;10023;14/08/2023;305;12
4201;10047;14/08/2023;144;12
4201;10112;14/08/2023;125;6
4201;10310;14/08/2023;54;20
4201;11020;14/08/2023;0;1
4201;11085;14/08/2023;166;10
4201;11142;14/08/2023;113;6
4201;12004;14/08/2023;124;8
4201;12066;14/08/2023;105;6
4201;12190;14/08/2023;72;12
4201;20015;14/08/2023;280;6
4201;20041;14/08/2023;335;24
4201;20088;14/08/2023;155;4
4201;20131;14/08/2023;122;8
4201;30012;14/08/2023;32;10
4201;30077;14/08/2023;70;12
4201;30154;14/08/2023;219;10
4201;30209;14/08/2023;62;6
4201;99001;14/08/2023;7;1
4205;10023;14/08/2023;154;12
4205;10047;14/08/2023;109;12
4205;10112;14/08/2023;109;6
4205;10310;14/08/2023;25;20
4205;11020;14/08/2023;145;1
4205;11085;14/08/2023;94;10
4205;11142;14/08/2023;47;6
4205;12004;14/08/2023;73;8
4205;12066;14/08/2023;60;6
4205;12190;14/08/2023;40;12
4205;20015;14/08/2023;67;6
4205;20041;14/08/2023;204;24
4205;20088;14/08/2023;43;4
4205;20131;14/08/2023;40;8
4205;30012;14/08/2023;46;10
4205;30077;14/08/2023;55;12
4205;30154;14/08/2023;0;10
4205;30209;14/08/2023;40;6
4218;10023;14/08/2023;175;12
4218;10047;14/08/2023;154;12
4218;10112;14/08/2023;47;6
4218;10310;14/08/2023;45;20
4218;11020;14/08/2023;96;1
4218;11085;14/08/2023;85;10
4218;11142;14/08/2023;85;6
4218;12004;14/08/2023;50;8
4218;12066;14/08/2023;81;6
4218;12190;14/08/2023;68;12
4218;20015;14/08/2023;117;6
4218;20041;14/08/2023;182;24
4218;20088;14/08/2023;107;4
4218;20131;14/08/2023;32;8
4218;30012;14/08/2023;49;10
4218;30077;14/08/2023;63;12
4218;30154;14/08/2023;100;10
4218;30209;14/08/2023;45;6
4218;99001;14/08/2023;2;1
5502;10023;14/08/2023;174;12
5502;10047;14/08/2023;146;12
5502;10112;14/08/2023;71;6
5502;10310;14/08/2023;61;20
5502;11020;14/08/2023;151;1
5502;11085;14/08/2023;109;10
5502;11142;14/08/2023;42;6
5502;12004;14/08/2023;100;8
5502;12066;14/08/2023;77;6
5502;12190;14/08/2023;22;12
5502;20015;14/08/2023;63;6
5502;20041;14/08/2023;84;24
5502;20088;14/08/2023;39;4
5502;20131;14/08/2023;55;8
5502;30012;14/08/2023;26;10
5502;30077;14/08/2023;87;12
5502;30154;14/08/2023;96;10
5502;30209;14/08/2023;63;6
5502;99001;14/08/2023;3;1
5511;10023;14/08/2023;32;12
5511;10047;14/08/2023;61;12
5511;10112;14/08/2023;27;6
5511;10310;14/08/2023;15;20
5511;11020;14/08/2023;31;1
5511;11085;14/08/2023;29;10
5511;11142;14/08/2023;11;6
5511;12004;14/08/2023;29;8
5511;12066;14/08/2023;19;6
5511;12190;14/08/2023;14;12
5511;20015;14/08/2023;55;6
5511;20041;14/08/2023;41;24
5511;20088;14/08/2023;19;4
5511;20131;14/08/2023;15;8
5511;30012;14/08/2023;10;10
5511;30077;14/08/2023;15;12
5511;30154;14/08/2023;19;10
5511;30209;14/08/2023;19;6
9001;10023;14/08/2023;13;12
9001;10047;14/08/2023;6;12
9001;10112;14/08/2023;2;6
9001;10310;14/08/2023;2;20
9001;11020;14/08/2023;8;1
9001;11085;14/08/2023;2;10
9001;11142;14/08/2023;3;6
9001;12004;14/08/2023;2;8
9001;12066;14/08/2023;1;6
9001;12190;14/08/2023;2;12
9001;20015;14/08/2023;5;6
9001;20041;14/08/2023;5;24
9001;20088;14/08/2023;4;4
9001;20131;14/08/2023;3;8
9001;30012;14/08/2023;2;10
9001;30077;14/08/2023;1;12
9001;30154;14/08/2023;1;10
9001;30209;14/08/2023;3;6
9001;99001;14/08/2023;0;1
1101;10023;11/09/2023;175;12
1101;10047;11/09/2023;156;12
1101;10112;11/09/2023;37;6
1101;10310;11/09/2023;30;20
1101;11020;11/09/2023;131;1
1101;11085;11/09/2023;113;10
1101;11142;11/09/2023;44;6
1101;12004;11/09/2023;48;8
1101;12066;11/09/2023;77;6
1101;12190;11/09/2023;60;12
1101;20015;11/09/2023;149;6
1101;20041;11/09/2023;84;24
1101;20088;11/09/2023;59;4
1101;20131;11/09/2023;0;8
1101;30012;11/09/2023;32;10
1101;30077;11/09/2023;50;12
1101;30154;11/09/2023;47;10
1101;30209;11/09/2023;26;6
1101;99001;11/09/2023;2;1
1102;10023;11/09/2023;102;12
1102;10047;11/09/2023;109;12
1102;10112;11/09/2023;74;6
1102;10310;11/09/2023;61;20
1102;11020;11/09/2023;93;1
1102;11085;11/09/2023;46;10
1102;11142;11/09/2023;41;6
1102;12004;11/09/2023;34;8
1102;12066;11/09/2023;33;6
1102;12190;11/09/2023;31;12
1102;20015;11/09/2023;98;6
1102;20041;11/09/2023;72;24
1102;20088;11/09/2023;41;4
1102;20131;11/09/2023;45;8
1102;30012;11/09/2023;32;10
1102;30077;11/09/2023;62;12
1102;30154;11/09/2023;40;10
1102;30209;11/09/2023;74;6
1103;10023;11/09/2023;136;12
1103;10047;11/09/2023;45;12
1103;10112;11/09/2023;20;6
1103;10310;11/09/2023;24;20
1103;11020;11/09/2023;85;1
1103;11085;11/09/2023;22;10
1103;11142;11/09/2023;33;6
1103;12004;11/09/2023;30;8
1103;12066;11/09/2023;39;6
1103;12190;11/09/2023;18;12
1103;20015;11/09/2023;51;6
1103;20041;11/09/2023;71;24
1103;20088;11/09/2023;39;4
1103;20131;11/09/2023;16;8
1103;30012;11/09/2023;19;10
1103;30077;11/09/2023;37;12
1103;30154;11/09/2023;22;10
1103;30209;11/09/2023;18;6
1103;99001;11/09/2023;1;1
1108;10023;11/09/2023;282;12
1108;10047;11/09/2023;354;12
1108;10112;11/09/2023;127;6
1108;10310;11/09/2023;70;20
1108;11020;11/09/2023;268;1
1108;11085;11/09/2023;214;10
1108;11142;11/09/2023;133;6
1108;12004;11/09/2023;154;8
1108;12066;11/09/2023;125;6
1108;12190;11/09/2023;86;12
1108;20015;11/09/2023;192;6
1108;20041;11/09/2023;360;24
1108;20088;11/09/2023;72;4
1108;20131;11/09/2023;58;8
1108;30012;11/09/2023;113;10
1108;30077;11/09/2023;60;12
1108;30154;11/09/2023;133;10
1108;30209;11/09/2023;75;6
1108;99001;11/09/2023;6;1
3104;10023;11/09/2023;238;12
3104;10047;11/09/2023;98;12
3104;10112;11/09/2023;32;6
3104;10310;11/09/2023;46;20
3104;11020;11/09/2023;159;1
3104;11085;11/09/2023;93;10
3104;11142;11/09/2023;60;6
3104;12004;11/09/2023;83;8
3104;12066;11/09/2023;33;6
3104;12190;11/09/2023;29;12
3104;20015;11/09/2023;143;6
3104;20041;11/09/2023;190;24
3104;20088;11/09/2023;69;4
3104;20131;11/09/2023;48;8
3104;30012;11/09/2023;23;10
3104;30077;11/09/2023;41;12
3104;30154;11/09/2023;21;10
3104;30209;11/09/2023;31;6
3104;99001;11/09/2023;1;1
3117;10023;11/09/2023;84;12
3117;10047;11/09/2023;70;12
3117;10112;11/09/2023;18;6
3117;10310;11/09/2023;29;20
3117;11020;11/09/2023;69;1
3117;11085;11/09/2023;42;10
3117;11142;11/09/2023;31;6
3117;12004;11/09/2023;37;8
3117;12066;11/09/2023;19;6
3117;12190;11/09/2023;18;12
3117;20015;11/09/2023;26;6
3117;20041;11/09/2023;61;24
3117;20088;11/09/2023;43;4
3117;20131;11/09/2023;15;8
3117;30012;11/09/2023;8;10
3117;30077;11/09/2023;11;12
3117;30154;11/09/2023;11;10
3117;30209;11/09/2023;23;6
3122;10023;11/09/2023;52;12
3122;10047;11/09/2023;30;12
3122;10112;11/09/2023;30;6
3122;10310;11/09/2023;9;20
3122;11020;11/09/2023;46;1
3122;11085;11/09/2023;22;10
3122;11142;11/09/2023;24;6
3122;12004;11/09/2023;34;8
3122;12066;11/09/2023;16;6
3122;12190;11/09/2023;11;12
3122;20015;11/09/2023;23;6
3122;20041;11/09/2023;31;24
3122;20088;11/09/2023;21;4
3122;20131;11/09/2023;13;8
3122;30012;11/09/2023;5;10
3122;30077;11/09/2023;13;12
3122;30154;11/09/2023;19;10
3122;30209;11/09/2023;15;6
3122;99001;11/09/2023;1;1
4201;10023;11/09/2023;309;12
4201;10047;11/09/2023;139;12
4201;10112;11/09/2023;126;6
4201;10310;11/09/2023;64;20
4201;11020;11/09/2023;286;1
4201;11085;11/09/2023;185;10
4201;11142;11/09/2023;141;6
4201;12004;11/09/2023;126;8
4201;12066;11/09/2023;103;6
4201;12190;11/09/2023;64;12
4201;20015;11/09/2023;176;6
4201;20041;11/09/2023;142;24
4201;20088;11/09/2023;123;4
4201;20131;11/09/2023;85;8
4201;30012;11/09/2023;90;10
4201;30077;11/09/2023;110;12
4201;30154;11/09/2023;68;10
4201;30209;11/09/2023;102;6
4205;10023;11/09/2023;151;12
4205;10047;11/09/2023;132;12
4205;10112;11/09/2023;39;6
4205;10310;11/09/2023;85;20
4205;11020;11/09/2023;220;1
4205;11085;11/09/2023;85;10
4205;11142;11/09/2023;59;6
4205;12004;11/09/2023;109;8
4205;12066;11/09/2023;80;6
4205;12190;11/09/2023;29;12
4205;20015;11/09/2023;80;6
4205;20041;11/09/2023;127;24
4205;20088;11/09/2023;55;4
4205;20131;11/09/2023;70;8
4205;30012;11/09/2023;32;10
4205;30077;11/09/2023;26;12
4205;30154;11/09/2023;29;10
4205;30209;11/09/2023;51;6
4218;10023;11/09/2023;222;12
4218;10047;11/09/2023;165;12
4218;10112;11/09/2023;82;6
4218;10310;11/09/2023;0;20
4218;11020;11/09/2023;160;1
4218;11085;11/09/2023;134;10
4218;11142;11/09/2023;85;6
4218;12004;11/09/2023;73;8
4218;12066;11/09/2023;62;6
4218;12190;11/09/2023;48;12
4218;20015;11/09/2023;75;6
4218;20041;11/09/2023;187;24
4218;20088;11/09/2023;113;4
4218;20131;11/09/2023;27;8
4218;30012;11/09/2023;22;10
4218;30077;11/09/2023;78;12
4218;30154;11/09/2023;38;10
4218;30209;11/09/2023;43;6
4218;99001;11/09/2023;3;1
5502;10023;11/09/2023;86;12
5502;10047;11/09/2023;67;12
5502;10112;11/09/2023;58;6
5502;10310;11/09/2023;26;20
5502;11020;11/09/2023;146;1
5502;11085;11/09/2023;105;10
5502;11142;11/09/2023;78;6
5502;12004;11/09/2023;42;8
5502;12066;11/09/2023;79;6
5502;12190;11/09/2023;51;12
5502;20015;11/09/2023;62;6
5502;20041;11/09/2023;61;24
5502;20088;11/09/2023;62;4
5502;20131;11/09/2023;25;8
5502;30012;11/09/2023;30;10
5502;30077;11/09/2023;30;12
5502;30154;11/09/2023;59;10
5502;30209;11/09/2023;60;6
5502;99001;11/09/2023;2;1
5511;10023;11/09/2023;38;12
5511;10047;11/09/2023;30;12
5511;10112;11/09/2023;18;6
5511;10310;11/09/2023;9;20
5511;11020;11/09/2023;69;1
5511;11085;11/09/2023;22;10
5511;11142;11/09/2023;28;6
5511;12004;11/09/2023;29;8
5511;12066;11/09/2023;33;6
5511;12190;11/09/2023;17;12
5511;20015;11/09/2023;46;6
5511;20041;11/09/2023;54;24
5511;20088;11/09/2023;14;4
5511;20131;11/09/2023;9;8
5511;30012;11/09/2023;12;10
5511;30077;11/09/2023;12;12
5511;30154;11/09/2023;17;10
5511;30209;11/09/2023;14;6
9001;10023;11/09/2023;11;12
9001;10047;11/09/2023;5;12
9001;10112;11/09/2023;4;6
9001;10310;11/09/2023;1;20
9001;11020;11/09/2023;9;1
9001;11085;11/09/2023;6;10
9001;11142;11/09/2023;2;6
9001;12004;11/09/2023;3;8
9001;12066;11/09/2023;2;6
9001;12190;11/09/2023;3;12
9001;20015;11/09/2023;7;6
9001;20041;11/09/2023;4;24
9001;20088;11/09/2023;3;4
9001;20131;11/09/2023;1;8
9001;30012;11/09/2023;1;10
9001;30077;11/09/2023;2;12
9001;30154;11/09/2023;3;10
9001;30209;11/09/2023;2;6
