vare_nr;butik_id;gyldig_fra;normalpris;salgspris
10023;1101;03/01/2022;9,50;9,50
10047;1101;03/01/2022;9,00;6,75
10112;1101;03/01/2022;16,95;13,56
10310;1101;03/01/2022;21,50;21,50
11020;1101;03/01/2022;14,95;14,95
11085;1101;03/01/2022;8,95;8,95
11142;1101;03/01/2022;19,95;14,96
12004;1101;03/01/2022;32,00;32,00
12066;1101;03/01/2022;48,50;48,50
12190;1101;03/01/2022;18,00;18,00
20015;1101;03/01/2022;17,95;17,95
20041;1101;03/01/2022;6,50;6,50
20088;1101;03/01/2022;44,00;44,00
20131;1101;03/01/2022;14,50;14,50
30012;1101;03/01/2022;12,95;12,95
30077;1101;03/01/2022;42,00;42,00
30154;1101;03/01/2022;13,50;13,50
30209;1101;03/01/2022;29,95;20,07
10023;1102;03/01/2022;9,50;9,50
10047;1102;03/01/2022;9,00;6,75
10112;1102;03/01/2022;16,95;13,56
10310;1102;03/01/2022;21,50;21,50
11020;1102;03/01/2022;14,95;14,95
11085;1102;03/01/2022;8,95;8,95
11142;1102;03/01/2022;19,95;14,96
12004;1102;03/01/2022;32,00;32,00
12066;1102;03/01/2022;48,50;48,50
12190;1102;03/01/2022;18,00;18,00
20015;1102;03/01/2022;17,95;17,95
20041;1102;03/01/2022;6,50;6,50
20088;1102;03/01/2022;44,00;44,00
20131;1102;03/01/2022;14,50;14,50
30012;1102;03/01/2022;12,95;12,95
30077;1102;03/01/2022;42,00;42,00
30154;1102;03/01/2022;13,50;13,50
30209;1102;03/01/2022;29,95;20,07
99001;1102;03/01/2022;0,00;0,00
10023;1103;03/01/2022;9,50;9,50
10047;1103;03/01/2022;9,00;6,75
10112;1103;03/01/2022;16,95;13,56
10310;1103;03/01/2022;21,50;21,50
11020;1103;03/01/2022;14,95;14,95
11085;1103;03/01/2022;8,95;8,95
11142;1103;03/01/2022;19,95;14,96
12004;1103;03/01/2022;32,00;32,00
12066;1103;03/01/2022;48,50;48,50
12190;1103;03/01/2022;18,00;18,00
20015;1103;03/01/2022;17,95;17,95
20041;1103;03/01/2022;6,50;6,50
20088;1103;03/01/2022;44,00;44,00
20131;1103;03/01/2022;14,50;14,50
30012;1103;03/01/2022;12,95;12,95
30077;1103;03/01/2022;42,00;42,00
30154;1103;03/01/2022;13,50;13,50
30209;1103;03/01/2022;29,95;20,07
10023;1108;03/01/2022;9,50;9,50
10047;1108;03/01/2022;9,00;6,75
10112;1108;03/01/2022;16,95;13,56
10310;1108;03/01/2022;21,50;21,50
11020;1108;03/01/2022;14,95;14,95
11085;1108;03/01/2022;8,95;8,95
11142;1108;03/01/2022;19,95;14,96
12004;1108;03/01/2022;32,00;32,00
12066;1108;03/01/2022;48,50;48,50
12190;1108;03/01/2022;18,00;18,00
20015;1108;03/01/2022;17,95;17,95
20041;1108;03/01/2022;6,50;6,50
20088;1108;03/01/2022;44,00;44,00
20131;1108;03/01/2022;14,50;14,50
30012;1108;03/01/2022;12,95;12,95
30077;1108;03/01/2022;42,00;42,00
30154;1108;03/01/2022;13,50;13,50
30209;1108;03/01/2022;29,95;20,07
10023;3104;03/01/2022;9,50;9,50
10047;3104;03/01/2022;9,00;6,75
10112;3104;03/01/2022;16,95;13,56
10310;3104;03/01/2022;21,50;21,50
11020;3104;03/01/2022;14,95;14,95
11085;3104;03/01/2022;8,95;8,95
11142;3104;03/01/2022;19,95;19,95
12004;3104;03/01/2022;32,00;32,00
12066;3104;03/01/2022;48,50;48,50
12190;3104;03/01/2022;18,00;18,00
20015;3104;03/01/2022;17,95;17,95
20041;3104;03/01/2022;6,50;6,50
20088;3104;03/01/2022;44,00;44,00
20131;3104;03/01/2022;14,50;14,50
30012;3104;03/01/2022;12,95;12,95
30077;3104;03/01/2022;42,00;42,00
30154;3104;03/01/2022;13,50;13,50
30209;3104;03/01/2022;29,95;20,07
10023;3117;03/01/2022;9,50;9,50
10047;3117;03/01/2022;9,00;6,75
10112;3117;03/01/2022;16,95;13,56
10310;3117;03/01/2022;21,50;21,50
11020;3117;03/01/2022;14,95;14,95
11085;3117;03/01/2022;8,95;8,95
11142;3117;03/01/2022;19,95;19,95
12004;3117;03/01/2022;32,00;32,00
12066;3117;03/01/2022;48,50;48,50
12190;3117;03/01/2022;18,00;18,00
20015;3117;03/01/2022;17,95;17,95
20041;3117;03/01/2022;6,50;6,50
20088;3117;03/01/2022;44,00;44,00
20131;3117;03/01/2022;14,50;14,50
30012;3117;03/01/2022;12,95;12,95
30077;3117;03/01/2022;42,00;42,00
30154;3117;03/01/2022;13,50;13,50
30209;3117;03/01/2022;29,95;20,07
10023;3122;03/01/2022;9,50;9,50
10047;3122;03/01/2022;9,00;6,75
10112;3122;03/01/2022;16,95;13,56
10310;3122;03/01/2022;21,50;21,50
11020;3122;03/01/2022;14,95;14,95
11085;3122;03/01/2022;8,95;8,95
11142;3122;03/01/2022;19,95;19,95
12004;3122;03/01/2022;32,00;32,00
12066;3122;03/01/2022;48,50;48,50
12190;3122;03/01/2022;18,00;18,00
20015;3122;03/01/2022;17,95;17,95
20041;3122;03/01/2022;6,50;6,50
20088;3122;03/01/2022;44,00;44,00
20131;3122;03/01/2022;14,50;14,50
30012;3122;03/01/2022;12,95;12,95
30077;3122;03/01/2022;42,00;42,00
30154;3122;03/01/2022;13,50;13,50
30209;3122;03/01/2022;29,95;20,07
10023;4201;03/01/2022;9,50;9,50
10047;4201;03/01/2022;9,00;6,75
10112;4201;03/01/2022;16,95;13,56
10310;4201;03/01/2022;21,50;21,50
11020;4201;03/01/2022;14,95;14,95
11085;4201;03/01/2022;8,95;8,95
11142;4201;03/01/2022;19,95;14,96
12004;4201;03/01/2022;32,00;32,00
12066;4201;03/01/2022;48,50;48,50
12190;4201;03/01/2022;18,00;18,00
20015;4201;03/01/2022;17,95;17,95
20041;4201;03/01/2022;6,50;6,50
20088;4201;03/01/2022;44,00;44,00
20131;4201;03/01/2022;14,50;14,50
30012;4201;03/01/2022;12,95;12,95
30077;4201;03/01/2022;42,00;42,00
30154;4201;03/01/2022;13,50;13,50
30209;4201;03/01/2022;29,95;20,07
10023;4205;03/01/2022;9,50;9,50
10047;4205;03/01/2022;9,00;6,75
10112;4205;03/01/2022;16,95;13,56
10310;4205;03/01/2022;21,50;21,50
11020;4205;03/01/2022;14,95;14,95
11085;4205;03/01/2022;8,95;8,95
11142;4205;03/01/2022;19,95;14,96
12004;4205;03/01/2022;32,00;32,00
12066;4205;03/01/2022;48,50;48,50
12190;4205;03/01/2022;18,00;18,00
20015;4205;03/01/2022;17,95;17,95
20041;4205;03/01/2022;6,50;6,50
20088;4205;03/01/2022;44,00;44,00
20131;4205;03/01/2022;14,50;14,50
30012;4205;03/01/2022;12,95;12,95
30077;4205;03/01/2022;42,00;42,00
30154;4205;03/01/2022;13,50;13,50
30209;4205;03/01/2022;29,95;20,07
10023;4218;03/01/2022;9,50;9,50
10047;4218;03/01/2022;9,00;6,75
10112;4218;03/01/2022;16,95;13,56
10310;4218;03/01/2022;21,50;21,50
11020;4218;03/01/2022;14,95;14,95
11085;4218;03/01/2022;8,95;8,95
11142;4218;03/01/2022;19,95;14,96
12004;4218;03/01/2022;32,00;32,00
12066;4218;03/01/2022;48,50;48,50
12190;4218;03/01/2022;18,00;18,00
20015;4218;03/01/2022;17,95;17,95
20041;4218;03/01/2022;6,50;6,50
20088;4218;03/01/2022;44,00;44,00
20131;4218;03/01/2022;14,50;14,50
30012;4218;03/01/2022;12,95;12,95
30077;4218;03/01/2022;42,00;42,00
30154;4218;03/01/2022;13,50;13,50
30209;4218;03/01/2022;29,95;20,07
10023;5502;03/01/2022;9,50;9,50
10047;5502;03/01/2022;9,00;6,75
10112;5502;03/01/2022;16,95;13,56
10310;5502;03/01/2022;21,50;21,50
11020;5502;03/01/2022;14,95;14,95
11085;5502;03/01/2022;8,95;8,95
11142;5502;03/01/2022;19,95;19,95
12004;5502;03/01/2022;32,00;32,00
12066;5502;03/01/2022;48,50;48,50
12190;5502;03/01/2022;18,00;18,00
20015;5502;03/01/2022;17,95;17,95
20041;5502;03/01/2022;6,50;6,50
20088;5502;03/01/2022;44,00;44,00
20131;5502;03/01/2022;14,50;14,50
30012;5502;03/01/2022;12,95;12,95
30077;5502;03/01/2022;42,00;42,00
30154;5502;03/01/2022;13,50;13,50
30209;5502;03/01/2022;29,95;20,07
10023;5511;03/01/2022;9,50;9,50
10047;5511;03/01/2022;9,00;6,75
10112;5511;03/01/2022;16,95;13,56
10310;5511;03/01/2022;21,50;21,50
11020;5511;03/01/2022;14,95;14,95
11085;5511;03/01/2022;8,95;8,95
11142;5511;03/01/2022;19,95;19,95
12004;5511;03/01/2022;32,00;32,00
12066;5511;03/01/2022;48,50;48,50
12190;5511;03/01/2022;18,00;18,00
20015;5511;03/01/2022;17,95;17,95
20041;5511;03/01/2022;6,50;6,50
20088;5511;03/01/2022;44,00;44,00
20131;5511;03/01/2022;14,50;14,50
30012;5511;03/01/2022;12,95;12,95
30077;5511;03/01/2022;42,00;42,00
30154;5511;03/01/2022;13,50;13,50
30209;5511;03/01/2022;29,95;20,07
10023;9001;03/01/2022;9,50;9,50
10047;9001;03/01/2022;9,00;6,75
10112;9001;03/01/2022;16,95;13,56
10310;9001;03/01/2022;21,50;21,50
11020;9001;03/01/2022;14,95;14,95
11085;9001;03/01/2022;8,95;8,95
11142;9001;03/01/2022;19,95;19,95
12004;9001;03/01/2022;32,00;32,00
12066;9001;03/01/2022;48,50;48,50
12190;9001;03/01/2022;18,00;18,00
20015;9001;03/01/2022;17,95;17,95
20041;9001;03/01/2022;6,50;6,50
20088;9001;03/01/2022;44,00;44,00
20131;9001;03/01/2022;14,50;14,50
30012;9001;03/01/2022;12,95;12,95
30077;9001;03/01/2022;42,00;42,00
30154;9001;03/01/2022;13,50;13,50
30209;9001;03/01/2022;29,95;20,07
10023;1101;10/01/2022;9,50;7,60
11085;1101;10/01/2022;8,95;8,05
12066;1101;10/01/2022;48,50;38,80
30077;1101;10/01/2022;42,00;31,50
30154;1101;10/01/2022;13,50;10,12
30209;1101;10/01/2022;29,95;20,07
10023;1102;10/01/2022;9,50;7,60
11085;1102;10/01/2022;8,95;8,05
12066;1102;10/01/2022;48,50;38,80
30077;1102;10/01/2022;42,00;31,50
30154;1102;10/01/2022;13,50;10,12
30209;1102;10/01/2022;29,95;20,07
10023;1103;10/01/2022;9,50;7,60
11085;1103;10/01/2022;8,95;8,05
12066;1103;10/01/2022;48,50;38,80
30077;1103;10/01/2022;42,00;31,50
30154;1103;10/01/2022;13,50;10,12
30209;1103;10/01/2022;29,95;20,07
10023;1108;10/01/2022;9,50;7,60
11085;1108;10/01/2022;8,95;8,05
12066;1108;10/01/2022;48,50;38,80
30077;1108;10/01/2022;42,00;31,50
30154;1108;10/01/2022;13,50;10,12
30209;1108;10/01/2022;29,95;20,07
10023;3104;10/01/2022;9,50;7,60
12066;3104;10/01/2022;48,50;38,80
30077;3104;10/01/2022;42,00;31,50
30209;3104;10/01/2022;29,95;20,07
10023;3117;10/01/2022;9,50;7,60
12066;3117;10/01/2022;48,50;38,80
30077;3117;10/01/2022;42,00;31,50
30209;3117;10/01/2022;29,95;20,07
10023;3122;10/01/2022;9,50;7,60
12066;3122;10/01/2022;48,50;38,80
30077;3122;10/01/2022;42,00;31,50
30209;3122;10/01/2022;29,95;20,07
10023;4201;10/01/2022;9,50;7,60
11085;4201;10/01/2022;8,95;8,05
12066;4201;10/01/2022;48,50;38,80
30012;4201;10/01/2022;12,95;9,71
30077;4201;10/01/2022;42,00;31,50
30154;4201;10/01/2022;13,50;10,12
30209;4201;10/01/2022;29,95;20,07
10023;4205;10/01/2022;9,50;7,60
11085;4205;10/01/2022;8,95;8,05
12066;4205;10/01/2022;48,50;38,80
30012;4205;10/01/2022;12,95;9,71
30077;4205;10/01/2022;42,00;31,50
30154;4205;10/01/2022;13,50;10,12
30209;4205;10/01/2022;29,95;20,07
10023;4218;10/01/2022;9,50;7,60
11085;4218;10/01/2022;8,95;8,05
12066;4218;10/01/2022;48,50;38,80
30012;4218;10/01/2022;12,95;9,71
30077;4218;10/01/2022;42,00;31,50
30154;4218;10/01/2022;13,50;10,12
30209;4218;10/01/2022;29,95;20,07
10023;5502;10/01/2022;9,50;7,60
12066;5502;10/01/2022;48,50;38,80
30012;5502;10/01/2022;12,95;9,71
30077;5502;10/01/2022;42,00;31,50
30209;5502;10/01/2022;29,95;20,07
10023;5511;10/01/2022;9,50;7,60
12066;5511;10/01/2022;48,50;38,80
30012;5511;10/01/2022;12,95;9,71
30077;5511;10/01/2022;42,00;31,50
30209;5511;10/01/2022;29,95;20,07
10023;9001;10/01/2022;9,50;7,60
12066;9001;10/01/2022;48,50;38,80
30077;9001;10/01/2022;42,00;31,50
30209;9001;10/01/2022;29,95;20,07
10023;1101;17/01/2022;9,50;9,50
10047;1101;17/01/2022;9,00;9,00
10112;1101;17/01/2022;16,95;16,95
10310;1101;17/01/2022;21,50;21,50
11020;1101;17/01/2022;14,95;14,95
11085;1101;17/01/2022;8,95;8,95
11142;1101;17/01/2022;19,95;19,95
12004;1101;17/01/2022;32,00;32,00
12066;1101;17/01/2022;48,50;48,50
12190;1101;17/01/2022;18,00;18,00
20015;1101;17/01/2022;17,95;17,95
20041;1101;17/01/2022;6,50;6,50
20088;1101;17/01/2022;44,00;44,00
20131;1101;17/01/2022;14,50;14,50
30012;1101;17/01/2022;12,95;12,95
30077;1101;17/01/2022;42,00;42,00
30154;1101;17/01/2022;13,50;13,50
30209;1101;17/01/2022;29,95;29,95
10023;1102;17/01/2022;9,50;9,50
10047;1102;17/01/2022;9,00;9,00
10112;1102;17/01/2022;16,95;16,95
10310;1102;17/01/2022;21,50;21,50
11020;1102;17/01/2022;14,95;14,95
11085;1102;17/01/2022;8,95;8,95
11142;1102;17/01/2022;19,95;19,95
12004;1102;17/01/2022;32,00;32,00
12066;1102;17/01/2022;48,50;48,50
12190;1102;17/01/2022;18,00;18,00
20015;1102;17/01/2022;17,95;17,95
20041;1102;17/01/2022;6,50;6,50
20088;1102;17/01/2022;44,00;44,00
20131;1102;17/01/2022;14,50;14,50
30012;1102;17/01/2022;12,95;12,95
30077;1102;17/01/2022;42,00;42,00
30154;1102;17/01/2022;13,50;13,50
30209;1102;17/01/2022;29,95;29,95
99001;1102;17/01/2022;0,00;0,00
10023;1103;17/01/2022;9,50;9,50
10047;1103;17/01/2022;9,00;9,00
10112;1103;17/01/2022;16,95;16,95
10310;1103;17/01/2022;21,50;21,50
11020;1103;17/01/2022;14,95;14,95
11085;1103;17/01/2022;8,95;8,95
11142;1103;17/01/2022;19,95;19,95
12004;1103;17/01/2022;32,00;32,00
12066;1103;17/01/2022;48,50;48,50
12190;1103;17/01/2022;18,00;18,00
20015;1103;17/01/2022;17,95;17,95
20041;1103;17/01/2022;6,50;6,50
20088;1103;17/01/2022;44,00;44,00
20131;1103;17/01/2022;14,50;14,50
30012;1103;17/01/2022;12,95;12,95
30077;1103;17/01/2022;42,00;42,00
30154;1103;17/01/2022;13,50;13,50
30209;1103;17/01/2022;29,95;29,95
10023;1108;17/01/2022;9,50;9,50
10047;1108;17/01/2022;9,00;9,00
10112;1108;17/01/2022;16,95;16,95
10310;1108;17/01/2022;21,50;21,50
11020;1108;17/01/2022;14,95;14,95
11085;1108;17/01/2022;8,95;8,95
11142;1108;17/01/2022;19,95;19,95
12004;1108;17/01/2022;32,00;32,00
12066;1108;17/01/2022;48,50;48,50
12190;1108;17/01/2022;18,00;18,00
20015;1108;17/01/2022;17,95;17,95
20041;1108;17/01/2022;6,50;6,50
20088;1108;17/01/2022;44,00;44,00
20131;1108;17/01/2022;14,50;14,50
30012;1108;17/01/2022;12,95;12,95
30077;1108;17/01/2022;42,00;42,00
30154;1108;17/01/2022;13,50;13,50
30209;1108;17/01/2022;29,95;29,95
10023;3104;17/01/2022;9,50;9,50
10047;3104;17/01/2022;9,00;9,00
10112;3104;17/01/2022;16,95;16,95
10310;3104;17/01/2022;21,50;21,50
11020;3104;17/01/2022;14,95;14,95
11085;3104;17/01/2022;8,95;8,95
11142;3104;17/01/2022;19,95;19,95
12004;3104;17/01/2022;32,00;32,00
12066;3104;17/01/2022;48,50;48,50
12190;3104;17/01/2022;18,00;18,00
20015;3104;17/01/2022;17,95;17,95
20041;3104;17/01/2022;6,50;6,50
20088;3104;17/01/2022;44,00;44,00
20131;3104;17/01/2022;14,50;14,50
30012;3104;17/01/2022;12,95;12,95
30077;3104;17/01/2022;42,00;42,00
30154;3104;17/01/2022;13,50;13,50
30209;3104;17/01/2022;29,95;29,95
10023;3117;17/01/2022;9,50;9,50
10047;3117;17/01/2022;9,00;9,00
10112;3117;17/01/2022;16,95;16,95
10310;3117;17/01/2022;21,50;21,50
11020;3117;17/01/2022;14,95;14,95
11085;3117;17/01/2022;8,95;8,95
11142;3117;17/01/2022;19,95;19,95
12004;3117;17/01/2022;32,00;32,00
12066;3117;17/01/2022;48,50;48,50
12190;3117;17/01/2022;18,00;18,00
20015;3117;17/01/2022;17,95;17,95
20041;3117;17/01/2022;6,50;6,50
20088;3117;17/01/2022;44,00;44,00
20131;3117;17/01/2022;14,50;14,50
30012;3117;17/01/2022;12,95;12,95
30077;3117;17/01/2022;42,00;42,00
30154;3117;17/01/2022;13,50;13,50
30209;3117;17/01/2022;29,95;29,95
10023;3122;17/01/2022;9,50;9,50
10047;3122;17/01/2022;9,00;9,00
10112;3122;17/01/2022;16,95;16,95
10310;3122;17/01/2022;21,50;21,50
11020;3122;17/01/2022;14,95;14,95
11085;3122;17/01/2022;8,95;8,95
11142;3122;17/01/2022;19,95;19,95
12004;3122;17/01/2022;32,00;32,00
12066;3122;17/01/2022;48,50;48,50
12190;3122;17/01/2022;18,00;18,00
20015;3122;17/01/2022;17,95;17,95
20041;3122;17/01/2022;6,50;6,50
20088;3122;17/01/2022;44,00;44,00
20131;3122;17/01/2022;14,50;14,50
30012;3122;17/01/2022;12,95;12,95
30077;3122;17/01/2022;42,00;42,00
30154;3122;17/01/2022;13,50;13,50
30209;3122;17/01/2022;29,95;29,95
10023;4201;17/01/2022;9,50;9,50
10047;4201;17/01/2022;9,00;9,00
10112;4201;17/01/2022;16,95;16,95
10310;4201;17/01/2022;21,50;21,50
11020;4201;17/01/2022;14,95;14,95
11085;4201;17/01/2022;8,95;8,95
11142;4201;17/01/2022;19,95;19,95
12004;4201;17/01/2022;32,00;32,00
12066;4201;17/01/2022;48,50;48,50
12190;4201;17/01/2022;18,00;18,00
20015;4201;17/01/2022;17,95;17,95
20041;4201;17/01/2022;6,50;6,50
20088;4201;17/01/2022;44,00;44,00
20131;4201;17/01/2022;14,50;14,50
30012;4201;17/01/2022;12,95;12,95
30077;4201;17/01/2022;42,00;42,00
30154;4201;17/01/2022;13,50;13,50
30209;4201;17/01/2022;29,95;29,95
10023;4205;17/01/2022;9,50;9,50
10047;4205;17/01/2022;9,00;9,00
10112;4205;17/01/2022;16,95;16,95
10310;4205;17/01/2022;21,50;21,50
11020;4205;17/01/2022;14,95;14,95
11085;4205;17/01/2022;8,95;8,95
11142;4205;17/01/2022;19,95;19,95
12004;4205;17/01/2022;32,00;32,00
12066;4205;17/01/2022;48,50;48,50
12190;4205;17/01/2022;18,00;18,00
20015;4205;17/01/2022;17,95;17,95
20041;4205;17/01/2022;6,50;6,50
20088;4205;17/01/2022;44,00;44,00
20131;4205;17/01/2022;14,50;14,50
30012;4205;17/01/2022;12,95;12,95
30077;4205;17/01/2022;42,00;42,00
30154;4205;17/01/2022;13,50;13,50
30209;4205;17/01/2022;29,95;29,95
99001;4205;17/01/2022;0,00;0,00
10023;4218;17/01/2022;9,50;9,50
10047;4218;17/01/2022;9,00;9,00
10112;4218;17/01/2022;16,95;16,95
10310;4218;17/01/2022;21,50;21,50
11020;4218;17/01/2022;14,95;14,95
11085;4218;17/01/2022;8,95;8,95
11142;4218;17/01/2022;19,95;19,95
12004;4218;17/01/2022;32,00;32,00
12066;4218;17/01/2022;48,50;48,50
12190;4218;17/01/2022;18,00;18,00
20015;4218;17/01/2022;17,95;17,95
20041;4218;17/01/2022;6,50;6,50
20088;4218;17/01/2022;44,00;44,00
20131;4218;17/01/2022;14,50;14,50
30012;4218;17/01/2022;12,95;12,95
30077;4218;17/01/2022;42,00;42,00
30154;4218;17/01/2022;13,50;13,50
30209;4218;17/01/2022;29,95;29,95
10023;5502;17/01/2022;9,50;9,50
10047;5502;17/01/2022;9,00;9,00
10112;5502;17/01/2022;16,95;16,95
10310;5502;17/01/2022;21,50;21,50
11020;5502;17/01/2022;14,95;14,95
11085;5502;17/01/2022;8,95;8,95
11142;5502;17/01/2022;19,95;19,95
12004;5502;17/01/2022;32,00;32,00
12066;5502;17/01/2022;48,50;48,50
12190;5502;17/01/2022;18,00;18,00
20015;5502;17/01/2022;17,95;17,95
20041;5502;17/01/2022;6,50;6,50
20088;5502;17/01/2022;44,00;44,00
20131;5502;17/01/2022;14,50;14,50
30012;5502;17/01/2022;12,95;12,95
30077;5502;17/01/2022;42,00;42,00
30154;5502;17/01/2022;13,50;13,50
30209;5502;17/01/2022;29,95;29,95
10023;5511;17/01/2022;9,50;9,50
10047;5511;17/01/2022;9,00;9,00
10112;5511;17/01/2022;16,95;16,95
10310;5511;17/01/2022;21,50;21,50
11020;5511;17/01/2022;14,95;14,95
11085;5511;17/01/2022;8,95;8,95
11142;5511;17/01/2022;19,95;19,95
12004;5511;17/01/2022;32,00;32,00
12066;5511;17/01/2022;48,50;48,50
12190;5511;17/01/2022;18,00;18,00
20015;5511;17/01/2022;17,95;17,95
20041;5511;17/01/2022;6,50;6,50
20088;5511;17/01/2022;44,00;44,00
20131;5511;17/01/2022;14,50;14,50
30012;5511;17/01/2022;12,95;12,95
30077;5511;17/01/2022;42,00;42,00
30154;5511;17/01/2022;13,50;13,50
30209;5511;17/01/2022;29,95;29,95
10023;9001;17/01/2022;9,50;9,50
10047;9001;17/01/2022;9,00;9,00
10112;9001;17/01/2022;16,95;16,95
10310;9001;17/01/2022;21,50;21,50
11020;9001;17/01/2022;14,95;14,95
11085;9001;17/01/2022;8,95;8,95
11142;9001;17/01/2022;19,95;19,95
12004;9001;17/01/2022;32,00;32,00
12066;9001;17/01/2022;48,50;48,50
12190;9001;17/01/2022;18,00;18,00
20015;9001;17/01/2022;17,95;17,95
20041;9001;17/01/2022;6,50;6,50
20088;9001;17/01/2022;44,00;44,00
20131;9001;17/01/2022;14,50;14,50
30012;9001;17/01/2022;12,95;12,95
30077;9001;17/01/2022;42,00;42,00
30154;9001;17/01/2022;13,50;13,50
30209;9001;17/01/2022;29,95;29,95
10112;4201;24/01/2022;16,95;15,25
10112;4205;24/01/2022;16,95;15,25
10112;4218;24/01/2022;16,95;15,25
10112;5502;24/01/2022;16,95;15,25
10112;5511;24/01/2022;16,95;15,25
10023;1101;31/01/2022;9,50;9,50
10047;1101;31/01/2022;9,00;9,00
10112;1101;31/01/2022;16,95;16,95
10310;1101;31/01/2022;21,50;21,50
11020;1101;31/01/2022;14,95;14,95
11085;1101;31/01/2022;8,95;8,95
11142;1101;31/01/2022;19,95;14,96
12004;1101;31/01/2022;32,00;32,00
12066;1101;31/01/2022;48,50;48,50
12190;1101;31/01/2022;18,00;18,00
20015;1101;31/01/2022;17,95;17,95
20041;1101;31/01/2022;6,50;6,50
20088;1101;31/01/2022;44,00;44,00
20131;1101;31/01/2022;14,50;14,50
30012;1101;31/01/2022;12,95;12,95
30077;1101;31/01/2022;42,00;42,00
30154;1101;31/01/2022;13,50;13,50
30209;1101;31/01/2022;29,95;29,95
10023;1102;31/01/2022;9,50;9,50
10047;1102;31/01/2022;9,00;9,00
10112;1102;31/01/2022;16,95;16,95
10310;1102;31/01/2022;21,50;21,50
11020;1102;31/01/2022;14,95;14,95
11085;1102;31/01/2022;8,95;8,95
11142;1102;31/01/2022;19,95;14,96
12004;1102;31/01/2022;32,00;32,00
12066;1102;31/01/2022;48,50;48,50
12190;1102;31/01/2022;18,00;18,00
20015;1102;31/01/2022;17,95;17,95
20041;1102;31/01/2022;6,50;6,50
20088;1102;31/01/2022;44,00;44,00
20131;1102;31/01/2022;14,50;14,50
30012;1102;31/01/2022;12,95;12,95
30077;1102;31/01/2022;42,00;42,00
30154;1102;31/01/2022;13,50;13,50
30209;1102;31/01/2022;29,95;29,95
10023;1103;31/01/2022;9,50;9,50
10047;1103;31/01/2022;9,00;9,00
10112;1103;31/01/2022;16,95;16,95
10310;1103;31/01/2022;21,50;21,50
11020;1103;31/01/2022;14,95;14,95
11085;1103;31/01/2022;8,95;8,95
11142;1103;31/01/2022;19,95;14,96
12004;1103;31/01/2022;32,00;32,00
12066;1103;31/01/2022;48,50;48,50
12190;1103;31/01/2022;18,00;18,00
20015;1103;31/01/2022;17,95;17,95
20041;1103;31/01/2022;6,50;6,50
20088;1103;31/01/2022;44,00;44,00
20131;1103;31/01/2022;14,50;14,50
30012;1103;31/01/2022;12,95;12,95
30077;1103;31/01/2022;42,00;42,00
30154;1103;31/01/2022;13,50;13,50
30209;1103;31/01/2022;29,95;29,95
10023;1108;31/01/2022;9,50;9,50
10047;1108;31/01/2022;9,00;9,00
10112;1108;31/01/2022;16,95;16,95
10310;1108;31/01/2022;21,50;21,50
11020;1108;31/01/2022;14,95;14,95
11085;1108;31/01/2022;8,95;8,95
11142;1108;31/01/2022;19,95;14,96
12004;1108;31/01/2022;32,00;32,00
12066;1108;31/01/2022;48,50;48,50
12190;1108;31/01/2022;18,00;18,00
20015;1108;31/01/2022;17,95;17,95
20041;1108;31/01/2022;6,50;6,50
20088;1108;31/01/2022;44,00;44,00
20131;1108;31/01/2022;14,50;14,50
30012;1108;31/01/2022;12,95;12,95
30077;1108;31/01/2022;42,00;42,00
30154;1108;31/01/2022;13,50;13,50
30209;1108;31/01/2022;29,95;29,95
10023;3104;31/01/2022;9,50;9,50
10047;3104;31/01/2022;9,00;9,00
10112;3104;31/01/2022;16,95;16,95
10310;3104;31/01/2022;21,50;21,50
11020;3104;31/01/2022;14,95;14,95
11085;3104;31/01/2022;8,95;8,95
11142;3104;31/01/2022;19,95;14,96
12004;3104;31/01/2022;32,00;32,00
12066;3104;31/01/2022;48,50;48,50
12190;3104;31/01/2022;18,00;18,00
20015;3104;31/01/2022;17,95;17,95
20041;3104;31/01/2022;6,50;6,50
20088;3104;31/01/2022;44,00;44,00
20131;3104;31/01/2022;14,50;14,50
30012;3104;31/01/2022;12,95;12,95
30077;3104;31/01/2022;42,00;42,00
30154;3104;31/01/2022;13,50;13,50
30209;3104;31/01/2022;29,95;29,95
10023;3117;31/01/2022;9,50;9,50
10047;3117;31/01/2022;9,00;9,00
10112;3117;31/01/2022;16,95;16,95
10310;3117;31/01/2022;21,50;21,50
11020;3117;31/01/2022;14,95;14,95
11085;3117;31/01/2022;8,95;8,95
11142;3117;31/01/2022;19,95;14,96
12004;3117;31/01/2022;32,00;32,00
12066;3117;31/01/2022;48,50;48,50
12190;3117;31/01/2022;18,00;18,00
20015;3117;31/01/2022;17,95;17,95
20041;3117;31/01/2022;6,50;6,50
20088;3117;31/01/2022;44,00;44,00
20131;3117;31/01/2022;14,50;14,50
30012;3117;31/01/2022;12,95;12,95
30077;3117;31/01/2022;42,00;42,00
30154;3117;31/01/2022;13,50;13,50
30209;3117;31/01/2022;29,95;29,95
10023;3122;31/01/2022;9,50;9,50
10047;3122;31/01/2022;9,00;9,00
10112;3122;31/01/2022;16,95;16,95
10310;3122;31/01/2022;21,50;21,50
11020;3122;31/01/2022;14,95;14,95
11085;3122;31/01/2022;8,95;8,95
11142;3122;31/01/2022;19,95;14,96
12004;3122;31/01/2022;32,00;32,00
12066;3122;31/01/2022;48,50;48,50
12190;3122;31/01/2022;18,00;18,00
20015;3122;31/01/2022;17,95;17,95
20041;3122;31/01/2022;6,50;6,50
20088;3122;31/01/2022;44,00;44,00
20131;3122;31/01/2022;14,50;14,50
30012;3122;31/01/2022;12,95;12,95
30077;3122;31/01/2022;42,00;42,00
30154;3122;31/01/2022;13,50;13,50
30209;3122;31/01/2022;29,95;29,95
10023;4201;31/01/2022;9,50;9,50
10047;4201;31/01/2022;9,00;9,00
10112;4201;31/01/2022;16,95;16,95
10310;4201;31/01/2022;21,50;21,50
11020;4201;31/01/2022;14,95;14,95
11085;4201;31/01/2022;8,95;8,95
11142;4201;31/01/2022;19,95;14,96
12004;4201;31/01/2022;32,00;32,00
12066;4201;31/01/2022;48,50;48,50
12190;4201;31/01/2022;18,00;18,00
20015;4201;31/01/2022;17,95;17,95
20041;4201;31/01/2022;6,50;6,50
20088;4201;31/01/2022;44,00;44,00
20131;4201;31/01/2022;14,50;14,50
30012;4201;31/01/2022;12,95;12,95
30077;4201;31/01/2022;42,00;42,00
30154;4201;31/01/2022;13,50;13,50
30209;4201;31/01/2022;29,95;29,95
99001;4201;31/01/2022;0,00;0,00
10023;4205;31/01/2022;9,50;9,50
10047;4205;31/01/2022;9,00;9,00
10112;4205;31/01/2022;16,95;16,95
10310;4205;31/01/2022;21,50;21,50
11020;4205;31/01/2022;14,95;14,95
11085;4205;31/01/2022;8,95;8,95
11142;4205;31/01/2022;19,95;14,96
12004;4205;31/01/2022;32,00;32,00
12066;4205;31/01/2022;48,50;48,50
12190;4205;31/01/2022;18,00;18,00
20015;4205;31/01/2022;17,95;17,95
20041;4205;31/01/2022;6,50;6,50
20088;4205;31/01/2022;44,00;44,00
20131;4205;31/01/2022;14,50;14,50
30012;4205;31/01/2022;12,95;12,95
30077;4205;31/01/2022;42,00;42,00
30154;4205;31/01/2022;13,50;13,50
30209;4205;31/01/2022;29,95;29,95
99001;4205;31/01/2022;0,00;0,00
10023;4218;31/01/2022;9,50;9,50
10047;4218;31/01/2022;9,00;9,00
10112;4218;31/01/2022;16,95;16,95
10310;4218;31/01/2022;21,50;21,50
11020;4218;31/01/2022;14,95;14,95
11085;4218;31/01/2022;8,95;8,95
11142;4218;31/01/2022;19,95;14,96
12004;4218;31/01/2022;32,00;32,00
12066;4218;31/01/2022;48,50;48,50
12190;4218;31/01/2022;18,00;18,00
20015;4218;31/01/2022;17,95;17,95
20041;4218;31/01/2022;6,50;6,50
20088;4218;31/01/2022;44,00;44,00
20131;4218;31/01/2022;14,50;14,50
30012;4218;31/01/2022;12,95;12,95
30077;4218;31/01/2022;42,00;42,00
30154;4218;31/01/2022;13,50;13,50
30209;4218;31/01/2022;29,95;29,95
10023;5502;31/01/2022;9,50;9,50
10047;5502;31/01/2022;9,00;9,00
10112;5502;31/01/2022;16,95;16,95
10310;5502;31/01/2022;21,50;21,50
11020;5502;31/01/2022;14,95;14,95
11085;5502;31/01/2022;8,95;8,95
11142;5502;31/01/2022;19,95;14,96
12004;5502;31/01/2022;32,00;32,00
12066;5502;31/01/2022;48,50;48,50
12190;5502;31/01/2022;18,00;18,00
20015;5502;31/01/2022;17,95;17,95
20041;5502;31/01/2022;6,50;6,50
20088;5502;31/01/2022;44,00;44,00
20131;5502;31/01/2022;14,50;14,50
30012;5502;31/01/2022;12,95;12,95
30077;5502;31/01/2022;42,00;42,00
30154;5502;31/01/2022;13,50;13,50
30209;5502;31/01/2022;29,95;29,95
10023;5511;31/01/2022;9,50;9,50
10047;5511;31/01/2022;9,00;9,00
10112;5511;31/01/2022;16,95;16,95
10310;5511;31/01/2022;21,50;21,50
11020;5511;31/01/2022;14,95;14,95
11085;5511;31/01/2022;8,95;8,95
11142;5511;31/01/2022;19,95;14,96
12004;5511;31/01/2022;32,00;32,00
12066;5511;31/01/2022;48,50;48,50
12190;5511;31/01/2022;18,00;18,00
20015;5511;31/01/2022;17,95;17,95
20041;5511;31/01/2022;6,50;6,50
20088;5511;31/01/2022;44,00;44,00
20131;5511;31/01/2022;14,50;14,50
30012;5511;31/01/2022;12,95;12,95
30077;5511;31/01/2022;42,00;42,00
30154;5511;31/01/2022;13,50;13,50
30209;5511;31/01/2022;29,95;29,95
10023;9001;31/01/2022;9,50;9,50
10047;9001;31/01/2022;9,00;9,00
10112;9001;31/01/2022;16,95;16,95
10310;9001;31/01/2022;21,50;21,50
11020;9001;31/01/2022;14,95;14,95
11085;9001;31/01/2022;8,95;8,95
11142;9001;31/01/2022;19,95;14,96
12004;9001;31/01/2022;32,00;32,00
12066;9001;31/01/2022;48,50;48,50
12190;9001;31/01/2022;18,00;18,00
20015;9001;31/01/2022;17,95;17,95
20041;9001;31/01/2022;6,50;6,50
20088;9001;31/01/2022;44,00;44,00
20131;9001;31/01/2022;14,50;14,50
30012;9001;31/01/2022;12,95;12,95
30077;9001;31/01/2022;42,00;42,00
30154;9001;31/01/2022;13,50;13,50
30209;9001;31/01/2022;29,95;29,95
10023;1199;31/01/2022;9,50;9,50
10047;1199;31/01/2022;9,00;9,00
10112;1199;31/01/2022;16,95;16,95
10310;1199;31/01/2022;21,50;21,50
11020;1199;31/01/2022;14,95;14,95
11085;1199;31/01/2022;8,95;8,95
11142;1199;31/01/2022;19,95;14,96
12004;1199;31/01/2022;32,00;32,00
12066;1199;31/01/2022;48,50;48,50
12190;1199;31/01/2022;18,00;18,00
20015;1199;31/01/2022;17,95;17,95
20041;1199;31/01/2022;6,50;6,50
20088;1199;31/01/2022;44,00;44,00
20131;1199;31/01/2022;14,50;14,50
30012;1199;31/01/2022;12,95;12,95
30077;1199;31/01/2022;42,00;42,00
30154;1199;31/01/2022;13,50;13,50
30209;1199;31/01/2022;29,95;29,95
99001;1199;31/01/2022;0,00;0,00
12066;1101;07/02/2022;48,50;32,49
20088;1101;07/02/2022;44,00;35,20
20131;1101;07/02/2022;14,50;13,05
12066;1102;07/02/2022;48,50;32,49
20088;1102;07/02/2022;44,00;35,20
20131;1102;07/02/2022;14,50;13,05
12066;1103;07/02/2022;48,50;32,49
20088;1103;07/02/2022;44,00;35,20
20131;1103;07/02/2022;14,50;13,05
12066;1108;07/02/2022;48,50;32,49
20088;1108;07/02/2022;44,00;35,20
20131;1108;07/02/2022;14,50;13,05
12066;3104;07/02/2022;48,50;32,49
20131;3104;07/02/2022;14,50;13,05
12066;3117;07/02/2022;48,50;32,49
20131;3117;07/02/2022;14,50;13,05
12066;3122;07/02/2022;48,50;32,49
20131;3122;07/02/2022;14,50;13,05
12066;4201;07/02/2022;48,50;32,49
20088;4201;07/02/2022;44,00;35,20
20131;4201;07/02/2022;14,50;13,05
12066;4205;07/02/2022;48,50;32,49
20088;4205;07/02/2022;44,00;35,20
20131;4205;07/02/2022;14,50;13,05
12066;4218;07/02/2022;48,50;32,49
20088;4218;07/02/2022;44,00;35,20
20131;4218;07/02/2022;14,50;13,05
12066;5502;07/02/2022;48,50;32,49
20131;5502;07/02/2022;14,50;13,05
12066;5511;07/02/2022;48,50;32,49
20131;5511;07/02/2022;14,50;13,05
12066;9001;07/02/2022;48,50;32,49
20131;9001;07/02/2022;14,50;13,05
10023;1101;14/02/2022;9,50;9,50
10047;1101;14/02/2022;9,00;7,65
10112;1101;14/02/2022;16,95;16,95
10310;1101;14/02/2022;21,50;21,50
11020;1101;14/02/2022;14,95;14,95
11085;1101;14/02/2022;8,95;8,95
11142;1101;14/02/2022;19,95;19,95
12004;1101;14/02/2022;32,00;32,00
12066;1101;14/02/2022;48,50;48,50
12190;1101;14/02/2022;18,00;18,00
20015;1101;14/02/2022;17,95;17,95
20041;1101;14/02/2022;6,50;6,50
20088;1101;14/02/2022;44,00;44,00
20131;1101;14/02/2022;14,50;14,50
30012;1101;14/02/2022;12,95;11,65
30077;1101;14/02/2022;42,00;42,00
30154;1101;14/02/2022;13,50;13,50
30209;1101;14/02/2022;29,95;29,95
99001;1101;14/02/2022;0,00;0,00
10023;1102;14/02/2022;9,50;9,50
10047;1102;14/02/2022;9,00;7,65
10112;1102;14/02/2022;16,95;16,95
10310;1102;14/02/2022;21,50;21,50
11020;1102;14/02/2022;14,95;14,95
11085;1102;14/02/2022;8,95;8,95
11142;1102;14/02/2022;19,95;19,95
12004;1102;14/02/2022;32,00;32,00
12066;1102;14/02/2022;48,50;48,50
12190;1102;14/02/2022;18,00;18,00
20015;1102;14/02/2022;17,95;17,95
20041;1102;14/02/2022;6,50;6,50
20088;1102;14/02/2022;44,00;44,00
20131;1102;14/02/2022;14,50;14,50
30012;1102;14/02/2022;12,95;11,65
30077;1102;14/02/2022;42,00;42,00
30154;1102;14/02/2022;13,50;13,50
30209;1102;14/02/2022;29,95;29,95
10023;1103;14/02/2022;9,50;9,50
10047;1103;14/02/2022;9,00;7,65
10112;1103;14/02/2022;16,95;16,95
10310;1103;14/02/2022;21,50;21,50
11020;1103;14/02/2022;14,95;14,95
11085;1103;14/02/2022;8,95;8,95
11142;1103;14/02/2022;19,95;19,95
12004;1103;14/02/2022;32,00;32,00
12066;1103;14/02/2022;48,50;48,50
12190;1103;14/02/2022;18,00;18,00
20015;1103;14/02/2022;17,95;17,95
20041;1103;14/02/2022;6,50;6,50
20088;1103;14/02/2022;44,00;44,00
20131;1103;14/02/2022;14,50;14,50
30012;1103;14/02/2022;12,95;11,65
30077;1103;14/02/2022;42,00;42,00
30154;1103;14/02/2022;13,50;13,50
30209;1103;14/02/2022;29,95;29,95
10023;1108;14/02/2022;9,50;9,50
10047;1108;14/02/2022;9,00;7,65
10112;1108;14/02/2022;16,95;16,95
10310;1108;14/02/2022;21,50;21,50
11020;1108;14/02/2022;14,95;14,95
11085;1108;14/02/2022;8,95;8,95
11142;1108;14/02/2022;19,95;19,95
12004;1108;14/02/2022;32,00;32,00
12066;1108;14/02/2022;48,50;48,50
12190;1108;14/02/2022;18,00;18,00
20015;1108;14/02/2022;17,95;17,95
20041;1108;14/02/2022;6,50;6,50
20088;1108;14/02/2022;44,00;44,00
20131;1108;14/02/2022;14,50;14,50
30012;1108;14/02/2022;12,95;11,65
30077;1108;14/02/2022;42,00;42,00
30154;1108;14/02/2022;13,50;13,50
30209;1108;14/02/2022;29,95;29,95
99001;1108;14/02/2022;0,00;0,00
10023;3104;14/02/2022;9,50;9,50
10047;3104;14/02/2022;9,00;7,65
10112;3104;14/02/2022;16,95;16,95
10310;3104;14/02/2022;21,50;21,50
11020;3104;14/02/2022;14,95;14,95
11085;3104;14/02/2022;8,95;8,95
11142;3104;14/02/2022;19,95;19,95
12004;3104;14/02/2022;32,00;32,00
12066;3104;14/02/2022;48,50;48,50
12190;3104;14/02/2022;18,00;18,00
20015;3104;14/02/2022;17,95;17,95
20041;3104;14/02/2022;6,50;6,50
20088;3104;14/02/2022;44,00;44,00
20131;3104;14/02/2022;14,50;14,50
30012;3104;14/02/2022;12,95;11,65
30077;3104;14/02/2022;42,00;42,00
30154;3104;14/02/2022;13,50;13,50
30209;3104;14/02/2022;29,95;29,95
10023;3117;14/02/2022;9,50;9,50
10047;3117;14/02/2022;9,00;7,65
10112;3117;14/02/2022;16,95;16,95
10310;3117;14/02/2022;21,50;21,50
11020;3117;14/02/2022;14,95;14,95
11085;3117;14/02/2022;8,95;8,95
11142;3117;14/02/2022;19,95;19,95
12004;3117;14/02/2022;32,00;32,00
12066;3117;14/02/2022;48,50;48,50
12190;3117;14/02/2022;18,00;18,00
20015;3117;14/02/2022;17,95;17,95
20041;3117;14/02/2022;6,50;6,50
20088;3117;14/02/2022;44,00;44,00
20131;3117;14/02/2022;14,50;14,50
30012;3117;14/02/2022;12,95;11,65
30077;3117;14/02/2022;42,00;42,00
30154;3117;14/02/2022;13,50;13,50
30209;3117;14/02/2022;29,95;29,95
99001;3117;14/02/2022;0,00;0,00
10023;3122;14/02/2022;9,50;9,50
10047;3122;14/02/2022;9,00;7,65
10112;3122;14/02/2022;16,95;16,95
10310;3122;14/02/2022;21,50;21,50
11020;3122;14/02/2022;14,95;14,95
11085;3122;14/02/2022;8,95;8,95
11142;3122;14/02/2022;19,95;19,95
12004;3122;14/02/2022;32,00;32,00
12066;3122;14/02/2022;48,50;48,50
12190;3122;14/02/2022;18,00;18,00
20015;3122;14/02/2022;17,95;17,95
20041;3122;14/02/2022;6,50;6,50
20088;3122;14/02/2022;44,00;44,00
20131;3122;14/02/2022;14,50;14,50
30012;3122;14/02/2022;12,95;11,65
30077;3122;14/02/2022;42,00;42,00
30154;3122;14/02/2022;13,50;13,50
30209;3122;14/02/2022;29,95;29,95
10023;4201;14/02/2022;9,50;9,50
10047;4201;14/02/2022;9,00;7,65
10112;4201;14/02/2022;16,95;16,95
10310;4201;14/02/2022;21,50;21,50
11020;4201;14/02/2022;14,95;14,95
11085;4201;14/02/2022;8,95;8,95
11142;4201;14/02/2022;19,95;19,95
12004;4201;14/02/2022;32,00;32,00
12066;4201;14/02/2022;48,50;48,50
12190;4201;14/02/2022;18,00;18,00
20015;4201;14/02/2022;17,95;17,95
20041;4201;14/02/2022;6,50;6,50
20088;4201;14/02/2022;44,00;44,00
20131;4201;14/02/2022;14,50;14,50
30012;4201;14/02/2022;12,95;11,65
30077;4201;14/02/2022;42,00;42,00
30154;4201;14/02/2022;13,50;13,50
30209;4201;14/02/2022;29,95;29,95
10023;4205;14/02/2022;9,50;9,50
10047;4205;14/02/2022;9,00;7,65
10112;4205;14/02/2022;16,95;16,95
10310;4205;14/02/2022;21,50;21,50
11020;4205;14/02/2022;14,95;14,95
11085;4205;14/02/2022;8,95;8,95
11142;4205;14/02/2022;19,95;19,95
12004;4205;14/02/2022;32,00;32,00
12066;4205;14/02/2022;48,50;48,50
12190;4205;14/02/2022;18,00;18,00
20015;4205;14/02/2022;17,95;17,95
20041;4205;14/02/2022;6,50;6,50
20088;4205;14/02/2022;44,00;44,00
20131;4205;14/02/2022;14,50;14,50
30012;4205;14/02/2022;12,95;11,65
30077;4205;14/02/2022;42,00;42,00
30154;4205;14/02/2022;13,50;13,50
30209;4205;14/02/2022;29,95;29,95
99001;4205;14/02/2022;0,00;0,00
10023;4218;14/02/2022;9,50;9,50
10047;4218;14/02/2022;9,00;7,65
10112;4218;14/02/2022;16,95;16,95
10310;4218;14/02/2022;21,50;21,50
11020;4218;14/02/2022;14,95;14,95
11085;4218;14/02/2022;8,95;8,95
11142;4218;14/02/2022;19,95;19,95
12004;4218;14/02/2022;32,00;32,00
12066;4218;14/02/2022;48,50;48,50
12190;4218;14/02/2022;18,00;18,00
20015;4218;14/02/2022;17,95;17,95
20041;4218;14/02/2022;6,50;6,50
20088;4218;14/02/2022;44,00;44,00
20131;4218;14/02/2022;14,50;14,50
30012;4218;14/02/2022;12,95;11,65
30077;4218;14/02/2022;42,00;42,00
30154;4218;14/02/2022;13,50;13,50
30209;4218;14/02/2022;29,95;29,95
10023;5502;14/02/2022;9,50;9,50
10047;5502;14/02/2022;9,00;7,65
10112;5502;14/02/2022;16,95;16,95
10310;5502;14/02/2022;21,50;21,50
11020;5502;14/02/2022;14,95;14,95
11085;5502;14/02/2022;8,95;8,95
11142;5502;14/02/2022;19,95;19,95
12004;5502;14/02/2022;32,00;32,00
12066;5502;14/02/2022;48,50;48,50
12190;5502;14/02/2022;18,00;18,00
20015;5502;14/02/2022;17,95;17,95
20041;5502;14/02/2022;6,50;6,50
20088;5502;14/02/2022;44,00;44,00
20131;5502;14/02/2022;14,50;14,50
30012;5502;14/02/2022;12,95;11,65
30077;5502;14/02/2022;42,00;42,00
30154;5502;14/02/2022;13,50;13,50
30209;5502;14/02/2022;29,95;29,95
10023;5511;14/02/2022;9,50;9,50
10047;5511;14/02/2022;9,00;7,65
10112;5511;14/02/2022;16,95;16,95
10310;5511;14/02/2022;21,50;21,50
11020;5511;14/02/2022;14,95;14,95
11085;5511;14/02/2022;8,95;8,95
11142;5511;14/02/2022;19,95;19,95
12004;5511;14/02/2022;32,00;32,00
12066;5511;14/02/2022;48,50;48,50
12190;5511;14/02/2022;18,00;18,00
20015;5511;14/02/2022;17,95;17,95
20041;5511;14/02/2022;6,50;6,50
20088;5511;14/02/2022;44,00;44,00
20131;5511;14/02/2022;14,50;14,50
30012;5511;14/02/2022;12,95;11,65
30077;5511;14/02/2022;42,00;42,00
30154;5511;14/02/2022;13,50;13,50
30209;5511;14/02/2022;29,95;29,95
99001;5511;14/02/2022;0,00;0,00
10023;9001;14/02/2022;9,50;9,50
10047;9001;14/02/2022;9,00;7,65
10112;9001;14/02/2022;16,95;16,95
10310;9001;14/02/2022;21,50;21,50
11020;9001;14/02/2022;14,95;14,95
11085;9001;14/02/2022;8,95;8,95
11142;9001;14/02/2022;19,95;19,95
12004;9001;14/02/2022;32,00;32,00
12066;9001;14/02/2022;48,50;48,50
12190;9001;14/02/2022;18,00;18,00
20015;9001;14/02/2022;17,95;17,95
20041;9001;14/02/2022;6,50;6,50
20088;9001;14/02/2022;44,00;44,00
20131;9001;14/02/2022;14,50;14,50
30012;9001;14/02/2022;12,95;11,65
30077;9001;14/02/2022;42,00;42,00
30154;9001;14/02/2022;13,50;13,50
30209;9001;14/02/2022;29,95;29,95
99001;9001;14/02/2022;0,00;0,00
12004;1101;21/02/2022;32,00;28,80
12004;1102;21/02/2022;32,00;28,80
12004;1103;21/02/2022;32,00;28,80
12004;1108;21/02/2022;32,00;28,80
12004;3104;21/02/2022;32,00;28,80
12004;3117;21/02/2022;32,00;28,80
12004;3122;21/02/2022;32,00;28,80
12004;4201;21/02/2022;32,00;28,80
12004;4205;21/02/2022;32,00;28,80
12004;4218;21/02/2022;32,00;28,80
12004;5502;21/02/2022;32,00;28,80
12004;5511;21/02/2022;32,00;28,80
12004;9001;21/02/2022;32,00;28,80
10023;1101;28/02/2022;9,50;9,50
10047;1101;28/02/2022;9,00;9,00
10112;1101;28/02/2022;16,95;16,95
10310;1101;28/02/2022;21,50;16,12
11020;1101;28/02/2022;14,95;14,95
11085;1101;28/02/2022;8,95;8,95
11142;1101;28/02/2022;19,95;19,95
12004;1101;28/02/2022;32,00;32,00
12066;1101;28/02/2022;48,50;48,50
12190;1101;28/02/2022;18,00;18,00
20015;1101;28/02/2022;17,95;17,95
20041;1101;28/02/2022;6,50;6,50
20088;1101;28/02/2022;44,00;44,00
20131;1101;28/02/2022;14,50;14,50
30012;1101;28/02/2022;12,95;12,95
30077;1101;28/02/2022;42,00;42,00
30154;1101;28/02/2022;13,50;13,50
30209;1101;28/02/2022;29,95;29,95
10023;1102;28/02/2022;9,50;9,50
10047;1102;28/02/2022;9,00;9,00
10112;1102;28/02/2022;16,95;16,95
10310;1102;28/02/2022;21,50;16,12
11020;1102;28/02/2022;14,95;14,95
11085;1102;28/02/2022;8,95;8,95
11142;1102;28/02/2022;19,95;19,95
12004;1102;28/02/2022;32,00;32,00
12066;1102;28/02/2022;48,50;48,50
12190;1102;28/02/2022;18,00;18,00
20015;1102;28/02/2022;17,95;17,95
20041;1102;28/02/2022;6,50;6,50
20088;1102;28/02/2022;44,00;44,00
20131;1102;28/02/2022;14,50;14,50
30012;1102;28/02/2022;12,95;12,95
30077;1102;28/02/2022;42,00;42,00
30154;1102;28/02/2022;13,50;13,50
30209;1102;28/02/2022;29,95;29,95
10023;1103;28/02/2022;9,50;9,50
10047;1103;28/02/2022;9,00;9,00
10112;1103;28/02/2022;16,95;16,95
10310;1103;28/02/2022;21,50;16,12
11020;1103;28/02/2022;14,95;14,95
11085;1103;28/02/2022;8,95;8,95
11142;1103;28/02/2022;19,95;19,95
12004;1103;28/02/2022;32,00;32,00
12066;1103;28/02/2022;48,50;48,50
12190;1103;28/02/2022;18,00;18,00
20015;1103;28/02/2022;17,95;17,95
20041;1103;28/02/2022;6,50;6,50
20088;1103;28/02/2022;44,00;44,00
20131;1103;28/02/2022;14,50;14,50
30012;1103;28/02/2022;12,95;12,95
30077;1103;28/02/2022;42,00;42,00
30154;1103;28/02/2022;13,50;13,50
30209;1103;28/02/2022;29,95;29,95
10023;1108;28/02/2022;9,50;9,50
10047;1108;28/02/2022;9,00;9,00
10112;1108;28/02/2022;16,95;16,95
10310;1108;28/02/2022;21,50;16,12
11020;1108;28/02/2022;14,95;14,95
11085;1108;28/02/2022;8,95;8,95
11142;1108;28/02/2022;19,95;19,95
12004;1108;28/02/2022;32,00;32,00
12066;1108;28/02/2022;48,50;48,50
12190;1108;28/02/2022;18,00;18,00
20015;1108;28/02/2022;17,95;17,95
20041;1108;28/02/2022;6,50;6,50
20088;1108;28/02/2022;44,00;44,00
20131;1108;28/02/2022;14,50;14,50
30012;1108;28/02/2022;12,95;12,95
30077;1108;28/02/2022;42,00;42,00
30154;1108;28/02/2022;13,50;13,50
30209;1108;28/02/2022;29,95;29,95
99001;1108;28/02/2022;0,00;0,00
10023;3104;28/02/2022;9,50;9,50
10047;3104;28/02/2022;9,00;9,00
10112;3104;28/02/2022;16,95;16,95
10310;3104;28/02/2022;21,50;16,12
11020;3104;28/02/2022;14,95;14,95
11085;3104;28/02/2022;8,95;8,95
11142;3104;28/02/2022;19,95;19,95
12004;3104;28/02/2022;32,00;32,00
12066;3104;28/02/2022;48,50;48,50
12190;3104;28/02/2022;18,00;18,00
20015;3104;28/02/2022;17,95;17,95
20041;3104;28/02/2022;6,50;6,50
20088;3104;28/02/2022;44,00;44,00
20131;3104;28/02/2022;14,50;14,50
30012;3104;28/02/2022;12,95;12,95
30077;3104;28/02/2022;42,00;42,00
30154;3104;28/02/2022;13,50;13,50
30209;3104;28/02/2022;29,95;29,95
10023;3117;28/02/2022;9,50;9,50
10047;3117;28/02/2022;9,00;9,00
10112;3117;28/02/2022;16,95;16,95
10310;3117;28/02/2022;21,50;16,12
11020;3117;28/02/2022;14,95;14,95
11085;3117;28/02/2022;8,95;8,95
11142;3117;28/02/2022;19,95;19,95
12004;3117;28/02/2022;32,00;32,00
12066;3117;28/02/2022;48,50;48,50
12190;3117;28/02/2022;18,00;18,00
20015;3117;28/02/2022;17,95;17,95
20041;3117;28/02/2022;6,50;6,50
20088;3117;28/02/2022;44,00;44,00
20131;3117;28/02/2022;14,50;14,50
30012;3117;28/02/2022;12,95;12,95
30077;3117;28/02/2022;42,00;42,00
30154;3117;28/02/2022;13,50;13,50
30209;3117;28/02/2022;29,95;29,95
10023;3122;28/02/2022;9,50;9,50
10047;3122;28/02/2022;9,00;9,00
10112;3122;28/02/2022;16,95;16,95
10310;3122;28/02/2022;21,50;16,12
11020;3122;28/02/2022;14,95;14,95
11085;3122;28/02/2022;8,95;8,95
11142;3122;28/02/2022;19,95;19,95
12004;3122;28/02/2022;32,00;32,00
12066;3122;28/02/2022;48,50;48,50
12190;3122;28/02/2022;18,00;18,00
20015;3122;28/02/2022;17,95;17,95
20041;3122;28/02/2022;6,50;6,50
20088;3122;28/02/2022;44,00;44,00
20131;3122;28/02/2022;14,50;14,50
30012;3122;28/02/2022;12,95;12,95
30077;3122;28/02/2022;42,00;42,00
30154;3122;28/02/2022;13,50;13,50
30209;3122;28/02/2022;29,95;29,95
10023;4201;28/02/2022;9,50;9,50
10047;4201;28/02/2022;9,00;9,00
10112;4201;28/02/2022;16,95;16,95
10310;4201;28/02/2022;21,50;16,12
11020;4201;28/02/2022;14,95;14,95
11085;4201;28/02/2022;8,95;7,16
11142;4201;28/02/2022;19,95;19,95
12004;4201;28/02/2022;32,00;32,00
12066;4201;28/02/2022;48,50;48,50
12190;4201;28/02/2022;18,00;18,00
20015;4201;28/02/2022;17,95;17,95
20041;4201;28/02/2022;6,50;6,50
20088;4201;28/02/2022;44,00;44,00
20131;4201;28/02/2022;14,50;14,50
30012;4201;28/02/2022;12,95;12,95
30077;4201;28/02/2022;42,00;42,00
30154;4201;28/02/2022;13,50;13,50
30209;4201;28/02/2022;29,95;29,95
10023;4205;28/02/2022;9,50;9,50
10047;4205;28/02/2022;9,00;9,00
10112;4205;28/02/2022;16,95;16,95
10310;4205;28/02/2022;21,50;16,12
11020;4205;28/02/2022;14,95;14,95
11085;4205;28/02/2022;8,95;7,16
11142;4205;28/02/2022;19,95;19,95
12004;4205;28/02/2022;32,00;32,00
12066;4205;28/02/2022;48,50;48,50
12190;4205;28/02/2022;18,00;18,00
20015;4205;28/02/2022;17,95;17,95
20041;4205;28/02/2022;6,50;6,50
20088;4205;28/02/2022;44,00;44,00
20131;4205;28/02/2022;14,50;14,50
30012;4205;28/02/2022;12,95;12,95
30077;4205;28/02/2022;42,00;42,00
30154;4205;28/02/2022;13,50;13,50
30209;4205;28/02/2022;29,95;29,95
99001;4205;28/02/2022;0,00;0,00
10023;4218;28/02/2022;9,50;9,50
10047;4218;28/02/2022;9,00;9,00
10112;4218;28/02/2022;16,95;16,95
10310;4218;28/02/2022;21,50;16,12
11020;4218;28/02/2022;14,95;14,95
11085;4218;28/02/2022;8,95;7,16
11142;4218;28/02/2022;19,95;19,95
12004;4218;28/02/2022;32,00;32,00
12066;4218;28/02/2022;48,50;48,50
12190;4218;28/02/2022;18,00;18,00
20015;4218;28/02/2022;17,95;17,95
20041;4218;28/02/2022;6,50;6,50
20088;4218;28/02/2022;44,00;44,00
20131;4218;28/02/2022;14,50;14,50
30012;4218;28/02/2022;12,95;12,95
30077;4218;28/02/2022;42,00;42,00
30154;4218;28/02/2022;13,50;13,50
30209;4218;28/02/2022;29,95;29,95
10023;5502;28/02/2022;9,50;9,50
10047;5502;28/02/2022;9,00;9,00
10112;5502;28/02/2022;16,95;16,95
10310;5502;28/02/2022;21,50;16,12
11020;5502;28/02/2022;14,95;14,95
11085;5502;28/02/2022;8,95;7,16
11142;5502;28/02/2022;19,95;19,95
12004;5502;28/02/2022;32,00;32,00
12066;5502;28/02/2022;48,50;48,50
12190;5502;28/02/2022;18,00;18,00
20015;5502;28/02/2022;17,95;17,95
20041;5502;28/02/2022;6,50;6,50
20088;5502;28/02/2022;44,00;44,00
20131;5502;28/02/2022;14,50;14,50
30012;5502;28/02/2022;12,95;12,95
30077;5502;28/02/2022;42,00;42,00
30154;5502;28/02/2022;13,50;13,50
30209;5502;28/02/2022;29,95;29,95
10023;5511;28/02/2022;9,50;9,50
10047;5511;28/02/2022;9,00;9,00
10112;5511;28/02/2022;16,95;16,95
10310;5511;28/02/2022;21,50;16,12
11020;5511;28/02/2022;14,95;14,95
11085;5511;28/02/2022;8,95;7,16
11142;5511;28/02/2022;19,95;19,95
12004;5511;28/02/2022;32,00;32,00
12066;5511;28/02/2022;48,50;48,50
12190;5511;28/02/2022;18,00;18,00
20015;5511;28/02/2022;17,95;17,95
20041;5511;28/02/2022;6,50;6,50
20088;5511;28/02/2022;44,00;44,00
20131;5511;28/02/2022;14,50;14,50
30012;5511;28/02/2022;12,95;12,95
30077;5511;28/02/2022;42,00;42,00
30154;5511;28/02/2022;13,50;13,50
30209;5511;28/02/2022;29,95;29,95
10023;9001;28/02/2022;9,50;9,50
10047;9001;28/02/2022;9,00;9,00
10112;9001;28/02/2022;16,95;16,95
10310;9001;28/02/2022;21,50;16,12
11020;9001;28/02/2022;14,95;14,95
11085;9001;28/02/2022;8,95;8,95
11142;9001;28/02/2022;19,95;19,95
12004;9001;28/02/2022;32,00;32,00
12066;9001;28/02/2022;48,50;48,50
12190;9001;28/02/2022;18,00;18,00
20015;9001;28/02/2022;17,95;17,95
20041;9001;28/02/2022;6,50;6,50
20088;9001;28/02/2022;44,00;44,00
20131;9001;28/02/2022;14,50;14,50
30012;9001;28/02/2022;12,95;12,95
30077;9001;28/02/2022;42,00;42,00
30154;9001;28/02/2022;13,50;13,50
30209;9001;28/02/2022;29,95;29,95
20131;1101;07/03/2022;14,50;13,05
20131;1102;07/03/2022;14,50;13,05
20131;1103;07/03/2022;14,50;13,05
20131;1108;07/03/2022;14,50;13,05
11142;4201;07/03/2022;19,95;17,95
20131;4201;07/03/2022;14,50;13,05
30154;4201;07/03/2022;13,50;10,80
11142;4205;07/03/2022;19,95;17,95
20131;4205;07/03/2022;14,50;13,05
30154;4205;07/03/2022;13,50;10,80
11142;4218;07/03/2022;19,95;17,95
20131;4218;07/03/2022;14,50;13,05
30154;4218;07/03/2022;13,50;10,80
11142;5502;07/03/2022;19,95;17,95
30154;5502;07/03/2022;13,50;10,80
11142;5511;07/03/2022;19,95;17,95
30154;5511;07/03/2022;13,50;10,80
20131;1199;07/03/2022;14,50;13,05
10023;1101;14/03/2022;9,50;9,50
10047;1101;14/03/2022;9,00;9,00
10112;1101;14/03/2022;16,95;16,95
10310;1101;14/03/2022;21,50;21,50
11020;1101;14/03/2022;14,95;14,95
11085;1101;14/03/2022;8,95;8,95
11142;1101;14/03/2022;19,95;19,95
12004;1101;14/03/2022;32,00;32,00
12066;1101;14/03/2022;48,50;48,50
12190;1101;14/03/2022;18,00;18,00
20015;1101;14/03/2022;17,95;17,95
20041;1101;14/03/2022;6,50;6,50
20088;1101;14/03/2022;44,00;44,00
20131;1101;14/03/2022;14,50;14,50
30012;1101;14/03/2022;12,95;12,95
30077;1101;14/03/2022;42,00;42,00
30154;1101;14/03/2022;13,50;13,50
30209;1101;14/03/2022;29,95;29,95
10023;1102;14/03/2022;9,50;9,50
10047;1102;14/03/2022;9,00;9,00
10112;1102;14/03/2022;16,95;16,95
10310;1102;14/03/2022;21,50;21,50
11020;1102;14/03/2022;14,95;14,95
11085;1102;14/03/2022;8,95;8,95
11142;1102;14/03/2022;19,95;19,95
12004;1102;14/03/2022;32,00;32,00
12066;1102;14/03/2022;48,50;48,50
12190;1102;14/03/2022;18,00;18,00
20015;1102;14/03/2022;17,95;17,95
20041;1102;14/03/2022;6,50;6,50
20088;1102;14/03/2022;44,00;44,00
20131;1102;14/03/2022;14,50;14,50
30012;1102;14/03/2022;12,95;12,95
30077;1102;14/03/2022;42,00;42,00
30154;1102;14/03/2022;13,50;13,50
30209;1102;14/03/2022;29,95;29,95
10023;1103;14/03/2022;9,50;9,50
10047;1103;14/03/2022;9,00;9,00
10112;1103;14/03/2022;16,95;16,95
10310;1103;14/03/2022;21,50;21,50
11020;1103;14/03/2022;14,95;14,95
11085;1103;14/03/2022;8,95;8,95
11142;1103;14/03/2022;19,95;19,95
12004;1103;14/03/2022;32,00;32,00
12066;1103;14/03/2022;48,50;48,50
12190;1103;14/03/2022;18,00;18,00
20015;1103;14/03/2022;17,95;17,95
20041;1103;14/03/2022;6,50;6,50
20088;1103;14/03/2022;44,00;44,00
20131;1103;14/03/2022;14,50;14,50
30012;1103;14/03/2022;12,95;12,95
30077;1103;14/03/2022;42,00;42,00
30154;1103;14/03/2022;13,50;13,50
30209;1103;14/03/2022;29,95;29,95
10023;1108;14/03/2022;9,50;9,50
10047;1108;14/03/2022;9,00;9,00
10112;1108;14/03/2022;16,95;16,95
10310;1108;14/03/2022;21,50;21,50
11020;1108;14/03/2022;14,95;14,95
11085;1108;14/03/2022;8,95;8,95
11142;1108;14/03/2022;19,95;19,95
12004;1108;14/03/2022;32,00;32,00
12066;1108;14/03/2022;48,50;48,50
12190;1108;14/03/2022;18,00;18,00
20015;1108;14/03/2022;17,95;17,95
20041;1108;14/03/2022;6,50;6,50
20088;1108;14/03/2022;44,00;44,00
20131;1108;14/03/2022;14,50;14,50
30012;1108;14/03/2022;12,95;12,95
30077;1108;14/03/2022;42,00;42,00
30154;1108;14/03/2022;13,50;13,50
30209;1108;14/03/2022;29,95;29,95
10023;3104;14/03/2022;9,50;9,50
10047;3104;14/03/2022;9,00;9,00
10112;3104;14/03/2022;16,95;16,95
10310;3104;14/03/2022;21,50;21,50
11020;3104;14/03/2022;14,95;14,95
11085;3104;14/03/2022;8,95;8,95
11142;3104;14/03/2022;19,95;19,95
12004;3104;14/03/2022;32,00;32,00
12066;3104;14/03/2022;48,50;48,50
12190;3104;14/03/2022;18,00;18,00
20015;3104;14/03/2022;17,95;17,95
20041;3104;14/03/2022;6,50;6,50
20088;3104;14/03/2022;44,00;44,00
20131;3104;14/03/2022;14,50;14,50
30012;3104;14/03/2022;12,95;12,95
30077;3104;14/03/2022;42,00;42,00
30154;3104;14/03/2022;13,50;13,50
30209;3104;14/03/2022;29,95;29,95
10023;3117;14/03/2022;9,50;9,50
10047;3117;14/03/2022;9,00;9,00
10112;3117;14/03/2022;16,95;16,95
10310;3117;14/03/2022;21,50;21,50
11020;3117;14/03/2022;14,95;14,95
11085;3117;14/03/2022;8,95;8,95
11142;3117;14/03/2022;19,95;19,95
12004;3117;14/03/2022;32,00;32,00
12066;3117;14/03/2022;48,50;48,50
12190;3117;14/03/2022;18,00;18,00
20015;3117;14/03/2022;17,95;17,95
20041;3117;14/03/2022;6,50;6,50
20088;3117;14/03/2022;44,00;44,00
20131;3117;14/03/2022;14,50;14,50
30012;3117;14/03/2022;12,95;12,95
30077;3117;14/03/2022;42,00;42,00
30154;3117;14/03/2022;13,50;13,50
30209;3117;14/03/2022;29,95;29,95
10023;3122;14/03/2022;9,50;9,50
10047;3122;14/03/2022;9,00;9,00
10112;3122;14/03/2022;16,95;16,95
10310;3122;14/03/2022;21,50;21,50
11020;3122;14/03/2022;14,95;14,95
11085;3122;14/03/2022;8,95;8,95
11142;3122;14/03/2022;19,95;19,95
12004;3122;14/03/2022;32,00;32,00
12066;3122;14/03/2022;48,50;48,50
12190;3122;14/03/2022;18,00;18,00
20015;3122;14/03/2022;17,95;17,95
20041;3122;14/03/2022;6,50;6,50
20088;3122;14/03/2022;44,00;44,00
20131;3122;14/03/2022;14,50;14,50
30012;3122;14/03/2022;12,95;12,95
30077;3122;14/03/2022;42,00;42,00
30154;3122;14/03/2022;13,50;13,50
30209;3122;14/03/2022;29,95;29,95
10023;4201;14/03/2022;9,50;9,50
10047;4201;14/03/2022;9,00;9,00
10112;4201;14/03/2022;16,95;16,95
10310;4201;14/03/2022;21,50;21,50
11020;4201;14/03/2022;14,95;14,95
11085;4201;14/03/2022;8,95;8,95
11142;4201;14/03/2022;19,95;19,95
12004;4201;14/03/2022;32,00;32,00
12066;4201;14/03/2022;48,50;48,50
12190;4201;14/03/2022;18,00;18,00
20015;4201;14/03/2022;17,95;17,95
20041;4201;14/03/2022;6,50;6,50
20088;4201;14/03/2022;44,00;44,00
20131;4201;14/03/2022;14,50;14,50
30012;4201;14/03/2022;12,95;11,65
30077;4201;14/03/2022;42,00;42,00
30154;4201;14/03/2022;13,50;13,50
30209;4201;14/03/2022;29,95;29,95
10023;4205;14/03/2022;9,50;9,50
10047;4205;14/03/2022;9,00;9,00
10112;4205;14/03/2022;16,95;16,95
10310;4205;14/03/2022;21,50;21,50
11020;4205;14/03/2022;14,95;14,95
11085;4205;14/03/2022;8,95;8,95
11142;4205;14/03/2022;19,95;19,95
12004;4205;14/03/2022;32,00;32,00
12066;4205;14/03/2022;48,50;48,50
12190;4205;14/03/2022;18,00;18,00
20015;4205;14/03/2022;17,95;17,95
20041;4205;14/03/2022;6,50;6,50
20088;4205;14/03/2022;44,00;44,00
20131;4205;14/03/2022;14,50;14,50
30012;4205;14/03/2022;12,95;11,65
30077;4205;14/03/2022;42,00;42,00
30154;4205;14/03/2022;13,50;13,50
30209;4205;14/03/2022;29,95;29,95
10023;4218;14/03/2022;9,50;9,50
10047;4218;14/03/2022;9,00;9,00
10112;4218;14/03/2022;16,95;16,95
10310;4218;14/03/2022;21,50;21,50
11020;4218;14/03/2022;14,95;14,95
11085;4218;14/03/2022;8,95;8,95
11142;4218;14/03/2022;19,95;19,95
12004;4218;14/03/2022;32,00;32,00
12066;4218;14/03/2022;48,50;48,50
12190;4218;14/03/2022;18,00;18,00
20015;4218;14/03/2022;17,95;17,95
20041;4218;14/03/2022;6,50;6,50
20088;4218;14/03/2022;44,00;44,00
20131;4218;14/03/2022;14,50;14,50
30012;4218;14/03/2022;12,95;11,65
30077;4218;14/03/2022;42,00;42,00
30154;4218;14/03/2022;13,50;13,50
30209;4218;14/03/2022;29,95;29,95
10023;5502;14/03/2022;9,50;9,50
10047;5502;14/03/2022;9,00;9,00
10112;5502;14/03/2022;16,95;16,95
10310;5502;14/03/2022;21,50;21,50
11020;5502;14/03/2022;14,95;14,95
11085;5502;14/03/2022;8,95;8,95
11142;5502;14/03/2022;19,95;19,95
12004;5502;14/03/2022;32,00;32,00
12066;5502;14/03/2022;48,50;48,50
12190;5502;14/03/2022;18,00;18,00
20015;5502;14/03/2022;17,95;17,95
20041;5502;14/03/2022;6,50;6,50
20088;5502;14/03/2022;44,00;44,00
20131;5502;14/03/2022;14,50;14,50
30012;5502;14/03/2022;12,95;11,65
30077;5502;14/03/2022;42,00;42,00
30154;5502;14/03/2022;13,50;13,50
30209;5502;14/03/2022;29,95;29,95
10023;5511;14/03/2022;9,50;9,50
10047;5511;14/03/2022;9,00;9,00
10112;5511;14/03/2022;16,95;16,95
10310;5511;14/03/2022;21,50;21,50
11020;5511;14/03/2022;14,95;14,95
11085;5511;14/03/2022;8,95;8,95
11142;5511;14/03/2022;19,95;19,95
12004;5511;14/03/2022;32,00;32,00
12066;5511;14/03/2022;48,50;48,50
12190;5511;14/03/2022;18,00;18,00
20015;5511;14/03/2022;17,95;17,95
20041;5511;14/03/2022;6,50;6,50
20088;5511;14/03/2022;44,00;44,00
20131;5511;14/03/2022;14,50;14,50
30012;5511;14/03/2022;12,95;11,65
30077;5511;14/03/2022;42,00;42,00
30154;5511;14/03/2022;13,50;13,50
30209;5511;14/03/2022;29,95;29,95
10023;9001;14/03/2022;9,50;9,50
10047;9001;14/03/2022;9,00;9,00
10112;9001;14/03/2022;16,95;16,95
10310;9001;14/03/2022;21,50;21,50
11020;9001;14/03/2022;14,95;14,95
11085;9001;14/03/2022;8,95;8,95
11142;9001;14/03/2022;19,95;19,95
12004;9001;14/03/2022;32,00;32,00
12066;9001;14/03/2022;48,50;48,50
12190;9001;14/03/2022;18,00;18,00
20015;9001;14/03/2022;17,95;17,95
20041;9001;14/03/2022;6,50;6,50
20088;9001;14/03/2022;44,00;44,00
20131;9001;14/03/2022;14,50;14,50
30012;9001;14/03/2022;12,95;12,95
30077;9001;14/03/2022;42,00;42,00
30154;9001;14/03/2022;13,50;13,50
30209;9001;14/03/2022;29,95;29,95
99001;9001;14/03/2022;0,00;0,00
12004;1101;21/03/2022;32,00;27,20
12004;1102;21/03/2022;32,00;27,20
12004;1103;21/03/2022;32,00;27,20
12004;1108;21/03/2022;32,00;27,20
12004;4201;21/03/2022;32,00;27,20
12004;4205;21/03/2022;32,00;27,20
12004;4218;21/03/2022;32,00;27,20
12004;1199;21/03/2022;32,00;27,20
10023;1101;28/03/2022;9,50;9,50
10047;1101;28/03/2022;9,00;9,00
10112;1101;28/03/2022;16,95;16,95
10310;1101;28/03/2022;21,50;21,50
11020;1101;28/03/2022;14,95;14,95
11085;1101;28/03/2022;8,95;8,95
11142;1101;28/03/2022;19,95;19,95
12004;1101;28/03/2022;32,00;32,00
12066;1101;28/03/2022;48,50;32,49
12190;1101;28/03/2022;18,00;18,00
20015;1101;28/03/2022;17,95;17,95
20041;1101;28/03/2022;6,50;6,50
20088;1101;28/03/2022;44,00;44,00
20131;1101;28/03/2022;14,50;14,50
30012;1101;28/03/2022;12,95;12,95
30077;1101;28/03/2022;42,00;42,00
30154;1101;28/03/2022;13,50;10,80
30209;1101;28/03/2022;29,95;29,95
10023;1102;28/03/2022;9,50;9,50
10047;1102;28/03/2022;9,00;9,00
10112;1102;28/03/2022;16,95;16,95
10310;1102;28/03/2022;21,50;21,50
11020;1102;28/03/2022;14,95;14,95
11085;1102;28/03/2022;8,95;8,95
11142;1102;28/03/2022;19,95;19,95
12004;1102;28/03/2022;32,00;32,00
12066;1102;28/03/2022;48,50;32,49
12190;1102;28/03/2022;18,00;18,00
20015;1102;28/03/2022;17,95;17,95
20041;1102;28/03/2022;6,50;6,50
20088;1102;28/03/2022;44,00;44,00
20131;1102;28/03/2022;14,50;14,50
30012;1102;28/03/2022;12,95;12,95
30077;1102;28/03/2022;42,00;42,00
30154;1102;28/03/2022;13,50;10,80
30209;1102;28/03/2022;29,95;29,95
10023;1103;28/03/2022;9,50;9,50
10047;1103;28/03/2022;9,00;9,00
10112;1103;28/03/2022;16,95;16,95
10310;1103;28/03/2022;21,50;21,50
11020;1103;28/03/2022;14,95;14,95
11085;1103;28/03/2022;8,95;8,95
11142;1103;28/03/2022;19,95;19,95
12004;1103;28/03/2022;32,00;32,00
12066;1103;28/03/2022;48,50;32,49
12190;1103;28/03/2022;18,00;18,00
20015;1103;28/03/2022;17,95;17,95
20041;1103;28/03/2022;6,50;6,50
20088;1103;28/03/2022;44,00;44,00
20131;1103;28/03/2022;14,50;14,50
30012;1103;28/03/2022;12,95;12,95
30077;1103;28/03/2022;42,00;42,00
30154;1103;28/03/2022;13,50;10,80
30209;1103;28/03/2022;29,95;29,95
99001;1103;28/03/2022;0,00;0,00
10023;1108;28/03/2022;9,50;9,50
10047;1108;28/03/2022;9,00;9,00
10112;1108;28/03/2022;16,95;16,95
10310;1108;28/03/2022;21,50;21,50
11020;1108;28/03/2022;14,95;14,95
11085;1108;28/03/2022;8,95;8,95
11142;1108;28/03/2022;19,95;19,95
12004;1108;28/03/2022;32,00;32,00
12066;1108;28/03/2022;48,50;32,49
12190;1108;28/03/2022;18,00;18,00
20015;1108;28/03/2022;17,95;17,95
20041;1108;28/03/2022;6,50;6,50
20088;1108;28/03/2022;44,00;44,00
20131;1108;28/03/2022;14,50;14,50
30012;1108;28/03/2022;12,95;12,95
30077;1108;28/03/2022;42,00;42,00
30154;1108;28/03/2022;13,50;10,80
30209;1108;28/03/2022;29,95;29,95
10023;3104;28/03/2022;9,50;9,50
10047;3104;28/03/2022;9,00;9,00
10112;3104;28/03/2022;16,95;16,95
10310;3104;28/03/2022;21,50;21,50
11020;3104;28/03/2022;14,95;14,95
11085;3104;28/03/2022;8,95;8,95
11142;3104;28/03/2022;19,95;19,95
12004;3104;28/03/2022;32,00;32,00
12066;3104;28/03/2022;48,50;32,49
12190;3104;28/03/2022;18,00;18,00
20015;3104;28/03/2022;17,95;17,95
20041;3104;28/03/2022;6,50;6,50
20088;3104;28/03/2022;44,00;44,00
20131;3104;28/03/2022;14,50;14,50
30012;3104;28/03/2022;12,95;12,95
30077;3104;28/03/2022;42,00;42,00
30154;3104;28/03/2022;13,50;13,50
30209;3104;28/03/2022;29,95;29,95
99001;3104;28/03/2022;0,00;0,00
10023;3117;28/03/2022;9,50;9,50
10047;3117;28/03/2022;9,00;9,00
10112;3117;28/03/2022;16,95;16,95
10310;3117;28/03/2022;21,50;21,50
11020;3117;28/03/2022;14,95;14,95
11085;3117;28/03/2022;8,95;8,95
11142;3117;28/03/2022;19,95;19,95
12004;3117;28/03/2022;32,00;32,00
12066;3117;28/03/2022;48,50;32,49
12190;3117;28/03/2022;18,00;18,00
20015;3117;28/03/2022;17,95;17,95
20041;3117;28/03/2022;6,50;6,50
20088;3117;28/03/2022;44,00;44,00
20131;3117;28/03/2022;14,50;14,50
30012;3117;28/03/2022;12,95;12,95
30077;3117;28/03/2022;42,00;42,00
30154;3117;28/03/2022;13,50;13,50
30209;3117;28/03/2022;29,95;29,95
10023;3122;28/03/2022;9,50;9,50
10047;3122;28/03/2022;9,00;9,00
10112;3122;28/03/2022;16,95;16,95
10310;3122;28/03/2022;21,50;21,50
11020;3122;28/03/2022;14,95;14,95
11085;3122;28/03/2022;8,95;8,95
11142;3122;28/03/2022;19,95;19,95
12004;3122;28/03/2022;32,00;32,00
12066;3122;28/03/2022;48,50;32,49
12190;3122;28/03/2022;18,00;18,00
20015;3122;28/03/2022;17,95;17,95
20041;3122;28/03/2022;6,50;6,50
20088;3122;28/03/2022;44,00;44,00
20131;3122;28/03/2022;14,50;14,50
30012;3122;28/03/2022;12,95;12,95
30077;3122;28/03/2022;42,00;42,00
30154;3122;28/03/2022;13,50;13,50
30209;3122;28/03/2022;29,95;29,95
99001;3122;28/03/2022;0,00;0,00
10023;4201;28/03/2022;9,50;9,50
10047;4201;28/03/2022;9,00;9,00
10112;4201;28/03/2022;16,95;16,95
10310;4201;28/03/2022;21,50;21,50
11020;4201;28/03/2022;14,95;14,95
11085;4201;28/03/2022;8,95;8,95
11142;4201;28/03/2022;19,95;19,95
12004;4201;28/03/2022;32,00;32,00
12066;4201;28/03/2022;48,50;32,49
12190;4201;28/03/2022;18,00;18,00
20015;4201;28/03/2022;17,95;17,95
20041;4201;28/03/2022;6,50;6,50
20088;4201;28/03/2022;44,00;44,00
20131;4201;28/03/2022;14,50;14,50
30012;4201;28/03/2022;12,95;12,95
30077;4201;28/03/2022;42,00;42,00
30154;4201;28/03/2022;13,50;10,80
30209;4201;28/03/2022;29,95;29,95
99001;4201;28/03/2022;0,00;0,00
10023;4205;28/03/2022;9,50;9,50
10047;4205;28/03/2022;9,00;9,00
10112;4205;28/03/2022;16,95;16,95
10310;4205;28/03/2022;21,50;21,50
11020;4205;28/03/2022;14,95;14,95
11085;4205;28/03/2022;8,95;8,95
11142;4205;28/03/2022;19,95;19,95
12004;4205;28/03/2022;32,00;32,00
12066;4205;28/03/2022;48,50;32,49
12190;4205;28/03/2022;18,00;18,00
20015;4205;28/03/2022;17,95;17,95
20041;4205;28/03/2022;6,50;6,50
20088;4205;28/03/2022;44,00;44,00
20131;4205;28/03/2022;14,50;14,50
30012;4205;28/03/2022;12,95;12,95
30077;4205;28/03/2022;42,00;42,00
30154;4205;28/03/2022;13,50;10,80
30209;4205;28/03/2022;29,95;29,95
10023;4218;28/03/2022;9,50;9,50
10047;4218;28/03/2022;9,00;9,00
10112;4218;28/03/2022;16,95;16,95
10310;4218;28/03/2022;21,50;21,50
11020;4218;28/03/2022;14,95;14,95
11085;4218;28/03/2022;8,95;8,95
11142;4218;28/03/2022;19,95;19,95
12004;4218;28/03/2022;32,00;32,00
12066;4218;28/03/2022;48,50;32,49
12190;4218;28/03/2022;18,00;18,00
20015;4218;28/03/2022;17,95;17,95
20041;4218;28/03/2022;6,50;6,50
20088;4218;28/03/2022;44,00;44,00
20131;4218;28/03/2022;14,50;14,50
30012;4218;28/03/2022;12,95;12,95
30077;4218;28/03/2022;42,00;42,00
30154;4218;28/03/2022;13,50;10,80
30209;4218;28/03/2022;29,95;29,95
10023;5502;28/03/2022;9,50;9,50
10047;5502;28/03/2022;9,00;9,00
10112;5502;28/03/2022;16,95;16,95
10310;5502;28/03/2022;21,50;21,50
11020;5502;28/03/2022;14,95;14,95
11085;5502;28/03/2022;8,95;8,95
11142;5502;28/03/2022;19,95;19,95
12004;5502;28/03/2022;32,00;32,00
12066;5502;28/03/2022;48,50;32,49
12190;5502;28/03/2022;18,00;18,00
20015;5502;28/03/2022;17,95;17,95
20041;5502;28/03/2022;6,50;6,50
20088;5502;28/03/2022;44,00;44,00
20131;5502;28/03/2022;14,50;14,50
30012;5502;28/03/2022;12,95;12,95
30077;5502;28/03/2022;42,00;42,00
30154;5502;28/03/2022;13,50;13,50
30209;5502;28/03/2022;29,95;29,95
99001;5502;28/03/2022;0,00;0,00
10023;5511;28/03/2022;9,50;9,50
10047;5511;28/03/2022;9,00;9,00
10112;5511;28/03/2022;16,95;16,95
10310;5511;28/03/2022;21,50;21,50
11020;5511;28/03/2022;14,95;14,95
11085;5511;28/03/2022;8,95;8,95
11142;5511;28/03/2022;19,95;19,95
12004;5511;28/03/2022;32,00;32,00
12066;5511;28/03/2022;48,50;32,49
12190;5511;28/03/2022;18,00;18,00
20015;5511;28/03/2022;17,95;17,95
20041;5511;28/03/2022;6,50;6,50
20088;5511;28/03/2022;44,00;44,00
20131;5511;28/03/2022;14,50;14,50
30012;5511;28/03/2022;12,95;12,95
30077;5511;28/03/2022;42,00;42,00
30154;5511;28/03/2022;13,50;13,50
30209;5511;28/03/2022;29,95;29,95
10023;9001;28/03/2022;9,50;9,50
10047;9001;28/03/2022;9,00;9,00
10112;9001;28/03/2022;16,95;16,95
10310;9001;28/03/2022;21,50;21,50
11020;9001;28/03/2022;14,95;14,95
11085;9001;28/03/2022;8,95;8,95
11142;9001;28/03/2022;19,95;19,95
12004;9001;28/03/2022;32,00;32,00
12066;9001;28/03/2022;48,50;32,49
12190;9001;28/03/2022;18,00;18,00
20015;9001;28/03/2022;17,95;17,95
20041;9001;28/03/2022;6,50;6,50
20088;9001;28/03/2022;44,00;44,00
20131;9001;28/03/2022;14,50;14,50
30012;9001;28/03/2022;12,95;12,95
30077;9001;28/03/2022;42,00;42,00
30154;9001;28/03/2022;13,50;13,50
30209;9001;28/03/2022;29,95;29,95
99001;9001;28/03/2022;0,00;0,00
12066;1101;04/04/2022;48,50;32,49
20015;1101;04/04/2022;17,95;13,46
12066;1102;04/04/2022;48,50;32,49
20015;1102;04/04/2022;17,95;13,46
12066;1103;04/04/2022;48,50;32,49
20015;1103;04/04/2022;17,95;13,46
12066;1108;04/04/2022;48,50;32,49
20015;1108;04/04/2022;17,95;13,46
12066;4201;04/04/2022;48,50;32,49
20015;4201;04/04/2022;17,95;13,46
12066;4205;04/04/2022;48,50;32,49
20015;4205;04/04/2022;17,95;13,46
12066;4218;04/04/2022;48,50;32,49
20015;4218;04/04/2022;17,95;13,46
10023;1101;11/04/2022;9,50;9,50
10047;1101;11/04/2022;9,00;9,00
10112;1101;11/04/2022;16,95;16,95
10310;1101;11/04/2022;21,50;21,50
11020;1101;11/04/2022;14,95;14,95
11085;1101;11/04/2022;8,95;8,95
11142;1101;11/04/2022;19,95;19,95
12004;1101;11/04/2022;32,00;32,00
12066;1101;11/04/2022;48,50;48,50
12190;1101;11/04/2022;18,00;18,00
20015;1101;11/04/2022;17,95;17,95
20041;1101;11/04/2022;6,50;6,50
20088;1101;11/04/2022;44,00;44,00
20131;1101;11/04/2022;14,50;14,50
30012;1101;11/04/2022;12,95;12,95
30077;1101;11/04/2022;42,00;42,00
30154;1101;11/04/2022;13,50;9,04
30209;1101;11/04/2022;29,95;29,95
10023;1102;11/04/2022;9,50;9,50
10047;1102;11/04/2022;9,00;9,00
10112;1102;11/04/2022;16,95;16,95
10310;1102;11/04/2022;21,50;21,50
11020;1102;11/04/2022;14,95;14,95
11085;1102;11/04/2022;8,95;8,95
11142;1102;11/04/2022;19,95;19,95
12004;1102;11/04/2022;32,00;32,00
12066;1102;11/04/2022;48,50;48,50
12190;1102;11/04/2022;18,00;18,00
20015;1102;11/04/2022;17,95;17,95
20041;1102;11/04/2022;6,50;6,50
20088;1102;11/04/2022;44,00;44,00
20131;1102;11/04/2022;14,50;14,50
30012;1102;11/04/2022;12,95;12,95
30077;1102;11/04/2022;42,00;42,00
30154;1102;11/04/2022;13,50;9,04
30209;1102;11/04/2022;29,95;29,95
10023;1103;11/04/2022;9,50;9,50
10047;1103;11/04/2022;9,00;9,00
10112;1103;11/04/2022;16,95;16,95
10310;1103;11/04/2022;21,50;21,50
11020;1103;11/04/2022;14,95;14,95
11085;1103;11/04/2022;8,95;8,95
11142;1103;11/04/2022;19,95;19,95
12004;1103;11/04/2022;32,00;32,00
12066;1103;11/04/2022;48,50;48,50
12190;1103;11/04/2022;18,00;18,00
20015;1103;11/04/2022;17,95;17,95
20041;1103;11/04/2022;6,50;6,50
20088;1103;11/04/2022;44,00;44,00
20131;1103;11/04/2022;14,50;14,50
30012;1103;11/04/2022;12,95;12,95
30077;1103;11/04/2022;42,00;42,00
30154;1103;11/04/2022;13,50;9,04
30209;1103;11/04/2022;29,95;29,95
10023;1108;11/04/2022;9,50;9,50
10047;1108;11/04/2022;9,00;9,00
10112;1108;11/04/2022;16,95;16,95
10310;1108;11/04/2022;21,50;21,50
11020;1108;11/04/2022;14,95;14,95
11085;1108;11/04/2022;8,95;8,95
11142;1108;11/04/2022;19,95;19,95
12004;1108;11/04/2022;32,00;32,00
12066;1108;11/04/2022;48,50;48,50
12190;1108;11/04/2022;18,00;18,00
20015;1108;11/04/2022;17,95;17,95
20041;1108;11/04/2022;6,50;6,50
20088;1108;11/04/2022;44,00;44,00
20131;1108;11/04/2022;14,50;14,50
30012;1108;11/04/2022;12,95;12,95
30077;1108;11/04/2022;42,00;42,00
30154;1108;11/04/2022;13,50;9,04
30209;1108;11/04/2022;29,95;29,95
10023;3104;11/04/2022;9,50;9,50
10047;3104;11/04/2022;9,00;9,00
10112;3104;11/04/2022;16,95;16,95
10310;3104;11/04/2022;21,50;21,50
11020;3104;11/04/2022;14,95;14,95
11085;3104;11/04/2022;8,95;8,95
11142;3104;11/04/2022;19,95;19,95
12004;3104;11/04/2022;32,00;32,00
12066;3104;11/04/2022;48,50;48,50
12190;3104;11/04/2022;18,00;18,00
20015;3104;11/04/2022;17,95;17,95
20041;3104;11/04/2022;6,50;6,50
20088;3104;11/04/2022;44,00;44,00
20131;3104;11/04/2022;14,50;14,50
30012;3104;11/04/2022;12,95;12,95
30077;3104;11/04/2022;42,00;42,00
30154;3104;11/04/2022;13,50;9,04
30209;3104;11/04/2022;29,95;29,95
99001;3104;11/04/2022;0,00;0,00
10023;3117;11/04/2022;9,50;9,50
10047;3117;11/04/2022;9,00;9,00
10112;3117;11/04/2022;16,95;16,95
10310;3117;11/04/2022;21,50;21,50
11020;3117;11/04/2022;14,95;14,95
11085;3117;11/04/2022;8,95;8,95
11142;3117;11/04/2022;19,95;19,95
12004;3117;11/04/2022;32,00;32,00
12066;3117;11/04/2022;48,50;48,50
12190;3117;11/04/2022;18,00;18,00
20015;3117;11/04/2022;17,95;17,95
20041;3117;11/04/2022;6,50;6,50
20088;3117;11/04/2022;44,00;44,00
20131;3117;11/04/2022;14,50;14,50
30012;3117;11/04/2022;12,95;12,95
30077;3117;11/04/2022;42,00;42,00
30154;3117;11/04/2022;13,50;9,04
30209;3117;11/04/2022;29,95;29,95
10023;3122;11/04/2022;9,50;9,50
10047;3122;11/04/2022;9,00;9,00
10112;3122;11/04/2022;16,95;16,95
10310;3122;11/04/2022;21,50;21,50
11020;3122;11/04/2022;14,95;14,95
11085;3122;11/04/2022;8,95;8,95
11142;3122;11/04/2022;19,95;19,95
12004;3122;11/04/2022;32,00;32,00
12066;3122;11/04/2022;48,50;48,50
12190;3122;11/04/2022;18,00;18,00
20015;3122;11/04/2022;17,95;17,95
20041;3122;11/04/2022;6,50;6,50
20088;3122;11/04/2022;44,00;44,00
20131;3122;11/04/2022;14,50;14,50
30012;3122;11/04/2022;12,95;12,95
30077;3122;11/04/2022;42,00;42,00
30154;3122;11/04/2022;13,50;9,04
30209;3122;11/04/2022;29,95;29,95
10023;4201;11/04/2022;9,50;9,50
10047;4201;11/04/2022;9,00;9,00
10112;4201;11/04/2022;16,95;14,41
10310;4201;11/04/2022;21,50;21,50
11020;4201;11/04/2022;14,95;14,95
11085;4201;11/04/2022;8,95;8,95
11142;4201;11/04/2022;19,95;19,95
12004;4201;11/04/2022;32,00;32,00
12066;4201;11/04/2022;48,50;48,50
12190;4201;11/04/2022;18,00;18,00
20015;4201;11/04/2022;17,95;17,95
20041;4201;11/04/2022;6,50;6,50
20088;4201;11/04/2022;44,00;44,00
20131;4201;11/04/2022;14,50;14,50
30012;4201;11/04/2022;12,95;9,71
30077;4201;11/04/2022;42,00;35,70
30154;4201;11/04/2022;13,50;9,04
30209;4201;11/04/2022;29,95;29,95
10023;4205;11/04/2022;9,50;9,50
10047;4205;11/04/2022;9,00;9,00
10112;4205;11/04/2022;16,95;14,41
10310;4205;11/04/2022;21,50;21,50
11020;4205;11/04/2022;14,95;14,95
11085;4205;11/04/2022;8,95;8,95
11142;4205;11/04/2022;19,95;19,95
12004;4205;11/04/2022;32,00;32,00
12066;4205;11/04/2022;48,50;48,50
12190;4205;11/04/2022;18,00;18,00
20015;4205;11/04/2022;17,95;17,95
20041;4205;11/04/2022;6,50;6,50
20088;4205;11/04/2022;44,00;44,00
20131;4205;11/04/2022;14,50;14,50
30012;4205;11/04/2022;12,95;9,71
30077;4205;11/04/2022;42,00;35,70
30154;4205;11/04/2022;13,50;9,04
30209;4205;11/04/2022;29,95;29,95
10023;4218;11/04/2022;9,50;9,50
10047;4218;11/04/2022;9,00;9,00
10112;4218;11/04/2022;16,95;14,41
10310;4218;11/04/2022;21,50;21,50
11020;4218;11/04/2022;14,95;14,95
11085;4218;11/04/2022;8,95;8,95
11142;4218;11/04/2022;19,95;19,95
12004;4218;11/04/2022;32,00;32,00
12066;4218;11/04/2022;48,50;48,50
12190;4218;11/04/2022;18,00;18,00
20015;4218;11/04/2022;17,95;17,95
20041;4218;11/04/2022;6,50;6,50
20088;4218;11/04/2022;44,00;44,00
20131;4218;11/04/2022;14,50;14,50
30012;4218;11/04/2022;12,95;9,71
30077;4218;11/04/2022;42,00;35,70
30154;4218;11/04/2022;13,50;9,04
30209;4218;11/04/2022;29,95;29,95
10023;5502;11/04/2022;9,50;9,50
10047;5502;11/04/2022;9,00;9,00
10112;5502;11/04/2022;16,95;14,41
10310;5502;11/04/2022;21,50;21,50
11020;5502;11/04/2022;14,95;14,95
11085;5502;11/04/2022;8,95;8,95
11142;5502;11/04/2022;19,95;19,95
12004;5502;11/04/2022;32,00;32,00
12066;5502;11/04/2022;48,50;48,50
12190;5502;11/04/2022;18,00;18,00
20015;5502;11/04/2022;17,95;17,95
20041;5502;11/04/2022;6,50;6,50
20088;5502;11/04/2022;44,00;44,00
20131;5502;11/04/2022;14,50;14,50
30012;5502;11/04/2022;12,95;9,71
30077;5502;11/04/2022;42,00;35,70
30154;5502;11/04/2022;13,50;9,04
30209;5502;11/04/2022;29,95;29,95
10023;5511;11/04/2022;9,50;9,50
10047;5511;11/04/2022;9,00;9,00
10112;5511;11/04/2022;16,95;14,41
10310;5511;11/04/2022;21,50;21,50
11020;5511;11/04/2022;14,95;14,95
11085;5511;11/04/2022;8,95;8,95
11142;5511;11/04/2022;19,95;19,95
12004;5511;11/04/2022;32,00;32,00
12066;5511;11/04/2022;48,50;48,50
12190;5511;11/04/2022;18,00;18,00
20015;5511;11/04/2022;17,95;17,95
20041;5511;11/04/2022;6,50;6,50
20088;5511;11/04/2022;44,00;44,00
20131;5511;11/04/2022;14,50;14,50
30012;5511;11/04/2022;12,95;9,71
30077;5511;11/04/2022;42,00;35,70
30154;5511;11/04/2022;13,50;9,04
30209;5511;11/04/2022;29,95;29,95
10023;9001;11/04/2022;9,50;9,50
10047;9001;11/04/2022;9,00;9,00
10112;9001;11/04/2022;16,95;16,95
10310;9001;11/04/2022;21,50;21,50
11020;9001;11/04/2022;14,95;14,95
11085;9001;11/04/2022;8,95;8,95
11142;9001;11/04/2022;19,95;19,95
12004;9001;11/04/2022;32,00;32,00
12066;9001;11/04/2022;48,50;48,50
12190;9001;11/04/2022;18,00;18,00
20015;9001;11/04/2022;17,95;17,95
20041;9001;11/04/2022;6,50;6,50
20088;9001;11/04/2022;44,00;44,00
20131;9001;11/04/2022;14,50;14,50
30012;9001;11/04/2022;12,95;12,95
30077;9001;11/04/2022;42,00;42,00
30154;9001;11/04/2022;13,50;9,04
30209;9001;11/04/2022;29,95;29,95
99001;9001;11/04/2022;0,00;0,00
12066;1101;18/04/2022;48,50;41,23
20088;1101;18/04/2022;44,00;37,40
30077;1101;18/04/2022;42,00;35,70
12066;1102;18/04/2022;48,50;41,23
20088;1102;18/04/2022;44,00;37,40
30077;1102;18/04/2022;42,00;35,70
12066;1103;18/04/2022;48,50;41,23
20088;1103;18/04/2022;44,00;37,40
30077;1103;18/04/2022;42,00;35,70
12066;1108;18/04/2022;48,50;41,23
20088;1108;18/04/2022;44,00;37,40
30077;1108;18/04/2022;42,00;35,70
12066;3104;18/04/2022;48,50;41,23
30077;3104;18/04/2022;42,00;35,70
12066;3117;18/04/2022;48,50;41,23
30077;3117;18/04/2022;42,00;35,70
12066;3122;18/04/2022;48,50;41,23
30077;3122;18/04/2022;42,00;35,70
12066;4201;18/04/2022;48,50;41,23
20088;4201;18/04/2022;44,00;37,40
30077;4201;18/04/2022;42,00;35,70
12066;4205;18/04/2022;48,50;41,23
20088;4205;18/04/2022;44,00;37,40
30077;4205;18/04/2022;42,00;35,70
12066;4218;18/04/2022;48,50;41,23
20088;4218;18/04/2022;44,00;37,40
30077;4218;18/04/2022;42,00;35,70
12066;5502;18/04/2022;48,50;41,23
30077;5502;18/04/2022;42,00;35,70
12066;5511;18/04/2022;48,50;41,23
30077;5511;18/04/2022;42,00;35,70
12066;9001;18/04/2022;48,50;41,23
30077;9001;18/04/2022;42,00;35,70
10023;1101;25/04/2022;9,50;9,50
10047;1101;25/04/2022;9,00;9,00
10112;1101;25/04/2022;16,95;16,95
10310;1101;25/04/2022;21,50;21,50
11020;1101;25/04/2022;14,95;14,95
11085;1101;25/04/2022;8,95;8,95
11142;1101;25/04/2022;19,95;19,95
12004;1101;25/04/2022;32,00;28,80
12066;1101;25/04/2022;48,50;48,50
12190;1101;25/04/2022;18,00;18,00
20015;1101;25/04/2022;17,95;17,95
20041;1101;25/04/2022;6,50;6,50
20088;1101;25/04/2022;44,00;44,00
20131;1101;25/04/2022;14,50;14,50
30012;1101;25/04/2022;12,95;11,65
30077;1101;25/04/2022;42,00;42,00
30154;1101;25/04/2022;13,50;13,50
30209;1101;25/04/2022;29,95;29,95
99001;1101;25/04/2022;0,00;0,00
10023;1102;25/04/2022;9,50;9,50
10047;1102;25/04/2022;9,00;9,00
10112;1102;25/04/2022;16,95;16,95
10310;1102;25/04/2022;21,50;21,50
11020;1102;25/04/2022;14,95;14,95
11085;1102;25/04/2022;8,95;8,95
11142;1102;25/04/2022;19,95;19,95
12004;1102;25/04/2022;32,00;28,80
12066;1102;25/04/2022;48,50;48,50
12190;1102;25/04/2022;18,00;18,00
20015;1102;25/04/2022;17,95;17,95
20041;1102;25/04/2022;6,50;6,50
20088;1102;25/04/2022;44,00;44,00
20131;1102;25/04/2022;14,50;14,50
30012;1102;25/04/2022;12,95;11,65
30077;1102;25/04/2022;42,00;42,00
30154;1102;25/04/2022;13,50;13,50
30209;1102;25/04/2022;29,95;29,95
99001;1102;25/04/2022;0,00;0,00
10023;1103;25/04/2022;9,50;9,50
10047;1103;25/04/2022;9,00;9,00
10112;1103;25/04/2022;16,95;16,95
10310;1103;25/04/2022;21,50;21,50
11020;1103;25/04/2022;14,95;14,95
11085;1103;25/04/2022;8,95;8,95
11142;1103;25/04/2022;19,95;19,95
12004;1103;25/04/2022;32,00;28,80
12066;1103;25/04/2022;48,50;48,50
12190;1103;25/04/2022;18,00;18,00
20015;1103;25/04/2022;17,95;17,95
20041;1103;25/04/2022;6,50;6,50
20088;1103;25/04/2022;44,00;44,00
20131;1103;25/04/2022;14,50;14,50
30012;1103;25/04/2022;12,95;11,65
30077;1103;25/04/2022;42,00;42,00
30154;1103;25/04/2022;13,50;13,50
30209;1103;25/04/2022;29,95;29,95
10023;1108;25/04/2022;9,50;9,50
10047;1108;25/04/2022;9,00;9,00
10112;1108;25/04/2022;16,95;16,95
10310;1108;25/04/2022;21,50;21,50
11020;1108;25/04/2022;14,95;14,95
11085;1108;25/04/2022;8,95;8,95
11142;1108;25/04/2022;19,95;19,95
12004;1108;25/04/2022;32,00;28,80
12066;1108;25/04/2022;48,50;48,50
12190;1108;25/04/2022;18,00;18,00
20015;1108;25/04/2022;17,95;17,95
20041;1108;25/04/2022;6,50;6,50
20088;1108;25/04/2022;44,00;44,00
20131;1108;25/04/2022;14,50;14,50
30012;1108;25/04/2022;12,95;11,65
30077;1108;25/04/2022;42,00;42,00
30154;1108;25/04/2022;13,50;13,50
30209;1108;25/04/2022;29,95;29,95
10023;3104;25/04/2022;9,50;9,50
10047;3104;25/04/2022;9,00;9,00
10112;3104;25/04/2022;16,95;16,95
10310;3104;25/04/2022;21,50;21,50
11020;3104;25/04/2022;14,95;14,95
11085;3104;25/04/2022;8,95;8,95
11142;3104;25/04/2022;19,95;19,95
12004;3104;25/04/2022;32,00;28,80
12066;3104;25/04/2022;48,50;48,50
12190;3104;25/04/2022;18,00;18,00
20015;3104;25/04/2022;17,95;17,95
20041;3104;25/04/2022;6,50;6,50
20088;3104;25/04/2022;44,00;44,00
20131;3104;25/04/2022;14,50;14,50
30012;3104;25/04/2022;12,95;12,95
30077;3104;25/04/2022;42,00;42,00
30154;3104;25/04/2022;13,50;13,50
30209;3104;25/04/2022;29,95;29,95
10023;3117;25/04/2022;9,50;9,50
10047;3117;25/04/2022;9,00;9,00
10112;3117;25/04/2022;16,95;16,95
10310;3117;25/04/2022;21,50;21,50
11020;3117;25/04/2022;14,95;14,95
11085;3117;25/04/2022;8,95;8,95
11142;3117;25/04/2022;19,95;19,95
12004;3117;25/04/2022;32,00;28,80
12066;3117;25/04/2022;48,50;48,50
12190;3117;25/04/2022;18,00;18,00
20015;3117;25/04/2022;17,95;17,95
20041;3117;25/04/2022;6,50;6,50
20088;3117;25/04/2022;44,00;44,00
20131;3117;25/04/2022;14,50;14,50
30012;3117;25/04/2022;12,95;12,95
30077;3117;25/04/2022;42,00;42,00
30154;3117;25/04/2022;13,50;13,50
30209;3117;25/04/2022;29,95;29,95
10023;3122;25/04/2022;9,50;9,50
10047;3122;25/04/2022;9,00;9,00
10112;3122;25/04/2022;16,95;16,95
10310;3122;25/04/2022;21,50;21,50
11020;3122;25/04/2022;14,95;14,95
11085;3122;25/04/2022;8,95;8,95
11142;3122;25/04/2022;19,95;19,95
12004;3122;25/04/2022;32,00;28,80
12066;3122;25/04/2022;48,50;48,50
12190;3122;25/04/2022;18,00;18,00
20015;3122;25/04/2022;17,95;17,95
20041;3122;25/04/2022;6,50;6,50
20088;3122;25/04/2022;44,00;44,00
20131;3122;25/04/2022;14,50;14,50
30012;3122;25/04/2022;12,95;12,95
30077;3122;25/04/2022;42,00;42,00
30154;3122;25/04/2022;13,50;13,50
30209;3122;25/04/2022;29,95;29,95
10023;4201;25/04/2022;9,50;9,50
10047;4201;25/04/2022;9,00;9,00
10112;4201;25/04/2022;16,95;16,95
10310;4201;25/04/2022;21,50;21,50
11020;4201;25/04/2022;14,95;14,95
11085;4201;25/04/2022;8,95;8,95
11142;4201;25/04/2022;19,95;19,95
12004;4201;25/04/2022;32,00;28,80
12066;4201;25/04/2022;48,50;48,50
12190;4201;25/04/2022;18,00;18,00
20015;4201;25/04/2022;17,95;17,95
20041;4201;25/04/2022;6,50;6,50
20088;4201;25/04/2022;44,00;44,00
20131;4201;25/04/2022;14,50;14,50
30012;4201;25/04/2022;12,95;11,65
30077;4201;25/04/2022;42,00;42,00
30154;4201;25/04/2022;13,50;13,50
30209;4201;25/04/2022;29,95;29,95
10023;4205;25/04/2022;9,50;9,50
10047;4205;25/04/2022;9,00;9,00
10112;4205;25/04/2022;16,95;16,95
10310;4205;25/04/2022;21,50;21,50
11020;4205;25/04/2022;14,95;14,95
11085;4205;25/04/2022;8,95;8,95
11142;4205;25/04/2022;19,95;19,95
12004;4205;25/04/2022;32,00;28,80
12066;4205;25/04/2022;48,50;48,50
12190;4205;25/04/2022;18,00;18,00
20015;4205;25/04/2022;17,95;17,95
20041;4205;25/04/2022;6,50;6,50
20088;4205;25/04/2022;44,00;44,00
20131;4205;25/04/2022;14,50;14,50
30012;4205;25/04/2022;12,95;11,65
30077;4205;25/04/2022;42,00;42,00
30154;4205;25/04/2022;13,50;13,50
30209;4205;25/04/2022;29,95;29,95
10023;4218;25/04/2022;9,50;9,50
10047;4218;25/04/2022;9,00;9,00
10112;4218;25/04/2022;16,95;16,95
10310;4218;25/04/2022;21,50;21,50
11020;4218;25/04/2022;14,95;14,95
11085;4218;25/04/2022;8,95;8,95
11142;4218;25/04/2022;19,95;19,95
12004;4218;25/04/2022;32,00;28,80
12066;4218;25/04/2022;48,50;48,50
12190;4218;25/04/2022;18,00;18,00
20015;4218;25/04/2022;17,95;17,95
20041;4218;25/04/2022;6,50;6,50
20088;4218;25/04/2022;44,00;44,00
20131;4218;25/04/2022;14,50;14,50
30012;4218;25/04/2022;12,95;11,65
30077;4218;25/04/2022;42,00;42,00
30154;4218;25/04/2022;13,50;13,50
30209;4218;25/04/2022;29,95;29,95
99001;4218;25/04/2022;0,00;0,00
10023;5502;25/04/2022;9,50;9,50
10047;5502;25/04/2022;9,00;9,00
10112;5502;25/04/2022;16,95;16,95
10310;5502;25/04/2022;21,50;21,50
11020;5502;25/04/2022;14,95;14,95
11085;5502;25/04/2022;8,95;8,95
11142;5502;25/04/2022;19,95;19,95
12004;5502;25/04/2022;32,00;28,80
12066;5502;25/04/2022;48,50;48,50
12190;5502;25/04/2022;18,00;18,00
20015;5502;25/04/2022;17,95;17,95
20041;5502;25/04/2022;6,50;6,50
20088;5502;25/04/2022;44,00;44,00
20131;5502;25/04/2022;14,50;14,50
30012;5502;25/04/2022;12,95;12,95
30077;5502;25/04/2022;42,00;42,00
30154;5502;25/04/2022;13,50;13,50
30209;5502;25/04/2022;29,95;29,95
99001;5502;25/04/2022;0,00;0,00
10023;5511;25/04/2022;9,50;9,50
10047;5511;25/04/2022;9,00;9,00
10112;5511;25/04/2022;16,95;16,95
10310;5511;25/04/2022;21,50;21,50
11020;5511;25/04/2022;14,95;14,95
11085;5511;25/04/2022;8,95;8,95
11142;5511;25/04/2022;19,95;19,95
12004;5511;25/04/2022;32,00;28,80
12066;5511;25/04/2022;48,50;48,50
12190;5511;25/04/2022;18,00;18,00
20015;5511;25/04/2022;17,95;17,95
20041;5511;25/04/2022;6,50;6,50
20088;5511;25/04/2022;44,00;44,00
20131;5511;25/04/2022;14,50;14,50
30012;5511;25/04/2022;12,95;12,95
30077;5511;25/04/2022;42,00;42,00
30154;5511;25/04/2022;13,50;13,50
30209;5511;25/04/2022;29,95;29,95
10023;9001;25/04/2022;9,50;9,50
10047;9001;25/04/2022;9,00;9,00
10112;9001;25/04/2022;16,95;16,95
10310;9001;25/04/2022;21,50;21,50
11020;9001;25/04/2022;14,95;14,95
11085;9001;25/04/2022;8,95;8,95
11142;9001;25/04/2022;19,95;19,95
12004;9001;25/04/2022;32,00;28,80
12066;9001;25/04/2022;48,50;48,50
12190;9001;25/04/2022;18,00;18,00
20015;9001;25/04/2022;17,95;17,95
20041;9001;25/04/2022;6,50;6,50
20088;9001;25/04/2022;44,00;44,00
20131;9001;25/04/2022;14,50;14,50
30012;9001;25/04/2022;12,95;12,95
30077;9001;25/04/2022;42,00;42,00
30154;9001;25/04/2022;13,50;13,50
30209;9001;25/04/2022;29,95;29,95
99001;9001;25/04/2022;0,00;0,00
30209;1101;02/05/2022;29,95;23,96
30209;1102;02/05/2022;29,95;23,96
30209;1103;02/05/2022;29,95;23,96
30209;1108;02/05/2022;29,95;23,96
30209;3104;02/05/2022;29,95;23,96
30209;3117;02/05/2022;29,95;23,96
30209;3122;02/05/2022;29,95;23,96
10112;4201;02/05/2022;16,95;14,41
30209;4201;02/05/2022;29,95;23,96
10112;4205;02/05/2022;16,95;14,41
30209;4205;02/05/2022;29,95;23,96
10112;4218;02/05/2022;16,95;14,41
30209;4218;02/05/2022;29,95;23,96
10112;5502;02/05/2022;16,95;14,41
30209;5502;02/05/2022;29,95;23,96
10112;5511;02/05/2022;16,95;14,41
30209;5511;02/05/2022;29,95;23,96
30209;9001;02/05/2022;29,95;23,96
10023;1101;09/05/2022;9,50;9,50
10047;1101;09/05/2022;9,00;9,00
10112;1101;09/05/2022;16,95;16,95
10310;1101;09/05/2022;21,50;21,50
11020;1101;09/05/2022;14,95;14,95
11085;1101;09/05/2022;8,95;8,95
11142;1101;09/05/2022;19,95;19,95
12004;1101;09/05/2022;32,00;32,00
12066;1101;09/05/2022;48,50;48,50
12190;1101;09/05/2022;18,00;18,00
20015;1101;09/05/2022;17,95;17,95
20041;1101;09/05/2022;6,50;6,50
20088;1101;09/05/2022;44,00;44,00
20131;1101;09/05/2022;14,50;14,50
30012;1101;09/05/2022;12,95;12,95
30077;1101;09/05/2022;42,00;42,00
30154;1101;09/05/2022;13,50;13,50
30209;1101;09/05/2022;29,95;29,95
99001;1101;09/05/2022;0,00;0,00
10023;1102;09/05/2022;9,50;9,50
10047;1102;09/05/2022;9,00;9,00
10112;1102;09/05/2022;16,95;16,95
10310;1102;09/05/2022;21,50;21,50
11020;1102;09/05/2022;14,95;14,95
11085;1102;09/05/2022;8,95;8,95
11142;1102;09/05/2022;19,95;19,95
12004;1102;09/05/2022;32,00;32,00
12066;1102;09/05/2022;48,50;48,50
12190;1102;09/05/2022;18,00;18,00
20015;1102;09/05/2022;17,95;17,95
20041;1102;09/05/2022;6,50;6,50
20088;1102;09/05/2022;44,00;44,00
20131;1102;09/05/2022;14,50;14,50
30012;1102;09/05/2022;12,95;12,95
30077;1102;09/05/2022;42,00;42,00
30154;1102;09/05/2022;13,50;13,50
30209;1102;09/05/2022;29,95;29,95
10023;1103;09/05/2022;9,50;9,50
10047;1103;09/05/2022;9,00;9,00
10112;1103;09/05/2022;16,95;16,95
10310;1103;09/05/2022;21,50;21,50
11020;1103;09/05/2022;14,95;14,95
11085;1103;09/05/2022;8,95;8,95
11142;1103;09/05/2022;19,95;19,95
12004;1103;09/05/2022;32,00;32,00
12066;1103;09/05/2022;48,50;48,50
12190;1103;09/05/2022;18,00;18,00
20015;1103;09/05/2022;17,95;17,95
20041;1103;09/05/2022;6,50;6,50
20088;1103;09/05/2022;44,00;44,00
20131;1103;09/05/2022;14,50;14,50
30012;1103;09/05/2022;12,95;12,95
30077;1103;09/05/2022;42,00;42,00
30154;1103;09/05/2022;13,50;13,50
30209;1103;09/05/2022;29,95;29,95
10023;1108;09/05/2022;9,50;9,50
10047;1108;09/05/2022;9,00;9,00
10112;1108;09/05/2022;16,95;16,95
10310;1108;09/05/2022;21,50;21,50
11020;1108;09/05/2022;14,95;14,95
11085;1108;09/05/2022;8,95;8,95
11142;1108;09/05/2022;19,95;19,95
12004;1108;09/05/2022;32,00;32,00
12066;1108;09/05/2022;48,50;48,50
12190;1108;09/05/2022;18,00;18,00
20015;1108;09/05/2022;17,95;17,95
20041;1108;09/05/2022;6,50;6,50
20088;1108;09/05/2022;44,00;44,00
20131;1108;09/05/2022;14,50;14,50
30012;1108;09/05/2022;12,95;12,95
30077;1108;09/05/2022;42,00;42,00
30154;1108;09/05/2022;13,50;13,50
30209;1108;09/05/2022;29,95;29,95
10023;3104;09/05/2022;9,50;9,50
10047;3104;09/05/2022;9,00;9,00
10112;3104;09/05/2022;16,95;16,95
10310;3104;09/05/2022;21,50;21,50
11020;3104;09/05/2022;14,95;14,95
11085;3104;09/05/2022;8,95;8,95
11142;3104;09/05/2022;19,95;19,95
12004;3104;09/05/2022;32,00;32,00
12066;3104;09/05/2022;48,50;48,50
12190;3104;09/05/2022;18,00;18,00
20015;3104;09/05/2022;17,95;17,95
20041;3104;09/05/2022;6,50;6,50
20088;3104;09/05/2022;44,00;44,00
20131;3104;09/05/2022;14,50;14,50
30012;3104;09/05/2022;12,95;12,95
30077;3104;09/05/2022;42,00;42,00
30154;3104;09/05/2022;13,50;13,50
30209;3104;09/05/2022;29,95;29,95
99001;3104;09/05/2022;0,00;0,00
10023;3117;09/05/2022;9,50;9,50
10047;3117;09/05/2022;9,00;9,00
10112;3117;09/05/2022;16,95;16,95
10310;3117;09/05/2022;21,50;21,50
11020;3117;09/05/2022;14,95;14,95
11085;3117;09/05/2022;8,95;8,95
11142;3117;09/05/2022;19,95;19,95
12004;3117;09/05/2022;32,00;32,00
12066;3117;09/05/2022;48,50;48,50
12190;3117;09/05/2022;18,00;18,00
20015;3117;09/05/2022;17,95;17,95
20041;3117;09/05/2022;6,50;6,50
20088;3117;09/05/2022;44,00;44,00
20131;3117;09/05/2022;14,50;14,50
30012;3117;09/05/2022;12,95;12,95
30077;3117;09/05/2022;42,00;42,00
30154;3117;09/05/2022;13,50;13,50
30209;3117;09/05/2022;29,95;29,95
99001;3117;09/05/2022;0,00;0,00
10023;3122;09/05/2022;9,50;9,50
10047;3122;09/05/2022;9,00;9,00
10112;3122;09/05/2022;16,95;16,95
10310;3122;09/05/2022;21,50;21,50
11020;3122;09/05/2022;14,95;14,95
11085;3122;09/05/2022;8,95;8,95
11142;3122;09/05/2022;19,95;19,95
12004;3122;09/05/2022;32,00;32,00
12066;3122;09/05/2022;48,50;48,50
12190;3122;09/05/2022;18,00;18,00
20015;3122;09/05/2022;17,95;17,95
20041;3122;09/05/2022;6,50;6,50
20088;3122;09/05/2022;44,00;44,00
20131;3122;09/05/2022;14,50;14,50
30012;3122;09/05/2022;12,95;12,95
30077;3122;09/05/2022;42,00;42,00
30154;3122;09/05/2022;13,50;13,50
30209;3122;09/05/2022;29,95;29,95
99001;3122;09/05/2022;0,00;0,00
10023;4201;09/05/2022;9,50;9,50
10047;4201;09/05/2022;9,00;9,00
10112;4201;09/05/2022;16,95;16,95
10310;4201;09/05/2022;21,50;21,50
11020;4201;09/05/2022;14,95;14,95
11085;4201;09/05/2022;8,95;8,95
11142;4201;09/05/2022;19,95;19,95
12004;4201;09/05/2022;32,00;32,00
12066;4201;09/05/2022;48,50;48,50
12190;4201;09/05/2022;18,00;18,00
20015;4201;09/05/2022;17,95;17,95
20041;4201;09/05/2022;6,50;6,50
20088;4201;09/05/2022;44,00;44,00
20131;4201;09/05/2022;14,50;14,50
30012;4201;09/05/2022;12,95;12,95
30077;4201;09/05/2022;42,00;42,00
30154;4201;09/05/2022;13,50;13,50
30209;4201;09/05/2022;29,95;29,95
10023;4205;09/05/2022;9,50;9,50
10047;4205;09/05/2022;9,00;9,00
10112;4205;09/05/2022;16,95;16,95
10310;4205;09/05/2022;21,50;21,50
11020;4205;09/05/2022;14,95;14,95
11085;4205;09/05/2022;8,95;8,95
11142;4205;09/05/2022;19,95;19,95
12004;4205;09/05/2022;32,00;32,00
12066;4205;09/05/2022;48,50;48,50
12190;4205;09/05/2022;18,00;18,00
20015;4205;09/05/2022;17,95;17,95
20041;4205;09/05/2022;6,50;6,50
20088;4205;09/05/2022;44,00;44,00
20131;4205;09/05/2022;14,50;14,50
30012;4205;09/05/2022;12,95;12,95
30077;4205;09/05/2022;42,00;42,00
30154;4205;09/05/2022;13,50;13,50
30209;4205;09/05/2022;29,95;29,95
10023;4218;09/05/2022;9,50;9,50
10047;4218;09/05/2022;9,00;9,00
10112;4218;09/05/2022;16,95;16,95
10310;4218;09/05/2022;21,50;21,50
11020;4218;09/05/2022;14,95;14,95
11085;4218;09/05/2022;8,95;8,95
11142;4218;09/05/2022;19,95;19,95
12004;4218;09/05/2022;32,00;32,00
12066;4218;09/05/2022;48,50;48,50
12190;4218;09/05/2022;18,00;18,00
20015;4218;09/05/2022;17,95;17,95
20041;4218;09/05/2022;6,50;6,50
20088;4218;09/05/2022;44,00;44,00
20131;4218;09/05/2022;14,50;14,50
30012;4218;09/05/2022;12,95;12,95
30077;4218;09/05/2022;42,00;42,00
30154;4218;09/05/2022;13,50;13,50
30209;4218;09/05/2022;29,95;29,95
10023;5502;09/05/2022;9,50;9,50
10047;5502;09/05/2022;9,00;9,00
10112;5502;09/05/2022;16,95;16,95
10310;5502;09/05/2022;21,50;21,50
11020;5502;09/05/2022;14,95;14,95
11085;5502;09/05/2022;8,95;8,95
11142;5502;09/05/2022;19,95;19,95
12004;5502;09/05/2022;32,00;32,00
12066;5502;09/05/2022;48,50;48,50
12190;5502;09/05/2022;18,00;18,00
20015;5502;09/05/2022;17,95;17,95
20041;5502;09/05/2022;6,50;6,50
20088;5502;09/05/2022;44,00;44,00
20131;5502;09/05/2022;14,50;14,50
30012;5502;09/05/2022;12,95;12,95
30077;5502;09/05/2022;42,00;42,00
30154;5502;09/05/2022;13,50;13,50
30209;5502;09/05/2022;29,95;29,95
10023;5511;09/05/2022;9,50;9,50
10047;5511;09/05/2022;9,00;9,00
10112;5511;09/05/2022;16,95;16,95
10310;5511;09/05/2022;21,50;21,50
11020;5511;09/05/2022;14,95;14,95
11085;5511;09/05/2022;8,95;8,95
11142;5511;09/05/2022;19,95;19,95
12004;5511;09/05/2022;32,00;32,00
12066;5511;09/05/2022;48,50;48,50
12190;5511;09/05/2022;18,00;18,00
20015;5511;09/05/2022;17,95;17,95
20041;5511;09/05/2022;6,50;6,50
20088;5511;09/05/2022;44,00;44,00
20131;5511;09/05/2022;14,50;14,50
30012;5511;09/05/2022;12,95;12,95
30077;5511;09/05/2022;42,00;42,00
30154;5511;09/05/2022;13,50;13,50
30209;5511;09/05/2022;29,95;29,95
10023;9001;09/05/2022;9,50;9,50
10047;9001;09/05/2022;9,00;9,00
10112;9001;09/05/2022;16,95;16,95
10310;9001;09/05/2022;21,50;21,50
11020;9001;09/05/2022;14,95;14,95
11085;9001;09/05/2022;8,95;8,95
11142;9001;09/05/2022;19,95;19,95
12004;9001;09/05/2022;32,00;32,00
12066;9001;09/05/2022;48,50;48,50
12190;9001;09/05/2022;18,00;18,00
20015;9001;09/05/2022;17,95;17,95
20041;9001;09/05/2022;6,50;6,50
20088;9001;09/05/2022;44,00;44,00
20131;9001;09/05/2022;14,50;14,50
30012;9001;09/05/2022;12,95;12,95
30077;9001;09/05/2022;42,00;42,00
30154;9001;09/05/2022;13,50;13,50
30209;9001;09/05/2022;29,95;29,95
10023;1101;16/05/2022;9,50;7,12
12066;1101;16/05/2022;48,50;32,49
10023;1102;16/05/2022;9,50;7,12
12066;1102;16/05/2022;48,50;32,49
10023;1103;16/05/2022;9,50;7,12
12066;1103;16/05/2022;48,50;32,49
10023;1108;16/05/2022;9,50;7,12
12066;1108;16/05/2022;48,50;32,49
10023;3104;16/05/2022;9,50;7,12
10023;3117;16/05/2022;9,50;7,12
10023;3122;16/05/2022;9,50;7,12
10023;4201;16/05/2022;9,50;7,12
12066;4201;16/05/2022;48,50;32,49
10023;4205;16/05/2022;9,50;7,12
12066;4205;16/05/2022;48,50;32,49
10023;4218;16/05/2022;9,50;7,12
12066;4218;16/05/2022;48,50;32,49
10023;5502;16/05/2022;9,50;7,12
10023;5511;16/05/2022;9,50;7,12
10023;9001;16/05/2022;9,50;7,12
10023;1101;23/05/2022;9,50;9,50
10047;1101;23/05/2022;9,00;9,00
10112;1101;23/05/2022;16,95;16,95
10310;1101;23/05/2022;21,50;21,50
11020;1101;23/05/2022;14,95;14,95
11085;1101;23/05/2022;8,95;8,95
11142;1101;23/05/2022;19,95;19,95
12004;1101;23/05/2022;32,00;32,00
12066;1101;23/05/2022;48,50;48,50
12190;1101;23/05/2022;18,00;18,00
20015;1101;23/05/2022;17,95;17,95
20041;1101;23/05/2022;6,50;4,88
20088;1101;23/05/2022;44,00;44,00
20131;1101;23/05/2022;14,50;14,50
30012;1101;23/05/2022;12,95;12,95
30077;1101;23/05/2022;42,00;42,00
30154;1101;23/05/2022;13,50;13,50
30209;1101;23/05/2022;29,95;29,95
10023;1102;23/05/2022;9,50;9,50
10047;1102;23/05/2022;9,00;9,00
10112;1102;23/05/2022;16,95;16,95
10310;1102;23/05/2022;21,50;21,50
11020;1102;23/05/2022;14,95;14,95
11085;1102;23/05/2022;8,95;8,95
11142;1102;23/05/2022;19,95;19,95
12004;1102;23/05/2022;32,00;32,00
12066;1102;23/05/2022;48,50;48,50
12190;1102;23/05/2022;18,00;18,00
20015;1102;23/05/2022;17,95;17,95
20041;1102;23/05/2022;6,50;4,88
20088;1102;23/05/2022;44,00;44,00
20131;1102;23/05/2022;14,50;14,50
30012;1102;23/05/2022;12,95;12,95
30077;1102;23/05/2022;42,00;42,00
30154;1102;23/05/2022;13,50;13,50
30209;1102;23/05/2022;29,95;29,95
10023;1103;23/05/2022;9,50;9,50
10047;1103;23/05/2022;9,00;9,00
10112;1103;23/05/2022;16,95;16,95
10310;1103;23/05/2022;21,50;21,50
11020;1103;23/05/2022;14,95;14,95
11085;1103;23/05/2022;8,95;8,95
11142;1103;23/05/2022;19,95;19,95
12004;1103;23/05/2022;32,00;32,00
12066;1103;23/05/2022;48,50;48,50
12190;1103;23/05/2022;18,00;18,00
20015;1103;23/05/2022;17,95;17,95
20041;1103;23/05/2022;6,50;4,88
20088;1103;23/05/2022;44,00;44,00
20131;1103;23/05/2022;14,50;14,50
30012;1103;23/05/2022;12,95;12,95
30077;1103;23/05/2022;42,00;42,00
30154;1103;23/05/2022;13,50;13,50
30209;1103;23/05/2022;29,95;29,95
99001;1103;23/05/2022;0,00;0,00
10023;1108;23/05/2022;9,50;9,50
10047;1108;23/05/2022;9,00;9,00
10112;1108;23/05/2022;16,95;16,95
10310;1108;23/05/2022;21,50;21,50
11020;1108;23/05/2022;14,95;14,95
11085;1108;23/05/2022;8,95;8,95
11142;1108;23/05/2022;19,95;19,95
12004;1108;23/05/2022;32,00;32,00
12066;1108;23/05/2022;48,50;48,50
12190;1108;23/05/2022;18,00;18,00
20015;1108;23/05/2022;17,95;17,95
20041;1108;23/05/2022;6,50;4,88
20088;1108;23/05/2022;44,00;44,00
20131;1108;23/05/2022;14,50;14,50
30012;1108;23/05/2022;12,95;12,95
30077;1108;23/05/2022;42,00;42,00
30154;1108;23/05/2022;13,50;13,50
30209;1108;23/05/2022;29,95;29,95
99001;1108;23/05/2022;0,00;0,00
10023;3104;23/05/2022;9,50;9,50
10047;3104;23/05/2022;9,00;9,00
10112;3104;23/05/2022;16,95;16,95
10310;3104;23/05/2022;21,50;21,50
11020;3104;23/05/2022;14,95;14,95
11085;3104;23/05/2022;8,95;8,95
11142;3104;23/05/2022;19,95;19,95
12004;3104;23/05/2022;32,00;32,00
12066;3104;23/05/2022;48,50;48,50
12190;3104;23/05/2022;18,00;18,00
20015;3104;23/05/2022;17,95;17,95
20041;3104;23/05/2022;6,50;6,50
20088;3104;23/05/2022;44,00;44,00
20131;3104;23/05/2022;14,50;14,50
30012;3104;23/05/2022;12,95;12,95
30077;3104;23/05/2022;42,00;42,00
30154;3104;23/05/2022;13,50;13,50
30209;3104;23/05/2022;29,95;29,95
99001;3104;23/05/2022;0,00;0,00
10023;3117;23/05/2022;9,50;9,50
10047;3117;23/05/2022;9,00;9,00
10112;3117;23/05/2022;16,95;16,95
10310;3117;23/05/2022;21,50;21,50
11020;3117;23/05/2022;14,95;14,95
11085;3117;23/05/2022;8,95;8,95
11142;3117;23/05/2022;19,95;19,95
12004;3117;23/05/2022;32,00;32,00
12066;3117;23/05/2022;48,50;48,50
12190;3117;23/05/2022;18,00;18,00
20015;3117;23/05/2022;17,95;17,95
20041;3117;23/05/2022;6,50;6,50
20088;3117;23/05/2022;44,00;44,00
20131;3117;23/05/2022;14,50;14,50
30012;3117;23/05/2022;12,95;12,95
30077;3117;23/05/2022;42,00;42,00
30154;3117;23/05/2022;13,50;13,50
30209;3117;23/05/2022;29,95;29,95
99001;3117;23/05/2022;0,00;0,00
10023;3122;23/05/2022;9,50;9,50
10047;3122;23/05/2022;9,00;9,00
10112;3122;23/05/2022;16,95;16,95
10310;3122;23/05/2022;21,50;21,50
11020;3122;23/05/2022;14,95;14,95
11085;3122;23/05/2022;8,95;8,95
11142;3122;23/05/2022;19,95;19,95
12004;3122;23/05/2022;32,00;32,00
12066;3122;23/05/2022;48,50;48,50
12190;3122;23/05/2022;18,00;18,00
20015;3122;23/05/2022;17,95;17,95
20041;3122;23/05/2022;6,50;6,50
20088;3122;23/05/2022;44,00;44,00
20131;3122;23/05/2022;14,50;14,50
30012;3122;23/05/2022;12,95;12,95
30077;3122;23/05/2022;42,00;42,00
30154;3122;23/05/2022;13,50;13,50
30209;3122;23/05/2022;29,95;29,95
10023;4201;23/05/2022;9,50;9,50
10047;4201;23/05/2022;9,00;9,00
10112;4201;23/05/2022;16,95;16,95
10310;4201;23/05/2022;21,50;21,50
11020;4201;23/05/2022;14,95;14,95
11085;4201;23/05/2022;8,95;8,95
11142;4201;23/05/2022;19,95;19,95
12004;4201;23/05/2022;32,00;25,60
12066;4201;23/05/2022;48,50;48,50
12190;4201;23/05/2022;18,00;18,00
20015;4201;23/05/2022;17,95;17,95
20041;4201;23/05/2022;6,50;4,88
20088;4201;23/05/2022;44,00;44,00
20131;4201;23/05/2022;14,50;14,50
30012;4201;23/05/2022;12,95;12,95
30077;4201;23/05/2022;42,00;42,00
30154;4201;23/05/2022;13,50;13,50
30209;4201;23/05/2022;29,95;29,95
10023;4205;23/05/2022;9,50;9,50
10047;4205;23/05/2022;9,00;9,00
10112;4205;23/05/2022;16,95;16,95
10310;4205;23/05/2022;21,50;21,50
11020;4205;23/05/2022;14,95;14,95
11085;4205;23/05/2022;8,95;8,95
11142;4205;23/05/2022;19,95;19,95
12004;4205;23/05/2022;32,00;25,60
12066;4205;23/05/2022;48,50;48,50
12190;4205;23/05/2022;18,00;18,00
20015;4205;23/05/2022;17,95;17,95
20041;4205;23/05/2022;6,50;4,88
20088;4205;23/05/2022;44,00;44,00
20131;4205;23/05/2022;14,50;14,50
30012;4205;23/05/2022;12,95;12,95
30077;4205;23/05/2022;42,00;42,00
30154;4205;23/05/2022;13,50;13,50
30209;4205;23/05/2022;29,95;29,95
10023;4218;23/05/2022;9,50;9,50
10047;4218;23/05/2022;9,00;9,00
10112;4218;23/05/2022;16,95;16,95
10310;4218;23/05/2022;21,50;21,50
11020;4218;23/05/2022;14,95;14,95
11085;4218;23/05/2022;8,95;8,95
11142;4218;23/05/2022;19,95;19,95
12004;4218;23/05/2022;32,00;25,60
12066;4218;23/05/2022;48,50;48,50
12190;4218;23/05/2022;18,00;18,00
20015;4218;23/05/2022;17,95;17,95
20041;4218;23/05/2022;6,50;4,88
20088;4218;23/05/2022;44,00;44,00
20131;4218;23/05/2022;14,50;14,50
30012;4218;23/05/2022;12,95;12,95
30077;4218;23/05/2022;42,00;42,00
30154;4218;23/05/2022;13,50;13,50
30209;4218;23/05/2022;29,95;29,95
10023;5502;23/05/2022;9,50;9,50
10047;5502;23/05/2022;9,00;9,00
10112;5502;23/05/2022;16,95;16,95
10310;5502;23/05/2022;21,50;21,50
11020;5502;23/05/2022;14,95;14,95
11085;5502;23/05/2022;8,95;8,95
11142;5502;23/05/2022;19,95;19,95
12004;5502;23/05/2022;32,00;25,60
12066;5502;23/05/2022;48,50;48,50
12190;5502;23/05/2022;18,00;18,00
20015;5502;23/05/2022;17,95;17,95
20041;5502;23/05/2022;6,50;6,50
20088;5502;23/05/2022;44,00;44,00
20131;5502;23/05/2022;14,50;14,50
30012;5502;23/05/2022;12,95;12,95
30077;5502;23/05/2022;42,00;42,00
30154;5502;23/05/2022;13,50;13,50
30209;5502;23/05/2022;29,95;29,95
10023;5511;23/05/2022;9,50;9,50
10047;5511;23/05/2022;9,00;9,00
10112;5511;23/05/2022;16,95;16,95
10310;5511;23/05/2022;21,50;21,50
11020;5511;23/05/2022;14,95;14,95
11085;5511;23/05/2022;8,95;8,95
11142;5511;23/05/2022;19,95;19,95
12004;5511;23/05/2022;32,00;25,60
12066;5511;23/05/2022;48,50;48,50
12190;5511;23/05/2022;18,00;18,00
20015;5511;23/05/2022;17,95;17,95
20041;5511;23/05/2022;6,50;6,50
20088;5511;23/05/2022;44,00;44,00
20131;5511;23/05/2022;14,50;14,50
30012;5511;23/05/2022;12,95;12,95
30077;5511;23/05/2022;42,00;42,00
30154;5511;23/05/2022;13,50;13,50
30209;5511;23/05/2022;29,95;29,95
99001;5511;23/05/2022;0,00;0,00
10023;9001;23/05/2022;9,50;9,50
10047;9001;23/05/2022;9,00;9,00
10112;9001;23/05/2022;16,95;16,95
10310;9001;23/05/2022;21,50;21,50
11020;9001;23/05/2022;14,95;14,95
11085;9001;23/05/2022;8,95;8,95
11142;9001;23/05/2022;19,95;19,95
12004;9001;23/05/2022;32,00;32,00
12066;9001;23/05/2022;48,50;48,50
12190;9001;23/05/2022;18,00;18,00
20015;9001;23/05/2022;17,95;17,95
20041;9001;23/05/2022;6,50;6,50
20088;9001;23/05/2022;44,00;44,00
20131;9001;23/05/2022;14,50;14,50
30012;9001;23/05/2022;12,95;12,95
30077;9001;23/05/2022;42,00;42,00
30154;9001;23/05/2022;13,50;13,50
30209;9001;23/05/2022;29,95;29,95
10047;1101;30/05/2022;9,00;8,10
10310;1101;30/05/2022;21,50;18,27
30077;1101;30/05/2022;42,00;35,70
10047;1102;30/05/2022;9,00;8,10
10310;1102;30/05/2022;21,50;18,27
30077;1102;30/05/2022;42,00;35,70
10047;1103;30/05/2022;9,00;8,10
10310;1103;30/05/2022;21,50;18,27
30077;1103;30/05/2022;42,00;35,70
10047;1108;30/05/2022;9,00;8,10
10310;1108;30/05/2022;21,50;18,27
30077;1108;30/05/2022;42,00;35,70
10047;3104;30/05/2022;9,00;8,10
10310;3104;30/05/2022;21,50;18,27
30077;3104;30/05/2022;42,00;35,70
10047;3117;30/05/2022;9,00;8,10
10310;3117;30/05/2022;21,50;18,27
30077;3117;30/05/2022;42,00;35,70
10047;3122;30/05/2022;9,00;8,10
10310;3122;30/05/2022;21,50;18,27
30077;3122;30/05/2022;42,00;35,70
10047;4201;30/05/2022;9,00;8,10
10310;4201;30/05/2022;21,50;18,27
30077;4201;30/05/2022;42,00;35,70
10047;4205;30/05/2022;9,00;8,10
10310;4205;30/05/2022;21,50;18,27
30077;4205;30/05/2022;42,00;35,70
10047;4218;30/05/2022;9,00;8,10
10310;4218;30/05/2022;21,50;18,27
30077;4218;30/05/2022;42,00;35,70
10047;5502;30/05/2022;9,00;8,10
10310;5502;30/05/2022;21,50;18,27
30077;5502;30/05/2022;42,00;35,70
10047;5511;30/05/2022;9,00;8,10
10310;5511;30/05/2022;21,50;18,27
30077;5511;30/05/2022;42,00;35,70
10047;9001;30/05/2022;9,00;8,10
10310;9001;30/05/2022;21,50;18,27
30077;9001;30/05/2022;42,00;35,70
10023;1101;06/06/2022;9,50;9,50
10047;1101;06/06/2022;9,00;9,00
10112;1101;06/06/2022;16,95;16,95
10310;1101;06/06/2022;21,50;21,50
11020;1101;06/06/2022;14,95;14,95
11085;1101;06/06/2022;8,95;8,95
11142;1101;06/06/2022;19,95;19,95
12004;1101;06/06/2022;32,00;32,00
12066;1101;06/06/2022;48,50;48,50
12190;1101;06/06/2022;18,00;18,00
20015;1101;06/06/2022;17,95;17,95
20041;1101;06/06/2022;6,50;6,50
20088;1101;06/06/2022;44,00;44,00
20131;1101;06/06/2022;14,50;14,50
30012;1101;06/06/2022;12,95;12,95
30077;1101;06/06/2022;42,00;42,00
30154;1101;06/06/2022;13,50;13,50
30209;1101;06/06/2022;29,95;29,95
10023;1102;06/06/2022;9,50;9,50
10047;1102;06/06/2022;9,00;9,00
10112;1102;06/06/2022;16,95;16,95
10310;1102;06/06/2022;21,50;21,50
11020;1102;06/06/2022;14,95;14,95
11085;1102;06/06/2022;8,95;8,95
11142;1102;06/06/2022;19,95;19,95
12004;1102;06/06/2022;32,00;32,00
12066;1102;06/06/2022;48,50;48,50
12190;1102;06/06/2022;18,00;18,00
20015;1102;06/06/2022;17,95;17,95
20041;1102;06/06/2022;6,50;6,50
20088;1102;06/06/2022;44,00;44,00
20131;1102;06/06/2022;14,50;14,50
30012;1102;06/06/2022;12,95;12,95
30077;1102;06/06/2022;42,00;42,00
30154;1102;06/06/2022;13,50;13,50
30209;1102;06/06/2022;29,95;29,95
10023;1103;06/06/2022;9,50;9,50
10047;1103;06/06/2022;9,00;9,00
10112;1103;06/06/2022;16,95;16,95
10310;1103;06/06/2022;21,50;21,50
11020;1103;06/06/2022;14,95;14,95
11085;1103;06/06/2022;8,95;8,95
11142;1103;06/06/2022;19,95;19,95
12004;1103;06/06/2022;32,00;32,00
12066;1103;06/06/2022;48,50;48,50
12190;1103;06/06/2022;18,00;18,00
20015;1103;06/06/2022;17,95;17,95
20041;1103;06/06/2022;6,50;6,50
20088;1103;06/06/2022;44,00;44,00
20131;1103;06/06/2022;14,50;14,50
30012;1103;06/06/2022;12,95;12,95
30077;1103;06/06/2022;42,00;42,00
30154;1103;06/06/2022;13,50;13,50
30209;1103;06/06/2022;29,95;29,95
99001;1103;06/06/2022;0,00;0,00
10023;1108;06/06/2022;9,50;9,50
10047;1108;06/06/2022;9,00;9,00
10112;1108;06/06/2022;16,95;16,95
10310;1108;06/06/2022;21,50;21,50
11020;1108;06/06/2022;14,95;14,95
11085;1108;06/06/2022;8,95;8,95
11142;1108;06/06/2022;19,95;19,95
12004;1108;06/06/2022;32,00;32,00
12066;1108;06/06/2022;48,50;48,50
12190;1108;06/06/2022;18,00;18,00
20015;1108;06/06/2022;17,95;17,95
20041;1108;06/06/2022;6,50;6,50
20088;1108;06/06/2022;44,00;44,00
20131;1108;06/06/2022;14,50;14,50
30012;1108;06/06/2022;12,95;12,95
30077;1108;06/06/2022;42,00;42,00
30154;1108;06/06/2022;13,50;13,50
30209;1108;06/06/2022;29,95;29,95
10023;3104;06/06/2022;9,50;9,50
10047;3104;06/06/2022;9,00;9,00
10112;3104;06/06/2022;16,95;16,95
10310;3104;06/06/2022;21,50;21,50
11020;3104;06/06/2022;14,95;14,95
11085;3104;06/06/2022;8,95;8,95
11142;3104;06/06/2022;19,95;19,95
12004;3104;06/06/2022;32,00;32,00
12066;3104;06/06/2022;48,50;48,50
12190;3104;06/06/2022;18,00;18,00
20015;3104;06/06/2022;17,95;17,95
20041;3104;06/06/2022;6,50;6,50
20088;3104;06/06/2022;44,00;44,00
20131;3104;06/06/2022;14,50;14,50
30012;3104;06/06/2022;12,95;12,95
30077;3104;06/06/2022;42,00;42,00
30154;3104;06/06/2022;13,50;13,50
30209;3104;06/06/2022;29,95;29,95
10023;3117;06/06/2022;9,50;9,50
10047;3117;06/06/2022;9,00;9,00
10112;3117;06/06/2022;16,95;16,95
10310;3117;06/06/2022;21,50;21,50
11020;3117;06/06/2022;14,95;14,95
11085;3117;06/06/2022;8,95;8,95
11142;3117;06/06/2022;19,95;19,95
12004;3117;06/06/2022;32,00;32,00
12066;3117;06/06/2022;48,50;48,50
12190;3117;06/06/2022;18,00;18,00
20015;3117;06/06/2022;17,95;17,95
20041;3117;06/06/2022;6,50;6,50
20088;3117;06/06/2022;44,00;44,00
20131;3117;06/06/2022;14,50;14,50
30012;3117;06/06/2022;12,95;12,95
30077;3117;06/06/2022;42,00;42,00
30154;3117;06/06/2022;13,50;13,50
30209;3117;06/06/2022;29,95;29,95
10023;3122;06/06/2022;9,50;9,50
10047;3122;06/06/2022;9,00;9,00
10112;3122;06/06/2022;16,95;16,95
10310;3122;06/06/2022;21,50;21,50
11020;3122;06/06/2022;14,95;14,95
11085;3122;06/06/2022;8,95;8,95
11142;3122;06/06/2022;19,95;19,95
12004;3122;06/06/2022;32,00;32,00
12066;3122;06/06/2022;48,50;48,50
12190;3122;06/06/2022;18,00;18,00
20015;3122;06/06/2022;17,95;17,95
20041;3122;06/06/2022;6,50;6,50
20088;3122;06/06/2022;44,00;44,00
20131;3122;06/06/2022;14,50;14,50
30012;3122;06/06/2022;12,95;12,95
30077;3122;06/06/2022;42,00;42,00
30154;3122;06/06/2022;13,50;13,50
30209;3122;06/06/2022;29,95;29,95
10023;4201;06/06/2022;9,50;9,50
10047;4201;06/06/2022;9,00;9,00
10112;4201;06/06/2022;16,95;16,95
10310;4201;06/06/2022;21,50;21,50
11020;4201;06/06/2022;14,95;14,95
11085;4201;06/06/2022;8,95;8,95
11142;4201;06/06/2022;19,95;19,95
12004;4201;06/06/2022;32,00;32,00
12066;4201;06/06/2022;48,50;48,50
12190;4201;06/06/2022;18,00;18,00
20015;4201;06/06/2022;17,95;17,95
20041;4201;06/06/2022;6,50;6,50
20088;4201;06/06/2022;44,00;44,00
20131;4201;06/06/2022;14,50;14,50
30012;4201;06/06/2022;12,95;12,95
30077;4201;06/06/2022;42,00;42,00
30154;4201;06/06/2022;13,50;13,50
30209;4201;06/06/2022;29,95;29,95
99001;4201;06/06/2022;0,00;0,00
10023;4205;06/06/2022;9,50;9,50
10047;4205;06/06/2022;9,00;9,00
10112;4205;06/06/2022;16,95;16,95
10310;4205;06/06/2022;21,50;21,50
11020;4205;06/06/2022;14,95;14,95
11085;4205;06/06/2022;8,95;8,95
11142;4205;06/06/2022;19,95;19,95
12004;4205;06/06/2022;32,00;32,00
12066;4205;06/06/2022;48,50;48,50
12190;4205;06/06/2022;18,00;18,00
20015;4205;06/06/2022;17,95;17,95
20041;4205;06/06/2022;6,50;6,50
20088;4205;06/06/2022;44,00;44,00
20131;4205;06/06/2022;14,50;14,50
30012;4205;06/06/2022;12,95;12,95
30077;4205;06/06/2022;42,00;42,00
30154;4205;06/06/2022;13,50;13,50
30209;4205;06/06/2022;29,95;29,95
10023;4218;06/06/2022;9,50;9,50
10047;4218;06/06/2022;9,00;9,00
10112;4218;06/06/2022;16,95;16,95
10310;4218;06/06/2022;21,50;21,50
11020;4218;06/06/2022;14,95;14,95
11085;4218;06/06/2022;8,95;8,95
11142;4218;06/06/2022;19,95;19,95
12004;4218;06/06/2022;32,00;32,00
12066;4218;06/06/2022;48,50;48,50
12190;4218;06/06/2022;18,00;18,00
20015;4218;06/06/2022;17,95;17,95
20041;4218;06/06/2022;6,50;6,50
20088;4218;06/06/2022;44,00;44,00
20131;4218;06/06/2022;14,50;14,50
30012;4218;06/06/2022;12,95;12,95
30077;4218;06/06/2022;42,00;42,00
30154;4218;06/06/2022;13,50;13,50
30209;4218;06/06/2022;29,95;29,95
10023;5502;06/06/2022;9,50;9,50
10047;5502;06/06/2022;9,00;9,00
10112;5502;06/06/2022;16,95;16,95
10310;5502;06/06/2022;21,50;21,50
11020;5502;06/06/2022;14,95;14,95
11085;5502;06/06/2022;8,95;8,95
11142;5502;06/06/2022;19,95;19,95
12004;5502;06/06/2022;32,00;32,00
12066;5502;06/06/2022;48,50;48,50
12190;5502;06/06/2022;18,00;18,00
20015;5502;06/06/2022;17,95;17,95
20041;5502;06/06/2022;6,50;6,50
20088;5502;06/06/2022;44,00;44,00
20131;5502;06/06/2022;14,50;14,50
30012;5502;06/06/2022;12,95;12,95
30077;5502;06/06/2022;42,00;42,00
30154;5502;06/06/2022;13,50;13,50
30209;5502;06/06/2022;29,95;29,95
10023;5511;06/06/2022;9,50;9,50
10047;5511;06/06/2022;9,00;9,00
10112;5511;06/06/2022;16,95;16,95
10310;5511;06/06/2022;21,50;21,50
11020;5511;06/06/2022;14,95;14,95
11085;5511;06/06/2022;8,95;8,95
11142;5511;06/06/2022;19,95;19,95
12004;5511;06/06/2022;32,00;32,00
12066;5511;06/06/2022;48,50;48,50
12190;5511;06/06/2022;18,00;18,00
20015;5511;06/06/2022;17,95;17,95
20041;5511;06/06/2022;6,50;6,50
20088;5511;06/06/2022;44,00;44,00
20131;5511;06/06/2022;14,50;14,50
30012;5511;06/06/2022;12,95;12,95
30077;5511;06/06/2022;42,00;42,00
30154;5511;06/06/2022;13,50;13,50
30209;5511;06/06/2022;29,95;29,95
99001;5511;06/06/2022;0,00;0,00
10023;9001;06/06/2022;9,50;9,50
10047;9001;06/06/2022;9,00;9,00
10112;9001;06/06/2022;16,95;16,95
10310;9001;06/06/2022;21,50;21,50
11020;9001;06/06/2022;14,95;14,95
11085;9001;06/06/2022;8,95;8,95
11142;9001;06/06/2022;19,95;19,95
12004;9001;06/06/2022;32,00;32,00
12066;9001;06/06/2022;48,50;48,50
12190;9001;06/06/2022;18,00;18,00
20015;9001;06/06/2022;17,95;17,95
20041;9001;06/06/2022;6,50;6,50
20088;9001;06/06/2022;44,00;44,00
20131;9001;06/06/2022;14,50;14,50
30012;9001;06/06/2022;12,95;12,95
30077;9001;06/06/2022;42,00;42,00
30154;9001;06/06/2022;13,50;13,50
30209;9001;06/06/2022;29,95;29,95
20088;1101;13/06/2022;44,00;35,20
20088;1102;13/06/2022;44,00;35,20
20088;1103;13/06/2022;44,00;35,20
20088;1108;13/06/2022;44,00;35,20
20088;3104;13/06/2022;44,00;35,20
20088;3117;13/06/2022;44,00;35,20
20088;3122;13/06/2022;44,00;35,20
20088;4201;13/06/2022;44,00;35,20
20088;4205;13/06/2022;44,00;35,20
20088;4218;13/06/2022;44,00;35,20
20088;5502;13/06/2022;44,00;35,20
20088;5511;13/06/2022;44,00;35,20
20088;9001;13/06/2022;44,00;35,20
10023;1101;20/06/2022;9,50;9,50
10047;1101;20/06/2022;9,00;9,00
10112;1101;20/06/2022;16,95;16,95
10310;1101;20/06/2022;21,50;21,50
11020;1101;20/06/2022;14,95;14,95
11085;1101;20/06/2022;8,95;8,95
11142;1101;20/06/2022;19,95;19,95
12004;1101;20/06/2022;32,00;32,00
12066;1101;20/06/2022;48,50;48,50
12190;1101;20/06/2022;18,00;13,50
20015;1101;20/06/2022;17,95;17,95
20041;1101;20/06/2022;6,50;6,50
20088;1101;20/06/2022;44,00;44,00
20131;1101;20/06/2022;14,50;14,50
30012;1101;20/06/2022;12,95;12,95
30077;1101;20/06/2022;42,00;31,50
30154;1101;20/06/2022;13,50;13,50
30209;1101;20/06/2022;29,95;29,95
99001;1101;20/06/2022;0,00;0,00
10023;1102;20/06/2022;9,50;9,50
10047;1102;20/06/2022;9,00;9,00
10112;1102;20/06/2022;16,95;16,95
10310;1102;20/06/2022;21,50;21,50
11020;1102;20/06/2022;14,95;14,95
11085;1102;20/06/2022;8,95;8,95
11142;1102;20/06/2022;19,95;19,95
12004;1102;20/06/2022;32,00;32,00
12066;1102;20/06/2022;48,50;48,50
12190;1102;20/06/2022;18,00;13,50
20015;1102;20/06/2022;17,95;17,95
20041;1102;20/06/2022;6,50;6,50
20088;1102;20/06/2022;44,00;44,00
20131;1102;20/06/2022;14,50;14,50
30012;1102;20/06/2022;12,95;12,95
30077;1102;20/06/2022;42,00;31,50
30154;1102;20/06/2022;13,50;13,50
30209;1102;20/06/2022;29,95;29,95
10023;1103;20/06/2022;9,50;9,50
10047;1103;20/06/2022;9,00;9,00
10112;1103;20/06/2022;16,95;16,95
10310;1103;20/06/2022;21,50;21,50
11020;1103;20/06/2022;14,95;14,95
11085;1103;20/06/2022;8,95;8,95
11142;1103;20/06/2022;19,95;19,95
12004;1103;20/06/2022;32,00;32,00
12066;1103;20/06/2022;48,50;48,50
12190;1103;20/06/2022;18,00;13,50
20015;1103;20/06/2022;17,95;17,95
20041;1103;20/06/2022;6,50;6,50
20088;1103;20/06/2022;44,00;44,00
20131;1103;20/06/2022;14,50;14,50
30012;1103;20/06/2022;12,95;12,95
30077;1103;20/06/2022;42,00;31,50
30154;1103;20/06/2022;13,50;13,50
30209;1103;20/06/2022;29,95;29,95
10023;1108;20/06/2022;9,50;9,50
10047;1108;20/06/2022;9,00;9,00
10112;1108;20/06/2022;16,95;16,95
10310;1108;20/06/2022;21,50;21,50
11020;1108;20/06/2022;14,95;14,95
11085;1108;20/06/2022;8,95;8,95
11142;1108;20/06/2022;19,95;19,95
12004;1108;20/06/2022;32,00;32,00
12066;1108;20/06/2022;48,50;48,50
12190;1108;20/06/2022;18,00;13,50
20015;1108;20/06/2022;17,95;17,95
20041;1108;20/06/2022;6,50;6,50
20088;1108;20/06/2022;44,00;44,00
20131;1108;20/06/2022;14,50;14,50
30012;1108;20/06/2022;12,95;12,95
30077;1108;20/06/2022;42,00;31,50
30154;1108;20/06/2022;13,50;13,50
30209;1108;20/06/2022;29,95;29,95
10023;3104;20/06/2022;9,50;9,50
10047;3104;20/06/2022;9,00;9,00
10112;3104;20/06/2022;16,95;16,95
10310;3104;20/06/2022;21,50;21,50
11020;3104;20/06/2022;14,95;14,95
11085;3104;20/06/2022;8,95;8,95
11142;3104;20/06/2022;19,95;19,95
12004;3104;20/06/2022;32,00;32,00
12066;3104;20/06/2022;48,50;48,50
12190;3104;20/06/2022;18,00;13,50
20015;3104;20/06/2022;17,95;17,95
20041;3104;20/06/2022;6,50;6,50
20088;3104;20/06/2022;44,00;44,00
20131;3104;20/06/2022;14,50;14,50
30012;3104;20/06/2022;12,95;12,95
30077;3104;20/06/2022;42,00;31,50
30154;3104;20/06/2022;13,50;13,50
30209;3104;20/06/2022;29,95;29,95
10023;3117;20/06/2022;9,50;9,50
10047;3117;20/06/2022;9,00;9,00
10112;3117;20/06/2022;16,95;16,95
10310;3117;20/06/2022;21,50;21,50
11020;3117;20/06/2022;14,95;14,95
11085;3117;20/06/2022;8,95;8,95
11142;3117;20/06/2022;19,95;19,95
12004;3117;20/06/2022;32,00;32,00
12066;3117;20/06/2022;48,50;48,50
12190;3117;20/06/2022;18,00;13,50
20015;3117;20/06/2022;17,95;17,95
20041;3117;20/06/2022;6,50;6,50
20088;3117;20/06/2022;44,00;44,00
20131;3117;20/06/2022;14,50;14,50
30012;3117;20/06/2022;12,95;12,95
30077;3117;20/06/2022;42,00;31,50
30154;3117;20/06/2022;13,50;13,50
30209;3117;20/06/2022;29,95;29,95
10023;3122;20/06/2022;9,50;9,50
10047;3122;20/06/2022;9,00;9,00
10112;3122;20/06/2022;16,95;16,95
10310;3122;20/06/2022;21,50;21,50
11020;3122;20/06/2022;14,95;14,95
11085;3122;20/06/2022;8,95;8,95
11142;3122;20/06/2022;19,95;19,95
12004;3122;20/06/2022;32,00;32,00
12066;3122;20/06/2022;48,50;48,50
12190;3122;20/06/2022;18,00;13,50
20015;3122;20/06/2022;17,95;17,95
20041;3122;20/06/2022;6,50;6,50
20088;3122;20/06/2022;44,00;44,00
20131;3122;20/06/2022;14,50;14,50
30012;3122;20/06/2022;12,95;12,95
30077;3122;20/06/2022;42,00;31,50
30154;3122;20/06/2022;13,50;13,50
30209;3122;20/06/2022;29,95;29,95
10023;4201;20/06/2022;9,50;9,50
10047;4201;20/06/2022;9,00;9,00
10112;4201;20/06/2022;16,95;16,95
10310;4201;20/06/2022;21,50;21,50
11020;4201;20/06/2022;14,95;14,95
11085;4201;20/06/2022;8,95;8,95
11142;4201;20/06/2022;19,95;19,95
12004;4201;20/06/2022;32,00;32,00
12066;4201;20/06/2022;48,50;48,50
12190;4201;20/06/2022;18,00;13,50
20015;4201;20/06/2022;17,95;17,95
20041;4201;20/06/2022;6,50;6,50
20088;4201;20/06/2022;44,00;44,00
20131;4201;20/06/2022;14,50;14,50
30012;4201;20/06/2022;12,95;12,95
30077;4201;20/06/2022;42,00;31,50
30154;4201;20/06/2022;13,50;13,50
30209;4201;20/06/2022;29,95;29,95
10023;4205;20/06/2022;9,50;9,50
10047;4205;20/06/2022;9,00;9,00
10112;4205;20/06/2022;16,95;16,95
10310;4205;20/06/2022;21,50;21,50
11020;4205;20/06/2022;14,95;14,95
11085;4205;20/06/2022;8,95;8,95
11142;4205;20/06/2022;19,95;19,95
12004;4205;20/06/2022;32,00;32,00
12066;4205;20/06/2022;48,50;48,50
12190;4205;20/06/2022;18,00;13,50
20015;4205;20/06/2022;17,95;17,95
20041;4205;20/06/2022;6,50;6,50
20088;4205;20/06/2022;44,00;44,00
20131;4205;20/06/2022;14,50;14,50
30012;4205;20/06/2022;12,95;12,95
30077;4205;20/06/2022;42,00;31,50
30154;4205;20/06/2022;13,50;13,50
30209;4205;20/06/2022;29,95;29,95
10023;4218;20/06/2022;9,50;9,50
10047;4218;20/06/2022;9,00;9,00
10112;4218;20/06/2022;16,95;16,95
10310;4218;20/06/2022;21,50;21,50
11020;4218;20/06/2022;14,95;14,95
11085;4218;20/06/2022;8,95;8,95
11142;4218;20/06/2022;19,95;19,95
12004;4218;20/06/2022;32,00;32,00
12066;4218;20/06/2022;48,50;48,50
12190;4218;20/06/2022;18,00;13,50
20015;4218;20/06/2022;17,95;17,95
20041;4218;20/06/2022;6,50;6,50
20088;4218;20/06/2022;44,00;44,00
20131;4218;20/06/2022;14,50;14,50
30012;4218;20/06/2022;12,95;12,95
30077;4218;20/06/2022;42,00;31,50
30154;4218;20/06/2022;13,50;13,50
30209;4218;20/06/2022;29,95;29,95
10023;5502;20/06/2022;9,50;9,50
10047;5502;20/06/2022;9,00;9,00
10112;5502;20/06/2022;16,95;16,95
10310;5502;20/06/2022;21,50;21,50
11020;5502;20/06/2022;14,95;14,95
11085;5502;20/06/2022;8,95;8,95
11142;5502;20/06/2022;19,95;19,95
12004;5502;20/06/2022;32,00;32,00
12066;5502;20/06/2022;48,50;48,50
12190;5502;20/06/2022;18,00;13,50
20015;5502;20/06/2022;17,95;17,95
20041;5502;20/06/2022;6,50;6,50
20088;5502;20/06/2022;44,00;44,00
20131;5502;20/06/2022;14,50;14,50
30012;5502;20/06/2022;12,95;12,95
30077;5502;20/06/2022;42,00;31,50
30154;5502;20/06/2022;13,50;13,50
30209;5502;20/06/2022;29,95;29,95
10023;5511;20/06/2022;9,50;9,50
10047;5511;20/06/2022;9,00;9,00
10112;5511;20/06/2022;16,95;16,95
10310;5511;20/06/2022;21,50;21,50
11020;5511;20/06/2022;14,95;14,95
11085;5511;20/06/2022;8,95;8,95
11142;5511;20/06/2022;19,95;19,95
12004;5511;20/06/2022;32,00;32,00
12066;5511;20/06/2022;48,50;48,50
12190;5511;20/06/2022;18,00;13,50
20015;5511;20/06/2022;17,95;17,95
20041;5511;20/06/2022;6,50;6,50
20088;5511;20/06/2022;44,00;44,00
20131;5511;20/06/2022;14,50;14,50
30012;5511;20/06/2022;12,95;12,95
30077;5511;20/06/2022;42,00;31,50
30154;5511;20/06/2022;13,50;13,50
30209;5511;20/06/2022;29,95;29,95
99001;5511;20/06/2022;0,00;0,00
10023;9001;20/06/2022;9,50;9,50
10047;9001;20/06/2022;9,00;9,00
10112;9001;20/06/2022;16,95;16,95
10310;9001;20/06/2022;21,50;21,50
11020;9001;20/06/2022;14,95;14,95
11085;9001;20/06/2022;8,95;8,95
11142;9001;20/06/2022;19,95;19,95
12004;9001;20/06/2022;32,00;32,00
12066;9001;20/06/2022;48,50;48,50
12190;9001;20/06/2022;18,00;13,50
20015;9001;20/06/2022;17,95;17,95
20041;9001;20/06/2022;6,50;6,50
20088;9001;20/06/2022;44,00;44,00
20131;9001;20/06/2022;14,50;14,50
30012;9001;20/06/2022;12,95;12,95
30077;9001;20/06/2022;42,00;31,50
30154;9001;20/06/2022;13,50;13,50
30209;9001;20/06/2022;29,95;29,95
99001;9001;20/06/2022;0,00;0,00
30077;1101;27/06/2022;42,00;28,14
30209;1101;27/06/2022;29,95;25,46
30077;1102;27/06/2022;42,00;28,14
30209;1102;27/06/2022;29,95;25,46
30077;1103;27/06/2022;42,00;28,14
30209;1103;27/06/2022;29,95;25,46
30077;1108;27/06/2022;42,00;28,14
30209;1108;27/06/2022;29,95;25,46
30077;3104;27/06/2022;42,00;28,14
30209;3104;27/06/2022;29,95;25,46
30077;3117;27/06/2022;42,00;28,14
30209;3117;27/06/2022;29,95;25,46
30077;3122;27/06/2022;42,00;28,14
30209;3122;27/06/2022;29,95;25,46
30077;4201;27/06/2022;42,00;28,14
30209;4201;27/06/2022;29,95;25,46
30077;4205;27/06/2022;42,00;28,14
30209;4205;27/06/2022;29,95;25,46
30077;4218;27/06/2022;42,00;28,14
30209;4218;27/06/2022;29,95;25,46
30077;5502;27/06/2022;42,00;28,14
30209;5502;27/06/2022;29,95;25,46
30077;5511;27/06/2022;42,00;28,14
30209;5511;27/06/2022;29,95;25,46
30077;9001;27/06/2022;42,00;28,14
30209;9001;27/06/2022;29,95;25,46
10023;1101;04/07/2022;9,50;9,50
10047;1101;04/07/2022;9,00;9,00
10112;1101;04/07/2022;16,95;16,95
10310;1101;04/07/2022;21,50;21,50
11020;1101;04/07/2022;14,95;14,95
11085;1101;04/07/2022;8,95;8,95
11142;1101;04/07/2022;19,95;19,95
12004;1101;04/07/2022;32,00;32,00
12066;1101;04/07/2022;48,50;48,50
12190;1101;04/07/2022;18,00;18,00
20015;1101;04/07/2022;17,95;17,95
20041;1101;04/07/2022;6,50;6,50
20088;1101;04/07/2022;44,00;44,00
20131;1101;04/07/2022;14,50;14,50
30012;1101;04/07/2022;12,95;12,95
30077;1101;04/07/2022;42,00;28,14
30154;1101;04/07/2022;13,50;13,50
30209;1101;04/07/2022;29,95;29,95
10023;1102;04/07/2022;9,50;9,50
10047;1102;04/07/2022;9,00;9,00
10112;1102;04/07/2022;16,95;16,95
10310;1102;04/07/2022;21,50;21,50
11020;1102;04/07/2022;14,95;14,95
11085;1102;04/07/2022;8,95;8,95
11142;1102;04/07/2022;19,95;19,95
12004;1102;04/07/2022;32,00;32,00
12066;1102;04/07/2022;48,50;48,50
12190;1102;04/07/2022;18,00;18,00
20015;1102;04/07/2022;17,95;17,95
20041;1102;04/07/2022;6,50;6,50
20088;1102;04/07/2022;44,00;44,00
20131;1102;04/07/2022;14,50;14,50
30012;1102;04/07/2022;12,95;12,95
30077;1102;04/07/2022;42,00;28,14
30154;1102;04/07/2022;13,50;13,50
30209;1102;04/07/2022;29,95;29,95
10023;1103;04/07/2022;9,50;9,50
10047;1103;04/07/2022;9,00;9,00
10112;1103;04/07/2022;16,95;16,95
10310;1103;04/07/2022;21,50;21,50
11020;1103;04/07/2022;14,95;14,95
11085;1103;04/07/2022;8,95;8,95
11142;1103;04/07/2022;19,95;19,95
12004;1103;04/07/2022;32,00;32,00
12066;1103;04/07/2022;48,50;48,50
12190;1103;04/07/2022;18,00;18,00
20015;1103;04/07/2022;17,95;17,95
20041;1103;04/07/2022;6,50;6,50
20088;1103;04/07/2022;44,00;44,00
20131;1103;04/07/2022;14,50;14,50
30012;1103;04/07/2022;12,95;12,95
30077;1103;04/07/2022;42,00;28,14
30154;1103;04/07/2022;13,50;13,50
30209;1103;04/07/2022;29,95;29,95
10023;1108;04/07/2022;9,50;9,50
10047;1108;04/07/2022;9,00;9,00
10112;1108;04/07/2022;16,95;16,95
10310;1108;04/07/2022;21,50;21,50
11020;1108;04/07/2022;14,95;14,95
11085;1108;04/07/2022;8,95;8,95
11142;1108;04/07/2022;19,95;19,95
12004;1108;04/07/2022;32,00;32,00
12066;1108;04/07/2022;48,50;48,50
12190;1108;04/07/2022;18,00;18,00
20015;1108;04/07/2022;17,95;17,95
20041;1108;04/07/2022;6,50;6,50
20088;1108;04/07/2022;44,00;44,00
20131;1108;04/07/2022;14,50;14,50
30012;1108;04/07/2022;12,95;12,95
30077;1108;04/07/2022;42,00;28,14
30154;1108;04/07/2022;13,50;13,50
30209;1108;04/07/2022;29,95;29,95
10023;3104;04/07/2022;9,50;9,50
10047;3104;04/07/2022;9,00;9,00
10112;3104;04/07/2022;16,95;16,95
10310;3104;04/07/2022;21,50;21,50
11020;3104;04/07/2022;14,95;14,95
11085;3104;04/07/2022;8,95;8,95
11142;3104;04/07/2022;19,95;19,95
12004;3104;04/07/2022;32,00;32,00
12066;3104;04/07/2022;48,50;48,50
12190;3104;04/07/2022;18,00;18,00
20015;3104;04/07/2022;17,95;17,95
20041;3104;04/07/2022;6,50;6,50
20088;3104;04/07/2022;44,00;44,00
20131;3104;04/07/2022;14,50;14,50
30012;3104;04/07/2022;12,95;12,95
30077;3104;04/07/2022;42,00;42,00
30154;3104;04/07/2022;13,50;13,50
30209;3104;04/07/2022;29,95;29,95
10023;3117;04/07/2022;9,50;9,50
10047;3117;04/07/2022;9,00;9,00
10112;3117;04/07/2022;16,95;16,95
10310;3117;04/07/2022;21,50;21,50
11020;3117;04/07/2022;14,95;14,95
11085;3117;04/07/2022;8,95;8,95
11142;3117;04/07/2022;19,95;19,95
12004;3117;04/07/2022;32,00;32,00
12066;3117;04/07/2022;48,50;48,50
12190;3117;04/07/2022;18,00;18,00
20015;3117;04/07/2022;17,95;17,95
20041;3117;04/07/2022;6,50;6,50
20088;3117;04/07/2022;44,00;44,00
20131;3117;04/07/2022;14,50;14,50
30012;3117;04/07/2022;12,95;12,95
30077;3117;04/07/2022;42,00;42,00
30154;3117;04/07/2022;13,50;13,50
30209;3117;04/07/2022;29,95;29,95
99001;3117;04/07/2022;0,00;0,00
10023;3122;04/07/2022;9,50;9,50
10047;3122;04/07/2022;9,00;9,00
10112;3122;04/07/2022;16,95;16,95
10310;3122;04/07/2022;21,50;21,50
11020;3122;04/07/2022;14,95;14,95
11085;3122;04/07/2022;8,95;8,95
11142;3122;04/07/2022;19,95;19,95
12004;3122;04/07/2022;32,00;32,00
12066;3122;04/07/2022;48,50;48,50
12190;3122;04/07/2022;18,00;18,00
20015;3122;04/07/2022;17,95;17,95
20041;3122;04/07/2022;6,50;6,50
20088;3122;04/07/2022;44,00;44,00
20131;3122;04/07/2022;14,50;14,50
30012;3122;04/07/2022;12,95;12,95
30077;3122;04/07/2022;42,00;42,00
30154;3122;04/07/2022;13,50;13,50
30209;3122;04/07/2022;29,95;29,95
10023;4201;04/07/2022;9,50;9,50
10047;4201;04/07/2022;9,00;9,00
10112;4201;04/07/2022;16,95;16,95
10310;4201;04/07/2022;21,50;21,50
11020;4201;04/07/2022;14,95;14,95
11085;4201;04/07/2022;8,95;8,95
11142;4201;04/07/2022;19,95;19,95
12004;4201;04/07/2022;32,00;32,00
12066;4201;04/07/2022;48,50;48,50
12190;4201;04/07/2022;18,00;18,00
20015;4201;04/07/2022;17,95;17,95
20041;4201;04/07/2022;6,50;4,88
20088;4201;04/07/2022;44,00;44,00
20131;4201;04/07/2022;14,50;14,50
30012;4201;04/07/2022;12,95;12,95
30077;4201;04/07/2022;42,00;28,14
30154;4201;04/07/2022;13,50;13,50
30209;4201;04/07/2022;29,95;29,95
10023;4205;04/07/2022;9,50;9,50
10047;4205;04/07/2022;9,00;9,00
10112;4205;04/07/2022;16,95;16,95
10310;4205;04/07/2022;21,50;21,50
11020;4205;04/07/2022;14,95;14,95
11085;4205;04/07/2022;8,95;8,95
11142;4205;04/07/2022;19,95;19,95
12004;4205;04/07/2022;32,00;32,00
12066;4205;04/07/2022;48,50;48,50
12190;4205;04/07/2022;18,00;18,00
20015;4205;04/07/2022;17,95;17,95
20041;4205;04/07/2022;6,50;4,88
20088;4205;04/07/2022;44,00;44,00
20131;4205;04/07/2022;14,50;14,50
30012;4205;04/07/2022;12,95;12,95
30077;4205;04/07/2022;42,00;28,14
30154;4205;04/07/2022;13,50;13,50
30209;4205;04/07/2022;29,95;29,95
10023;4218;04/07/2022;9,50;9,50
10047;4218;04/07/2022;9,00;9,00
10112;4218;04/07/2022;16,95;16,95
10310;4218;04/07/2022;21,50;21,50
11020;4218;04/07/2022;14,95;14,95
11085;4218;04/07/2022;8,95;8,95
11142;4218;04/07/2022;19,95;19,95
12004;4218;04/07/2022;32,00;32,00
12066;4218;04/07/2022;48,50;48,50
12190;4218;04/07/2022;18,00;18,00
20015;4218;04/07/2022;17,95;17,95
20041;4218;04/07/2022;6,50;4,88
20088;4218;04/07/2022;44,00;44,00
20131;4218;04/07/2022;14,50;14,50
30012;4218;04/07/2022;12,95;12,95
30077;4218;04/07/2022;42,00;28,14
30154;4218;04/07/2022;13,50;13,50
30209;4218;04/07/2022;29,95;29,95
10023;5502;04/07/2022;9,50;9,50
10047;5502;04/07/2022;9,00;9,00
10112;5502;04/07/2022;16,95;16,95
10310;5502;04/07/2022;21,50;21,50
11020;5502;04/07/2022;14,95;14,95
11085;5502;04/07/2022;8,95;8,95
11142;5502;04/07/2022;19,95;19,95
12004;5502;04/07/2022;32,00;32,00
12066;5502;04/07/2022;48,50;48,50
12190;5502;04/07/2022;18,00;18,00
20015;5502;04/07/2022;17,95;17,95
20041;5502;04/07/2022;6,50;4,88
20088;5502;04/07/2022;44,00;44,00
20131;5502;04/07/2022;14,50;14,50
30012;5502;04/07/2022;12,95;12,95
30077;5502;04/07/2022;42,00;42,00
30154;5502;04/07/2022;13,50;13,50
30209;5502;04/07/2022;29,95;29,95
10023;5511;04/07/2022;9,50;9,50
10047;5511;04/07/2022;9,00;9,00
10112;5511;04/07/2022;16,95;16,95
10310;5511;04/07/2022;21,50;21,50
11020;5511;04/07/2022;14,95;14,95
11085;5511;04/07/2022;8,95;8,95
11142;5511;04/07/2022;19,95;19,95
12004;5511;04/07/2022;32,00;32,00
12066;5511;04/07/2022;48,50;48,50
12190;5511;04/07/2022;18,00;18,00
20015;5511;04/07/2022;17,95;17,95
20041;5511;04/07/2022;6,50;4,88
20088;5511;04/07/2022;44,00;44,00
20131;5511;04/07/2022;14,50;14,50
30012;5511;04/07/2022;12,95;12,95
30077;5511;04/07/2022;42,00;42,00
30154;5511;04/07/2022;13,50;13,50
30209;5511;04/07/2022;29,95;29,95
10023;9001;04/07/2022;9,50;9,50
10047;9001;04/07/2022;9,00;9,00
10112;9001;04/07/2022;16,95;16,95
10310;9001;04/07/2022;21,50;21,50
11020;9001;04/07/2022;14,95;14,95
11085;9001;04/07/2022;8,95;8,95
11142;9001;04/07/2022;19,95;19,95
12004;9001;04/07/2022;32,00;32,00
12066;9001;04/07/2022;48,50;48,50
12190;9001;04/07/2022;18,00;18,00
20015;9001;04/07/2022;17,95;17,95
20041;9001;04/07/2022;6,50;6,50
20088;9001;04/07/2022;44,00;44,00
20131;9001;04/07/2022;14,50;14,50
30012;9001;04/07/2022;12,95;12,95
30077;9001;04/07/2022;42,00;42,00
30154;9001;04/07/2022;13,50;13,50
30209;9001;04/07/2022;29,95;29,95
10023;1101;18/07/2022;9,50;9,50
10047;1101;18/07/2022;9,00;7,20
10112;1101;18/07/2022;16,95;16,95
10310;1101;18/07/2022;21,50;21,50
11020;1101;18/07/2022;14,95;13,46
11085;1101;18/07/2022;8,95;8,95
11142;1101;18/07/2022;19,95;19,95
12004;1101;18/07/2022;32,00;32,00
12066;1101;18/07/2022;48,50;48,50
12190;1101;18/07/2022;18,00;18,00
20015;1101;18/07/2022;17,95;17,95
20041;1101;18/07/2022;6,50;6,50
20088;1101;18/07/2022;44,00;44,00
20131;1101;18/07/2022;14,50;14,50
30012;1101;18/07/2022;12,95;12,95
30077;1101;18/07/2022;42,00;42,00
30154;1101;18/07/2022;13,50;9,04
30209;1101;18/07/2022;29,95;29,95
10023;1102;18/07/2022;9,50;9,50
10047;1102;18/07/2022;9,00;7,20
10112;1102;18/07/2022;16,95;16,95
10310;1102;18/07/2022;21,50;21,50
11020;1102;18/07/2022;14,95;13,46
11085;1102;18/07/2022;8,95;8,95
11142;1102;18/07/2022;19,95;19,95
12004;1102;18/07/2022;32,00;32,00
12066;1102;18/07/2022;48,50;48,50
12190;1102;18/07/2022;18,00;18,00
20015;1102;18/07/2022;17,95;17,95
20041;1102;18/07/2022;6,50;6,50
20088;1102;18/07/2022;44,00;44,00
20131;1102;18/07/2022;14,50;14,50
30012;1102;18/07/2022;12,95;12,95
30077;1102;18/07/2022;42,00;42,00
30154;1102;18/07/2022;13,50;9,04
30209;1102;18/07/2022;29,95;29,95
10023;1103;18/07/2022;9,50;9,50
10047;1103;18/07/2022;9,00;7,20
10112;1103;18/07/2022;16,95;16,95
10310;1103;18/07/2022;21,50;21,50
11020;1103;18/07/2022;14,95;13,46
11085;1103;18/07/2022;8,95;8,95
11142;1103;18/07/2022;19,95;19,95
12004;1103;18/07/2022;32,00;32,00
12066;1103;18/07/2022;48,50;48,50
12190;1103;18/07/2022;18,00;18,00
20015;1103;18/07/2022;17,95;17,95
20041;1103;18/07/2022;6,50;6,50
20088;1103;18/07/2022;44,00;44,00
20131;1103;18/07/2022;14,50;14,50
30012;1103;18/07/2022;12,95;12,95
30077;1103;18/07/2022;42,00;42,00
30154;1103;18/07/2022;13,50;9,04
30209;1103;18/07/2022;29,95;29,95
10023;1108;18/07/2022;9,50;9,50
10047;1108;18/07/2022;9,00;7,20
10112;1108;18/07/2022;16,95;16,95
10310;1108;18/07/2022;21,50;21,50
11020;1108;18/07/2022;14,95;13,46
11085;1108;18/07/2022;8,95;8,95
11142;1108;18/07/2022;19,95;19,95
12004;1108;18/07/2022;32,00;32,00
12066;1108;18/07/2022;48,50;48,50
12190;1108;18/07/2022;18,00;18,00
20015;1108;18/07/2022;17,95;17,95
20041;1108;18/07/2022;6,50;6,50
20088;1108;18/07/2022;44,00;44,00
20131;1108;18/07/2022;14,50;14,50
30012;1108;18/07/2022;12,95;12,95
30077;1108;18/07/2022;42,00;42,00
30154;1108;18/07/2022;13,50;9,04
30209;1108;18/07/2022;29,95;29,95
99001;1108;18/07/2022;0,00;0,00
10023;3104;18/07/2022;9,50;9,50
10047;3104;18/07/2022;9,00;7,20
10112;3104;18/07/2022;16,95;16,95
10310;3104;18/07/2022;21,50;21,50
11020;3104;18/07/2022;14,95;13,46
11085;3104;18/07/2022;8,95;8,95
11142;3104;18/07/2022;19,95;19,95
12004;3104;18/07/2022;32,00;32,00
12066;3104;18/07/2022;48,50;48,50
12190;3104;18/07/2022;18,00;18,00
20015;3104;18/07/2022;17,95;17,95
20041;3104;18/07/2022;6,50;6,50
20088;3104;18/07/2022;44,00;44,00
20131;3104;18/07/2022;14,50;14,50
30012;3104;18/07/2022;12,95;12,95
30077;3104;18/07/2022;42,00;42,00
30154;3104;18/07/2022;13,50;9,04
30209;3104;18/07/2022;29,95;29,95
10023;3117;18/07/2022;9,50;9,50
10047;3117;18/07/2022;9,00;7,20
10112;3117;18/07/2022;16,95;16,95
10310;3117;18/07/2022;21,50;21,50
11020;3117;18/07/2022;14,95;13,46
11085;3117;18/07/2022;8,95;8,95
11142;3117;18/07/2022;19,95;19,95
12004;3117;18/07/2022;32,00;32,00
12066;3117;18/07/2022;48,50;48,50
12190;3117;18/07/2022;18,00;18,00
20015;3117;18/07/2022;17,95;17,95
20041;3117;18/07/2022;6,50;6,50
20088;3117;18/07/2022;44,00;44,00
20131;3117;18/07/2022;14,50;14,50
30012;3117;18/07/2022;12,95;12,95
30077;3117;18/07/2022;42,00;42,00
30154;3117;18/07/2022;13,50;9,04
30209;3117;18/07/2022;29,95;29,95
99001;3117;18/07/2022;0,00;0,00
10023;3122;18/07/2022;9,50;9,50
10047;3122;18/07/2022;9,00;7,20
10112;3122;18/07/2022;16,95;16,95
10310;3122;18/07/2022;21,50;21,50
11020;3122;18/07/2022;14,95;13,46
11085;3122;18/07/2022;8,95;8,95
11142;3122;18/07/2022;19,95;19,95
12004;3122;18/07/2022;32,00;32,00
12066;3122;18/07/2022;48,50;48,50
12190;3122;18/07/2022;18,00;18,00
20015;3122;18/07/2022;17,95;17,95
20041;3122;18/07/2022;6,50;6,50
20088;3122;18/07/2022;44,00;44,00
20131;3122;18/07/2022;14,50;14,50
30012;3122;18/07/2022;12,95;12,95
30077;3122;18/07/2022;42,00;42,00
30154;3122;18/07/2022;13,50;9,04
30209;3122;18/07/2022;29,95;29,95
99001;3122;18/07/2022;0,00;0,00
10023;4201;18/07/2022;9,50;9,50
10047;4201;18/07/2022;9,00;7,20
10112;4201;18/07/2022;16,95;16,95
10310;4201;18/07/2022;21,50;21,50
11020;4201;18/07/2022;14,95;13,46
11085;4201;18/07/2022;8,95;8,95
11142;4201;18/07/2022;19,95;19,95
12004;4201;18/07/2022;32,00;32,00
12066;4201;18/07/2022;48,50;48,50
12190;4201;18/07/2022;18,00;18,00
20015;4201;18/07/2022;17,95;17,95
20041;4201;18/07/2022;6,50;6,50
20088;4201;18/07/2022;44,00;44,00
20131;4201;18/07/2022;14,50;14,50
30012;4201;18/07/2022;12,95;12,95
30077;4201;18/07/2022;42,00;42,00
30154;4201;18/07/2022;13,50;9,04
30209;4201;18/07/2022;29,95;29,95
10023;4205;18/07/2022;9,50;9,50
10047;4205;18/07/2022;9,00;7,20
10112;4205;18/07/2022;16,95;16,95
10310;4205;18/07/2022;21,50;21,50
11020;4205;18/07/2022;14,95;13,46
11085;4205;18/07/2022;8,95;8,95
11142;4205;18/07/2022;19,95;19,95
12004;4205;18/07/2022;32,00;32,00
12066;4205;18/07/2022;48,50;48,50
12190;4205;18/07/2022;18,00;18,00
20015;4205;18/07/2022;17,95;17,95
20041;4205;18/07/2022;6,50;6,50
20088;4205;18/07/2022;44,00;44,00
20131;4205;18/07/2022;14,50;14,50
30012;4205;18/07/2022;12,95;12,95
30077;4205;18/07/2022;42,00;42,00
30154;4205;18/07/2022;13,50;9,04
30209;4205;18/07/2022;29,95;29,95
10023;4218;18/07/2022;9,50;9,50
10047;4218;18/07/2022;9,00;7,20
10112;4218;18/07/2022;16,95;16,95
10310;4218;18/07/2022;21,50;21,50
11020;4218;18/07/2022;14,95;13,46
11085;4218;18/07/2022;8,95;8,95
11142;4218;18/07/2022;19,95;19,95
12004;4218;18/07/2022;32,00;32,00
12066;4218;18/07/2022;48,50;48,50
12190;4218;18/07/2022;18,00;18,00
20015;4218;18/07/2022;17,95;17,95
20041;4218;18/07/2022;6,50;6,50
20088;4218;18/07/2022;44,00;44,00
20131;4218;18/07/2022;14,50;14,50
30012;4218;18/07/2022;12,95;12,95
30077;4218;18/07/2022;42,00;42,00
30154;4218;18/07/2022;13,50;9,04
30209;4218;18/07/2022;29,95;29,95
10023;5502;18/07/2022;9,50;9,50
10047;5502;18/07/2022;9,00;7,20
10112;5502;18/07/2022;16,95;16,95
10310;5502;18/07/2022;21,50;21,50
11020;5502;18/07/2022;14,95;13,46
11085;5502;18/07/2022;8,95;8,95
11142;5502;18/07/2022;19,95;19,95
12004;5502;18/07/2022;32,00;32,00
12066;5502;18/07/2022;48,50;48,50
12190;5502;18/07/2022;18,00;18,00
20015;5502;18/07/2022;17,95;17,95
20041;5502;18/07/2022;6,50;6,50
20088;5502;18/07/2022;44,00;44,00
20131;5502;18/07/2022;14,50;14,50
30012;5502;18/07/2022;12,95;12,95
30077;5502;18/07/2022;42,00;42,00
30154;5502;18/07/2022;13,50;9,04
30209;5502;18/07/2022;29,95;29,95
10023;5511;18/07/2022;9,50;9,50
10047;5511;18/07/2022;9,00;7,20
10112;5511;18/07/2022;16,95;16,95
10310;5511;18/07/2022;21,50;21,50
11020;5511;18/07/2022;14,95;13,46
11085;5511;18/07/2022;8,95;8,95
11142;5511;18/07/2022;19,95;19,95
12004;5511;18/07/2022;32,00;32,00
12066;5511;18/07/2022;48,50;48,50
12190;5511;18/07/2022;18,00;18,00
20015;5511;18/07/2022;17,95;17,95
20041;5511;18/07/2022;6,50;6,50
20088;5511;18/07/2022;44,00;44,00
20131;5511;18/07/2022;14,50;14,50
30012;5511;18/07/2022;12,95;12,95
30077;5511;18/07/2022;42,00;42,00
30154;5511;18/07/2022;13,50;9,04
30209;5511;18/07/2022;29,95;29,95
10023;9001;18/07/2022;9,50;9,50
10047;9001;18/07/2022;9,00;7,20
10112;9001;18/07/2022;16,95;16,95
10310;9001;18/07/2022;21,50;21,50
11020;9001;18/07/2022;14,95;13,46
11085;9001;18/07/2022;8,95;8,95
11142;9001;18/07/2022;19,95;19,95
12004;9001;18/07/2022;32,00;32,00
12066;9001;18/07/2022;48,50;48,50
12190;9001;18/07/2022;18,00;18,00
20015;9001;18/07/2022;17,95;17,95
20041;9001;18/07/2022;6,50;6,50
20088;9001;18/07/2022;44,00;44,00
20131;9001;18/07/2022;14,50;14,50
30012;9001;18/07/2022;12,95;12,95
30077;9001;18/07/2022;42,00;42,00
30154;9001;18/07/2022;13,50;9,04
30209;9001;18/07/2022;29,95;29,95
10023;1101;01/08/2022;9,50;9,50
10047;1101;01/08/2022;9,00;9,00
10112;1101;01/08/2022;16,95;16,95
10310;1101;01/08/2022;21,50;21,50
11020;1101;01/08/2022;14,95;14,95
11085;1101;01/08/2022;8,95;8,95
11142;1101;01/08/2022;19,95;13,37
12004;1101;01/08/2022;32,00;32,00
12066;1101;01/08/2022;48,50;48,50
12190;1101;01/08/2022;18,00;13,50
20015;1101;01/08/2022;17,95;17,95
20041;1101;01/08/2022;6,50;6,50
20088;1101;01/08/2022;44,00;33,00
20131;1101;01/08/2022;14,50;14,50
30012;1101;01/08/2022;12,95;11,01
30077;1101;01/08/2022;42,00;42,00
30154;1101;01/08/2022;13,50;13,50
30209;1101;01/08/2022;29,95;29,95
10023;1102;01/08/2022;9,50;9,50
10047;1102;01/08/2022;9,00;9,00
10112;1102;01/08/2022;16,95;16,95
10310;1102;01/08/2022;21,50;21,50
11020;1102;01/08/2022;14,95;14,95
11085;1102;01/08/2022;8,95;8,95
11142;1102;01/08/2022;19,95;13,37
12004;1102;01/08/2022;32,00;32,00
12066;1102;01/08/2022;48,50;48,50
12190;1102;01/08/2022;18,00;13,50
20015;1102;01/08/2022;17,95;17,95
20041;1102;01/08/2022;6,50;6,50
20088;1102;01/08/2022;44,00;33,00
20131;1102;01/08/2022;14,50;14,50
30012;1102;01/08/2022;12,95;11,01
30077;1102;01/08/2022;42,00;42,00
30154;1102;01/08/2022;13,50;13,50
30209;1102;01/08/2022;29,95;29,95
10023;1103;01/08/2022;9,50;9,50
10047;1103;01/08/2022;9,00;9,00
10112;1103;01/08/2022;16,95;16,95
10310;1103;01/08/2022;21,50;21,50
11020;1103;01/08/2022;14,95;14,95
11085;1103;01/08/2022;8,95;8,95
11142;1103;01/08/2022;19,95;13,37
12004;1103;01/08/2022;32,00;32,00
12066;1103;01/08/2022;48,50;48,50
12190;1103;01/08/2022;18,00;13,50
20015;1103;01/08/2022;17,95;17,95
20041;1103;01/08/2022;6,50;6,50
20088;1103;01/08/2022;44,00;33,00
20131;1103;01/08/2022;14,50;14,50
30012;1103;01/08/2022;12,95;11,01
30077;1103;01/08/2022;42,00;42,00
30154;1103;01/08/2022;13,50;13,50
30209;1103;01/08/2022;29,95;29,95
10023;1108;01/08/2022;9,50;9,50
10047;1108;01/08/2022;9,00;9,00
10112;1108;01/08/2022;16,95;16,95
10310;1108;01/08/2022;21,50;21,50
11020;1108;01/08/2022;14,95;14,95
11085;1108;01/08/2022;8,95;8,95
11142;1108;01/08/2022;19,95;13,37
12004;1108;01/08/2022;32,00;32,00
12066;1108;01/08/2022;48,50;48,50
12190;1108;01/08/2022;18,00;13,50
20015;1108;01/08/2022;17,95;17,95
20041;1108;01/08/2022;6,50;6,50
20088;1108;01/08/2022;44,00;33,00
20131;1108;01/08/2022;14,50;14,50
30012;1108;01/08/2022;12,95;11,01
30077;1108;01/08/2022;42,00;42,00
30154;1108;01/08/2022;13,50;13,50
30209;1108;01/08/2022;29,95;29,95
99001;1108;01/08/2022;0,00;0,00
10023;3104;01/08/2022;9,50;9,50
10047;3104;01/08/2022;9,00;9,00
10112;3104;01/08/2022;16,95;16,95
10310;3104;01/08/2022;21,50;21,50
11020;3104;01/08/2022;14,95;14,95
11085;3104;01/08/2022;8,95;8,95
11142;3104;01/08/2022;19,95;13,37
12004;3104;01/08/2022;32,00;32,00
12066;3104;01/08/2022;48,50;48,50
12190;3104;01/08/2022;18,00;13,50
20015;3104;01/08/2022;17,95;17,95
20041;3104;01/08/2022;6,50;6,50
20088;3104;01/08/2022;44,00;33,00
20131;3104;01/08/2022;14,50;14,50
30012;3104;01/08/2022;12,95;11,01
30077;3104;01/08/2022;42,00;42,00
30154;3104;01/08/2022;13,50;13,50
30209;3104;01/08/2022;29,95;29,95
10023;3117;01/08/2022;9,50;9,50
10047;3117;01/08/2022;9,00;9,00
10112;3117;01/08/2022;16,95;16,95
10310;3117;01/08/2022;21,50;21,50
11020;3117;01/08/2022;14,95;14,95
11085;3117;01/08/2022;8,95;8,95
11142;3117;01/08/2022;19,95;13,37
12004;3117;01/08/2022;32,00;32,00
12066;3117;01/08/2022;48,50;48,50
12190;3117;01/08/2022;18,00;13,50
20015;3117;01/08/2022;17,95;17,95
20041;3117;01/08/2022;6,50;6,50
20088;3117;01/08/2022;44,00;33,00
20131;3117;01/08/2022;14,50;14,50
30012;3117;01/08/2022;12,95;11,01
30077;3117;01/08/2022;42,00;42,00
30154;3117;01/08/2022;13,50;13,50
30209;3117;01/08/2022;29,95;29,95
99001;3117;01/08/2022;0,00;0,00
10023;3122;01/08/2022;9,50;9,50
10047;3122;01/08/2022;9,00;9,00
10112;3122;01/08/2022;16,95;16,95
10310;3122;01/08/2022;21,50;21,50
11020;3122;01/08/2022;14,95;14,95
11085;3122;01/08/2022;8,95;8,95
11142;3122;01/08/2022;19,95;13,37
12004;3122;01/08/2022;32,00;32,00
12066;3122;01/08/2022;48,50;48,50
12190;3122;01/08/2022;18,00;13,50
20015;3122;01/08/2022;17,95;17,95
20041;3122;01/08/2022;6,50;6,50
20088;3122;01/08/2022;44,00;33,00
20131;3122;01/08/2022;14,50;14,50
30012;3122;01/08/2022;12,95;11,01
30077;3122;01/08/2022;42,00;42,00
30154;3122;01/08/2022;13,50;13,50
30209;3122;01/08/2022;29,95;29,95
99001;3122;01/08/2022;0,00;0,00
10023;4201;01/08/2022;9,50;9,50
10047;4201;01/08/2022;9,00;9,00
10112;4201;01/08/2022;16,95;16,95
10310;4201;01/08/2022;21,50;21,50
11020;4201;01/08/2022;14,95;14,95
11085;4201;01/08/2022;8,95;8,95
11142;4201;01/08/2022;19,95;13,37
12004;4201;01/08/2022;32,00;32,00
12066;4201;01/08/2022;48,50;48,50
12190;4201;01/08/2022;18,00;13,50
20015;4201;01/08/2022;17,95;17,95
20041;4201;01/08/2022;6,50;6,50
20088;4201;01/08/2022;44,00;33,00
20131;4201;01/08/2022;14,50;14,50
30012;4201;01/08/2022;12,95;11,01
30077;4201;01/08/2022;42,00;42,00
30154;4201;01/08/2022;13,50;13,50
30209;4201;01/08/2022;29,95;29,95
99001;4201;01/08/2022;0,00;0,00
10023;4205;01/08/2022;9,50;9,50
10047;4205;01/08/2022;9,00;9,00
10112;4205;01/08/2022;16,95;16,95
10310;4205;01/08/2022;21,50;21,50
11020;4205;01/08/2022;14,95;14,95
11085;4205;01/08/2022;8,95;8,95
11142;4205;01/08/2022;19,95;13,37
12004;4205;01/08/2022;32,00;32,00
12066;4205;01/08/2022;48,50;48,50
12190;4205;01/08/2022;18,00;13,50
20015;4205;01/08/2022;17,95;17,95
20041;4205;01/08/2022;6,50;6,50
20088;4205;01/08/2022;44,00;33,00
20131;4205;01/08/2022;14,50;14,50
30012;4205;01/08/2022;12,95;11,01
30077;4205;01/08/2022;42,00;42,00
30154;4205;01/08/2022;13,50;13,50
30209;4205;01/08/2022;29,95;29,95
99001;4205;01/08/2022;0,00;0,00
10023;4218;01/08/2022;9,50;9,50
10047;4218;01/08/2022;9,00;9,00
10112;4218;01/08/2022;16,95;16,95
10310;4218;01/08/2022;21,50;21,50
11020;4218;01/08/2022;14,95;14,95
11085;4218;01/08/2022;8,95;8,95
11142;4218;01/08/2022;19,95;13,37
12004;4218;01/08/2022;32,00;32,00
12066;4218;01/08/2022;48,50;48,50
12190;4218;01/08/2022;18,00;13,50
20015;4218;01/08/2022;17,95;17,95
20041;4218;01/08/2022;6,50;6,50
20088;4218;01/08/2022;44,00;33,00
20131;4218;01/08/2022;14,50;14,50
30012;4218;01/08/2022;12,95;11,01
30077;4218;01/08/2022;42,00;42,00
30154;4218;01/08/2022;13,50;13,50
30209;4218;01/08/2022;29,95;29,95
10023;5502;01/08/2022;9,50;9,50
10047;5502;01/08/2022;9,00;9,00
10112;5502;01/08/2022;16,95;16,95
10310;5502;01/08/2022;21,50;21,50
11020;5502;01/08/2022;14,95;14,95
11085;5502;01/08/2022;8,95;8,95
11142;5502;01/08/2022;19,95;13,37
12004;5502;01/08/2022;32,00;32,00
12066;5502;01/08/2022;48,50;48,50
12190;5502;01/08/2022;18,00;13,50
20015;5502;01/08/2022;17,95;17,95
20041;5502;01/08/2022;6,50;6,50
20088;5502;01/08/2022;44,00;33,00
20131;5502;01/08/2022;14,50;14,50
30012;5502;01/08/2022;12,95;11,01
30077;5502;01/08/2022;42,00;42,00
30154;5502;01/08/2022;13,50;13,50
30209;5502;01/08/2022;29,95;29,95
99001;5502;01/08/2022;0,00;0,00
10023;5511;01/08/2022;9,50;9,50
10047;5511;01/08/2022;9,00;9,00
10112;5511;01/08/2022;16,95;16,95
10310;5511;01/08/2022;21,50;21,50
11020;5511;01/08/2022;14,95;14,95
11085;5511;01/08/2022;8,95;8,95
11142;5511;01/08/2022;19,95;13,37
12004;5511;01/08/2022;32,00;32,00
12066;5511;01/08/2022;48,50;48,50
12190;5511;01/08/2022;18,00;13,50
20015;5511;01/08/2022;17,95;17,95
20041;5511;01/08/2022;6,50;6,50
20088;5511;01/08/2022;44,00;33,00
20131;5511;01/08/2022;14,50;14,50
30012;5511;01/08/2022;12,95;11,01
30077;5511;01/08/2022;42,00;42,00
30154;5511;01/08/2022;13,50;13,50
30209;5511;01/08/2022;29,95;29,95
99001;5511;01/08/2022;0,00;0,00
10023;9001;01/08/2022;9,50;9,50
10047;9001;01/08/2022;9,00;9,00
10112;9001;01/08/2022;16,95;16,95
10310;9001;01/08/2022;21,50;21,50
11020;9001;01/08/2022;14,95;14,95
11085;9001;01/08/2022;8,95;8,95
11142;9001;01/08/2022;19,95;13,37
12004;9001;01/08/2022;32,00;32,00
12066;9001;01/08/2022;48,50;48,50
12190;9001;01/08/2022;18,00;13,50
20015;9001;01/08/2022;17,95;17,95
20041;9001;01/08/2022;6,50;6,50
20088;9001;01/08/2022;44,00;33,00
20131;9001;01/08/2022;14,50;14,50
30012;9001;01/08/2022;12,95;11,01
30077;9001;01/08/2022;42,00;42,00
30154;9001;01/08/2022;13,50;13,50
30209;9001;01/08/2022;29,95;29,95
10023;1199;01/08/2022;9,50;9,50
10047;1199;01/08/2022;9,00;9,00
10112;1199;01/08/2022;16,95;16,95
10310;1199;01/08/2022;21,50;21,50
11020;1199;01/08/2022;14,95;14,95
11085;1199;01/08/2022;8,95;8,95
11142;1199;01/08/2022;19,95;13,37
12004;1199;01/08/2022;32,00;32,00
12066;1199;01/08/2022;48,50;48,50
12190;1199;01/08/2022;18,00;13,50
20015;1199;01/08/2022;17,95;17,95
20041;1199;01/08/2022;6,50;6,50
20088;1199;01/08/2022;44,00;33,00
20131;1199;01/08/2022;14,50;14,50
30012;1199;01/08/2022;12,95;11,01
30077;1199;01/08/2022;42,00;42,00
30154;1199;01/08/2022;13,50;13,50
30209;1199;01/08/2022;29,95;29,95
10047;1101;08/08/2022;9,00;6,03
10047;1102;08/08/2022;9,00;6,03
10047;1103;08/08/2022;9,00;6,03
10047;1108;08/08/2022;9,00;6,03
10047;4201;08/08/2022;9,00;6,03
30012;4201;08/08/2022;12,95;10,36
30209;4201;08/08/2022;29,95;22,46
10047;4205;08/08/2022;9,00;6,03
30012;4205;08/08/2022;12,95;10,36
30209;4205;08/08/2022;29,95;22,46
10047;4218;08/08/2022;9,00;6,03
30012;4218;08/08/2022;12,95;10,36
30209;4218;08/08/2022;29,95;22,46
30012;5502;08/08/2022;12,95;10,36
30209;5502;08/08/2022;29,95;22,46
30012;5511;08/08/2022;12,95;10,36
30209;5511;08/08/2022;29,95;22,46
10023;1101;15/08/2022;9,50;9,50
10047;1101;15/08/2022;9,00;9,00
10112;1101;15/08/2022;16,95;16,95
10310;1101;15/08/2022;21,50;21,50
11020;1101;15/08/2022;14,95;14,95
11085;1101;15/08/2022;8,95;8,95
11142;1101;15/08/2022;19,95;19,95
12004;1101;15/08/2022;32,00;32,00
12066;1101;15/08/2022;48,50;48,50
12190;1101;15/08/2022;18,00;18,00
20015;1101;15/08/2022;17,95;17,95
20041;1101;15/08/2022;6,50;4,35
20088;1101;15/08/2022;44,00;44,00
20131;1101;15/08/2022;14,50;14,50
30012;1101;15/08/2022;12,95;12,95
30077;1101;15/08/2022;42,00;37,80
30154;1101;15/08/2022;13,50;12,15
30209;1101;15/08/2022;29,95;29,95
99001;1101;15/08/2022;0,00;0,00
10023;1102;15/08/2022;9,50;9,50
10047;1102;15/08/2022;9,00;9,00
10112;1102;15/08/2022;16,95;16,95
10310;1102;15/08/2022;21,50;21,50
11020;1102;15/08/2022;14,95;14,95
11085;1102;15/08/2022;8,95;8,95
11142;1102;15/08/2022;19,95;19,95
12004;1102;15/08/2022;32,00;32,00
12066;1102;15/08/2022;48,50;48,50
12190;1102;15/08/2022;18,00;18,00
20015;1102;15/08/2022;17,95;17,95
20041;1102;15/08/2022;6,50;4,35
20088;1102;15/08/2022;44,00;44,00
20131;1102;15/08/2022;14,50;14,50
30012;1102;15/08/2022;12,95;12,95
30077;1102;15/08/2022;42,00;37,80
30154;1102;15/08/2022;13,50;12,15
30209;1102;15/08/2022;29,95;29,95
99001;1102;15/08/2022;0,00;0,00
10023;1103;15/08/2022;9,50;9,50
10047;1103;15/08/2022;9,00;9,00
10112;1103;15/08/2022;16,95;16,95
10310;1103;15/08/2022;21,50;21,50
11020;1103;15/08/2022;14,95;14,95
11085;1103;15/08/2022;8,95;8,95
11142;1103;15/08/2022;19,95;19,95
12004;1103;15/08/2022;32,00;32,00
12066;1103;15/08/2022;48,50;48,50
12190;1103;15/08/2022;18,00;18,00
20015;1103;15/08/2022;17,95;17,95
20041;1103;15/08/2022;6,50;4,35
20088;1103;15/08/2022;44,00;44,00
20131;1103;15/08/2022;14,50;14,50
30012;1103;15/08/2022;12,95;12,95
30077;1103;15/08/2022;42,00;37,80
30154;1103;15/08/2022;13,50;12,15
30209;1103;15/08/2022;29,95;29,95
10023;1108;15/08/2022;9,50;9,50
10047;1108;15/08/2022;9,00;9,00
10112;1108;15/08/2022;16,95;16,95
10310;1108;15/08/2022;21,50;21,50
11020;1108;15/08/2022;14,95;14,95
11085;1108;15/08/2022;8,95;8,95
11142;1108;15/08/2022;19,95;19,95
12004;1108;15/08/2022;32,00;32,00
12066;1108;15/08/2022;48,50;48,50
12190;1108;15/08/2022;18,00;18,00
20015;1108;15/08/2022;17,95;17,95
20041;1108;15/08/2022;6,50;4,35
20088;1108;15/08/2022;44,00;44,00
20131;1108;15/08/2022;14,50;14,50
30012;1108;15/08/2022;12,95;12,95
30077;1108;15/08/2022;42,00;37,80
30154;1108;15/08/2022;13,50;12,15
30209;1108;15/08/2022;29,95;29,95
99001;1108;15/08/2022;0,00;0,00
10023;3104;15/08/2022;9,50;9,50
10047;3104;15/08/2022;9,00;9,00
10112;3104;15/08/2022;16,95;16,95
10310;3104;15/08/2022;21,50;21,50
11020;3104;15/08/2022;14,95;14,95
11085;3104;15/08/2022;8,95;8,95
11142;3104;15/08/2022;19,95;19,95
12004;3104;15/08/2022;32,00;32,00
12066;3104;15/08/2022;48,50;48,50
12190;3104;15/08/2022;18,00;18,00
20015;3104;15/08/2022;17,95;17,95
20041;3104;15/08/2022;6,50;6,50
20088;3104;15/08/2022;44,00;44,00
20131;3104;15/08/2022;14,50;14,50
30012;3104;15/08/2022;12,95;12,95
30077;3104;15/08/2022;42,00;37,80
30154;3104;15/08/2022;13,50;12,15
30209;3104;15/08/2022;29,95;29,95
10023;3117;15/08/2022;9,50;9,50
10047;3117;15/08/2022;9,00;9,00
10112;3117;15/08/2022;16,95;16,95
10310;3117;15/08/2022;21,50;21,50
11020;3117;15/08/2022;14,95;14,95
11085;3117;15/08/2022;8,95;8,95
11142;3117;15/08/2022;19,95;19,95
12004;3117;15/08/2022;32,00;32,00
12066;3117;15/08/2022;48,50;48,50
12190;3117;15/08/2022;18,00;18,00
20015;3117;15/08/2022;17,95;17,95
20041;3117;15/08/2022;6,50;6,50
20088;3117;15/08/2022;44,00;44,00
20131;3117;15/08/2022;14,50;14,50
30012;3117;15/08/2022;12,95;12,95
30077;3117;15/08/2022;42,00;37,80
30154;3117;15/08/2022;13,50;12,15
30209;3117;15/08/2022;29,95;29,95
10023;3122;15/08/2022;9,50;9,50
10047;3122;15/08/2022;9,00;9,00
10112;3122;15/08/2022;16,95;16,95
10310;3122;15/08/2022;21,50;21,50
11020;3122;15/08/2022;14,95;14,95
11085;3122;15/08/2022;8,95;8,95
11142;3122;15/08/2022;19,95;19,95
12004;3122;15/08/2022;32,00;32,00
12066;3122;15/08/2022;48,50;48,50
12190;3122;15/08/2022;18,00;18,00
20015;3122;15/08/2022;17,95;17,95
20041;3122;15/08/2022;6,50;6,50
20088;3122;15/08/2022;44,00;44,00
20131;3122;15/08/2022;14,50;14,50
30012;3122;15/08/2022;12,95;12,95
30077;3122;15/08/2022;42,00;37,80
30154;3122;15/08/2022;13,50;12,15
30209;3122;15/08/2022;29,95;29,95
10023;4201;15/08/2022;9,50;9,50
10047;4201;15/08/2022;9,00;9,00
10112;4201;15/08/2022;16,95;16,95
10310;4201;15/08/2022;21,50;21,50
11020;4201;15/08/2022;14,95;14,95
11085;4201;15/08/2022;8,95;8,95
11142;4201;15/08/2022;19,95;19,95
12004;4201;15/08/2022;32,00;32,00
12066;4201;15/08/2022;48,50;48,50
12190;4201;15/08/2022;18,00;18,00
20015;4201;15/08/2022;17,95;17,95
20041;4201;15/08/2022;6,50;4,35
20088;4201;15/08/2022;44,00;44,00
20131;4201;15/08/2022;14,50;14,50
30012;4201;15/08/2022;12,95;12,95
30077;4201;15/08/2022;42,00;37,80
30154;4201;15/08/2022;13,50;12,15
30209;4201;15/08/2022;29,95;29,95
10023;4205;15/08/2022;9,50;9,50
10047;4205;15/08/2022;9,00;9,00
10112;4205;15/08/2022;16,95;16,95
10310;4205;15/08/2022;21,50;21,50
11020;4205;15/08/2022;14,95;14,95
11085;4205;15/08/2022;8,95;8,95
11142;4205;15/08/2022;19,95;19,95
12004;4205;15/08/2022;32,00;32,00
12066;4205;15/08/2022;48,50;48,50
12190;4205;15/08/2022;18,00;18,00
20015;4205;15/08/2022;17,95;17,95
20041;4205;15/08/2022;6,50;4,35
20088;4205;15/08/2022;44,00;44,00
20131;4205;15/08/2022;14,50;14,50
30012;4205;15/08/2022;12,95;12,95
30077;4205;15/08/2022;42,00;37,80
30154;4205;15/08/2022;13,50;12,15
30209;4205;15/08/2022;29,95;29,95
10023;4218;15/08/2022;9,50;9,50
10047;4218;15/08/2022;9,00;9,00
10112;4218;15/08/2022;16,95;16,95
10310;4218;15/08/2022;21,50;21,50
11020;4218;15/08/2022;14,95;14,95
11085;4218;15/08/2022;8,95;8,95
11142;4218;15/08/2022;19,95;19,95
12004;4218;15/08/2022;32,00;32,00
12066;4218;15/08/2022;48,50;48,50
12190;4218;15/08/2022;18,00;18,00
20015;4218;15/08/2022;17,95;17,95
20041;4218;15/08/2022;6,50;4,35
20088;4218;15/08/2022;44,00;44,00
20131;4218;15/08/2022;14,50;14,50
30012;4218;15/08/2022;12,95;12,95
30077;4218;15/08/2022;42,00;37,80
30154;4218;15/08/2022;13,50;12,15
30209;4218;15/08/2022;29,95;29,95
10023;5502;15/08/2022;9,50;9,50
10047;5502;15/08/2022;9,00;9,00
10112;5502;15/08/2022;16,95;16,95
10310;5502;15/08/2022;21,50;21,50
11020;5502;15/08/2022;14,95;14,95
11085;5502;15/08/2022;8,95;8,95
11142;5502;15/08/2022;19,95;19,95
12004;5502;15/08/2022;32,00;32,00
12066;5502;15/08/2022;48,50;48,50
12190;5502;15/08/2022;18,00;18,00
20015;5502;15/08/2022;17,95;17,95
20041;5502;15/08/2022;6,50;6,50
20088;5502;15/08/2022;44,00;44,00
20131;5502;15/08/2022;14,50;14,50
30012;5502;15/08/2022;12,95;12,95
30077;5502;15/08/2022;42,00;37,80
30154;5502;15/08/2022;13,50;12,15
30209;5502;15/08/2022;29,95;29,95
10023;5511;15/08/2022;9,50;9,50
10047;5511;15/08/2022;9,00;9,00
10112;5511;15/08/2022;16,95;16,95
10310;5511;15/08/2022;21,50;21,50
11020;5511;15/08/2022;14,95;14,95
11085;5511;15/08/2022;8,95;8,95
11142;5511;15/08/2022;19,95;19,95
12004;5511;15/08/2022;32,00;32,00
12066;5511;15/08/2022;48,50;48,50
12190;5511;15/08/2022;18,00;18,00
20015;5511;15/08/2022;17,95;17,95
20041;5511;15/08/2022;6,50;6,50
20088;5511;15/08/2022;44,00;44,00
20131;5511;15/08/2022;14,50;14,50
30012;5511;15/08/2022;12,95;12,95
30077;5511;15/08/2022;42,00;37,80
30154;5511;15/08/2022;13,50;12,15
30209;5511;15/08/2022;29,95;29,95
10023;9001;15/08/2022;9,50;9,50
10047;9001;15/08/2022;9,00;9,00
10112;9001;15/08/2022;16,95;16,95
10310;9001;15/08/2022;21,50;21,50
11020;9001;15/08/2022;14,95;14,95
11085;9001;15/08/2022;8,95;8,95
11142;9001;15/08/2022;19,95;19,95
12004;9001;15/08/2022;32,00;32,00
12066;9001;15/08/2022;48,50;48,50
12190;9001;15/08/2022;18,00;18,00
20015;9001;15/08/2022;17,95;17,95
20041;9001;15/08/2022;6,50;6,50
20088;9001;15/08/2022;44,00;44,00
20131;9001;15/08/2022;14,50;14,50
30012;9001;15/08/2022;12,95;12,95
30077;9001;15/08/2022;42,00;37,80
30154;9001;15/08/2022;13,50;12,15
30209;9001;15/08/2022;29,95;29,95
10023;1199;15/08/2022;9,50;9,50
10047;1199;15/08/2022;9,00;9,00
10112;1199;15/08/2022;16,95;16,95
10310;1199;15/08/2022;21,50;21,50
11020;1199;15/08/2022;14,95;14,95
11085;1199;15/08/2022;8,95;8,95
11142;1199;15/08/2022;19,95;19,95
12004;1199;15/08/2022;32,00;32,00
12066;1199;15/08/2022;48,50;48,50
12190;1199;15/08/2022;18,00;18,00
20015;1199;15/08/2022;17,95;17,95
20041;1199;15/08/2022;6,50;4,35
20088;1199;15/08/2022;44,00;44,00
20131;1199;15/08/2022;14,50;14,50
30012;1199;15/08/2022;12,95;12,95
30077;1199;15/08/2022;42,00;37,80
30154;1199;15/08/2022;13,50;12,15
30209;1199;15/08/2022;29,95;29,95
12190;4201;22/08/2022;18,00;16,20
12190;4205;22/08/2022;18,00;16,20
12190;4218;22/08/2022;18,00;16,20
12190;5502;22/08/2022;18,00;16,20
12190;5511;22/08/2022;18,00;16,20
10023;1101;29/08/2022;9,50;9,50
10047;1101;29/08/2022;9,00;6,03
10112;1101;29/08/2022;16,95;16,95
10310;1101;29/08/2022;21,50;21,50
11020;1101;29/08/2022;14,95;11,21
11085;1101;29/08/2022;8,95;8,95
11142;1101;29/08/2022;19,95;19,95
12004;1101;29/08/2022;32,00;32,00
12066;1101;29/08/2022;48,50;48,50
12190;1101;29/08/2022;18,00;18,00
20015;1101;29/08/2022;17,95;17,95
20041;1101;29/08/2022;6,50;6,50
20088;1101;29/08/2022;44,00;44,00
20131;1101;29/08/2022;14,50;14,50
30012;1101;29/08/2022;12,95;12,95
30077;1101;29/08/2022;42,00;42,00
30154;1101;29/08/2022;13,50;13,50
30209;1101;29/08/2022;29,95;29,95
10023;1102;29/08/2022;9,50;9,50
10047;1102;29/08/2022;9,00;6,03
10112;1102;29/08/2022;16,95;16,95
10310;1102;29/08/2022;21,50;21,50
11020;1102;29/08/2022;14,95;11,21
11085;1102;29/08/2022;8,95;8,95
11142;1102;29/08/2022;19,95;19,95
12004;1102;29/08/2022;32,00;32,00
12066;1102;29/08/2022;48,50;48,50
12190;1102;29/08/2022;18,00;18,00
20015;1102;29/08/2022;17,95;17,95
20041;1102;29/08/2022;6,50;6,50
20088;1102;29/08/2022;44,00;44,00
20131;1102;29/08/2022;14,50;14,50
30012;1102;29/08/2022;12,95;12,95
30077;1102;29/08/2022;42,00;42,00
30154;1102;29/08/2022;13,50;13,50
30209;1102;29/08/2022;29,95;29,95
10023;1103;29/08/2022;9,50;9,50
10047;1103;29/08/2022;9,00;6,03
10112;1103;29/08/2022;16,95;16,95
10310;1103;29/08/2022;21,50;21,50
11020;1103;29/08/2022;14,95;11,21
11085;1103;29/08/2022;8,95;8,95
11142;1103;29/08/2022;19,95;19,95
12004;1103;29/08/2022;32,00;32,00
12066;1103;29/08/2022;48,50;48,50
12190;1103;29/08/2022;18,00;18,00
20015;1103;29/08/2022;17,95;17,95
20041;1103;29/08/2022;6,50;6,50
20088;1103;29/08/2022;44,00;44,00
20131;1103;29/08/2022;14,50;14,50
30012;1103;29/08/2022;12,95;12,95
30077;1103;29/08/2022;42,00;42,00
30154;1103;29/08/2022;13,50;13,50
30209;1103;29/08/2022;29,95;29,95
10023;1108;29/08/2022;9,50;9,50
10047;1108;29/08/2022;9,00;6,03
10112;1108;29/08/2022;16,95;16,95
10310;1108;29/08/2022;21,50;21,50
11020;1108;29/08/2022;14,95;11,21
11085;1108;29/08/2022;8,95;8,95
11142;1108;29/08/2022;19,95;19,95
12004;1108;29/08/2022;32,00;32,00
12066;1108;29/08/2022;48,50;48,50
12190;1108;29/08/2022;18,00;18,00
20015;1108;29/08/2022;17,95;17,95
20041;1108;29/08/2022;6,50;6,50
20088;1108;29/08/2022;44,00;44,00
20131;1108;29/08/2022;14,50;14,50
30012;1108;29/08/2022;12,95;12,95
30077;1108;29/08/2022;42,00;42,00
30154;1108;29/08/2022;13,50;13,50
30209;1108;29/08/2022;29,95;29,95
10023;3104;29/08/2022;9,50;9,50
10047;3104;29/08/2022;9,00;6,03
10112;3104;29/08/2022;16,95;16,95
10310;3104;29/08/2022;21,50;21,50
11020;3104;29/08/2022;14,95;14,95
11085;3104;29/08/2022;8,95;8,95
11142;3104;29/08/2022;19,95;19,95
12004;3104;29/08/2022;32,00;32,00
12066;3104;29/08/2022;48,50;48,50
12190;3104;29/08/2022;18,00;18,00
20015;3104;29/08/2022;17,95;17,95
20041;3104;29/08/2022;6,50;6,50
20088;3104;29/08/2022;44,00;44,00
20131;3104;29/08/2022;14,50;14,50
30012;3104;29/08/2022;12,95;12,95
30077;3104;29/08/2022;42,00;42,00
30154;3104;29/08/2022;13,50;13,50
30209;3104;29/08/2022;29,95;29,95
10023;3117;29/08/2022;9,50;9,50
10047;3117;29/08/2022;9,00;6,03
10112;3117;29/08/2022;16,95;16,95
10310;3117;29/08/2022;21,50;21,50
11020;3117;29/08/2022;14,95;14,95
11085;3117;29/08/2022;8,95;8,95
11142;3117;29/08/2022;19,95;19,95
12004;3117;29/08/2022;32,00;32,00
12066;3117;29/08/2022;48,50;48,50
12190;3117;29/08/2022;18,00;18,00
20015;3117;29/08/2022;17,95;17,95
20041;3117;29/08/2022;6,50;6,50
20088;3117;29/08/2022;44,00;44,00
20131;3117;29/08/2022;14,50;14,50
30012;3117;29/08/2022;12,95;12,95
30077;3117;29/08/2022;42,00;42,00
30154;3117;29/08/2022;13,50;13,50
30209;3117;29/08/2022;29,95;29,95
10023;3122;29/08/2022;9,50;9,50
10047;3122;29/08/2022;9,00;6,03
10112;3122;29/08/2022;16,95;16,95
10310;3122;29/08/2022;21,50;21,50
11020;3122;29/08/2022;14,95;14,95
11085;3122;29/08/2022;8,95;8,95
11142;3122;29/08/2022;19,95;19,95
12004;3122;29/08/2022;32,00;32,00
12066;3122;29/08/2022;48,50;48,50
12190;3122;29/08/2022;18,00;18,00
20015;3122;29/08/2022;17,95;17,95
20041;3122;29/08/2022;6,50;6,50
20088;3122;29/08/2022;44,00;44,00
20131;3122;29/08/2022;14,50;14,50
30012;3122;29/08/2022;12,95;12,95
30077;3122;29/08/2022;42,00;42,00
30154;3122;29/08/2022;13,50;13,50
30209;3122;29/08/2022;29,95;29,95
10023;4201;29/08/2022;9,50;9,50
10047;4201;29/08/2022;9,00;6,03
10112;4201;29/08/2022;16,95;16,95
10310;4201;29/08/2022;21,50;21,50
11020;4201;29/08/2022;14,95;11,21
11085;4201;29/08/2022;8,95;8,95
11142;4201;29/08/2022;19,95;19,95
12004;4201;29/08/2022;32,00;32,00
12066;4201;29/08/2022;48,50;48,50
12190;4201;29/08/2022;18,00;18,00
20015;4201;29/08/2022;17,95;17,95
20041;4201;29/08/2022;6,50;6,50
20088;4201;29/08/2022;44,00;44,00
20131;4201;29/08/2022;14,50;14,50
30012;4201;29/08/2022;12,95;12,95
30077;4201;29/08/2022;42,00;42,00
30154;4201;29/08/2022;13,50;13,50
30209;4201;29/08/2022;29,95;29,95
99001;4201;29/08/2022;0,00;0,00
10023;4205;29/08/2022;9,50;9,50
10047;4205;29/08/2022;9,00;6,03
10112;4205;29/08/2022;16,95;16,95
10310;4205;29/08/2022;21,50;21,50
11020;4205;29/08/2022;14,95;11,21
11085;4205;29/08/2022;8,95;8,95
11142;4205;29/08/2022;19,95;19,95
12004;4205;29/08/2022;32,00;32,00
12066;4205;29/08/2022;48,50;48,50
12190;4205;29/08/2022;18,00;18,00
20015;4205;29/08/2022;17,95;17,95
20041;4205;29/08/2022;6,50;6,50
20088;4205;29/08/2022;44,00;44,00
20131;4205;29/08/2022;14,50;14,50
30012;4205;29/08/2022;12,95;12,95
30077;4205;29/08/2022;42,00;42,00
30154;4205;29/08/2022;13,50;13,50
30209;4205;29/08/2022;29,95;29,95
10023;4218;29/08/2022;9,50;9,50
10047;4218;29/08/2022;9,00;6,03
10112;4218;29/08/2022;16,95;16,95
10310;4218;29/08/2022;21,50;21,50
11020;4218;29/08/2022;14,95;11,21
11085;4218;29/08/2022;8,95;8,95
11142;4218;29/08/2022;19,95;19,95
12004;4218;29/08/2022;32,00;32,00
12066;4218;29/08/2022;48,50;48,50
12190;4218;29/08/2022;18,00;18,00
20015;4218;29/08/2022;17,95;17,95
20041;4218;29/08/2022;6,50;6,50
20088;4218;29/08/2022;44,00;44,00
20131;4218;29/08/2022;14,50;14,50
30012;4218;29/08/2022;12,95;12,95
30077;4218;29/08/2022;42,00;42,00
30154;4218;29/08/2022;13,50;13,50
30209;4218;29/08/2022;29,95;29,95
10023;5502;29/08/2022;9,50;9,50
10047;5502;29/08/2022;9,00;6,03
10112;5502;29/08/2022;16,95;16,95
10310;5502;29/08/2022;21,50;21,50
11020;5502;29/08/2022;14,95;14,95
11085;5502;29/08/2022;8,95;8,95
11142;5502;29/08/2022;19,95;19,95
12004;5502;29/08/2022;32,00;32,00
12066;5502;29/08/2022;48,50;48,50
12190;5502;29/08/2022;18,00;18,00
20015;5502;29/08/2022;17,95;17,95
20041;5502;29/08/2022;6,50;6,50
20088;5502;29/08/2022;44,00;44,00
20131;5502;29/08/2022;14,50;14,50
30012;5502;29/08/2022;12,95;12,95
30077;5502;29/08/2022;42,00;42,00
30154;5502;29/08/2022;13,50;13,50
30209;5502;29/08/2022;29,95;29,95
99001;5502;29/08/2022;0,00;0,00
10023;5511;29/08/2022;9,50;9,50
10047;5511;29/08/2022;9,00;6,03
10112;5511;29/08/2022;16,95;16,95
10310;5511;29/08/2022;21,50;21,50
11020;5511;29/08/2022;14,95;14,95
11085;5511;29/08/2022;8,95;8,95
11142;5511;29/08/2022;19,95;19,95
12004;5511;29/08/2022;32,00;32,00
12066;5511;29/08/2022;48,50;48,50
12190;5511;29/08/2022;18,00;18,00
20015;5511;29/08/2022;17,95;17,95
20041;5511;29/08/2022;6,50;6,50
20088;5511;29/08/2022;44,00;44,00
20131;5511;29/08/2022;14,50;14,50
30012;5511;29/08/2022;12,95;12,95
30077;5511;29/08/2022;42,00;42,00
30154;5511;29/08/2022;13,50;13,50
30209;5511;29/08/2022;29,95;29,95
99001;5511;29/08/2022;0,00;0,00
10023;9001;29/08/2022;9,50;9,50
10047;9001;29/08/2022;9,00;6,03
10112;9001;29/08/2022;16,95;16,95
10310;9001;29/08/2022;21,50;21,50
11020;9001;29/08/2022;14,95;14,95
11085;9001;29/08/2022;8,95;8,95
11142;9001;29/08/2022;19,95;19,95
12004;9001;29/08/2022;32,00;32,00
12066;9001;29/08/2022;48,50;48,50
12190;9001;29/08/2022;18,00;18,00
20015;9001;29/08/2022;17,95;17,95
20041;9001;29/08/2022;6,50;6,50
20088;9001;29/08/2022;44,00;44,00
20131;9001;29/08/2022;14,50;14,50
30012;9001;29/08/2022;12,95;12,95
30077;9001;29/08/2022;42,00;42,00
30154;9001;29/08/2022;13,50;13,50
30209;9001;29/08/2022;29,95;29,95
99001;9001;29/08/2022;0,00;0,00
20131;1101;05/09/2022;14,50;10,88
20131;1102;05/09/2022;14,50;10,88
20131;1103;05/09/2022;14,50;10,88
20131;1108;05/09/2022;14,50;10,88
20131;3104;05/09/2022;14,50;10,88
20131;3117;05/09/2022;14,50;10,88
20131;3122;05/09/2022;14,50;10,88
20131;4201;05/09/2022;14,50;10,88
20131;4205;05/09/2022;14,50;10,88
20131;4218;05/09/2022;14,50;10,88
20131;5502;05/09/2022;14,50;10,88
20131;5511;05/09/2022;14,50;10,88
20131;9001;05/09/2022;14,50;10,88
10023;1101;12/09/2022;9,50;9,50
10047;1101;12/09/2022;9,00;9,00
10112;1101;12/09/2022;16,95;16,95
10310;1101;12/09/2022;21,50;21,50
11020;1101;12/09/2022;14,95;14,95
11085;1101;12/09/2022;8,95;8,95
11142;1101;12/09/2022;19,95;19,95
12004;1101;12/09/2022;32,00;32,00
12066;1101;12/09/2022;48,50;48,50
12190;1101;12/09/2022;18,00;18,00
20015;1101;12/09/2022;17,95;17,95
20041;1101;12/09/2022;6,50;6,50
20088;1101;12/09/2022;44,00;44,00
20131;1101;12/09/2022;14,50;14,50
30012;1101;12/09/2022;12,95;12,95
30077;1101;12/09/2022;42,00;42,00
30154;1101;12/09/2022;13,50;13,50
30209;1101;12/09/2022;29,95;29,95
10023;1102;12/09/2022;9,50;9,50
10047;1102;12/09/2022;9,00;9,00
10112;1102;12/09/2022;16,95;16,95
10310;1102;12/09/2022;21,50;21,50
11020;1102;12/09/2022;14,95;14,95
11085;1102;12/09/2022;8,95;8,95
11142;1102;12/09/2022;19,95;19,95
12004;1102;12/09/2022;32,00;32,00
12066;1102;12/09/2022;48,50;48,50
12190;1102;12/09/2022;18,00;18,00
20015;1102;12/09/2022;17,95;17,95
20041;1102;12/09/2022;6,50;6,50
20088;1102;12/09/2022;44,00;44,00
20131;1102;12/09/2022;14,50;14,50
30012;1102;12/09/2022;12,95;12,95
30077;1102;12/09/2022;42,00;42,00
30154;1102;12/09/2022;13,50;13,50
30209;1102;12/09/2022;29,95;29,95
99001;1102;12/09/2022;0,00;0,00
10023;1103;12/09/2022;9,50;9,50
10047;1103;12/09/2022;9,00;9,00
10112;1103;12/09/2022;16,95;16,95
10310;1103;12/09/2022;21,50;21,50
11020;1103;12/09/2022;14,95;14,95
11085;1103;12/09/2022;8,95;8,95
11142;1103;12/09/2022;19,95;19,95
12004;1103;12/09/2022;32,00;32,00
12066;1103;12/09/2022;48,50;48,50
12190;1103;12/09/2022;18,00;18,00
20015;1103;12/09/2022;17,95;17,95
20041;1103;12/09/2022;6,50;6,50
20088;1103;12/09/2022;44,00;44,00
20131;1103;12/09/2022;14,50;14,50
30012;1103;12/09/2022;12,95;12,95
30077;1103;12/09/2022;42,00;42,00
30154;1103;12/09/2022;13,50;13,50
30209;1103;12/09/2022;29,95;29,95
10023;1108;12/09/2022;9,50;9,50
10047;1108;12/09/2022;9,00;9,00
10112;1108;12/09/2022;16,95;16,95
10310;1108;12/09/2022;21,50;21,50
11020;1108;12/09/2022;14,95;14,95
11085;1108;12/09/2022;8,95;8,95
11142;1108;12/09/2022;19,95;19,95
12004;1108;12/09/2022;32,00;32,00
12066;1108;12/09/2022;48,50;48,50
12190;1108;12/09/2022;18,00;18,00
20015;1108;12/09/2022;17,95;17,95
20041;1108;12/09/2022;6,50;6,50
20088;1108;12/09/2022;44,00;44,00
20131;1108;12/09/2022;14,50;14,50
30012;1108;12/09/2022;12,95;12,95
30077;1108;12/09/2022;42,00;42,00
30154;1108;12/09/2022;13,50;13,50
30209;1108;12/09/2022;29,95;29,95
10023;3104;12/09/2022;9,50;9,50
10047;3104;12/09/2022;9,00;9,00
10112;3104;12/09/2022;16,95;16,95
10310;3104;12/09/2022;21,50;21,50
11020;3104;12/09/2022;14,95;14,95
11085;3104;12/09/2022;8,95;8,95
11142;3104;12/09/2022;19,95;19,95
12004;3104;12/09/2022;32,00;32,00
12066;3104;12/09/2022;48,50;48,50
12190;3104;12/09/2022;18,00;18,00
20015;3104;12/09/2022;17,95;17,95
20041;3104;12/09/2022;6,50;6,50
20088;3104;12/09/2022;44,00;44,00
20131;3104;12/09/2022;14,50;14,50
30012;3104;12/09/2022;12,95;12,95
30077;3104;12/09/2022;42,00;42,00
30154;3104;12/09/2022;13,50;13,50
30209;3104;12/09/2022;29,95;29,95
10023;3117;12/09/2022;9,50;9,50
10047;3117;12/09/2022;9,00;9,00
10112;3117;12/09/2022;16,95;16,95
10310;3117;12/09/2022;21,50;21,50
11020;3117;12/09/2022;14,95;14,95
11085;3117;12/09/2022;8,95;8,95
11142;3117;12/09/2022;19,95;19,95
12004;3117;12/09/2022;32,00;32,00
12066;3117;12/09/2022;48,50;48,50
12190;3117;12/09/2022;18,00;18,00
20015;3117;12/09/2022;17,95;17,95
20041;3117;12/09/2022;6,50;6,50
20088;3117;12/09/2022;44,00;44,00
20131;3117;12/09/2022;14,50;14,50
30012;3117;12/09/2022;12,95;12,95
30077;3117;12/09/2022;42,00;42,00
30154;3117;12/09/2022;13,50;13,50
30209;3117;12/09/2022;29,95;29,95
10023;3122;12/09/2022;9,50;9,50
10047;3122;12/09/2022;9,00;9,00
10112;3122;12/09/2022;16,95;16,95
10310;3122;12/09/2022;21,50;21,50
11020;3122;12/09/2022;14,95;14,95
11085;3122;12/09/2022;8,95;8,95
11142;3122;12/09/2022;19,95;19,95
12004;3122;12/09/2022;32,00;32,00
12066;3122;12/09/2022;48,50;48,50
12190;3122;12/09/2022;18,00;18,00
20015;3122;12/09/2022;17,95;17,95
20041;3122;12/09/2022;6,50;6,50
20088;3122;12/09/2022;44,00;44,00
20131;3122;12/09/2022;14,50;14,50
30012;3122;12/09/2022;12,95;12,95
30077;3122;12/09/2022;42,00;42,00
30154;3122;12/09/2022;13,50;13,50
30209;3122;12/09/2022;29,95;29,95
99001;3122;12/09/2022;0,00;0,00
10023;4201;12/09/2022;9,50;9,50
10047;4201;12/09/2022;9,00;9,00
10112;4201;12/09/2022;16,95;16,95
10310;4201;12/09/2022;21,50;21,50
11020;4201;12/09/2022;14,95;14,95
11085;4201;12/09/2022;8,95;8,95
11142;4201;12/09/2022;19,95;19,95
12004;4201;12/09/2022;32,00;32,00
12066;4201;12/09/2022;48,50;48,50
12190;4201;12/09/2022;18,00;18,00
20015;4201;12/09/2022;17,95;17,95
20041;4201;12/09/2022;6,50;6,50
20088;4201;12/09/2022;44,00;44,00
20131;4201;12/09/2022;14,50;14,50
30012;4201;12/09/2022;12,95;12,95
30077;4201;12/09/2022;42,00;42,00
30154;4201;12/09/2022;13,50;13,50
30209;4201;12/09/2022;29,95;29,95
10023;4205;12/09/2022;9,50;9,50
10047;4205;12/09/2022;9,00;9,00
10112;4205;12/09/2022;16,95;16,95
10310;4205;12/09/2022;21,50;21,50
11020;4205;12/09/2022;14,95;14,95
11085;4205;12/09/2022;8,95;8,95
11142;4205;12/09/2022;19,95;19,95
12004;4205;12/09/2022;32,00;32,00
12066;4205;12/09/2022;48,50;48,50
12190;4205;12/09/2022;18,00;18,00
20015;4205;12/09/2022;17,95;17,95
20041;4205;12/09/2022;6,50;6,50
20088;4205;12/09/2022;44,00;44,00
20131;4205;12/09/2022;14,50;14,50
30012;4205;12/09/2022;12,95;12,95
30077;4205;12/09/2022;42,00;42,00
30154;4205;12/09/2022;13,50;13,50
30209;4205;12/09/2022;29,95;29,95
10023;4218;12/09/2022;9,50;9,50
10047;4218;12/09/2022;9,00;9,00
10112;4218;12/09/2022;16,95;16,95
10310;4218;12/09/2022;21,50;21,50
11020;4218;12/09/2022;14,95;14,95
11085;4218;12/09/2022;8,95;8,95
11142;4218;12/09/2022;19,95;19,95
12004;4218;12/09/2022;32,00;32,00
12066;4218;12/09/2022;48,50;48,50
12190;4218;12/09/2022;18,00;18,00
20015;4218;12/09/2022;17,95;17,95
20041;4218;12/09/2022;6,50;6,50
20088;4218;12/09/2022;44,00;44,00
20131;4218;12/09/2022;14,50;14,50
30012;4218;12/09/2022;12,95;12,95
30077;4218;12/09/2022;42,00;42,00
30154;4218;12/09/2022;13,50;13,50
30209;4218;12/09/2022;29,95;29,95
10023;5502;12/09/2022;9,50;9,50
10047;5502;12/09/2022;9,00;9,00
10112;5502;12/09/2022;16,95;16,95
10310;5502;12/09/2022;21,50;21,50
11020;5502;12/09/2022;14,95;14,95
11085;5502;12/09/2022;8,95;8,95
11142;5502;12/09/2022;19,95;19,95
12004;5502;12/09/2022;32,00;32,00
12066;5502;12/09/2022;48,50;48,50
12190;5502;12/09/2022;18,00;18,00
20015;5502;12/09/2022;17,95;17,95
20041;5502;12/09/2022;6,50;6,50
20088;5502;12/09/2022;44,00;44,00
20131;5502;12/09/2022;14,50;14,50
30012;5502;12/09/2022;12,95;12,95
30077;5502;12/09/2022;42,00;42,00
30154;5502;12/09/2022;13,50;13,50
30209;5502;12/09/2022;29,95;29,95
10023;5511;12/09/2022;9,50;9,50
10047;5511;12/09/2022;9,00;9,00
10112;5511;12/09/2022;16,95;16,95
10310;5511;12/09/2022;21,50;21,50
11020;5511;12/09/2022;14,95;14,95
11085;5511;12/09/2022;8,95;8,95
11142;5511;12/09/2022;19,95;19,95
12004;5511;12/09/2022;32,00;32,00
12066;5511;12/09/2022;48,50;48,50
12190;5511;12/09/2022;18,00;18,00
20015;5511;12/09/2022;17,95;17,95
20041;5511;12/09/2022;6,50;6,50
20088;5511;12/09/2022;44,00;44,00
20131;5511;12/09/2022;14,50;14,50
30012;5511;12/09/2022;12,95;12,95
30077;5511;12/09/2022;42,00;42,00
30154;5511;12/09/2022;13,50;13,50
30209;5511;12/09/2022;29,95;29,95
10023;9001;12/09/2022;9,50;9,50
10047;9001;12/09/2022;9,00;9,00
10112;9001;12/09/2022;16,95;16,95
10310;9001;12/09/2022;21,50;21,50
11020;9001;12/09/2022;14,95;14,95
11085;9001;12/09/2022;8,95;8,95
11142;9001;12/09/2022;19,95;19,95
12004;9001;12/09/2022;32,00;32,00
12066;9001;12/09/2022;48,50;48,50
12190;9001;12/09/2022;18,00;18,00
20015;9001;12/09/2022;17,95;17,95
20041;9001;12/09/2022;6,50;6,50
20088;9001;12/09/2022;44,00;44,00
20131;9001;12/09/2022;14,50;14,50
30012;9001;12/09/2022;12,95;12,95
30077;9001;12/09/2022;42,00;42,00
30154;9001;12/09/2022;13,50;13,50
30209;9001;12/09/2022;29,95;29,95
20131;4201;19/09/2022;14,50;12,32
20131;4205;19/09/2022;14,50;12,32
20131;4218;19/09/2022;14,50;12,32
20131;5502;19/09/2022;14,50;12,32
20131;5511;19/09/2022;14,50;12,32
10023;1101;26/09/2022;9,50;9,50
10047;1101;26/09/2022;9,00;9,00
10112;1101;26/09/2022;16,95;16,95
10310;1101;26/09/2022;21,50;21,50
11020;1101;26/09/2022;14,95;12,71
11085;1101;26/09/2022;8,95;8,95
11142;1101;26/09/2022;19,95;19,95
12004;1101;26/09/2022;32,00;32,00
12066;1101;26/09/2022;48,50;48,50
12190;1101;26/09/2022;18,00;15,30
20015;1101;26/09/2022;17,95;17,95
20041;1101;26/09/2022;6,50;6,50
20088;1101;26/09/2022;44,00;44,00
20131;1101;26/09/2022;14,50;14,50
30012;1101;26/09/2022;12,95;12,95
30077;1101;26/09/2022;42,00;42,00
30154;1101;26/09/2022;13,50;13,50
30209;1101;26/09/2022;29,95;29,95
99001;1101;26/09/2022;0,00;0,00
10023;1102;26/09/2022;9,50;9,50
10047;1102;26/09/2022;9,00;9,00
10112;1102;26/09/2022;16,95;16,95
10310;1102;26/09/2022;21,50;21,50
11020;1102;26/09/2022;14,95;12,71
11085;1102;26/09/2022;8,95;8,95
11142;1102;26/09/2022;19,95;19,95
12004;1102;26/09/2022;32,00;32,00
12066;1102;26/09/2022;48,50;48,50
12190;1102;26/09/2022;18,00;15,30
20015;1102;26/09/2022;17,95;17,95
20041;1102;26/09/2022;6,50;6,50
20088;1102;26/09/2022;44,00;44,00
20131;1102;26/09/2022;14,50;14,50
30012;1102;26/09/2022;12,95;12,95
30077;1102;26/09/2022;42,00;42,00
30154;1102;26/09/2022;13,50;13,50
30209;1102;26/09/2022;29,95;29,95
99001;1102;26/09/2022;0,00;0,00
10023;1103;26/09/2022;9,50;9,50
10047;1103;26/09/2022;9,00;9,00
10112;1103;26/09/2022;16,95;16,95
10310;1103;26/09/2022;21,50;21,50
11020;1103;26/09/2022;14,95;12,71
11085;1103;26/09/2022;8,95;8,95
11142;1103;26/09/2022;19,95;19,95
12004;1103;26/09/2022;32,00;32,00
12066;1103;26/09/2022;48,50;48,50
12190;1103;26/09/2022;18,00;15,30
20015;1103;26/09/2022;17,95;17,95
20041;1103;26/09/2022;6,50;6,50
20088;1103;26/09/2022;44,00;44,00
20131;1103;26/09/2022;14,50;14,50
30012;1103;26/09/2022;12,95;12,95
30077;1103;26/09/2022;42,00;42,00
30154;1103;26/09/2022;13,50;13,50
30209;1103;26/09/2022;29,95;29,95
10023;1108;26/09/2022;9,50;9,50
10047;1108;26/09/2022;9,00;9,00
10112;1108;26/09/2022;16,95;16,95
10310;1108;26/09/2022;21,50;21,50
11020;1108;26/09/2022;14,95;12,71
11085;1108;26/09/2022;8,95;8,95
11142;1108;26/09/2022;19,95;19,95
12004;1108;26/09/2022;32,00;32,00
12066;1108;26/09/2022;48,50;48,50
12190;1108;26/09/2022;18,00;15,30
20015;1108;26/09/2022;17,95;17,95
20041;1108;26/09/2022;6,50;6,50
20088;1108;26/09/2022;44,00;44,00
20131;1108;26/09/2022;14,50;14,50
30012;1108;26/09/2022;12,95;12,95
30077;1108;26/09/2022;42,00;42,00
30154;1108;26/09/2022;13,50;13,50
30209;1108;26/09/2022;29,95;29,95
99001;1108;26/09/2022;0,00;0,00
10023;3104;26/09/2022;9,50;9,50
10047;3104;26/09/2022;9,00;9,00
10112;3104;26/09/2022;16,95;16,95
10310;3104;26/09/2022;21,50;21,50
11020;3104;26/09/2022;14,95;12,71
11085;3104;26/09/2022;8,95;8,95
11142;3104;26/09/2022;19,95;19,95
12004;3104;26/09/2022;32,00;32,00
12066;3104;26/09/2022;48,50;48,50
12190;3104;26/09/2022;18,00;15,30
20015;3104;26/09/2022;17,95;17,95
20041;3104;26/09/2022;6,50;6,50
20088;3104;26/09/2022;44,00;44,00
20131;3104;26/09/2022;14,50;14,50
30012;3104;26/09/2022;12,95;12,95
30077;3104;26/09/2022;42,00;42,00
30154;3104;26/09/2022;13,50;13,50
30209;3104;26/09/2022;29,95;29,95
99001;3104;26/09/2022;0,00;0,00
10023;3117;26/09/2022;9,50;9,50
10047;3117;26/09/2022;9,00;9,00
10112;3117;26/09/2022;16,95;16,95
10310;3117;26/09/2022;21,50;21,50
11020;3117;26/09/2022;14,95;12,71
11085;3117;26/09/2022;8,95;8,95
11142;3117;26/09/2022;19,95;19,95
12004;3117;26/09/2022;32,00;32,00
12066;3117;26/09/2022;48,50;48,50
12190;3117;26/09/2022;18,00;15,30
20015;3117;26/09/2022;17,95;17,95
20041;3117;26/09/2022;6,50;6,50
20088;3117;26/09/2022;44,00;44,00
20131;3117;26/09/2022;14,50;14,50
30012;3117;26/09/2022;12,95;12,95
30077;3117;26/09/2022;42,00;42,00
30154;3117;26/09/2022;13,50;13,50
30209;3117;26/09/2022;29,95;29,95
10023;3122;26/09/2022;9,50;9,50
10047;3122;26/09/2022;9,00;9,00
10112;3122;26/09/2022;16,95;16,95
10310;3122;26/09/2022;21,50;21,50
11020;3122;26/09/2022;14,95;12,71
11085;3122;26/09/2022;8,95;8,95
11142;3122;26/09/2022;19,95;19,95
12004;3122;26/09/2022;32,00;32,00
12066;3122;26/09/2022;48,50;48,50
12190;3122;26/09/2022;18,00;15,30
20015;3122;26/09/2022;17,95;17,95
20041;3122;26/09/2022;6,50;6,50
20088;3122;26/09/2022;44,00;44,00
20131;3122;26/09/2022;14,50;14,50
30012;3122;26/09/2022;12,95;12,95
30077;3122;26/09/2022;42,00;42,00
30154;3122;26/09/2022;13,50;13,50
30209;3122;26/09/2022;29,95;29,95
10023;4201;26/09/2022;9,50;9,50
10047;4201;26/09/2022;9,00;9,00
10112;4201;26/09/2022;16,95;16,95
10310;4201;26/09/2022;21,50;21,50
11020;4201;26/09/2022;14,95;12,71
11085;4201;26/09/2022;8,95;8,95
11142;4201;26/09/2022;19,95;19,95
12004;4201;26/09/2022;32,00;32,00
12066;4201;26/09/2022;48,50;48,50
12190;4201;26/09/2022;18,00;15,30
20015;4201;26/09/2022;17,95;17,95
20041;4201;26/09/2022;6,50;6,50
20088;4201;26/09/2022;44,00;44,00
20131;4201;26/09/2022;14,50;14,50
30012;4201;26/09/2022;12,95;12,95
30077;4201;26/09/2022;42,00;33,60
30154;4201;26/09/2022;13,50;13,50
30209;4201;26/09/2022;29,95;29,95
99001;4201;26/09/2022;0,00;0,00
10023;4205;26/09/2022;9,50;9,50
10047;4205;26/09/2022;9,00;9,00
10112;4205;26/09/2022;16,95;16,95
10310;4205;26/09/2022;21,50;21,50
11020;4205;26/09/2022;14,95;12,71
11085;4205;26/09/2022;8,95;8,95
11142;4205;26/09/2022;19,95;19,95
12004;4205;26/09/2022;32,00;32,00
12066;4205;26/09/2022;48,50;48,50
12190;4205;26/09/2022;18,00;15,30
20015;4205;26/09/2022;17,95;17,95
20041;4205;26/09/2022;6,50;6,50
20088;4205;26/09/2022;44,00;44,00
20131;4205;26/09/2022;14,50;14,50
30012;4205;26/09/2022;12,95;12,95
30077;4205;26/09/2022;42,00;33,60
30154;4205;26/09/2022;13,50;13,50
30209;4205;26/09/2022;29,95;29,95
10023;4218;26/09/2022;9,50;9,50
10047;4218;26/09/2022;9,00;9,00
10112;4218;26/09/2022;16,95;16,95
10310;4218;26/09/2022;21,50;21,50
11020;4218;26/09/2022;14,95;12,71
11085;4218;26/09/2022;8,95;8,95
11142;4218;26/09/2022;19,95;19,95
12004;4218;26/09/2022;32,00;32,00
12066;4218;26/09/2022;48,50;48,50
12190;4218;26/09/2022;18,00;15,30
20015;4218;26/09/2022;17,95;17,95
20041;4218;26/09/2022;6,50;6,50
20088;4218;26/09/2022;44,00;44,00
20131;4218;26/09/2022;14,50;14,50
30012;4218;26/09/2022;12,95;12,95
30077;4218;26/09/2022;42,00;33,60
30154;4218;26/09/2022;13,50;13,50
30209;4218;26/09/2022;29,95;29,95
10023;5502;26/09/2022;9,50;9,50
10047;5502;26/09/2022;9,00;9,00
10112;5502;26/09/2022;16,95;16,95
10310;5502;26/09/2022;21,50;21,50
11020;5502;26/09/2022;14,95;12,71
11085;5502;26/09/2022;8,95;8,95
11142;5502;26/09/2022;19,95;19,95
12004;5502;26/09/2022;32,00;32,00
12066;5502;26/09/2022;48,50;48,50
12190;5502;26/09/2022;18,00;15,30
20015;5502;26/09/2022;17,95;17,95
20041;5502;26/09/2022;6,50;6,50
20088;5502;26/09/2022;44,00;44,00
20131;5502;26/09/2022;14,50;14,50
30012;5502;26/09/2022;12,95;12,95
30077;5502;26/09/2022;42,00;33,60
30154;5502;26/09/2022;13,50;13,50
30209;5502;26/09/2022;29,95;29,95
10023;5511;26/09/2022;9,50;9,50
10047;5511;26/09/2022;9,00;9,00
10112;5511;26/09/2022;16,95;16,95
10310;5511;26/09/2022;21,50;21,50
11020;5511;26/09/2022;14,95;12,71
11085;5511;26/09/2022;8,95;8,95
11142;5511;26/09/2022;19,95;19,95
12004;5511;26/09/2022;32,00;32,00
12066;5511;26/09/2022;48,50;48,50
12190;5511;26/09/2022;18,00;15,30
20015;5511;26/09/2022;17,95;17,95
20041;5511;26/09/2022;6,50;6,50
20088;5511;26/09/2022;44,00;44,00
20131;5511;26/09/2022;14,50;14,50
30012;5511;26/09/2022;12,95;12,95
30077;5511;26/09/2022;42,00;33,60
30154;5511;26/09/2022;13,50;13,50
30209;5511;26/09/2022;29,95;29,95
10023;9001;26/09/2022;9,50;9,50
10047;9001;26/09/2022;9,00;9,00
10112;9001;26/09/2022;16,95;16,95
10310;9001;26/09/2022;21,50;21,50
11020;9001;26/09/2022;14,95;12,71
11085;9001;26/09/2022;8,95;8,95
11142;9001;26/09/2022;19,95;19,95
12004;9001;26/09/2022;32,00;32,00
12066;9001;26/09/2022;48,50;48,50
12190;9001;26/09/2022;18,00;15,30
20015;9001;26/09/2022;17,95;17,95
20041;9001;26/09/2022;6,50;6,50
20088;9001;26/09/2022;44,00;44,00
20131;9001;26/09/2022;14,50;14,50
30012;9001;26/09/2022;12,95;12,95
30077;9001;26/09/2022;42,00;42,00
30154;9001;26/09/2022;13,50;13,50
30209;9001;26/09/2022;29,95;29,95
99001;9001;26/09/2022;0,00;0,00
10023;1199;26/09/2022;9,50;9,50
10047;1199;26/09/2022;9,00;9,00
10112;1199;26/09/2022;16,95;16,95
10310;1199;26/09/2022;21,50;21,50
11020;1199;26/09/2022;14,95;12,71
11085;1199;26/09/2022;8,95;8,95
11142;1199;26/09/2022;19,95;19,95
12004;1199;26/09/2022;32,00;32,00
12066;1199;26/09/2022;48,50;48,50
12190;1199;26/09/2022;18,00;15,30
20015;1199;26/09/2022;17,95;17,95
20041;1199;26/09/2022;6,50;6,50
20088;1199;26/09/2022;44,00;44,00
20131;1199;26/09/2022;14,50;14,50
30012;1199;26/09/2022;12,95;12,95
30077;1199;26/09/2022;42,00;42,00
30154;1199;26/09/2022;13,50;13,50
30209;1199;26/09/2022;29,95;29,95
10023;1101;10/10/2022;9,50;9,50
10047;1101;10/10/2022;9,00;9,00
10112;1101;10/10/2022;16,95;14,41
10310;1101;10/10/2022;21,50;18,27
11020;1101;10/10/2022;14,95;14,95
11085;1101;10/10/2022;8,95;8,95
11142;1101;10/10/2022;19,95;19,95
12004;1101;10/10/2022;32,00;32,00
12066;1101;10/10/2022;48,50;48,50
12190;1101;10/10/2022;18,00;18,00
20015;1101;10/10/2022;17,95;17,95
20041;1101;10/10/2022;6,50;6,50
20088;1101;10/10/2022;44,00;44,00
20131;1101;10/10/2022;14,50;14,50
30012;1101;10/10/2022;12,95;12,95
30077;1101;10/10/2022;42,00;42,00
30154;1101;10/10/2022;13,50;13,50
30209;1101;10/10/2022;29,95;29,95
10023;1102;10/10/2022;9,50;9,50
10047;1102;10/10/2022;9,00;9,00
10112;1102;10/10/2022;16,95;14,41
10310;1102;10/10/2022;21,50;18,27
11020;1102;10/10/2022;14,95;14,95
11085;1102;10/10/2022;8,95;8,95
11142;1102;10/10/2022;19,95;19,95
12004;1102;10/10/2022;32,00;32,00
12066;1102;10/10/2022;48,50;48,50
12190;1102;10/10/2022;18,00;18,00
20015;1102;10/10/2022;17,95;17,95
20041;1102;10/10/2022;6,50;6,50
20088;1102;10/10/2022;44,00;44,00
20131;1102;10/10/2022;14,50;14,50
30012;1102;10/10/2022;12,95;12,95
30077;1102;10/10/2022;42,00;42,00
30154;1102;10/10/2022;13,50;13,50
30209;1102;10/10/2022;29,95;29,95
99001;1102;10/10/2022;0,00;0,00
10023;1103;10/10/2022;9,50;9,50
10047;1103;10/10/2022;9,00;9,00
10112;1103;10/10/2022;16,95;14,41
10310;1103;10/10/2022;21,50;18,27
11020;1103;10/10/2022;14,95;14,95
11085;1103;10/10/2022;8,95;8,95
11142;1103;10/10/2022;19,95;19,95
12004;1103;10/10/2022;32,00;32,00
12066;1103;10/10/2022;48,50;48,50
12190;1103;10/10/2022;18,00;18,00
20015;1103;10/10/2022;17,95;17,95
20041;1103;10/10/2022;6,50;6,50
20088;1103;10/10/2022;44,00;44,00
20131;1103;10/10/2022;14,50;14,50
30012;1103;10/10/2022;12,95;12,95
30077;1103;10/10/2022;42,00;42,00
30154;1103;10/10/2022;13,50;13,50
30209;1103;10/10/2022;29,95;29,95
10023;1108;10/10/2022;9,50;9,50
10047;1108;10/10/2022;9,00;9,00
10112;1108;10/10/2022;16,95;14,41
10310;1108;10/10/2022;21,50;18,27
11020;1108;10/10/2022;14,95;14,95
11085;1108;10/10/2022;8,95;8,95
11142;1108;10/10/2022;19,95;19,95
12004;1108;10/10/2022;32,00;32,00
12066;1108;10/10/2022;48,50;48,50
12190;1108;10/10/2022;18,00;18,00
20015;1108;10/10/2022;17,95;17,95
20041;1108;10/10/2022;6,50;6,50
20088;1108;10/10/2022;44,00;44,00
20131;1108;10/10/2022;14,50;14,50
30012;1108;10/10/2022;12,95;12,95
30077;1108;10/10/2022;42,00;42,00
30154;1108;10/10/2022;13,50;13,50
30209;1108;10/10/2022;29,95;29,95
99001;1108;10/10/2022;0,00;0,00
10023;3104;10/10/2022;9,50;9,50
10047;3104;10/10/2022;9,00;9,00
10112;3104;10/10/2022;16,95;16,95
10310;3104;10/10/2022;21,50;21,50
11020;3104;10/10/2022;14,95;14,95
11085;3104;10/10/2022;8,95;8,95
11142;3104;10/10/2022;19,95;19,95
12004;3104;10/10/2022;32,00;32,00
12066;3104;10/10/2022;48,50;48,50
12190;3104;10/10/2022;18,00;18,00
20015;3104;10/10/2022;17,95;17,95
20041;3104;10/10/2022;6,50;6,50
20088;3104;10/10/2022;44,00;44,00
20131;3104;10/10/2022;14,50;14,50
30012;3104;10/10/2022;12,95;12,95
30077;3104;10/10/2022;42,00;42,00
30154;3104;10/10/2022;13,50;13,50
30209;3104;10/10/2022;29,95;29,95
10023;3117;10/10/2022;9,50;9,50
10047;3117;10/10/2022;9,00;9,00
10112;3117;10/10/2022;16,95;16,95
10310;3117;10/10/2022;21,50;21,50
11020;3117;10/10/2022;14,95;14,95
11085;3117;10/10/2022;8,95;8,95
11142;3117;10/10/2022;19,95;19,95
12004;3117;10/10/2022;32,00;32,00
12066;3117;10/10/2022;48,50;48,50
12190;3117;10/10/2022;18,00;18,00
20015;3117;10/10/2022;17,95;17,95
20041;3117;10/10/2022;6,50;6,50
20088;3117;10/10/2022;44,00;44,00
20131;3117;10/10/2022;14,50;14,50
30012;3117;10/10/2022;12,95;12,95
30077;3117;10/10/2022;42,00;42,00
30154;3117;10/10/2022;13,50;13,50
30209;3117;10/10/2022;29,95;29,95
10023;3122;10/10/2022;9,50;9,50
10047;3122;10/10/2022;9,00;9,00
10112;3122;10/10/2022;16,95;16,95
10310;3122;10/10/2022;21,50;21,50
11020;3122;10/10/2022;14,95;14,95
11085;3122;10/10/2022;8,95;8,95
11142;3122;10/10/2022;19,95;19,95
12004;3122;10/10/2022;32,00;32,00
12066;3122;10/10/2022;48,50;48,50
12190;3122;10/10/2022;18,00;18,00
20015;3122;10/10/2022;17,95;17,95
20041;3122;10/10/2022;6,50;6,50
20088;3122;10/10/2022;44,00;44,00
20131;3122;10/10/2022;14,50;14,50
30012;3122;10/10/2022;12,95;12,95
30077;3122;10/10/2022;42,00;42,00
30154;3122;10/10/2022;13,50;13,50
30209;3122;10/10/2022;29,95;29,95
10023;4201;10/10/2022;9,50;9,50
10047;4201;10/10/2022;9,00;9,00
10112;4201;10/10/2022;16,95;14,41
10310;4201;10/10/2022;21,50;18,27
11020;4201;10/10/2022;14,95;14,95
11085;4201;10/10/2022;8,95;8,95
11142;4201;10/10/2022;19,95;19,95
12004;4201;10/10/2022;32,00;32,00
12066;4201;10/10/2022;48,50;48,50
12190;4201;10/10/2022;18,00;16,20
20015;4201;10/10/2022;17,95;17,95
20041;4201;10/10/2022;6,50;6,50
20088;4201;10/10/2022;44,00;44,00
20131;4201;10/10/2022;14,50;14,50
30012;4201;10/10/2022;12,95;12,95
30077;4201;10/10/2022;42,00;42,00
30154;4201;10/10/2022;13,50;13,50
30209;4201;10/10/2022;29,95;29,95
99001;4201;10/10/2022;0,00;0,00
10023;4205;10/10/2022;9,50;9,50
10047;4205;10/10/2022;9,00;9,00
10112;4205;10/10/2022;16,95;14,41
10310;4205;10/10/2022;21,50;18,27
11020;4205;10/10/2022;14,95;14,95
11085;4205;10/10/2022;8,95;8,95
11142;4205;10/10/2022;19,95;19,95
12004;4205;10/10/2022;32,00;32,00
12066;4205;10/10/2022;48,50;48,50
12190;4205;10/10/2022;18,00;16,20
20015;4205;10/10/2022;17,95;17,95
20041;4205;10/10/2022;6,50;6,50
20088;4205;10/10/2022;44,00;44,00
20131;4205;10/10/2022;14,50;14,50
30012;4205;10/10/2022;12,95;12,95
30077;4205;10/10/2022;42,00;42,00
30154;4205;10/10/2022;13,50;13,50
30209;4205;10/10/2022;29,95;29,95
99001;4205;10/10/2022;0,00;0,00
10023;4218;10/10/2022;9,50;9,50
10047;4218;10/10/2022;9,00;9,00
10112;4218;10/10/2022;16,95;14,41
10310;4218;10/10/2022;21,50;18,27
11020;4218;10/10/2022;14,95;14,95
11085;4218;10/10/2022;8,95;8,95
11142;4218;10/10/2022;19,95;19,95
12004;4218;10/10/2022;32,00;32,00
12066;4218;10/10/2022;48,50;48,50
12190;4218;10/10/2022;18,00;16,20
20015;4218;10/10/2022;17,95;17,95
20041;4218;10/10/2022;6,50;6,50
20088;4218;10/10/2022;44,00;44,00
20131;4218;10/10/2022;14,50;14,50
30012;4218;10/10/2022;12,95;12,95
30077;4218;10/10/2022;42,00;42,00
30154;4218;10/10/2022;13,50;13,50
30209;4218;10/10/2022;29,95;29,95
10023;5502;10/10/2022;9,50;9,50
10047;5502;10/10/2022;9,00;9,00
10112;5502;10/10/2022;16,95;16,95
10310;5502;10/10/2022;21,50;21,50
11020;5502;10/10/2022;14,95;14,95
11085;5502;10/10/2022;8,95;8,95
11142;5502;10/10/2022;19,95;19,95
12004;5502;10/10/2022;32,00;32,00
12066;5502;10/10/2022;48,50;48,50
12190;5502;10/10/2022;18,00;16,20
20015;5502;10/10/2022;17,95;17,95
20041;5502;10/10/2022;6,50;6,50
20088;5502;10/10/2022;44,00;44,00
20131;5502;10/10/2022;14,50;14,50
30012;5502;10/10/2022;12,95;12,95
30077;5502;10/10/2022;42,00;42,00
30154;5502;10/10/2022;13,50;13,50
30209;5502;10/10/2022;29,95;29,95
10023;5511;10/10/2022;9,50;9,50
10047;5511;10/10/2022;9,00;9,00
10112;5511;10/10/2022;16,95;16,95
10310;5511;10/10/2022;21,50;21,50
11020;5511;10/10/2022;14,95;14,95
11085;5511;10/10/2022;8,95;8,95
11142;5511;10/10/2022;19,95;19,95
12004;5511;10/10/2022;32,00;32,00
12066;5511;10/10/2022;48,50;48,50
12190;5511;10/10/2022;18,00;16,20
20015;5511;10/10/2022;17,95;17,95
20041;5511;10/10/2022;6,50;6,50
20088;5511;10/10/2022;44,00;44,00
20131;5511;10/10/2022;14,50;14,50
30012;5511;10/10/2022;12,95;12,95
30077;5511;10/10/2022;42,00;42,00
30154;5511;10/10/2022;13,50;13,50
30209;5511;10/10/2022;29,95;29,95
10023;9001;10/10/2022;9,50;9,50
10047;9001;10/10/2022;9,00;9,00
10112;9001;10/10/2022;16,95;16,95
10310;9001;10/10/2022;21,50;21,50
11020;9001;10/10/2022;14,95;14,95
11085;9001;10/10/2022;8,95;8,95
11142;9001;10/10/2022;19,95;19,95
12004;9001;10/10/2022;32,00;32,00
12066;9001;10/10/2022;48,50;48,50
12190;9001;10/10/2022;18,00;18,00
20015;9001;10/10/2022;17,95;17,95
20041;9001;10/10/2022;6,50;6,50
20088;9001;10/10/2022;44,00;44,00
20131;9001;10/10/2022;14,50;14,50
30012;9001;10/10/2022;12,95;12,95
30077;9001;10/10/2022;42,00;42,00
30154;9001;10/10/2022;13,50;13,50
30209;9001;10/10/2022;29,95;29,95
10112;1101;17/10/2022;16,95;14,41
12004;1101;17/10/2022;32,00;28,80
20041;1101;17/10/2022;6,50;5,20
30012;1101;17/10/2022;12,95;11,01
10112;1102;17/10/2022;16,95;14,41
12004;1102;17/10/2022;32,00;28,80
20041;1102;17/10/2022;6,50;5,20
30012;1102;17/10/2022;12,95;11,01
10112;1103;17/10/2022;16,95;14,41
12004;1103;17/10/2022;32,00;28,80
20041;1103;17/10/2022;6,50;5,20
30012;1103;17/10/2022;12,95;11,01
10112;1108;17/10/2022;16,95;14,41
12004;1108;17/10/2022;32,00;28,80
20041;1108;17/10/2022;6,50;5,20
30012;1108;17/10/2022;12,95;11,01
10112;3104;17/10/2022;16,95;14,41
12004;3104;17/10/2022;32,00;28,80
20041;3104;17/10/2022;6,50;5,20
10112;3117;17/10/2022;16,95;14,41
12004;3117;17/10/2022;32,00;28,80
20041;3117;17/10/2022;6,50;5,20
10112;3122;17/10/2022;16,95;14,41
12004;3122;17/10/2022;32,00;28,80
20041;3122;17/10/2022;6,50;5,20
10112;4201;17/10/2022;16,95;14,41
12004;4201;17/10/2022;32,00;28,80
12190;4201;17/10/2022;18,00;12,06
20041;4201;17/10/2022;6,50;5,20
30012;4201;17/10/2022;12,95;11,01
10112;4205;17/10/2022;16,95;14,41
12004;4205;17/10/2022;32,00;28,80
12190;4205;17/10/2022;18,00;12,06
20041;4205;17/10/2022;6,50;5,20
30012;4205;17/10/2022;12,95;11,01
10112;4218;17/10/2022;16,95;14,41
12004;4218;17/10/2022;32,00;28,80
12190;4218;17/10/2022;18,00;12,06
20041;4218;17/10/2022;6,50;5,20
30012;4218;17/10/2022;12,95;11,01
10112;5502;17/10/2022;16,95;14,41
12004;5502;17/10/2022;32,00;28,80
12190;5502;17/10/2022;18,00;12,06
20041;5502;17/10/2022;6,50;5,20
10112;5511;17/10/2022;16,95;14,41
12004;5511;17/10/2022;32,00;28,80
12190;5511;17/10/2022;18,00;12,06
20041;5511;17/10/2022;6,50;5,20
10112;9001;17/10/2022;16,95;14,41
12004;9001;17/10/2022;32,00;28,80
20041;9001;17/10/2022;6,50;5,20
10023;1101;24/10/2022;9,50;9,50
10047;1101;24/10/2022;9,00;9,00
10112;1101;24/10/2022;16,95;16,95
10310;1101;24/10/2022;21,50;21,50
11020;1101;24/10/2022;14,95;14,95
11085;1101;24/10/2022;8,95;8,95
11142;1101;24/10/2022;19,95;19,95
12004;1101;24/10/2022;32,00;32,00
12066;1101;24/10/2022;48,50;48,50
12190;1101;24/10/2022;18,00;18,00
20015;1101;24/10/2022;17,95;17,95
20041;1101;24/10/2022;6,50;6,50
20088;1101;24/10/2022;44,00;44,00
20131;1101;24/10/2022;14,50;14,50
30012;1101;24/10/2022;12,95;12,95
30077;1101;24/10/2022;42,00;42,00
30154;1101;24/10/2022;13,50;13,50
30209;1101;24/10/2022;29,95;29,95
99001;1101;24/10/2022;0,00;0,00
10023;1102;24/10/2022;9,50;9,50
10047;1102;24/10/2022;9,00;9,00
10112;1102;24/10/2022;16,95;16,95
10310;1102;24/10/2022;21,50;21,50
11020;1102;24/10/2022;14,95;14,95
11085;1102;24/10/2022;8,95;8,95
11142;1102;24/10/2022;19,95;19,95
12004;1102;24/10/2022;32,00;32,00
12066;1102;24/10/2022;48,50;48,50
12190;1102;24/10/2022;18,00;18,00
20015;1102;24/10/2022;17,95;17,95
20041;1102;24/10/2022;6,50;6,50
20088;1102;24/10/2022;44,00;44,00
20131;1102;24/10/2022;14,50;14,50
30012;1102;24/10/2022;12,95;12,95
30077;1102;24/10/2022;42,00;42,00
30154;1102;24/10/2022;13,50;13,50
30209;1102;24/10/2022;29,95;29,95
10023;1103;24/10/2022;9,50;9,50
10047;1103;24/10/2022;9,00;9,00
10112;1103;24/10/2022;16,95;16,95
10310;1103;24/10/2022;21,50;21,50
11020;1103;24/10/2022;14,95;14,95
11085;1103;24/10/2022;8,95;8,95
11142;1103;24/10/2022;19,95;19,95
12004;1103;24/10/2022;32,00;32,00
12066;1103;24/10/2022;48,50;48,50
12190;1103;24/10/2022;18,00;18,00
20015;1103;24/10/2022;17,95;17,95
20041;1103;24/10/2022;6,50;6,50
20088;1103;24/10/2022;44,00;44,00
20131;1103;24/10/2022;14,50;14,50
30012;1103;24/10/2022;12,95;12,95
30077;1103;24/10/2022;42,00;42,00
30154;1103;24/10/2022;13,50;13,50
30209;1103;24/10/2022;29,95;29,95
10023;1108;24/10/2022;9,50;9,50
10047;1108;24/10/2022;9,00;9,00
10112;1108;24/10/2022;16,95;16,95
10310;1108;24/10/2022;21,50;21,50
11020;1108;24/10/2022;14,95;14,95
11085;1108;24/10/2022;8,95;8,95
11142;1108;24/10/2022;19,95;19,95
12004;1108;24/10/2022;32,00;32,00
12066;1108;24/10/2022;48,50;48,50
12190;1108;24/10/2022;18,00;18,00
20015;1108;24/10/2022;17,95;17,95
20041;1108;24/10/2022;6,50;6,50
20088;1108;24/10/2022;44,00;44,00
20131;1108;24/10/2022;14,50;14,50
30012;1108;24/10/2022;12,95;12,95
30077;1108;24/10/2022;42,00;42,00
30154;1108;24/10/2022;13,50;13,50
30209;1108;24/10/2022;29,95;29,95
10023;3104;24/10/2022;9,50;9,50
10047;3104;24/10/2022;9,00;9,00
10112;3104;24/10/2022;16,95;16,95
10310;3104;24/10/2022;21,50;21,50
11020;3104;24/10/2022;14,95;14,95
11085;3104;24/10/2022;8,95;8,95
11142;3104;24/10/2022;19,95;19,95
12004;3104;24/10/2022;32,00;32,00
12066;3104;24/10/2022;48,50;48,50
12190;3104;24/10/2022;18,00;18,00
20015;3104;24/10/2022;17,95;17,95
20041;3104;24/10/2022;6,50;6,50
20088;3104;24/10/2022;44,00;44,00
20131;3104;24/10/2022;14,50;14,50
30012;3104;24/10/2022;12,95;12,95
30077;3104;24/10/2022;42,00;42,00
30154;3104;24/10/2022;13,50;13,50
30209;3104;24/10/2022;29,95;29,95
99001;3104;24/10/2022;0,00;0,00
10023;3117;24/10/2022;9,50;9,50
10047;3117;24/10/2022;9,00;9,00
10112;3117;24/10/2022;16,95;16,95
10310;3117;24/10/2022;21,50;21,50
11020;3117;24/10/2022;14,95;14,95
11085;3117;24/10/2022;8,95;8,95
11142;3117;24/10/2022;19,95;19,95
12004;3117;24/10/2022;32,00;32,00
12066;3117;24/10/2022;48,50;48,50
12190;3117;24/10/2022;18,00;18,00
20015;3117;24/10/2022;17,95;17,95
20041;3117;24/10/2022;6,50;6,50
20088;3117;24/10/2022;44,00;44,00
20131;3117;24/10/2022;14,50;14,50
30012;3117;24/10/2022;12,95;12,95
30077;3117;24/10/2022;42,00;42,00
30154;3117;24/10/2022;13,50;13,50
30209;3117;24/10/2022;29,95;29,95
10023;3122;24/10/2022;9,50;9,50
10047;3122;24/10/2022;9,00;9,00
10112;3122;24/10/2022;16,95;16,95
10310;3122;24/10/2022;21,50;21,50
11020;3122;24/10/2022;14,95;14,95
11085;3122;24/10/2022;8,95;8,95
11142;3122;24/10/2022;19,95;19,95
12004;3122;24/10/2022;32,00;32,00
12066;3122;24/10/2022;48,50;48,50
12190;3122;24/10/2022;18,00;18,00
20015;3122;24/10/2022;17,95;17,95
20041;3122;24/10/2022;6,50;6,50
20088;3122;24/10/2022;44,00;44,00
20131;3122;24/10/2022;14,50;14,50
30012;3122;24/10/2022;12,95;12,95
30077;3122;24/10/2022;42,00;42,00
30154;3122;24/10/2022;13,50;13,50
30209;3122;24/10/2022;29,95;29,95
10023;4201;24/10/2022;9,50;9,50
10047;4201;24/10/2022;9,00;9,00
10112;4201;24/10/2022;16,95;16,95
10310;4201;24/10/2022;21,50;21,50
11020;4201;24/10/2022;14,95;14,95
11085;4201;24/10/2022;8,95;8,95
11142;4201;24/10/2022;19,95;19,95
12004;4201;24/10/2022;32,00;32,00
12066;4201;24/10/2022;48,50;48,50
12190;4201;24/10/2022;18,00;18,00
20015;4201;24/10/2022;17,95;17,95
20041;4201;24/10/2022;6,50;6,50
20088;4201;24/10/2022;44,00;44,00
20131;4201;24/10/2022;14,50;14,50
30012;4201;24/10/2022;12,95;12,95
30077;4201;24/10/2022;42,00;42,00
30154;4201;24/10/2022;13,50;13,50
30209;4201;24/10/2022;29,95;29,95
99001;4201;24/10/2022;0,00;0,00
10023;4205;24/10/2022;9,50;9,50
10047;4205;24/10/2022;9,00;9,00
10112;4205;24/10/2022;16,95;16,95
10310;4205;24/10/2022;21,50;21,50
11020;4205;24/10/2022;14,95;14,95
11085;4205;24/10/2022;8,95;8,95
11142;4205;24/10/2022;19,95;19,95
12004;4205;24/10/2022;32,00;32,00
12066;4205;24/10/2022;48,50;48,50
12190;4205;24/10/2022;18,00;18,00
20015;4205;24/10/2022;17,95;17,95
20041;4205;24/10/2022;6,50;6,50
20088;4205;24/10/2022;44,00;44,00
20131;4205;24/10/2022;14,50;14,50
30012;4205;24/10/2022;12,95;12,95
30077;4205;24/10/2022;42,00;42,00
30154;4205;24/10/2022;13,50;13,50
30209;4205;24/10/2022;29,95;29,95
99001;4205;24/10/2022;0,00;0,00
10023;4218;24/10/2022;9,50;9,50
10047;4218;24/10/2022;9,00;9,00
10112;4218;24/10/2022;16,95;16,95
10310;4218;24/10/2022;21,50;21,50
11020;4218;24/10/2022;14,95;14,95
11085;4218;24/10/2022;8,95;8,95
11142;4218;24/10/2022;19,95;19,95
12004;4218;24/10/2022;32,00;32,00
12066;4218;24/10/2022;48,50;48,50
12190;4218;24/10/2022;18,00;18,00
20015;4218;24/10/2022;17,95;17,95
20041;4218;24/10/2022;6,50;6,50
20088;4218;24/10/2022;44,00;44,00
20131;4218;24/10/2022;14,50;14,50
30012;4218;24/10/2022;12,95;12,95
30077;4218;24/10/2022;42,00;42,00
30154;4218;24/10/2022;13,50;13,50
30209;4218;24/10/2022;29,95;29,95
99001;4218;24/10/2022;0,00;0,00
10023;5502;24/10/2022;9,50;9,50
10047;5502;24/10/2022;9,00;9,00
10112;5502;24/10/2022;16,95;16,95
10310;5502;24/10/2022;21,50;21,50
11020;5502;24/10/2022;14,95;14,95
11085;5502;24/10/2022;8,95;8,95
11142;5502;24/10/2022;19,95;19,95
12004;5502;24/10/2022;32,00;32,00
12066;5502;24/10/2022;48,50;48,50
12190;5502;24/10/2022;18,00;18,00
20015;5502;24/10/2022;17,95;17,95
20041;5502;24/10/2022;6,50;6,50
20088;5502;24/10/2022;44,00;44,00
20131;5502;24/10/2022;14,50;14,50
30012;5502;24/10/2022;12,95;12,95
30077;5502;24/10/2022;42,00;42,00
30154;5502;24/10/2022;13,50;13,50
30209;5502;24/10/2022;29,95;29,95
99001;5502;24/10/2022;0,00;0,00
10023;5511;24/10/2022;9,50;9,50
10047;5511;24/10/2022;9,00;9,00
10112;5511;24/10/2022;16,95;16,95
10310;5511;24/10/2022;21,50;21,50
11020;5511;24/10/2022;14,95;14,95
11085;5511;24/10/2022;8,95;8,95
11142;5511;24/10/2022;19,95;19,95
12004;5511;24/10/2022;32,00;32,00
12066;5511;24/10/2022;48,50;48,50
12190;5511;24/10/2022;18,00;18,00
20015;5511;24/10/2022;17,95;17,95
20041;5511;24/10/2022;6,50;6,50
20088;5511;24/10/2022;44,00;44,00
20131;5511;24/10/2022;14,50;14,50
30012;5511;24/10/2022;12,95;12,95
30077;5511;24/10/2022;42,00;42,00
30154;5511;24/10/2022;13,50;13,50
30209;5511;24/10/2022;29,95;29,95
99001;5511;24/10/2022;0,00;0,00
10023;9001;24/10/2022;9,50;9,50
10047;9001;24/10/2022;9,00;9,00
10112;9001;24/10/2022;16,95;16,95
10310;9001;24/10/2022;21,50;21,50
11020;9001;24/10/2022;14,95;14,95
11085;9001;24/10/2022;8,95;8,95
11142;9001;24/10/2022;19,95;19,95
12004;9001;24/10/2022;32,00;32,00
12066;9001;24/10/2022;48,50;48,50
12190;9001;24/10/2022;18,00;18,00
20015;9001;24/10/2022;17,95;17,95
20041;9001;24/10/2022;6,50;6,50
20088;9001;24/10/2022;44,00;44,00
20131;9001;24/10/2022;14,50;14,50
30012;9001;24/10/2022;12,95;12,95
30077;9001;24/10/2022;42,00;42,00
30154;9001;24/10/2022;13,50;13,50
30209;9001;24/10/2022;29,95;29,95
10023;1199;24/10/2022;9,50;9,50
10047;1199;24/10/2022;9,00;9,00
10112;1199;24/10/2022;16,95;16,95
10310;1199;24/10/2022;21,50;21,50
11020;1199;24/10/2022;14,95;14,95
11085;1199;24/10/2022;8,95;8,95
11142;1199;24/10/2022;19,95;19,95
12004;1199;24/10/2022;32,00;32,00
12066;1199;24/10/2022;48,50;48,50
12190;1199;24/10/2022;18,00;18,00
20015;1199;24/10/2022;17,95;17,95
20041;1199;24/10/2022;6,50;6,50
20088;1199;24/10/2022;44,00;44,00
20131;1199;24/10/2022;14,50;14,50
30012;1199;24/10/2022;12,95;12,95
30077;1199;24/10/2022;42,00;42,00
30154;1199;24/10/2022;13,50;13,50
30209;1199;24/10/2022;29,95;29,95
99001;1199;24/10/2022;0,00;0,00
10310;1101;31/10/2022;21,50;16,12
30012;1101;31/10/2022;12,95;11,01
10310;1102;31/10/2022;21,50;16,12
30012;1102;31/10/2022;12,95;11,01
10310;1103;31/10/2022;21,50;16,12
30012;1103;31/10/2022;12,95;11,01
10310;1108;31/10/2022;21,50;16,12
30012;1108;31/10/2022;12,95;11,01
10310;3104;31/10/2022;21,50;16,12
30012;3104;31/10/2022;12,95;11,01
10310;3117;31/10/2022;21,50;16,12
30012;3117;31/10/2022;12,95;11,01
10310;3122;31/10/2022;21,50;16,12
30012;3122;31/10/2022;12,95;11,01
10310;4201;31/10/2022;21,50;16,12
30012;4201;31/10/2022;12,95;11,01
10310;4205;31/10/2022;21,50;16,12
30012;4205;31/10/2022;12,95;11,01
10310;4218;31/10/2022;21,50;16,12
30012;4218;31/10/2022;12,95;11,01
10310;5502;31/10/2022;21,50;16,12
30012;5502;31/10/2022;12,95;11,01
10310;5511;31/10/2022;21,50;16,12
30012;5511;31/10/2022;12,95;11,01
10310;9001;31/10/2022;21,50;16,12
30012;9001;31/10/2022;12,95;11,01
10023;1101;07/11/2022;9,50;9,50
10047;1101;07/11/2022;9,00;9,00
10112;1101;07/11/2022;16,95;16,95
10310;1101;07/11/2022;21,50;16,12
11020;1101;07/11/2022;14,95;14,95
11085;1101;07/11/2022;8,95;8,95
11142;1101;07/11/2022;19,95;19,95
12004;1101;07/11/2022;32,00;32,00
12066;1101;07/11/2022;48,50;48,50
12190;1101;07/11/2022;18,00;18,00
20015;1101;07/11/2022;17,95;16,16
20041;1101;07/11/2022;6,50;6,50
20088;1101;07/11/2022;44,00;44,00
20131;1101;07/11/2022;14,50;12,32
30012;1101;07/11/2022;12,95;12,95
30077;1101;07/11/2022;42,00;42,00
30154;1101;07/11/2022;13,50;13,50
30209;1101;07/11/2022;29,95;29,95
99001;1101;07/11/2022;0,00;0,00
10023;1102;07/11/2022;9,50;9,50
10047;1102;07/11/2022;9,00;9,00
10112;1102;07/11/2022;16,95;16,95
10310;1102;07/11/2022;21,50;16,12
11020;1102;07/11/2022;14,95;14,95
11085;1102;07/11/2022;8,95;8,95
11142;1102;07/11/2022;19,95;19,95
12004;1102;07/11/2022;32,00;32,00
12066;1102;07/11/2022;48,50;48,50
12190;1102;07/11/2022;18,00;18,00
20015;1102;07/11/2022;17,95;16,16
20041;1102;07/11/2022;6,50;6,50
20088;1102;07/11/2022;44,00;44,00
20131;1102;07/11/2022;14,50;12,32
30012;1102;07/11/2022;12,95;12,95
30077;1102;07/11/2022;42,00;42,00
30154;1102;07/11/2022;13,50;13,50
30209;1102;07/11/2022;29,95;29,95
10023;1103;07/11/2022;9,50;9,50
10047;1103;07/11/2022;9,00;9,00
10112;1103;07/11/2022;16,95;16,95
10310;1103;07/11/2022;21,50;16,12
11020;1103;07/11/2022;14,95;14,95
11085;1103;07/11/2022;8,95;8,95
11142;1103;07/11/2022;19,95;19,95
12004;1103;07/11/2022;32,00;32,00
12066;1103;07/11/2022;48,50;48,50
12190;1103;07/11/2022;18,00;18,00
20015;1103;07/11/2022;17,95;16,16
20041;1103;07/11/2022;6,50;6,50
20088;1103;07/11/2022;44,00;44,00
20131;1103;07/11/2022;14,50;12,32
30012;1103;07/11/2022;12,95;12,95
30077;1103;07/11/2022;42,00;42,00
30154;1103;07/11/2022;13,50;13,50
30209;1103;07/11/2022;29,95;29,95
10023;1108;07/11/2022;9,50;9,50
10047;1108;07/11/2022;9,00;9,00
10112;1108;07/11/2022;16,95;16,95
10310;1108;07/11/2022;21,50;16,12
11020;1108;07/11/2022;14,95;14,95
11085;1108;07/11/2022;8,95;8,95
11142;1108;07/11/2022;19,95;19,95
12004;1108;07/11/2022;32,00;32,00
12066;1108;07/11/2022;48,50;48,50
12190;1108;07/11/2022;18,00;18,00
20015;1108;07/11/2022;17,95;16,16
20041;1108;07/11/2022;6,50;6,50
20088;1108;07/11/2022;44,00;44,00
20131;1108;07/11/2022;14,50;12,32
30012;1108;07/11/2022;12,95;12,95
30077;1108;07/11/2022;42,00;42,00
30154;1108;07/11/2022;13,50;13,50
30209;1108;07/11/2022;29,95;29,95
10023;3104;07/11/2022;9,50;9,50
10047;3104;07/11/2022;9,00;9,00
10112;3104;07/11/2022;16,95;16,95
10310;3104;07/11/2022;21,50;16,12
11020;3104;07/11/2022;14,95;14,95
11085;3104;07/11/2022;8,95;8,95
11142;3104;07/11/2022;19,95;19,95
12004;3104;07/11/2022;32,00;32,00
12066;3104;07/11/2022;48,50;48,50
12190;3104;07/11/2022;18,00;18,00
20015;3104;07/11/2022;17,95;16,16
20041;3104;07/11/2022;6,50;6,50
20088;3104;07/11/2022;44,00;44,00
20131;3104;07/11/2022;14,50;12,32
30012;3104;07/11/2022;12,95;12,95
30077;3104;07/11/2022;42,00;42,00
30154;3104;07/11/2022;13,50;13,50
30209;3104;07/11/2022;29,95;29,95
10023;3117;07/11/2022;9,50;9,50
10047;3117;07/11/2022;9,00;9,00
10112;3117;07/11/2022;16,95;16,95
10310;3117;07/11/2022;21,50;16,12
11020;3117;07/11/2022;14,95;14,95
11085;3117;07/11/2022;8,95;8,95
11142;3117;07/11/2022;19,95;19,95
12004;3117;07/11/2022;32,00;32,00
12066;3117;07/11/2022;48,50;48,50
12190;3117;07/11/2022;18,00;18,00
20015;3117;07/11/2022;17,95;16,16
20041;3117;07/11/2022;6,50;6,50
20088;3117;07/11/2022;44,00;44,00
20131;3117;07/11/2022;14,50;12,32
30012;3117;07/11/2022;12,95;12,95
30077;3117;07/11/2022;42,00;42,00
30154;3117;07/11/2022;13,50;13,50
30209;3117;07/11/2022;29,95;29,95
10023;3122;07/11/2022;9,50;9,50
10047;3122;07/11/2022;9,00;9,00
10112;3122;07/11/2022;16,95;16,95
10310;3122;07/11/2022;21,50;16,12
11020;3122;07/11/2022;14,95;14,95
11085;3122;07/11/2022;8,95;8,95
11142;3122;07/11/2022;19,95;19,95
12004;3122;07/11/2022;32,00;32,00
12066;3122;07/11/2022;48,50;48,50
12190;3122;07/11/2022;18,00;18,00
20015;3122;07/11/2022;17,95;16,16
20041;3122;07/11/2022;6,50;6,50
20088;3122;07/11/2022;44,00;44,00
20131;3122;07/11/2022;14,50;12,32
30012;3122;07/11/2022;12,95;12,95
30077;3122;07/11/2022;42,00;42,00
30154;3122;07/11/2022;13,50;13,50
30209;3122;07/11/2022;29,95;29,95
10023;4201;07/11/2022;9,50;9,50
10047;4201;07/11/2022;9,00;9,00
10112;4201;07/11/2022;16,95;16,95
10310;4201;07/11/2022;21,50;16,12
11020;4201;07/11/2022;14,95;14,95
11085;4201;07/11/2022;8,95;8,95
11142;4201;07/11/2022;19,95;19,95
12004;4201;07/11/2022;32,00;32,00
12066;4201;07/11/2022;48,50;48,50
12190;4201;07/11/2022;18,00;18,00
20015;4201;07/11/2022;17,95;16,16
20041;4201;07/11/2022;6,50;6,50
20088;4201;07/11/2022;44,00;44,00
20131;4201;07/11/2022;14,50;12,32
30012;4201;07/11/2022;12,95;12,95
30077;4201;07/11/2022;42,00;42,00
30154;4201;07/11/2022;13,50;13,50
30209;4201;07/11/2022;29,95;29,95
10023;4205;07/11/2022;9,50;9,50
10047;4205;07/11/2022;9,00;9,00
10112;4205;07/11/2022;16,95;16,95
10310;4205;07/11/2022;21,50;16,12
11020;4205;07/11/2022;14,95;14,95
11085;4205;07/11/2022;8,95;8,95
11142;4205;07/11/2022;19,95;19,95
12004;4205;07/11/2022;32,00;32,00
12066;4205;07/11/2022;48,50;48,50
12190;4205;07/11/2022;18,00;18,00
20015;4205;07/11/2022;17,95;16,16
20041;4205;07/11/2022;6,50;6,50
20088;4205;07/11/2022;44,00;44,00
20131;4205;07/11/2022;14,50;12,32
30012;4205;07/11/2022;12,95;12,95
30077;4205;07/11/2022;42,00;42,00
30154;4205;07/11/2022;13,50;13,50
30209;4205;07/11/2022;29,95;29,95
10023;4218;07/11/2022;9,50;9,50
10047;4218;07/11/2022;9,00;9,00
10112;4218;07/11/2022;16,95;16,95
10310;4218;07/11/2022;21,50;16,12
11020;4218;07/11/2022;14,95;14,95
11085;4218;07/11/2022;8,95;8,95
11142;4218;07/11/2022;19,95;19,95
12004;4218;07/11/2022;32,00;32,00
12066;4218;07/11/2022;48,50;48,50
12190;4218;07/11/2022;18,00;18,00
20015;4218;07/11/2022;17,95;16,16
20041;4218;07/11/2022;6,50;6,50
20088;4218;07/11/2022;44,00;44,00
20131;4218;07/11/2022;14,50;12,32
30012;4218;07/11/2022;12,95;12,95
30077;4218;07/11/2022;42,00;42,00
30154;4218;07/11/2022;13,50;13,50
30209;4218;07/11/2022;29,95;29,95
10023;5502;07/11/2022;9,50;9,50
10047;5502;07/11/2022;9,00;9,00
10112;5502;07/11/2022;16,95;16,95
10310;5502;07/11/2022;21,50;16,12
11020;5502;07/11/2022;14,95;14,95
11085;5502;07/11/2022;8,95;8,95
11142;5502;07/11/2022;19,95;19,95
12004;5502;07/11/2022;32,00;32,00
12066;5502;07/11/2022;48,50;48,50
12190;5502;07/11/2022;18,00;18,00
20015;5502;07/11/2022;17,95;16,16
20041;5502;07/11/2022;6,50;6,50
20088;5502;07/11/2022;44,00;44,00
20131;5502;07/11/2022;14,50;12,32
30012;5502;07/11/2022;12,95;12,95
30077;5502;07/11/2022;42,00;42,00
30154;5502;07/11/2022;13,50;13,50
30209;5502;07/11/2022;29,95;29,95
10023;5511;07/11/2022;9,50;9,50
10047;5511;07/11/2022;9,00;9,00
10112;5511;07/11/2022;16,95;16,95
10310;5511;07/11/2022;21,50;16,12
11020;5511;07/11/2022;14,95;14,95
11085;5511;07/11/2022;8,95;8,95
11142;5511;07/11/2022;19,95;19,95
12004;5511;07/11/2022;32,00;32,00
12066;5511;07/11/2022;48,50;48,50
12190;5511;07/11/2022;18,00;18,00
20015;5511;07/11/2022;17,95;16,16
20041;5511;07/11/2022;6,50;6,50
20088;5511;07/11/2022;44,00;44,00
20131;5511;07/11/2022;14,50;12,32
30012;5511;07/11/2022;12,95;12,95
30077;5511;07/11/2022;42,00;42,00
30154;5511;07/11/2022;13,50;13,50
30209;5511;07/11/2022;29,95;29,95
10023;9001;07/11/2022;9,50;9,50
10047;9001;07/11/2022;9,00;9,00
10112;9001;07/11/2022;16,95;16,95
10310;9001;07/11/2022;21,50;16,12
11020;9001;07/11/2022;14,95;14,95
11085;9001;07/11/2022;8,95;8,95
11142;9001;07/11/2022;19,95;19,95
12004;9001;07/11/2022;32,00;32,00
12066;9001;07/11/2022;48,50;48,50
12190;9001;07/11/2022;18,00;18,00
20015;9001;07/11/2022;17,95;16,16
20041;9001;07/11/2022;6,50;6,50
20088;9001;07/11/2022;44,00;44,00
20131;9001;07/11/2022;14,50;12,32
30012;9001;07/11/2022;12,95;12,95
30077;9001;07/11/2022;42,00;42,00
30154;9001;07/11/2022;13,50;13,50
30209;9001;07/11/2022;29,95;29,95
12066;1101;14/11/2022;48,50;43,65
12066;1102;14/11/2022;48,50;43,65
12066;1103;14/11/2022;48,50;43,65
12066;1108;14/11/2022;48,50;43,65
12066;3104;14/11/2022;48,50;43,65
12066;3117;14/11/2022;48,50;43,65
12066;3122;14/11/2022;48,50;43,65
12066;4201;14/11/2022;48,50;43,65
20088;4201;14/11/2022;44,00;33,00
12066;4205;14/11/2022;48,50;43,65
20088;4205;14/11/2022;44,00;33,00
12066;4218;14/11/2022;48,50;43,65
20088;4218;14/11/2022;44,00;33,00
12066;5502;14/11/2022;48,50;43,65
20088;5502;14/11/2022;44,00;33,00
12066;5511;14/11/2022;48,50;43,65
20088;5511;14/11/2022;44,00;33,00
12066;9001;14/11/2022;48,50;43,65
10023;1101;21/11/2022;9,50;9,50
10047;1101;21/11/2022;9,00;8,10
10112;1101;21/11/2022;16,95;16,95
10310;1101;21/11/2022;21,50;21,50
11020;1101;21/11/2022;14,95;14,95
11085;1101;21/11/2022;8,95;6,00
11142;1101;21/11/2022;19,95;19,95
12004;1101;21/11/2022;32,00;32,00
12066;1101;21/11/2022;48,50;48,50
12190;1101;21/11/2022;18,00;18,00
20015;1101;21/11/2022;17,95;17,95
20041;1101;21/11/2022;6,50;6,50
20088;1101;21/11/2022;44,00;44,00
20131;1101;21/11/2022;14,50;14,50
30012;1101;21/11/2022;12,95;12,95
30077;1101;21/11/2022;42,00;42,00
30154;1101;21/11/2022;13,50;13,50
30209;1101;21/11/2022;29,95;29,95
10023;1102;21/11/2022;9,50;9,50
10047;1102;21/11/2022;9,00;8,10
10112;1102;21/11/2022;16,95;16,95
10310;1102;21/11/2022;21,50;21,50
11020;1102;21/11/2022;14,95;14,95
11085;1102;21/11/2022;8,95;6,00
11142;1102;21/11/2022;19,95;19,95
12004;1102;21/11/2022;32,00;32,00
12066;1102;21/11/2022;48,50;48,50
12190;1102;21/11/2022;18,00;18,00
20015;1102;21/11/2022;17,95;17,95
20041;1102;21/11/2022;6,50;6,50
20088;1102;21/11/2022;44,00;44,00
20131;1102;21/11/2022;14,50;14,50
30012;1102;21/11/2022;12,95;12,95
30077;1102;21/11/2022;42,00;42,00
30154;1102;21/11/2022;13,50;13,50
30209;1102;21/11/2022;29,95;29,95
10023;1103;21/11/2022;9,50;9,50
10047;1103;21/11/2022;9,00;8,10
10112;1103;21/11/2022;16,95;16,95
10310;1103;21/11/2022;21,50;21,50
11020;1103;21/11/2022;14,95;14,95
11085;1103;21/11/2022;8,95;6,00
11142;1103;21/11/2022;19,95;19,95
12004;1103;21/11/2022;32,00;32,00
12066;1103;21/11/2022;48,50;48,50
12190;1103;21/11/2022;18,00;18,00
20015;1103;21/11/2022;17,95;17,95
20041;1103;21/11/2022;6,50;6,50
20088;1103;21/11/2022;44,00;44,00
20131;1103;21/11/2022;14,50;14,50
30012;1103;21/11/2022;12,95;12,95
30077;1103;21/11/2022;42,00;42,00
30154;1103;21/11/2022;13,50;13,50
30209;1103;21/11/2022;29,95;29,95
99001;1103;21/11/2022;0,00;0,00
10023;1108;21/11/2022;9,50;9,50
10047;1108;21/11/2022;9,00;8,10
10112;1108;21/11/2022;16,95;16,95
10310;1108;21/11/2022;21,50;21,50
11020;1108;21/11/2022;14,95;14,95
11085;1108;21/11/2022;8,95;6,00
11142;1108;21/11/2022;19,95;19,95
12004;1108;21/11/2022;32,00;32,00
12066;1108;21/11/2022;48,50;48,50
12190;1108;21/11/2022;18,00;18,00
20015;1108;21/11/2022;17,95;17,95
20041;1108;21/11/2022;6,50;6,50
20088;1108;21/11/2022;44,00;44,00
20131;1108;21/11/2022;14,50;14,50
30012;1108;21/11/2022;12,95;12,95
30077;1108;21/11/2022;42,00;42,00
30154;1108;21/11/2022;13,50;13,50
30209;1108;21/11/2022;29,95;29,95
10023;3104;21/11/2022;9,50;9,50
10047;3104;21/11/2022;9,00;9,00
10112;3104;21/11/2022;16,95;16,95
10310;3104;21/11/2022;21,50;21,50
11020;3104;21/11/2022;14,95;14,95
11085;3104;21/11/2022;8,95;6,00
11142;3104;21/11/2022;19,95;19,95
12004;3104;21/11/2022;32,00;32,00
12066;3104;21/11/2022;48,50;48,50
12190;3104;21/11/2022;18,00;18,00
20015;3104;21/11/2022;17,95;17,95
20041;3104;21/11/2022;6,50;6,50
20088;3104;21/11/2022;44,00;44,00
20131;3104;21/11/2022;14,50;14,50
30012;3104;21/11/2022;12,95;12,95
30077;3104;21/11/2022;42,00;42,00
30154;3104;21/11/2022;13,50;13,50
30209;3104;21/11/2022;29,95;29,95
10023;3117;21/11/2022;9,50;9,50
10047;3117;21/11/2022;9,00;9,00
10112;3117;21/11/2022;16,95;16,95
10310;3117;21/11/2022;21,50;21,50
11020;3117;21/11/2022;14,95;14,95
11085;3117;21/11/2022;8,95;6,00
11142;3117;21/11/2022;19,95;19,95
12004;3117;21/11/2022;32,00;32,00
12066;3117;21/11/2022;48,50;48,50
12190;3117;21/11/2022;18,00;18,00
20015;3117;21/11/2022;17,95;17,95
20041;3117;21/11/2022;6,50;6,50
20088;3117;21/11/2022;44,00;44,00
20131;3117;21/11/2022;14,50;14,50
30012;3117;21/11/2022;12,95;12,95
30077;3117;21/11/2022;42,00;42,00
30154;3117;21/11/2022;13,50;13,50
30209;3117;21/11/2022;29,95;29,95
10023;3122;21/11/2022;9,50;9,50
10047;3122;21/11/2022;9,00;9,00
10112;3122;21/11/2022;16,95;16,95
10310;3122;21/11/2022;21,50;21,50
11020;3122;21/11/2022;14,95;14,95
11085;3122;21/11/2022;8,95;6,00
11142;3122;21/11/2022;19,95;19,95
12004;3122;21/11/2022;32,00;32,00
12066;3122;21/11/2022;48,50;48,50
12190;3122;21/11/2022;18,00;18,00
20015;3122;21/11/2022;17,95;17,95
20041;3122;21/11/2022;6,50;6,50
20088;3122;21/11/2022;44,00;44,00
20131;3122;21/11/2022;14,50;14,50
30012;3122;21/11/2022;12,95;12,95
30077;3122;21/11/2022;42,00;42,00
30154;3122;21/11/2022;13,50;13,50
30209;3122;21/11/2022;29,95;29,95
99001;3122;21/11/2022;0,00;0,00
10023;4201;21/11/2022;9,50;9,50
10047;4201;21/11/2022;9,00;8,10
10112;4201;21/11/2022;16,95;16,95
10310;4201;21/11/2022;21,50;21,50
11020;4201;21/11/2022;14,95;14,95
11085;4201;21/11/2022;8,95;6,00
11142;4201;21/11/2022;19,95;19,95
12004;4201;21/11/2022;32,00;32,00
12066;4201;21/11/2022;48,50;48,50
12190;4201;21/11/2022;18,00;18,00
20015;4201;21/11/2022;17,95;17,95
20041;4201;21/11/2022;6,50;6,50
20088;4201;21/11/2022;44,00;44,00
20131;4201;21/11/2022;14,50;14,50
30012;4201;21/11/2022;12,95;12,95
30077;4201;21/11/2022;42,00;42,00
30154;4201;21/11/2022;13,50;13,50
30209;4201;21/11/2022;29,95;29,95
99001;4201;21/11/2022;0,00;0,00
10023;4205;21/11/2022;9,50;9,50
10047;4205;21/11/2022;9,00;8,10
10112;4205;21/11/2022;16,95;16,95
10310;4205;21/11/2022;21,50;21,50
11020;4205;21/11/2022;14,95;14,95
11085;4205;21/11/2022;8,95;6,00
11142;4205;21/11/2022;19,95;19,95
12004;4205;21/11/2022;32,00;32,00
12066;4205;21/11/2022;48,50;48,50
12190;4205;21/11/2022;18,00;18,00
20015;4205;21/11/2022;17,95;17,95
20041;4205;21/11/2022;6,50;6,50
20088;4205;21/11/2022;44,00;44,00
20131;4205;21/11/2022;14,50;14,50
30012;4205;21/11/2022;12,95;12,95
30077;4205;21/11/2022;42,00;42,00
30154;4205;21/11/2022;13,50;13,50
30209;4205;21/11/2022;29,95;29,95
10023;4218;21/11/2022;9,50;9,50
10047;4218;21/11/2022;9,00;8,10
10112;4218;21/11/2022;16,95;16,95
10310;4218;21/11/2022;21,50;21,50
11020;4218;21/11/2022;14,95;14,95
11085;4218;21/11/2022;8,95;6,00
11142;4218;21/11/2022;19,95;19,95
12004;4218;21/11/2022;32,00;32,00
12066;4218;21/11/2022;48,50;48,50
12190;4218;21/11/2022;18,00;18,00
20015;4218;21/11/2022;17,95;17,95
20041;4218;21/11/2022;6,50;6,50
20088;4218;21/11/2022;44,00;44,00
20131;4218;21/11/2022;14,50;14,50
30012;4218;21/11/2022;12,95;12,95
30077;4218;21/11/2022;42,00;42,00
30154;4218;21/11/2022;13,50;13,50
30209;4218;21/11/2022;29,95;29,95
10023;5502;21/11/2022;9,50;9,50
10047;5502;21/11/2022;9,00;9,00
10112;5502;21/11/2022;16,95;16,95
10310;5502;21/11/2022;21,50;21,50
11020;5502;21/11/2022;14,95;14,95
11085;5502;21/11/2022;8,95;6,00
11142;5502;21/11/2022;19,95;19,95
12004;5502;21/11/2022;32,00;32,00
12066;5502;21/11/2022;48,50;48,50
12190;5502;21/11/2022;18,00;18,00
20015;5502;21/11/2022;17,95;17,95
20041;5502;21/11/2022;6,50;6,50
20088;5502;21/11/2022;44,00;44,00
20131;5502;21/11/2022;14,50;14,50
30012;5502;21/11/2022;12,95;12,95
30077;5502;21/11/2022;42,00;42,00
30154;5502;21/11/2022;13,50;13,50
30209;5502;21/11/2022;29,95;29,95
99001;5502;21/11/2022;0,00;0,00
10023;5511;21/11/2022;9,50;9,50
10047;5511;21/11/2022;9,00;9,00
10112;5511;21/11/2022;16,95;16,95
10310;5511;21/11/2022;21,50;21,50
11020;5511;21/11/2022;14,95;14,95
11085;5511;21/11/2022;8,95;6,00
11142;5511;21/11/2022;19,95;19,95
12004;5511;21/11/2022;32,00;32,00
12066;5511;21/11/2022;48,50;48,50
12190;5511;21/11/2022;18,00;18,00
20015;5511;21/11/2022;17,95;17,95
20041;5511;21/11/2022;6,50;6,50
20088;5511;21/11/2022;44,00;44,00
20131;5511;21/11/2022;14,50;14,50
30012;5511;21/11/2022;12,95;12,95
30077;5511;21/11/2022;42,00;42,00
30154;5511;21/11/2022;13,50;13,50
30209;5511;21/11/2022;29,95;29,95
99001;5511;21/11/2022;0,00;0,00
10023;9001;21/11/2022;9,50;9,50
10047;9001;21/11/2022;9,00;9,00
10112;9001;21/11/2022;16,95;16,95
10310;9001;21/11/2022;21,50;21,50
11020;9001;21/11/2022;14,95;14,95
11085;9001;21/11/2022;8,95;6,00
11142;9001;21/11/2022;19,95;19,95
12004;9001;21/11/2022;32,00;32,00
12066;9001;21/11/2022;48,50;48,50
12190;9001;21/11/2022;18,00;18,00
20015;9001;21/11/2022;17,95;17,95
20041;9001;21/11/2022;6,50;6,50
20088;9001;21/11/2022;44,00;44,00
20131;9001;21/11/2022;14,50;14,50
30012;9001;21/11/2022;12,95;12,95
30077;9001;21/11/2022;42,00;42,00
30154;9001;21/11/2022;13,50;13,50
30209;9001;21/11/2022;29,95;29,95
99001;9001;21/11/2022;0,00;0,00
10023;1101;28/11/2022;9,50;6,36
11085;1101;28/11/2022;8,95;7,16
10023;1102;28/11/2022;9,50;6,36
11085;1102;28/11/2022;8,95;7,16
10023;1103;28/11/2022;9,50;6,36
11085;1103;28/11/2022;8,95;7,16
10023;1108;28/11/2022;9,50;6,36
11085;1108;28/11/2022;8,95;7,16
10023;3104;28/11/2022;9,50;6,36
11085;3104;28/11/2022;8,95;7,16
10023;3117;28/11/2022;9,50;6,36
11085;3117;28/11/2022;8,95;7,16
10023;3122;28/11/2022;9,50;6,36
11085;3122;28/11/2022;8,95;7,16
10023;4201;28/11/2022;9,50;6,36
11085;4201;28/11/2022;8,95;7,16
10023;4205;28/11/2022;9,50;6,36
11085;4205;28/11/2022;8,95;7,16
10023;4218;28/11/2022;9,50;6,36
11085;4218;28/11/2022;8,95;7,16
10023;5502;28/11/2022;9,50;6,36
11085;5502;28/11/2022;8,95;7,16
10023;5511;28/11/2022;9,50;6,36
11085;5511;28/11/2022;8,95;7,16
10023;9001;28/11/2022;9,50;6,36
11085;9001;28/11/2022;8,95;7,16
10023;1101;05/12/2022;9,50;9,50
10047;1101;05/12/2022;9,00;9,00
10112;1101;05/12/2022;16,95;16,95
10310;1101;05/12/2022;21,50;17,20
11020;1101;05/12/2022;14,95;14,95
11085;1101;05/12/2022;8,95;8,05
11142;1101;05/12/2022;19,95;19,95
12004;1101;05/12/2022;32,00;32,00
12066;1101;05/12/2022;48,50;48,50
12190;1101;05/12/2022;18,00;12,06
20015;1101;05/12/2022;17,95;17,95
20041;1101;05/12/2022;6,50;4,35
20088;1101;05/12/2022;44,00;44,00
20131;1101;05/12/2022;14,50;9,71
30012;1101;05/12/2022;12,95;12,95
30077;1101;05/12/2022;42,00;42,00
30154;1101;05/12/2022;13,50;13,50
30209;1101;05/12/2022;29,95;22,46
10023;1102;05/12/2022;9,50;9,50
10047;1102;05/12/2022;9,00;9,00
10112;1102;05/12/2022;16,95;16,95
10310;1102;05/12/2022;21,50;17,20
11020;1102;05/12/2022;14,95;14,95
11085;1102;05/12/2022;8,95;8,05
11142;1102;05/12/2022;19,95;19,95
12004;1102;05/12/2022;32,00;32,00
12066;1102;05/12/2022;48,50;48,50
12190;1102;05/12/2022;18,00;12,06
20015;1102;05/12/2022;17,95;17,95
20041;1102;05/12/2022;6,50;4,35
20088;1102;05/12/2022;44,00;44,00
20131;1102;05/12/2022;14,50;9,71
30012;1102;05/12/2022;12,95;12,95
30077;1102;05/12/2022;42,00;42,00
30154;1102;05/12/2022;13,50;13,50
30209;1102;05/12/2022;29,95;22,46
10023;1103;05/12/2022;9,50;9,50
10047;1103;05/12/2022;9,00;9,00
10112;1103;05/12/2022;16,95;16,95
10310;1103;05/12/2022;21,50;17,20
11020;1103;05/12/2022;14,95;14,95
11085;1103;05/12/2022;8,95;8,05
11142;1103;05/12/2022;19,95;19,95
12004;1103;05/12/2022;32,00;32,00
12066;1103;05/12/2022;48,50;48,50
12190;1103;05/12/2022;18,00;12,06
20015;1103;05/12/2022;17,95;17,95
20041;1103;05/12/2022;6,50;4,35
20088;1103;05/12/2022;44,00;44,00
20131;1103;05/12/2022;14,50;9,71
30012;1103;05/12/2022;12,95;12,95
30077;1103;05/12/2022;42,00;42,00
30154;1103;05/12/2022;13,50;13,50
30209;1103;05/12/2022;29,95;22,46
10023;1108;05/12/2022;9,50;9,50
10047;1108;05/12/2022;9,00;9,00
10112;1108;05/12/2022;16,95;16,95
10310;1108;05/12/2022;21,50;17,20
11020;1108;05/12/2022;14,95;14,95
11085;1108;05/12/2022;8,95;8,05
11142;1108;05/12/2022;19,95;19,95
12004;1108;05/12/2022;32,00;32,00
12066;1108;05/12/2022;48,50;48,50
12190;1108;05/12/2022;18,00;12,06
20015;1108;05/12/2022;17,95;17,95
20041;1108;05/12/2022;6,50;4,35
20088;1108;05/12/2022;44,00;44,00
20131;1108;05/12/2022;14,50;9,71
30012;1108;05/12/2022;12,95;12,95
30077;1108;05/12/2022;42,00;42,00
30154;1108;05/12/2022;13,50;13,50
30209;1108;05/12/2022;29,95;22,46
10023;3104;05/12/2022;9,50;9,50
10047;3104;05/12/2022;9,00;9,00
10112;3104;05/12/2022;16,95;16,95
10310;3104;05/12/2022;21,50;21,50
11020;3104;05/12/2022;14,95;14,95
11085;3104;05/12/2022;8,95;8,05
11142;3104;05/12/2022;19,95;19,95
12004;3104;05/12/2022;32,00;32,00
12066;3104;05/12/2022;48,50;48,50
12190;3104;05/12/2022;18,00;12,06
20015;3104;05/12/2022;17,95;17,95
20041;3104;05/12/2022;6,50;6,50
20088;3104;05/12/2022;44,00;44,00
20131;3104;05/12/2022;14,50;9,71
30012;3104;05/12/2022;12,95;12,95
30077;3104;05/12/2022;42,00;42,00
30154;3104;05/12/2022;13,50;13,50
30209;3104;05/12/2022;29,95;29,95
10023;3117;05/12/2022;9,50;9,50
10047;3117;05/12/2022;9,00;9,00
10112;3117;05/12/2022;16,95;16,95
10310;3117;05/12/2022;21,50;21,50
11020;3117;05/12/2022;14,95;14,95
11085;3117;05/12/2022;8,95;8,05
11142;3117;05/12/2022;19,95;19,95
12004;3117;05/12/2022;32,00;32,00
12066;3117;05/12/2022;48,50;48,50
12190;3117;05/12/2022;18,00;12,06
20015;3117;05/12/2022;17,95;17,95
20041;3117;05/12/2022;6,50;6,50
20088;3117;05/12/2022;44,00;44,00
20131;3117;05/12/2022;14,50;9,71
30012;3117;05/12/2022;12,95;12,95
30077;3117;05/12/2022;42,00;42,00
30154;3117;05/12/2022;13,50;13,50
30209;3117;05/12/2022;29,95;29,95
10023;3122;05/12/2022;9,50;9,50
10047;3122;05/12/2022;9,00;9,00
10112;3122;05/12/2022;16,95;16,95
10310;3122;05/12/2022;21,50;21,50
11020;3122;05/12/2022;14,95;14,95
11085;3122;05/12/2022;8,95;8,05
11142;3122;05/12/2022;19,95;19,95
12004;3122;05/12/2022;32,00;32,00
12066;3122;05/12/2022;48,50;48,50
12190;3122;05/12/2022;18,00;12,06
20015;3122;05/12/2022;17,95;17,95
20041;3122;05/12/2022;6,50;6,50
20088;3122;05/12/2022;44,00;44,00
20131;3122;05/12/2022;14,50;9,71
30012;3122;05/12/2022;12,95;12,95
30077;3122;05/12/2022;42,00;42,00
30154;3122;05/12/2022;13,50;13,50
30209;3122;05/12/2022;29,95;29,95
10023;4201;05/12/2022;9,50;9,50
10047;4201;05/12/2022;9,00;9,00
10112;4201;05/12/2022;16,95;16,95
10310;4201;05/12/2022;21,50;17,20
11020;4201;05/12/2022;14,95;14,95
11085;4201;05/12/2022;8,95;8,05
11142;4201;05/12/2022;19,95;19,95
12004;4201;05/12/2022;32,00;32,00
12066;4201;05/12/2022;48,50;48,50
12190;4201;05/12/2022;18,00;12,06
20015;4201;05/12/2022;17,95;17,95
20041;4201;05/12/2022;6,50;4,35
20088;4201;05/12/2022;44,00;44,00
20131;4201;05/12/2022;14,50;9,71
30012;4201;05/12/2022;12,95;12,95
30077;4201;05/12/2022;42,00;42,00
30154;4201;05/12/2022;13,50;13,50
30209;4201;05/12/2022;29,95;22,46
10023;4205;05/12/2022;9,50;9,50
10047;4205;05/12/2022;9,00;9,00
10112;4205;05/12/2022;16,95;16,95
10310;4205;05/12/2022;21,50;17,20
11020;4205;05/12/2022;14,95;14,95
11085;4205;05/12/2022;8,95;8,05
11142;4205;05/12/2022;19,95;19,95
12004;4205;05/12/2022;32,00;32,00
12066;4205;05/12/2022;48,50;48,50
12190;4205;05/12/2022;18,00;12,06
20015;4205;05/12/2022;17,95;17,95
20041;4205;05/12/2022;6,50;4,35
20088;4205;05/12/2022;44,00;44,00
20131;4205;05/12/2022;14,50;9,71
30012;4205;05/12/2022;12,95;12,95
30077;4205;05/12/2022;42,00;42,00
30154;4205;05/12/2022;13,50;13,50
30209;4205;05/12/2022;29,95;22,46
99001;4205;05/12/2022;0,00;0,00
10023;4218;05/12/2022;9,50;9,50
10047;4218;05/12/2022;9,00;9,00
10112;4218;05/12/2022;16,95;16,95
10310;4218;05/12/2022;21,50;17,20
11020;4218;05/12/2022;14,95;14,95
11085;4218;05/12/2022;8,95;8,05
11142;4218;05/12/2022;19,95;19,95
12004;4218;05/12/2022;32,00;32,00
12066;4218;05/12/2022;48,50;48,50
12190;4218;05/12/2022;18,00;12,06
20015;4218;05/12/2022;17,95;17,95
20041;4218;05/12/2022;6,50;4,35
20088;4218;05/12/2022;44,00;44,00
20131;4218;05/12/2022;14,50;9,71
30012;4218;05/12/2022;12,95;12,95
30077;4218;05/12/2022;42,00;42,00
30154;4218;05/12/2022;13,50;13,50
30209;4218;05/12/2022;29,95;22,46
10023;5502;05/12/2022;9,50;9,50
10047;5502;05/12/2022;9,00;9,00
10112;5502;05/12/2022;16,95;16,95
10310;5502;05/12/2022;21,50;21,50
11020;5502;05/12/2022;14,95;14,95
11085;5502;05/12/2022;8,95;8,05
11142;5502;05/12/2022;19,95;19,95
12004;5502;05/12/2022;32,00;32,00
12066;5502;05/12/2022;48,50;48,50
12190;5502;05/12/2022;18,00;12,06
20015;5502;05/12/2022;17,95;17,95
20041;5502;05/12/2022;6,50;6,50
20088;5502;05/12/2022;44,00;44,00
20131;5502;05/12/2022;14,50;9,71
30012;5502;05/12/2022;12,95;12,95
30077;5502;05/12/2022;42,00;42,00
30154;5502;05/12/2022;13,50;13,50
30209;5502;05/12/2022;29,95;29,95
10023;5511;05/12/2022;9,50;9,50
10047;5511;05/12/2022;9,00;9,00
10112;5511;05/12/2022;16,95;16,95
10310;5511;05/12/2022;21,50;21,50
11020;5511;05/12/2022;14,95;14,95
11085;5511;05/12/2022;8,95;8,05
11142;5511;05/12/2022;19,95;19,95
12004;5511;05/12/2022;32,00;32,00
12066;5511;05/12/2022;48,50;48,50
12190;5511;05/12/2022;18,00;12,06
20015;5511;05/12/2022;17,95;17,95
20041;5511;05/12/2022;6,50;6,50
20088;5511;05/12/2022;44,00;44,00
20131;5511;05/12/2022;14,50;9,71
30012;5511;05/12/2022;12,95;12,95
30077;5511;05/12/2022;42,00;42,00
30154;5511;05/12/2022;13,50;13,50
30209;5511;05/12/2022;29,95;29,95
10023;9001;05/12/2022;9,50;9,50
10047;9001;05/12/2022;9,00;9,00
10112;9001;05/12/2022;16,95;16,95
10310;9001;05/12/2022;21,50;21,50
11020;9001;05/12/2022;14,95;14,95
11085;9001;05/12/2022;8,95;8,05
11142;9001;05/12/2022;19,95;19,95
12004;9001;05/12/2022;32,00;32,00
12066;9001;05/12/2022;48,50;48,50
12190;9001;05/12/2022;18,00;12,06
20015;9001;05/12/2022;17,95;17,95
20041;9001;05/12/2022;6,50;6,50
20088;9001;05/12/2022;44,00;44,00
20131;9001;05/12/2022;14,50;9,71
30012;9001;05/12/2022;12,95;12,95
30077;9001;05/12/2022;42,00;42,00
30154;9001;05/12/2022;13,50;13,50
30209;9001;05/12/2022;29,95;29,95
20015;1101;12/12/2022;17,95;14,36
30154;1101;12/12/2022;13,50;9,04
20015;1102;12/12/2022;17,95;14,36
30154;1102;12/12/2022;13,50;9,04
20015;1103;12/12/2022;17,95;14,36
30154;1103;12/12/2022;13,50;9,04
20015;1108;12/12/2022;17,95;14,36
30154;1108;12/12/2022;13,50;9,04
30154;3104;12/12/2022;13,50;9,04
30154;3117;12/12/2022;13,50;9,04
30154;3122;12/12/2022;13,50;9,04
20015;4201;12/12/2022;17,95;14,36
30154;4201;12/12/2022;13,50;9,04
20015;4205;12/12/2022;17,95;14,36
30154;4205;12/12/2022;13,50;9,04
20015;4218;12/12/2022;17,95;14,36
30154;4218;12/12/2022;13,50;9,04
30154;5502;12/12/2022;13,50;9,04
30154;5511;12/12/2022;13,50;9,04
30154;9001;12/12/2022;13,50;9,04
20015;1199;12/12/2022;17,95;14,36
30154;1199;12/12/2022;13,50;9,04
10023;1101;19/12/2022;9,50;9,50
10047;1101;19/12/2022;9,00;9,00
10112;1101;19/12/2022;16,95;16,95
10310;1101;19/12/2022;21,50;21,50
11020;1101;19/12/2022;14,95;14,95
11085;1101;19/12/2022;8,95;8,95
11142;1101;19/12/2022;19,95;16,96
12004;1101;19/12/2022;32,00;32,00
12066;1101;19/12/2022;48,50;48,50
12190;1101;19/12/2022;18,00;18,00
20015;1101;19/12/2022;17,95;17,95
20041;1101;19/12/2022;6,50;6,50
20088;1101;19/12/2022;44,00;44,00
20131;1101;19/12/2022;14,50;14,50
30012;1101;19/12/2022;12,95;12,95
30077;1101;19/12/2022;42,00;42,00
30154;1101;19/12/2022;13,50;13,50
30209;1101;19/12/2022;29,95;29,95
10023;1102;19/12/2022;9,50;9,50
10047;1102;19/12/2022;9,00;9,00
10112;1102;19/12/2022;16,95;16,95
10310;1102;19/12/2022;21,50;21,50
11020;1102;19/12/2022;14,95;14,95
11085;1102;19/12/2022;8,95;8,95
11142;1102;19/12/2022;19,95;16,96
12004;1102;19/12/2022;32,00;32,00
12066;1102;19/12/2022;48,50;48,50
12190;1102;19/12/2022;18,00;18,00
20015;1102;19/12/2022;17,95;17,95
20041;1102;19/12/2022;6,50;6,50
20088;1102;19/12/2022;44,00;44,00
20131;1102;19/12/2022;14,50;14,50
30012;1102;19/12/2022;12,95;12,95
30077;1102;19/12/2022;42,00;42,00
30154;1102;19/12/2022;13,50;13,50
30209;1102;19/12/2022;29,95;29,95
10023;1103;19/12/2022;9,50;9,50
10047;1103;19/12/2022;9,00;9,00
10112;1103;19/12/2022;16,95;16,95
10310;1103;19/12/2022;21,50;21,50
11020;1103;19/12/2022;14,95;14,95
11085;1103;19/12/2022;8,95;8,95
11142;1103;19/12/2022;19,95;16,96
12004;1103;19/12/2022;32,00;32,00
12066;1103;19/12/2022;48,50;48,50
12190;1103;19/12/2022;18,00;18,00
20015;1103;19/12/2022;17,95;17,95
20041;1103;19/12/2022;6,50;6,50
20088;1103;19/12/2022;44,00;44,00
20131;1103;19/12/2022;14,50;14,50
30012;1103;19/12/2022;12,95;12,95
30077;1103;19/12/2022;42,00;42,00
30154;1103;19/12/2022;13,50;13,50
30209;1103;19/12/2022;29,95;29,95
99001;1103;19/12/2022;0,00;0,00
10023;1108;19/12/2022;9,50;9,50
10047;1108;19/12/2022;9,00;9,00
10112;1108;19/12/2022;16,95;16,95
10310;1108;19/12/2022;21,50;21,50
11020;1108;19/12/2022;14,95;14,95
11085;1108;19/12/2022;8,95;8,95
11142;1108;19/12/2022;19,95;16,96
12004;1108;19/12/2022;32,00;32,00
12066;1108;19/12/2022;48,50;48,50
12190;1108;19/12/2022;18,00;18,00
20015;1108;19/12/2022;17,95;17,95
20041;1108;19/12/2022;6,50;6,50
20088;1108;19/12/2022;44,00;44,00
20131;1108;19/12/2022;14,50;14,50
30012;1108;19/12/2022;12,95;12,95
30077;1108;19/12/2022;42,00;42,00
30154;1108;19/12/2022;13,50;13,50
30209;1108;19/12/2022;29,95;29,95
99001;1108;19/12/2022;0,00;0,00
10023;3104;19/12/2022;9,50;9,50
10047;3104;19/12/2022;9,00;9,00
10112;3104;19/12/2022;16,95;16,95
10310;3104;19/12/2022;21,50;21,50
11020;3104;19/12/2022;14,95;14,95
11085;3104;19/12/2022;8,95;8,95
11142;3104;19/12/2022;19,95;19,95
12004;3104;19/12/2022;32,00;32,00
12066;3104;19/12/2022;48,50;48,50
12190;3104;19/12/2022;18,00;18,00
20015;3104;19/12/2022;17,95;17,95
20041;3104;19/12/2022;6,50;6,50
20088;3104;19/12/2022;44,00;44,00
20131;3104;19/12/2022;14,50;14,50
30012;3104;19/12/2022;12,95;12,95
30077;3104;19/12/2022;42,00;42,00
30154;3104;19/12/2022;13,50;13,50
30209;3104;19/12/2022;29,95;29,95
99001;3104;19/12/2022;0,00;0,00
10023;3117;19/12/2022;9,50;9,50
10047;3117;19/12/2022;9,00;9,00
10112;3117;19/12/2022;16,95;16,95
10310;3117;19/12/2022;21,50;21,50
11020;3117;19/12/2022;14,95;14,95
11085;3117;19/12/2022;8,95;8,95
11142;3117;19/12/2022;19,95;19,95
12004;3117;19/12/2022;32,00;32,00
12066;3117;19/12/2022;48,50;48,50
12190;3117;19/12/2022;18,00;18,00
20015;3117;19/12/2022;17,95;17,95
20041;3117;19/12/2022;6,50;6,50
20088;3117;19/12/2022;44,00;44,00
20131;3117;19/12/2022;14,50;14,50
30012;3117;19/12/2022;12,95;12,95
30077;3117;19/12/2022;42,00;42,00
30154;3117;19/12/2022;13,50;13,50
30209;3117;19/12/2022;29,95;29,95
99001;3117;19/12/2022;0,00;0,00
10023;3122;19/12/2022;9,50;9,50
10047;3122;19/12/2022;9,00;9,00
10112;3122;19/12/2022;16,95;16,95
10310;3122;19/12/2022;21,50;21,50
11020;3122;19/12/2022;14,95;14,95
11085;3122;19/12/2022;8,95;8,95
11142;3122;19/12/2022;19,95;19,95
12004;3122;19/12/2022;32,00;32,00
12066;3122;19/12/2022;48,50;48,50
12190;3122;19/12/2022;18,00;18,00
20015;3122;19/12/2022;17,95;17,95
20041;3122;19/12/2022;6,50;6,50
20088;3122;19/12/2022;44,00;44,00
20131;3122;19/12/2022;14,50;14,50
30012;3122;19/12/2022;12,95;12,95
30077;3122;19/12/2022;42,00;42,00
30154;3122;19/12/2022;13,50;13,50
30209;3122;19/12/2022;29,95;29,95
10023;4201;19/12/2022;9,50;9,50
10047;4201;19/12/2022;9,00;9,00
10112;4201;19/12/2022;16,95;16,95
10310;4201;19/12/2022;21,50;21,50
11020;4201;19/12/2022;14,95;14,95
11085;4201;19/12/2022;8,95;8,95
11142;4201;19/12/2022;19,95;16,96
12004;4201;19/12/2022;32,00;32,00
12066;4201;19/12/2022;48,50;48,50
12190;4201;19/12/2022;18,00;18,00
20015;4201;19/12/2022;17,95;17,95
20041;4201;19/12/2022;6,50;6,50
20088;4201;19/12/2022;44,00;44,00
20131;4201;19/12/2022;14,50;14,50
30012;4201;19/12/2022;12,95;12,95
30077;4201;19/12/2022;42,00;42,00
30154;4201;19/12/2022;13,50;13,50
30209;4201;19/12/2022;29,95;23,96
10023;4205;19/12/2022;9,50;9,50
10047;4205;19/12/2022;9,00;9,00
10112;4205;19/12/2022;16,95;16,95
10310;4205;19/12/2022;21,50;21,50
11020;4205;19/12/2022;14,95;14,95
11085;4205;19/12/2022;8,95;8,95
11142;4205;19/12/2022;19,95;16,96
12004;4205;19/12/2022;32,00;32,00
12066;4205;19/12/2022;48,50;48,50
12190;4205;19/12/2022;18,00;18,00
20015;4205;19/12/2022;17,95;17,95
20041;4205;19/12/2022;6,50;6,50
20088;4205;19/12/2022;44,00;44,00
20131;4205;19/12/2022;14,50;14,50
30012;4205;19/12/2022;12,95;12,95
30077;4205;19/12/2022;42,00;42,00
30154;4205;19/12/2022;13,50;13,50
30209;4205;19/12/2022;29,95;23,96
99001;4205;19/12/2022;0,00;0,00
10023;4218;19/12/2022;9,50;9,50
10047;4218;19/12/2022;9,00;9,00
10112;4218;19/12/2022;16,95;16,95
10310;4218;19/12/2022;21,50;21,50
11020;4218;19/12/2022;14,95;14,95
11085;4218;19/12/2022;8,95;8,95
11142;4218;19/12/2022;19,95;16,96
12004;4218;19/12/2022;32,00;32,00
12066;4218;19/12/2022;48,50;48,50
12190;4218;19/12/2022;18,00;18,00
20015;4218;19/12/2022;17,95;17,95
20041;4218;19/12/2022;6,50;6,50
20088;4218;19/12/2022;44,00;44,00
20131;4218;19/12/2022;14,50;14,50
30012;4218;19/12/2022;12,95;12,95
30077;4218;19/12/2022;42,00;42,00
30154;4218;19/12/2022;13,50;13,50
30209;4218;19/12/2022;29,95;23,96
10023;5502;19/12/2022;9,50;9,50
10047;5502;19/12/2022;9,00;9,00
10112;5502;19/12/2022;16,95;16,95
10310;5502;19/12/2022;21,50;21,50
11020;5502;19/12/2022;14,95;14,95
11085;5502;19/12/2022;8,95;8,95
11142;5502;19/12/2022;19,95;19,95
12004;5502;19/12/2022;32,00;32,00
12066;5502;19/12/2022;48,50;48,50
12190;5502;19/12/2022;18,00;18,00
20015;5502;19/12/2022;17,95;17,95
20041;5502;19/12/2022;6,50;6,50
20088;5502;19/12/2022;44,00;44,00
20131;5502;19/12/2022;14,50;14,50
30012;5502;19/12/2022;12,95;12,95
30077;5502;19/12/2022;42,00;42,00
30154;5502;19/12/2022;13,50;13,50
30209;5502;19/12/2022;29,95;23,96
10023;5511;19/12/2022;9,50;9,50
10047;5511;19/12/2022;9,00;9,00
10112;5511;19/12/2022;16,95;16,95
10310;5511;19/12/2022;21,50;21,50
11020;5511;19/12/2022;14,95;14,95
11085;5511;19/12/2022;8,95;8,95
11142;5511;19/12/2022;19,95;19,95
12004;5511;19/12/2022;32,00;32,00
12066;5511;19/12/2022;48,50;48,50
12190;5511;19/12/2022;18,00;18,00
20015;5511;19/12/2022;17,95;17,95
20041;5511;19/12/2022;6,50;6,50
20088;5511;19/12/2022;44,00;44,00
20131;5511;19/12/2022;14,50;14,50
30012;5511;19/12/2022;12,95;12,95
30077;5511;19/12/2022;42,00;42,00
30154;5511;19/12/2022;13,50;13,50
30209;5511;19/12/2022;29,95;23,96
10023;9001;19/12/2022;9,50;9,50
10047;9001;19/12/2022;9,00;9,00
10112;9001;19/12/2022;16,95;16,95
10310;9001;19/12/2022;21,50;21,50
11020;9001;19/12/2022;14,95;14,95
11085;9001;19/12/2022;8,95;8,95
11142;9001;19/12/2022;19,95;19,95
12004;9001;19/12/2022;32,00;32,00
12066;9001;19/12/2022;48,50;48,50
12190;9001;19/12/2022;18,00;18,00
20015;9001;19/12/2022;17,95;17,95
20041;9001;19/12/2022;6,50;6,50
20088;9001;19/12/2022;44,00;44,00
20131;9001;19/12/2022;14,50;14,50
30012;9001;19/12/2022;12,95;12,95
30077;9001;19/12/2022;42,00;42,00
30154;9001;19/12/2022;13,50;13,50
30209;9001;19/12/2022;29,95;29,95
11085;1101;26/12/2022;8,95;8,05
20015;1101;26/12/2022;17,95;14,36
20041;1101;26/12/2022;6,50;4,88
11085;1102;26/12/2022;8,95;8,05
20015;1102;26/12/2022;17,95;14,36
20041;1102;26/12/2022;6,50;4,88
11085;1103;26/12/2022;8,95;8,05
20015;1103;26/12/2022;17,95;14,36
20041;1103;26/12/2022;6,50;4,88
11085;1108;26/12/2022;8,95;8,05
20015;1108;26/12/2022;17,95;14,36
20041;1108;26/12/2022;6,50;4,88
11085;3104;26/12/2022;8,95;8,05
20015;3104;26/12/2022;17,95;14,36
20041;3104;26/12/2022;6,50;4,88
11085;3117;26/12/2022;8,95;8,05
20015;3117;26/12/2022;17,95;14,36
20041;3117;26/12/2022;6,50;4,88
11085;3122;26/12/2022;8,95;8,05
20015;3122;26/12/2022;17,95;14,36
20041;3122;26/12/2022;6,50;4,88
11085;4201;26/12/2022;8,95;8,05
20015;4201;26/12/2022;17,95;14,36
20041;4201;26/12/2022;6,50;4,88
11085;4205;26/12/2022;8,95;8,05
20015;4205;26/12/2022;17,95;14,36
20041;4205;26/12/2022;6,50;4,88
11085;4218;26/12/2022;8,95;8,05
20015;4218;26/12/2022;17,95;14,36
20041;4218;26/12/2022;6,50;4,88
11085;5502;26/12/2022;8,95;8,05
20015;5502;26/12/2022;17,95;14,36
20041;5502;26/12/2022;6,50;4,88
11085;5511;26/12/2022;8,95;8,05
20015;5511;26/12/2022;17,95;14,36
20041;5511;26/12/2022;6,50;4,88
11085;9001;26/12/2022;8,95;8,05
20015;9001;26/12/2022;17,95;14,36
20041;9001;26/12/2022;6,50;4,88
11085;1199;26/12/2022;8,95;8,05
20015;1199;26/12/2022;17,95;14,36
20041;1199;26/12/2022;6,50;4,88
10023;1101;02/01/2023;9,50;9,50
10047;1101;02/01/2023;9,00;9,00
10112;1101;02/01/2023;16,95;16,95
10310;1101;02/01/2023;21,50;21,50
11020;1101;02/01/2023;14,95;14,95
11085;1101;02/01/2023;8,95;8,95
11142;1101;02/01/2023;19,95;19,95
12004;1101;02/01/2023;32,00;32,00
12066;1101;02/01/2023;48,50;48,50
12190;1101;02/01/2023;18,00;13,50
20015;1101;02/01/2023;17,95;17,95
20041;1101;02/01/2023;6,50;6,50
20088;1101;02/01/2023;44,00;44,00
20131;1101;02/01/2023;14,50;14,50
30012;1101;02/01/2023;12,95;12,95
30077;1101;02/01/2023;42,00;42,00
30154;1101;02/01/2023;13,50;13,50
30209;1101;02/01/2023;29,95;29,95
99001;1101;02/01/2023;0,00;0,00
10023;1102;02/01/2023;9,50;9,50
10047;1102;02/01/2023;9,00;9,00
10112;1102;02/01/2023;16,95;16,95
10310;1102;02/01/2023;21,50;21,50
11020;1102;02/01/2023;14,95;14,95
11085;1102;02/01/2023;8,95;8,95
11142;1102;02/01/2023;19,95;19,95
12004;1102;02/01/2023;32,00;32,00
12066;1102;02/01/2023;48,50;48,50
12190;1102;02/01/2023;18,00;13,50
20015;1102;02/01/2023;17,95;17,95
20041;1102;02/01/2023;6,50;6,50
20088;1102;02/01/2023;44,00;44,00
20131;1102;02/01/2023;14,50;14,50
30012;1102;02/01/2023;12,95;12,95
30077;1102;02/01/2023;42,00;42,00
30154;1102;02/01/2023;13,50;13,50
30209;1102;02/01/2023;29,95;29,95
10023;1103;02/01/2023;9,50;9,50
10047;1103;02/01/2023;9,00;9,00
10112;1103;02/01/2023;16,95;16,95
10310;1103;02/01/2023;21,50;21,50
11020;1103;02/01/2023;14,95;14,95
11085;1103;02/01/2023;8,95;8,95
11142;1103;02/01/2023;19,95;19,95
12004;1103;02/01/2023;32,00;32,00
12066;1103;02/01/2023;48,50;48,50
12190;1103;02/01/2023;18,00;13,50
20015;1103;02/01/2023;17,95;17,95
20041;1103;02/01/2023;6,50;6,50
20088;1103;02/01/2023;44,00;44,00
20131;1103;02/01/2023;14,50;14,50
30012;1103;02/01/2023;12,95;12,95
30077;1103;02/01/2023;42,00;42,00
30154;1103;02/01/2023;13,50;13,50
30209;1103;02/01/2023;29,95;29,95
10023;1108;02/01/2023;9,50;9,50
10047;1108;02/01/2023;9,00;9,00
10112;1108;02/01/2023;16,95;16,95
10310;1108;02/01/2023;21,50;21,50
11020;1108;02/01/2023;14,95;14,95
11085;1108;02/01/2023;8,95;8,95
11142;1108;02/01/2023;19,95;19,95
12004;1108;02/01/2023;32,00;32,00
12066;1108;02/01/2023;48,50;48,50
12190;1108;02/01/2023;18,00;13,50
20015;1108;02/01/2023;17,95;17,95
20041;1108;02/01/2023;6,50;6,50
20088;1108;02/01/2023;44,00;44,00
20131;1108;02/01/2023;14,50;14,50
30012;1108;02/01/2023;12,95;12,95
30077;1108;02/01/2023;42,00;42,00
30154;1108;02/01/2023;13,50;13,50
30209;1108;02/01/2023;29,95;29,95
10023;3104;02/01/2023;9,50;9,50
10047;3104;02/01/2023;9,00;9,00
10112;3104;02/01/2023;16,95;16,95
10310;3104;02/01/2023;21,50;21,50
11020;3104;02/01/2023;14,95;14,95
11085;3104;02/01/2023;8,95;8,95
11142;3104;02/01/2023;19,95;19,95
12004;3104;02/01/2023;32,00;32,00
12066;3104;02/01/2023;48,50;48,50
12190;3104;02/01/2023;18,00;13,50
20015;3104;02/01/2023;17,95;17,95
20041;3104;02/01/2023;6,50;6,50
20088;3104;02/01/2023;44,00;44,00
20131;3104;02/01/2023;14,50;14,50
30012;3104;02/01/2023;12,95;12,95
30077;3104;02/01/2023;42,00;42,00
30154;3104;02/01/2023;13,50;13,50
30209;3104;02/01/2023;29,95;29,95
10023;3117;02/01/2023;9,50;9,50
10047;3117;02/01/2023;9,00;9,00
10112;3117;02/01/2023;16,95;16,95
10310;3117;02/01/2023;21,50;21,50
11020;3117;02/01/2023;14,95;14,95
11085;3117;02/01/2023;8,95;8,95
11142;3117;02/01/2023;19,95;19,95
12004;3117;02/01/2023;32,00;32,00
12066;3117;02/01/2023;48,50;48,50
12190;3117;02/01/2023;18,00;13,50
20015;3117;02/01/2023;17,95;17,95
20041;3117;02/01/2023;6,50;6,50
20088;3117;02/01/2023;44,00;44,00
20131;3117;02/01/2023;14,50;14,50
30012;3117;02/01/2023;12,95;12,95
30077;3117;02/01/2023;42,00;42,00
30154;3117;02/01/2023;13,50;13,50
30209;3117;02/01/2023;29,95;29,95
10023;3122;02/01/2023;9,50;9,50
10047;3122;02/01/2023;9,00;9,00
10112;3122;02/01/2023;16,95;16,95
10310;3122;02/01/2023;21,50;21,50
11020;3122;02/01/2023;14,95;14,95
11085;3122;02/01/2023;8,95;8,95
11142;3122;02/01/2023;19,95;19,95
12004;3122;02/01/2023;32,00;32,00
12066;3122;02/01/2023;48,50;48,50
12190;3122;02/01/2023;18,00;13,50
20015;3122;02/01/2023;17,95;17,95
20041;3122;02/01/2023;6,50;6,50
20088;3122;02/01/2023;44,00;44,00
20131;3122;02/01/2023;14,50;14,50
30012;3122;02/01/2023;12,95;12,95
30077;3122;02/01/2023;42,00;42,00
30154;3122;02/01/2023;13,50;13,50
30209;3122;02/01/2023;29,95;29,95
99001;3122;02/01/2023;0,00;0,00
10023;4201;02/01/2023;9,50;9,50
10047;4201;02/01/2023;9,00;9,00
10112;4201;02/01/2023;16,95;16,95
10310;4201;02/01/2023;21,50;21,50
11020;4201;02/01/2023;14,95;14,95
11085;4201;02/01/2023;8,95;8,95
11142;4201;02/01/2023;19,95;19,95
12004;4201;02/01/2023;32,00;32,00
12066;4201;02/01/2023;48,50;48,50
12190;4201;02/01/2023;18,00;13,50
20015;4201;02/01/2023;17,95;17,95
20041;4201;02/01/2023;6,50;6,50
20088;4201;02/01/2023;44,00;44,00
20131;4201;02/01/2023;14,50;10,88
30012;4201;02/01/2023;12,95;12,95
30077;4201;02/01/2023;42,00;42,00
30154;4201;02/01/2023;13,50;13,50
30209;4201;02/01/2023;29,95;29,95
99001;4201;02/01/2023;0,00;0,00
10023;4205;02/01/2023;9,50;9,50
10047;4205;02/01/2023;9,00;9,00
10112;4205;02/01/2023;16,95;16,95
10310;4205;02/01/2023;21,50;21,50
11020;4205;02/01/2023;14,95;14,95
11085;4205;02/01/2023;8,95;8,95
11142;4205;02/01/2023;19,95;19,95
12004;4205;02/01/2023;32,00;32,00
12066;4205;02/01/2023;48,50;48,50
12190;4205;02/01/2023;18,00;13,50
20015;4205;02/01/2023;17,95;17,95
20041;4205;02/01/2023;6,50;6,50
20088;4205;02/01/2023;44,00;44,00
20131;4205;02/01/2023;14,50;10,88
30012;4205;02/01/2023;12,95;12,95
30077;4205;02/01/2023;42,00;42,00
30154;4205;02/01/2023;13,50;13,50
30209;4205;02/01/2023;29,95;29,95
99001;4205;02/01/2023;0,00;0,00
10023;4218;02/01/2023;9,50;9,50
10047;4218;02/01/2023;9,00;9,00
10112;4218;02/01/2023;16,95;16,95
10310;4218;02/01/2023;21,50;21,50
11020;4218;02/01/2023;14,95;14,95
11085;4218;02/01/2023;8,95;8,95
11142;4218;02/01/2023;19,95;19,95
12004;4218;02/01/2023;32,00;32,00
12066;4218;02/01/2023;48,50;48,50
12190;4218;02/01/2023;18,00;13,50
20015;4218;02/01/2023;17,95;17,95
20041;4218;02/01/2023;6,50;6,50
20088;4218;02/01/2023;44,00;44,00
20131;4218;02/01/2023;14,50;10,88
30012;4218;02/01/2023;12,95;12,95
30077;4218;02/01/2023;42,00;42,00
30154;4218;02/01/2023;13,50;13,50
30209;4218;02/01/2023;29,95;29,95
10023;5502;02/01/2023;9,50;9,50
10047;5502;02/01/2023;9,00;9,00
10112;5502;02/01/2023;16,95;16,95
10310;5502;02/01/2023;21,50;21,50
11020;5502;02/01/2023;14,95;14,95
11085;5502;02/01/2023;8,95;8,95
11142;5502;02/01/2023;19,95;19,95
12004;5502;02/01/2023;32,00;32,00
12066;5502;02/01/2023;48,50;48,50
12190;5502;02/01/2023;18,00;13,50
20015;5502;02/01/2023;17,95;17,95
20041;5502;02/01/2023;6,50;6,50
20088;5502;02/01/2023;44,00;44,00
20131;5502;02/01/2023;14,50;10,88
30012;5502;02/01/2023;12,95;12,95
30077;5502;02/01/2023;42,00;42,00
30154;5502;02/01/2023;13,50;13,50
30209;5502;02/01/2023;29,95;29,95
10023;5511;02/01/2023;9,50;9,50
10047;5511;02/01/2023;9,00;9,00
10112;5511;02/01/2023;16,95;16,95
10310;5511;02/01/2023;21,50;21,50
11020;5511;02/01/2023;14,95;14,95
11085;5511;02/01/2023;8,95;8,95
11142;5511;02/01/2023;19,95;19,95
12004;5511;02/01/2023;32,00;32,00
12066;5511;02/01/2023;48,50;48,50
12190;5511;02/01/2023;18,00;13,50
20015;5511;02/01/2023;17,95;17,95
20041;5511;02/01/2023;6,50;6,50
20088;5511;02/01/2023;44,00;44,00
20131;5511;02/01/2023;14,50;10,88
30012;5511;02/01/2023;12,95;12,95
30077;5511;02/01/2023;42,00;42,00
30154;5511;02/01/2023;13,50;13,50
30209;5511;02/01/2023;29,95;29,95
10023;9001;02/01/2023;9,50;9,50
10047;9001;02/01/2023;9,00;9,00
10112;9001;02/01/2023;16,95;16,95
10310;9001;02/01/2023;21,50;21,50
11020;9001;02/01/2023;14,95;14,95
11085;9001;02/01/2023;8,95;8,95
11142;9001;02/01/2023;19,95;19,95
12004;9001;02/01/2023;32,00;32,00
12066;9001;02/01/2023;48,50;48,50
12190;9001;02/01/2023;18,00;13,50
20015;9001;02/01/2023;17,95;17,95
20041;9001;02/01/2023;6,50;6,50
20088;9001;02/01/2023;44,00;44,00
20131;9001;02/01/2023;14,50;14,50
30012;9001;02/01/2023;12,95;12,95
30077;9001;02/01/2023;42,00;42,00
30154;9001;02/01/2023;13,50;13,50
30209;9001;02/01/2023;29,95;29,95
10112;1101;09/01/2023;16,95;15,25
30209;1101;09/01/2023;29,95;26,95
10112;1102;09/01/2023;16,95;15,25
30209;1102;09/01/2023;29,95;26,95
10112;1103;09/01/2023;16,95;15,25
30209;1103;09/01/2023;29,95;26,95
10112;1108;09/01/2023;16,95;15,25
30209;1108;09/01/2023;29,95;26,95
10112;3104;09/01/2023;16,95;15,25
30209;3104;09/01/2023;29,95;26,95
10112;3117;09/01/2023;16,95;15,25
30209;3117;09/01/2023;29,95;26,95
10112;3122;09/01/2023;16,95;15,25
30209;3122;09/01/2023;29,95;26,95
10112;4201;09/01/2023;16,95;15,25
30209;4201;09/01/2023;29,95;26,95
10112;4205;09/01/2023;16,95;15,25
30209;4205;09/01/2023;29,95;26,95
10112;4218;09/01/2023;16,95;15,25
30209;4218;09/01/2023;29,95;26,95
10112;5502;09/01/2023;16,95;15,25
30209;5502;09/01/2023;29,95;26,95
10112;5511;09/01/2023;16,95;15,25
30209;5511;09/01/2023;29,95;26,95
10112;9001;09/01/2023;16,95;15,25
30209;9001;09/01/2023;29,95;26,95
10023;1101;16/01/2023;9,50;9,50
10047;1101;16/01/2023;9,00;9,00
10112;1101;16/01/2023;16,95;16,95
10310;1101;16/01/2023;21,50;21,50
11020;1101;16/01/2023;14,95;12,71
11085;1101;16/01/2023;8,95;8,95
11142;1101;16/01/2023;19,95;19,95
12004;1101;16/01/2023;32,00;28,80
12066;1101;16/01/2023;48,50;48,50
12190;1101;16/01/2023;18,00;18,00
20015;1101;16/01/2023;17,95;17,95
20041;1101;16/01/2023;6,50;6,50
20088;1101;16/01/2023;44,00;44,00
20131;1101;16/01/2023;14,50;14,50
30012;1101;16/01/2023;12,95;12,95
30077;1101;16/01/2023;42,00;28,14
30154;1101;16/01/2023;13,50;13,50
30209;1101;16/01/2023;29,95;29,95
10023;1102;16/01/2023;9,50;9,50
10047;1102;16/01/2023;9,00;9,00
10112;1102;16/01/2023;16,95;16,95
10310;1102;16/01/2023;21,50;21,50
11020;1102;16/01/2023;14,95;12,71
11085;1102;16/01/2023;8,95;8,95
11142;1102;16/01/2023;19,95;19,95
12004;1102;16/01/2023;32,00;28,80
12066;1102;16/01/2023;48,50;48,50
12190;1102;16/01/2023;18,00;18,00
20015;1102;16/01/2023;17,95;17,95
20041;1102;16/01/2023;6,50;6,50
20088;1102;16/01/2023;44,00;44,00
20131;1102;16/01/2023;14,50;14,50
30012;1102;16/01/2023;12,95;12,95
30077;1102;16/01/2023;42,00;28,14
30154;1102;16/01/2023;13,50;13,50
30209;1102;16/01/2023;29,95;29,95
99001;1102;16/01/2023;0,00;0,00
10023;1103;16/01/2023;9,50;9,50
10047;1103;16/01/2023;9,00;9,00
10112;1103;16/01/2023;16,95;16,95
10310;1103;16/01/2023;21,50;21,50
11020;1103;16/01/2023;14,95;12,71
11085;1103;16/01/2023;8,95;8,95
11142;1103;16/01/2023;19,95;19,95
12004;1103;16/01/2023;32,00;28,80
12066;1103;16/01/2023;48,50;48,50
12190;1103;16/01/2023;18,00;18,00
20015;1103;16/01/2023;17,95;17,95
20041;1103;16/01/2023;6,50;6,50
20088;1103;16/01/2023;44,00;44,00
20131;1103;16/01/2023;14,50;14,50
30012;1103;16/01/2023;12,95;12,95
30077;1103;16/01/2023;42,00;28,14
30154;1103;16/01/2023;13,50;13,50
30209;1103;16/01/2023;29,95;29,95
10023;1108;16/01/2023;9,50;9,50
10047;1108;16/01/2023;9,00;9,00
10112;1108;16/01/2023;16,95;16,95
10310;1108;16/01/2023;21,50;21,50
11020;1108;16/01/2023;14,95;12,71
11085;1108;16/01/2023;8,95;8,95
11142;1108;16/01/2023;19,95;19,95
12004;1108;16/01/2023;32,00;28,80
12066;1108;16/01/2023;48,50;48,50
12190;1108;16/01/2023;18,00;18,00
20015;1108;16/01/2023;17,95;17,95
20041;1108;16/01/2023;6,50;6,50
20088;1108;16/01/2023;44,00;44,00
20131;1108;16/01/2023;14,50;14,50
30012;1108;16/01/2023;12,95;12,95
30077;1108;16/01/2023;42,00;28,14
30154;1108;16/01/2023;13,50;13,50
30209;1108;16/01/2023;29,95;29,95
10023;3104;16/01/2023;9,50;9,50
10047;3104;16/01/2023;9,00;9,00
10112;3104;16/01/2023;16,95;16,95
10310;3104;16/01/2023;21,50;21,50
11020;3104;16/01/2023;14,95;14,95
11085;3104;16/01/2023;8,95;8,95
11142;3104;16/01/2023;19,95;19,95
12004;3104;16/01/2023;32,00;28,80
12066;3104;16/01/2023;48,50;48,50
12190;3104;16/01/2023;18,00;18,00
20015;3104;16/01/2023;17,95;17,95
20041;3104;16/01/2023;6,50;6,50
20088;3104;16/01/2023;44,00;44,00
20131;3104;16/01/2023;14,50;14,50
30012;3104;16/01/2023;12,95;12,95
30077;3104;16/01/2023;42,00;28,14
30154;3104;16/01/2023;13,50;13,50
30209;3104;16/01/2023;29,95;29,95
10023;3117;16/01/2023;9,50;9,50
10047;3117;16/01/2023;9,00;9,00
10112;3117;16/01/2023;16,95;16,95
10310;3117;16/01/2023;21,50;21,50
11020;3117;16/01/2023;14,95;14,95
11085;3117;16/01/2023;8,95;8,95
11142;3117;16/01/2023;19,95;19,95
12004;3117;16/01/2023;32,00;28,80
12066;3117;16/01/2023;48,50;48,50
12190;3117;16/01/2023;18,00;18,00
20015;3117;16/01/2023;17,95;17,95
20041;3117;16/01/2023;6,50;6,50
20088;3117;16/01/2023;44,00;44,00
20131;3117;16/01/2023;14,50;14,50
30012;3117;16/01/2023;12,95;12,95
30077;3117;16/01/2023;42,00;28,14
30154;3117;16/01/2023;13,50;13,50
30209;3117;16/01/2023;29,95;29,95
10023;3122;16/01/2023;9,50;9,50
10047;3122;16/01/2023;9,00;9,00
10112;3122;16/01/2023;16,95;16,95
10310;3122;16/01/2023;21,50;21,50
11020;3122;16/01/2023;14,95;14,95
11085;3122;16/01/2023;8,95;8,95
11142;3122;16/01/2023;19,95;19,95
12004;3122;16/01/2023;32,00;28,80
12066;3122;16/01/2023;48,50;48,50
12190;3122;16/01/2023;18,00;18,00
20015;3122;16/01/2023;17,95;17,95
20041;3122;16/01/2023;6,50;6,50
20088;3122;16/01/2023;44,00;44,00
20131;3122;16/01/2023;14,50;14,50
30012;3122;16/01/2023;12,95;12,95
30077;3122;16/01/2023;42,00;28,14
30154;3122;16/01/2023;13,50;13,50
30209;3122;16/01/2023;29,95;29,95
10023;4201;16/01/2023;9,50;9,50
10047;4201;16/01/2023;9,00;9,00
10112;4201;16/01/2023;16,95;16,95
10310;4201;16/01/2023;21,50;21,50
11020;4201;16/01/2023;14,95;12,71
11085;4201;16/01/2023;8,95;8,95
11142;4201;16/01/2023;19,95;19,95
12004;4201;16/01/2023;32,00;28,80
12066;4201;16/01/2023;48,50;48,50
12190;4201;16/01/2023;18,00;18,00
20015;4201;16/01/2023;17,95;17,95
20041;4201;16/01/2023;6,50;6,50
20088;4201;16/01/2023;44,00;44,00
20131;4201;16/01/2023;14,50;14,50
30012;4201;16/01/2023;12,95;12,95
30077;4201;16/01/2023;42,00;28,14
30154;4201;16/01/2023;13,50;13,50
30209;4201;16/01/2023;29,95;29,95
10023;4205;16/01/2023;9,50;9,50
10047;4205;16/01/2023;9,00;9,00
10112;4205;16/01/2023;16,95;16,95
10310;4205;16/01/2023;21,50;21,50
11020;4205;16/01/2023;14,95;12,71
11085;4205;16/01/2023;8,95;8,95
11142;4205;16/01/2023;19,95;19,95
12004;4205;16/01/2023;32,00;28,80
12066;4205;16/01/2023;48,50;48,50
12190;4205;16/01/2023;18,00;18,00
20015;4205;16/01/2023;17,95;17,95
20041;4205;16/01/2023;6,50;6,50
20088;4205;16/01/2023;44,00;44,00
20131;4205;16/01/2023;14,50;14,50
30012;4205;16/01/2023;12,95;12,95
30077;4205;16/01/2023;42,00;28,14
30154;4205;16/01/2023;13,50;13,50
30209;4205;16/01/2023;29,95;29,95
10023;4218;16/01/2023;9,50;9,50
10047;4218;16/01/2023;9,00;9,00
10112;4218;16/01/2023;16,95;16,95
10310;4218;16/01/2023;21,50;21,50
11020;4218;16/01/2023;14,95;12,71
11085;4218;16/01/2023;8,95;8,95
11142;4218;16/01/2023;19,95;19,95
12004;4218;16/01/2023;32,00;28,80
12066;4218;16/01/2023;48,50;48,50
12190;4218;16/01/2023;18,00;18,00
20015;4218;16/01/2023;17,95;17,95
20041;4218;16/01/2023;6,50;6,50
20088;4218;16/01/2023;44,00;44,00
20131;4218;16/01/2023;14,50;14,50
30012;4218;16/01/2023;12,95;12,95
30077;4218;16/01/2023;42,00;28,14
30154;4218;16/01/2023;13,50;13,50
30209;4218;16/01/2023;29,95;29,95
10023;5502;16/01/2023;9,50;9,50
10047;5502;16/01/2023;9,00;9,00
10112;5502;16/01/2023;16,95;16,95
10310;5502;16/01/2023;21,50;21,50
11020;5502;16/01/2023;14,95;14,95
11085;5502;16/01/2023;8,95;8,95
11142;5502;16/01/2023;19,95;19,95
12004;5502;16/01/2023;32,00;28,80
12066;5502;16/01/2023;48,50;48,50
12190;5502;16/01/2023;18,00;18,00
20015;5502;16/01/2023;17,95;17,95
20041;5502;16/01/2023;6,50;6,50
20088;5502;16/01/2023;44,00;44,00
20131;5502;16/01/2023;14,50;14,50
30012;5502;16/01/2023;12,95;12,95
30077;5502;16/01/2023;42,00;28,14
30154;5502;16/01/2023;13,50;13,50
30209;5502;16/01/2023;29,95;29,95
10023;5511;16/01/2023;9,50;9,50
10047;5511;16/01/2023;9,00;9,00
10112;5511;16/01/2023;16,95;16,95
10310;5511;16/01/2023;21,50;21,50
11020;5511;16/01/2023;14,95;14,95
11085;5511;16/01/2023;8,95;8,95
11142;5511;16/01/2023;19,95;19,95
12004;5511;16/01/2023;32,00;28,80
12066;5511;16/01/2023;48,50;48,50
12190;5511;16/01/2023;18,00;18,00
20015;5511;16/01/2023;17,95;17,95
20041;5511;16/01/2023;6,50;6,50
20088;5511;16/01/2023;44,00;44,00
20131;5511;16/01/2023;14,50;14,50
30012;5511;16/01/2023;12,95;12,95
30077;5511;16/01/2023;42,00;28,14
30154;5511;16/01/2023;13,50;13,50
30209;5511;16/01/2023;29,95;29,95
10023;9001;16/01/2023;9,50;9,50
10047;9001;16/01/2023;9,00;9,00
10112;9001;16/01/2023;16,95;16,95
10310;9001;16/01/2023;21,50;21,50
11020;9001;16/01/2023;14,95;14,95
11085;9001;16/01/2023;8,95;8,95
11142;9001;16/01/2023;19,95;19,95
12004;9001;16/01/2023;32,00;28,80
12066;9001;16/01/2023;48,50;48,50
12190;9001;16/01/2023;18,00;18,00
20015;9001;16/01/2023;17,95;17,95
20041;9001;16/01/2023;6,50;6,50
20088;9001;16/01/2023;44,00;44,00
20131;9001;16/01/2023;14,50;14,50
30012;9001;16/01/2023;12,95;12,95
30077;9001;16/01/2023;42,00;28,14
30154;9001;16/01/2023;13,50;13,50
30209;9001;16/01/2023;29,95;29,95
99001;9001;16/01/2023;0,00;0,00
10023;1199;16/01/2023;9,50;9,50
10047;1199;16/01/2023;9,00;9,00
10112;1199;16/01/2023;16,95;16,95
10310;1199;16/01/2023;21,50;21,50
11020;1199;16/01/2023;14,95;12,71
11085;1199;16/01/2023;8,95;8,95
11142;1199;16/01/2023;19,95;19,95
12004;1199;16/01/2023;32,00;28,80
12066;1199;16/01/2023;48,50;48,50
12190;1199;16/01/2023;18,00;18,00
20015;1199;16/01/2023;17,95;17,95
20041;1199;16/01/2023;6,50;6,50
20088;1199;16/01/2023;44,00;44,00
20131;1199;16/01/2023;14,50;14,50
30012;1199;16/01/2023;12,95;12,95
30077;1199;16/01/2023;42,00;28,14
30154;1199;16/01/2023;13,50;13,50
30209;1199;16/01/2023;29,95;29,95
10023;1101;30/01/2023;9,50;9,50
10047;1101;30/01/2023;9,00;9,00
10112;1101;30/01/2023;16,95;16,95
10310;1101;30/01/2023;21,50;21,50
11020;1101;30/01/2023;14,95;14,95
11085;1101;30/01/2023;8,95;8,95
11142;1101;30/01/2023;19,95;19,95
12004;1101;30/01/2023;32,00;32,00
12066;1101;30/01/2023;48,50;48,50
12190;1101;30/01/2023;18,00;18,00
20015;1101;30/01/2023;17,95;17,95
20041;1101;30/01/2023;6,50;6,50
20088;1101;30/01/2023;44,00;44,00
20131;1101;30/01/2023;14,50;14,50
30012;1101;30/01/2023;12,95;12,95
30077;1101;30/01/2023;42,00;42,00
30154;1101;30/01/2023;13,50;13,50
30209;1101;30/01/2023;29,95;29,95
99001;1101;30/01/2023;0,00;0,00
10023;1102;30/01/2023;9,50;9,50
10047;1102;30/01/2023;9,00;9,00
10112;1102;30/01/2023;16,95;16,95
10310;1102;30/01/2023;21,50;21,50
11020;1102;30/01/2023;14,95;14,95
11085;1102;30/01/2023;8,95;8,95
11142;1102;30/01/2023;19,95;19,95
12004;1102;30/01/2023;32,00;32,00
12066;1102;30/01/2023;48,50;48,50
12190;1102;30/01/2023;18,00;18,00
20015;1102;30/01/2023;17,95;17,95
20041;1102;30/01/2023;6,50;6,50
20088;1102;30/01/2023;44,00;44,00
20131;1102;30/01/2023;14,50;14,50
30012;1102;30/01/2023;12,95;12,95
30077;1102;30/01/2023;42,00;42,00
30154;1102;30/01/2023;13,50;13,50
30209;1102;30/01/2023;29,95;29,95
10023;1103;30/01/2023;9,50;9,50
10047;1103;30/01/2023;9,00;9,00
10112;1103;30/01/2023;16,95;16,95
10310;1103;30/01/2023;21,50;21,50
11020;1103;30/01/2023;14,95;14,95
11085;1103;30/01/2023;8,95;8,95
11142;1103;30/01/2023;19,95;19,95
12004;1103;30/01/2023;32,00;32,00
12066;1103;30/01/2023;48,50;48,50
12190;1103;30/01/2023;18,00;18,00
20015;1103;30/01/2023;17,95;17,95
20041;1103;30/01/2023;6,50;6,50
20088;1103;30/01/2023;44,00;44,00
20131;1103;30/01/2023;14,50;14,50
30012;1103;30/01/2023;12,95;12,95
30077;1103;30/01/2023;42,00;42,00
30154;1103;30/01/2023;13,50;13,50
30209;1103;30/01/2023;29,95;29,95
99001;1103;30/01/2023;0,00;0,00
10023;1108;30/01/2023;9,50;9,50
10047;1108;30/01/2023;9,00;9,00
10112;1108;30/01/2023;16,95;16,95
10310;1108;30/01/2023;21,50;21,50
11020;1108;30/01/2023;14,95;14,95
11085;1108;30/01/2023;8,95;8,95
11142;1108;30/01/2023;19,95;19,95
12004;1108;30/01/2023;32,00;32,00
12066;1108;30/01/2023;48,50;48,50
12190;1108;30/01/2023;18,00;18,00
20015;1108;30/01/2023;17,95;17,95
20041;1108;30/01/2023;6,50;6,50
20088;1108;30/01/2023;44,00;44,00
20131;1108;30/01/2023;14,50;14,50
30012;1108;30/01/2023;12,95;12,95
30077;1108;30/01/2023;42,00;42,00
30154;1108;30/01/2023;13,50;13,50
30209;1108;30/01/2023;29,95;29,95
10023;3104;30/01/2023;9,50;9,50
10047;3104;30/01/2023;9,00;9,00
10112;3104;30/01/2023;16,95;16,95
10310;3104;30/01/2023;21,50;21,50
11020;3104;30/01/2023;14,95;14,95
11085;3104;30/01/2023;8,95;8,95
11142;3104;30/01/2023;19,95;19,95
12004;3104;30/01/2023;32,00;32,00
12066;3104;30/01/2023;48,50;48,50
12190;3104;30/01/2023;18,00;18,00
20015;3104;30/01/2023;17,95;17,95
20041;3104;30/01/2023;6,50;6,50
20088;3104;30/01/2023;44,00;44,00
20131;3104;30/01/2023;14,50;14,50
30012;3104;30/01/2023;12,95;12,95
30077;3104;30/01/2023;42,00;42,00
30154;3104;30/01/2023;13,50;13,50
30209;3104;30/01/2023;29,95;29,95
10023;3117;30/01/2023;9,50;9,50
10047;3117;30/01/2023;9,00;9,00
10112;3117;30/01/2023;16,95;16,95
10310;3117;30/01/2023;21,50;21,50
11020;3117;30/01/2023;14,95;14,95
11085;3117;30/01/2023;8,95;8,95
11142;3117;30/01/2023;19,95;19,95
12004;3117;30/01/2023;32,00;32,00
12066;3117;30/01/2023;48,50;48,50
12190;3117;30/01/2023;18,00;18,00
20015;3117;30/01/2023;17,95;17,95
20041;3117;30/01/2023;6,50;6,50
20088;3117;30/01/2023;44,00;44,00
20131;3117;30/01/2023;14,50;14,50
30012;3117;30/01/2023;12,95;12,95
30077;3117;30/01/2023;42,00;42,00
30154;3117;30/01/2023;13,50;13,50
30209;3117;30/01/2023;29,95;29,95
99001;3117;30/01/2023;0,00;0,00
10023;3122;30/01/2023;9,50;9,50
10047;3122;30/01/2023;9,00;9,00
10112;3122;30/01/2023;16,95;16,95
10310;3122;30/01/2023;21,50;21,50
11020;3122;30/01/2023;14,95;14,95
11085;3122;30/01/2023;8,95;8,95
11142;3122;30/01/2023;19,95;19,95
12004;3122;30/01/2023;32,00;32,00
12066;3122;30/01/2023;48,50;48,50
12190;3122;30/01/2023;18,00;18,00
20015;3122;30/01/2023;17,95;17,95
20041;3122;30/01/2023;6,50;6,50
20088;3122;30/01/2023;44,00;44,00
20131;3122;30/01/2023;14,50;14,50
30012;3122;30/01/2023;12,95;12,95
30077;3122;30/01/2023;42,00;42,00
30154;3122;30/01/2023;13,50;13,50
30209;3122;30/01/2023;29,95;29,95
10023;4201;30/01/2023;9,50;9,50
10047;4201;30/01/2023;9,00;9,00
10112;4201;30/01/2023;16,95;16,95
10310;4201;30/01/2023;21,50;21,50
11020;4201;30/01/2023;14,95;14,95
11085;4201;30/01/2023;8,95;8,95
11142;4201;30/01/2023;19,95;19,95
12004;4201;30/01/2023;32,00;32,00
12066;4201;30/01/2023;48,50;48,50
12190;4201;30/01/2023;18,00;18,00
20015;4201;30/01/2023;17,95;17,95
20041;4201;30/01/2023;6,50;6,50
20088;4201;30/01/2023;44,00;44,00
20131;4201;30/01/2023;14,50;14,50
30012;4201;30/01/2023;12,95;12,95
30077;4201;30/01/2023;42,00;42,00
30154;4201;30/01/2023;13,50;13,50
30209;4201;30/01/2023;29,95;29,95
10023;4205;30/01/2023;9,50;9,50
10047;4205;30/01/2023;9,00;9,00
10112;4205;30/01/2023;16,95;16,95
10310;4205;30/01/2023;21,50;21,50
11020;4205;30/01/2023;14,95;14,95
11085;4205;30/01/2023;8,95;8,95
11142;4205;30/01/2023;19,95;19,95
12004;4205;30/01/2023;32,00;32,00
12066;4205;30/01/2023;48,50;48,50
12190;4205;30/01/2023;18,00;18,00
20015;4205;30/01/2023;17,95;17,95
20041;4205;30/01/2023;6,50;6,50
20088;4205;30/01/2023;44,00;44,00
20131;4205;30/01/2023;14,50;14,50
30012;4205;30/01/2023;12,95;12,95
30077;4205;30/01/2023;42,00;42,00
30154;4205;30/01/2023;13,50;13,50
30209;4205;30/01/2023;29,95;29,95
99001;4205;30/01/2023;0,00;0,00
10023;4218;30/01/2023;9,50;9,50
10047;4218;30/01/2023;9,00;9,00
10112;4218;30/01/2023;16,95;16,95
10310;4218;30/01/2023;21,50;21,50
11020;4218;30/01/2023;14,95;14,95
11085;4218;30/01/2023;8,95;8,95
11142;4218;30/01/2023;19,95;19,95
12004;4218;30/01/2023;32,00;32,00
12066;4218;30/01/2023;48,50;48,50
12190;4218;30/01/2023;18,00;18,00
20015;4218;30/01/2023;17,95;17,95
20041;4218;30/01/2023;6,50;6,50
20088;4218;30/01/2023;44,00;44,00
20131;4218;30/01/2023;14,50;14,50
30012;4218;30/01/2023;12,95;12,95
30077;4218;30/01/2023;42,00;42,00
30154;4218;30/01/2023;13,50;13,50
30209;4218;30/01/2023;29,95;29,95
10023;5502;30/01/2023;9,50;9,50
10047;5502;30/01/2023;9,00;9,00
10112;5502;30/01/2023;16,95;16,95
10310;5502;30/01/2023;21,50;21,50
11020;5502;30/01/2023;14,95;14,95
11085;5502;30/01/2023;8,95;8,95
11142;5502;30/01/2023;19,95;19,95
12004;5502;30/01/2023;32,00;32,00
12066;5502;30/01/2023;48,50;48,50
12190;5502;30/01/2023;18,00;18,00
20015;5502;30/01/2023;17,95;17,95
20041;5502;30/01/2023;6,50;6,50
20088;5502;30/01/2023;44,00;44,00
20131;5502;30/01/2023;14,50;14,50
30012;5502;30/01/2023;12,95;12,95
30077;5502;30/01/2023;42,00;42,00
30154;5502;30/01/2023;13,50;13,50
30209;5502;30/01/2023;29,95;29,95
10023;5511;30/01/2023;9,50;9,50
10047;5511;30/01/2023;9,00;9,00
10112;5511;30/01/2023;16,95;16,95
10310;5511;30/01/2023;21,50;21,50
11020;5511;30/01/2023;14,95;14,95
11085;5511;30/01/2023;8,95;8,95
11142;5511;30/01/2023;19,95;19,95
12004;5511;30/01/2023;32,00;32,00
12066;5511;30/01/2023;48,50;48,50
12190;5511;30/01/2023;18,00;18,00
20015;5511;30/01/2023;17,95;17,95
20041;5511;30/01/2023;6,50;6,50
20088;5511;30/01/2023;44,00;44,00
20131;5511;30/01/2023;14,50;14,50
30012;5511;30/01/2023;12,95;12,95
30077;5511;30/01/2023;42,00;42,00
30154;5511;30/01/2023;13,50;13,50
30209;5511;30/01/2023;29,95;29,95
99001;5511;30/01/2023;0,00;0,00
10023;9001;30/01/2023;9,50;9,50
10047;9001;30/01/2023;9,00;9,00
10112;9001;30/01/2023;16,95;16,95
10310;9001;30/01/2023;21,50;21,50
11020;9001;30/01/2023;14,95;14,95
11085;9001;30/01/2023;8,95;8,95
11142;9001;30/01/2023;19,95;19,95
12004;9001;30/01/2023;32,00;32,00
12066;9001;30/01/2023;48,50;48,50
12190;9001;30/01/2023;18,00;18,00
20015;9001;30/01/2023;17,95;17,95
20041;9001;30/01/2023;6,50;6,50
20088;9001;30/01/2023;44,00;44,00
20131;9001;30/01/2023;14,50;14,50
30012;9001;30/01/2023;12,95;12,95
30077;9001;30/01/2023;42,00;42,00
30154;9001;30/01/2023;13,50;13,50
30209;9001;30/01/2023;29,95;29,95
30012;1101;06/02/2023;12,95;8,68
30012;1102;06/02/2023;12,95;8,68
30012;1103;06/02/2023;12,95;8,68
30012;1108;06/02/2023;12,95;8,68
30012;3104;06/02/2023;12,95;8,68
30012;3117;06/02/2023;12,95;8,68
30012;3122;06/02/2023;12,95;8,68
30012;4201;06/02/2023;12,95;8,68
30012;4205;06/02/2023;12,95;8,68
30012;4218;06/02/2023;12,95;8,68
30012;5502;06/02/2023;12,95;8,68
30012;5511;06/02/2023;12,95;8,68
30012;9001;06/02/2023;12,95;8,68
10023;1101;13/02/2023;9,50;9,50
10047;1101;13/02/2023;9,00;9,00
10112;1101;13/02/2023;16,95;13,56
10310;1101;13/02/2023;21,50;21,50
11020;1101;13/02/2023;14,95;14,95
11085;1101;13/02/2023;8,95;8,95
11142;1101;13/02/2023;19,95;19,95
12004;1101;13/02/2023;32,00;32,00
12066;1101;13/02/2023;48,50;48,50
12190;1101;13/02/2023;18,00;18,00
20015;1101;13/02/2023;17,95;17,95
20041;1101;13/02/2023;6,50;6,50
20088;1101;13/02/2023;44,00;44,00
20131;1101;13/02/2023;14,50;14,50
30012;1101;13/02/2023;12,95;12,95
30077;1101;13/02/2023;42,00;42,00
30154;1101;13/02/2023;13,50;13,50
30209;1101;13/02/2023;29,95;29,95
99001;1101;13/02/2023;0,00;0,00
10023;1102;13/02/2023;9,50;9,50
10047;1102;13/02/2023;9,00;9,00
10112;1102;13/02/2023;16,95;13,56
10310;1102;13/02/2023;21,50;21,50
11020;1102;13/02/2023;14,95;14,95
11085;1102;13/02/2023;8,95;8,95
11142;1102;13/02/2023;19,95;19,95
12004;1102;13/02/2023;32,00;32,00
12066;1102;13/02/2023;48,50;48,50
12190;1102;13/02/2023;18,00;18,00
20015;1102;13/02/2023;17,95;17,95
20041;1102;13/02/2023;6,50;6,50
20088;1102;13/02/2023;44,00;44,00
20131;1102;13/02/2023;14,50;14,50
30012;1102;13/02/2023;12,95;12,95
30077;1102;13/02/2023;42,00;42,00
30154;1102;13/02/2023;13,50;13,50
30209;1102;13/02/2023;29,95;29,95
10023;1103;13/02/2023;9,50;9,50
10047;1103;13/02/2023;9,00;9,00
10112;1103;13/02/2023;16,95;13,56
10310;1103;13/02/2023;21,50;21,50
11020;1103;13/02/2023;14,95;14,95
11085;1103;13/02/2023;8,95;8,95
11142;1103;13/02/2023;19,95;19,95
12004;1103;13/02/2023;32,00;32,00
12066;1103;13/02/2023;48,50;48,50
12190;1103;13/02/2023;18,00;18,00
20015;1103;13/02/2023;17,95;17,95
20041;1103;13/02/2023;6,50;6,50
20088;1103;13/02/2023;44,00;44,00
20131;1103;13/02/2023;14,50;14,50
30012;1103;13/02/2023;12,95;12,95
30077;1103;13/02/2023;42,00;42,00
30154;1103;13/02/2023;13,50;13,50
30209;1103;13/02/2023;29,95;29,95
10023;1108;13/02/2023;9,50;9,50
10047;1108;13/02/2023;9,00;9,00
10112;1108;13/02/2023;16,95;13,56
10310;1108;13/02/2023;21,50;21,50
11020;1108;13/02/2023;14,95;14,95
11085;1108;13/02/2023;8,95;8,95
11142;1108;13/02/2023;19,95;19,95
12004;1108;13/02/2023;32,00;32,00
12066;1108;13/02/2023;48,50;48,50
12190;1108;13/02/2023;18,00;18,00
20015;1108;13/02/2023;17,95;17,95
20041;1108;13/02/2023;6,50;6,50
20088;1108;13/02/2023;44,00;44,00
20131;1108;13/02/2023;14,50;14,50
30012;1108;13/02/2023;12,95;12,95
30077;1108;13/02/2023;42,00;42,00
30154;1108;13/02/2023;13,50;13,50
30209;1108;13/02/2023;29,95;29,95
99001;1108;13/02/2023;0,00;0,00
10023;3104;13/02/2023;9,50;9,50
10047;3104;13/02/2023;9,00;9,00
10112;3104;13/02/2023;16,95;13,56
10310;3104;13/02/2023;21,50;21,50
11020;3104;13/02/2023;14,95;14,95
11085;3104;13/02/2023;8,95;8,95
11142;3104;13/02/2023;19,95;19,95
12004;3104;13/02/2023;32,00;32,00
12066;3104;13/02/2023;48,50;48,50
12190;3104;13/02/2023;18,00;18,00
20015;3104;13/02/2023;17,95;17,95
20041;3104;13/02/2023;6,50;6,50
20088;3104;13/02/2023;44,00;44,00
20131;3104;13/02/2023;14,50;14,50
30012;3104;13/02/2023;12,95;12,95
30077;3104;13/02/2023;42,00;42,00
30154;3104;13/02/2023;13,50;13,50
30209;3104;13/02/2023;29,95;29,95
10023;3117;13/02/2023;9,50;9,50
10047;3117;13/02/2023;9,00;9,00
10112;3117;13/02/2023;16,95;13,56
10310;3117;13/02/2023;21,50;21,50
11020;3117;13/02/2023;14,95;14,95
11085;3117;13/02/2023;8,95;8,95
11142;3117;13/02/2023;19,95;19,95
12004;3117;13/02/2023;32,00;32,00
12066;3117;13/02/2023;48,50;48,50
12190;3117;13/02/2023;18,00;18,00
20015;3117;13/02/2023;17,95;17,95
20041;3117;13/02/2023;6,50;6,50
20088;3117;13/02/2023;44,00;44,00
20131;3117;13/02/2023;14,50;14,50
30012;3117;13/02/2023;12,95;12,95
30077;3117;13/02/2023;42,00;42,00
30154;3117;13/02/2023;13,50;13,50
30209;3117;13/02/2023;29,95;29,95
99001;3117;13/02/2023;0,00;0,00
10023;3122;13/02/2023;9,50;9,50
10047;3122;13/02/2023;9,00;9,00
10112;3122;13/02/2023;16,95;13,56
10310;3122;13/02/2023;21,50;21,50
11020;3122;13/02/2023;14,95;14,95
11085;3122;13/02/2023;8,95;8,95
11142;3122;13/02/2023;19,95;19,95
12004;3122;13/02/2023;32,00;32,00
12066;3122;13/02/2023;48,50;48,50
12190;3122;13/02/2023;18,00;18,00
20015;3122;13/02/2023;17,95;17,95
20041;3122;13/02/2023;6,50;6,50
20088;3122;13/02/2023;44,00;44,00
20131;3122;13/02/2023;14,50;14,50
30012;3122;13/02/2023;12,95;12,95
30077;3122;13/02/2023;42,00;42,00
30154;3122;13/02/2023;13,50;13,50
30209;3122;13/02/2023;29,95;29,95
10023;4201;13/02/2023;9,50;9,50
10047;4201;13/02/2023;9,00;9,00
10112;4201;13/02/2023;16,95;13,56
10310;4201;13/02/2023;21,50;21,50
11020;4201;13/02/2023;14,95;14,95
11085;4201;13/02/2023;8,95;8,95
11142;4201;13/02/2023;19,95;19,95
12004;4201;13/02/2023;32,00;32,00
12066;4201;13/02/2023;48,50;48,50
12190;4201;13/02/2023;18,00;18,00
20015;4201;13/02/2023;17,95;17,95
20041;4201;13/02/2023;6,50;6,50
20088;4201;13/02/2023;44,00;44,00
20131;4201;13/02/2023;14,50;14,50
30012;4201;13/02/2023;12,95;12,95
30077;4201;13/02/2023;42,00;42,00
30154;4201;13/02/2023;13,50;13,50
30209;4201;13/02/2023;29,95;29,95
99001;4201;13/02/2023;0,00;0,00
10023;4205;13/02/2023;9,50;9,50
10047;4205;13/02/2023;9,00;9,00
10112;4205;13/02/2023;16,95;13,56
10310;4205;13/02/2023;21,50;21,50
11020;4205;13/02/2023;14,95;14,95
11085;4205;13/02/2023;8,95;8,95
11142;4205;13/02/2023;19,95;19,95
12004;4205;13/02/2023;32,00;32,00
12066;4205;13/02/2023;48,50;48,50
12190;4205;13/02/2023;18,00;18,00
20015;4205;13/02/2023;17,95;17,95
20041;4205;13/02/2023;6,50;6,50
20088;4205;13/02/2023;44,00;44,00
20131;4205;13/02/2023;14,50;14,50
30012;4205;13/02/2023;12,95;12,95
30077;4205;13/02/2023;42,00;42,00
30154;4205;13/02/2023;13,50;13,50
30209;4205;13/02/2023;29,95;29,95
99001;4205;13/02/2023;0,00;0,00
10023;4218;13/02/2023;9,50;9,50
10047;4218;13/02/2023;9,00;9,00
10112;4218;13/02/2023;16,95;13,56
10310;4218;13/02/2023;21,50;21,50
11020;4218;13/02/2023;14,95;14,95
11085;4218;13/02/2023;8,95;8,95
11142;4218;13/02/2023;19,95;19,95
12004;4218;13/02/2023;32,00;32,00
12066;4218;13/02/2023;48,50;48,50
12190;4218;13/02/2023;18,00;18,00
20015;4218;13/02/2023;17,95;17,95
20041;4218;13/02/2023;6,50;6,50
20088;4218;13/02/2023;44,00;44,00
20131;4218;13/02/2023;14,50;14,50
30012;4218;13/02/2023;12,95;12,95
30077;4218;13/02/2023;42,00;42,00
30154;4218;13/02/2023;13,50;13,50
30209;4218;13/02/2023;29,95;29,95
10023;5502;13/02/2023;9,50;9,50
10047;5502;13/02/2023;9,00;9,00
10112;5502;13/02/2023;16,95;13,56
10310;5502;13/02/2023;21,50;21,50
11020;5502;13/02/2023;14,95;14,95
11085;5502;13/02/2023;8,95;8,95
11142;5502;13/02/2023;19,95;19,95
12004;5502;13/02/2023;32,00;32,00
12066;5502;13/02/2023;48,50;48,50
12190;5502;13/02/2023;18,00;18,00
20015;5502;13/02/2023;17,95;17,95
20041;5502;13/02/2023;6,50;6,50
20088;5502;13/02/2023;44,00;44,00
20131;5502;13/02/2023;14,50;14,50
30012;5502;13/02/2023;12,95;12,95
30077;5502;13/02/2023;42,00;42,00
30154;5502;13/02/2023;13,50;13,50
30209;5502;13/02/2023;29,95;29,95
10023;5511;13/02/2023;9,50;9,50
10047;5511;13/02/2023;9,00;9,00
10112;5511;13/02/2023;16,95;13,56
10310;5511;13/02/2023;21,50;21,50
11020;5511;13/02/2023;14,95;14,95
11085;5511;13/02/2023;8,95;8,95
11142;5511;13/02/2023;19,95;19,95
12004;5511;13/02/2023;32,00;32,00
12066;5511;13/02/2023;48,50;48,50
12190;5511;13/02/2023;18,00;18,00
20015;5511;13/02/2023;17,95;17,95
20041;5511;13/02/2023;6,50;6,50
20088;5511;13/02/2023;44,00;44,00
20131;5511;13/02/2023;14,50;14,50
30012;5511;13/02/2023;12,95;12,95
30077;5511;13/02/2023;42,00;42,00
30154;5511;13/02/2023;13,50;13,50
30209;5511;13/02/2023;29,95;29,95
10023;9001;13/02/2023;9,50;9,50
10047;9001;13/02/2023;9,00;9,00
10112;9001;13/02/2023;16,95;13,56
10310;9001;13/02/2023;21,50;21,50
11020;9001;13/02/2023;14,95;14,95
11085;9001;13/02/2023;8,95;8,95
11142;9001;13/02/2023;19,95;19,95
12004;9001;13/02/2023;32,00;32,00
12066;9001;13/02/2023;48,50;48,50
12190;9001;13/02/2023;18,00;18,00
20015;9001;13/02/2023;17,95;17,95
20041;9001;13/02/2023;6,50;6,50
20088;9001;13/02/2023;44,00;44,00
20131;9001;13/02/2023;14,50;14,50
30012;9001;13/02/2023;12,95;12,95
30077;9001;13/02/2023;42,00;42,00
30154;9001;13/02/2023;13,50;13,50
30209;9001;13/02/2023;29,95;29,95
99001;9001;13/02/2023;0,00;0,00
12190;1101;20/02/2023;18,00;16,20
20041;1101;20/02/2023;6,50;5,85
12190;1102;20/02/2023;18,00;16,20
20041;1102;20/02/2023;6,50;5,85
12190;1103;20/02/2023;18,00;16,20
20041;1103;20/02/2023;6,50;5,85
12190;1108;20/02/2023;18,00;16,20
20041;1108;20/02/2023;6,50;5,85
20041;3104;20/02/2023;6,50;5,85
20041;3117;20/02/2023;6,50;5,85
20041;3122;20/02/2023;6,50;5,85
12190;4201;20/02/2023;18,00;16,20
20041;4201;20/02/2023;6,50;5,85
12190;4205;20/02/2023;18,00;16,20
20041;4205;20/02/2023;6,50;5,85
12190;4218;20/02/2023;18,00;16,20
20041;4218;20/02/2023;6,50;5,85
20041;5502;20/02/2023;6,50;5,85
20041;5511;20/02/2023;6,50;5,85
20041;9001;20/02/2023;6,50;5,85
12190;1199;20/02/2023;18,00;16,20
20041;1199;20/02/2023;6,50;5,85
10023;1101;27/02/2023;9,50;9,50
10047;1101;27/02/2023;9,00;9,00
10112;1101;27/02/2023;16,95;16,95
10310;1101;27/02/2023;21,50;21,50
11020;1101;27/02/2023;14,95;14,95
11085;1101;27/02/2023;8,95;8,95
11142;1101;27/02/2023;19,95;19,95
12004;1101;27/02/2023;32,00;32,00
12066;1101;27/02/2023;48,50;48,50
12190;1101;27/02/2023;18,00;18,00
20015;1101;27/02/2023;17,95;17,95
20041;1101;27/02/2023;6,50;6,50
20088;1101;27/02/2023;44,00;44,00
20131;1101;27/02/2023;14,50;14,50
30012;1101;27/02/2023;12,95;12,95
30077;1101;27/02/2023;42,00;42,00
30154;1101;27/02/2023;13,50;13,50
30209;1101;27/02/2023;29,95;29,95
10023;1102;27/02/2023;9,50;9,50
10047;1102;27/02/2023;9,00;9,00
10112;1102;27/02/2023;16,95;16,95
10310;1102;27/02/2023;21,50;21,50
11020;1102;27/02/2023;14,95;14,95
11085;1102;27/02/2023;8,95;8,95
11142;1102;27/02/2023;19,95;19,95
12004;1102;27/02/2023;32,00;32,00
12066;1102;27/02/2023;48,50;48,50
12190;1102;27/02/2023;18,00;18,00
20015;1102;27/02/2023;17,95;17,95
20041;1102;27/02/2023;6,50;6,50
20088;1102;27/02/2023;44,00;44,00
20131;1102;27/02/2023;14,50;14,50
30012;1102;27/02/2023;12,95;12,95
30077;1102;27/02/2023;42,00;42,00
30154;1102;27/02/2023;13,50;13,50
30209;1102;27/02/2023;29,95;29,95
10023;1103;27/02/2023;9,50;9,50
10047;1103;27/02/2023;9,00;9,00
10112;1103;27/02/2023;16,95;16,95
10310;1103;27/02/2023;21,50;21,50
11020;1103;27/02/2023;14,95;14,95
11085;1103;27/02/2023;8,95;8,95
11142;1103;27/02/2023;19,95;19,95
12004;1103;27/02/2023;32,00;32,00
12066;1103;27/02/2023;48,50;48,50
12190;1103;27/02/2023;18,00;18,00
20015;1103;27/02/2023;17,95;17,95
20041;1103;27/02/2023;6,50;6,50
20088;1103;27/02/2023;44,00;44,00
20131;1103;27/02/2023;14,50;14,50
30012;1103;27/02/2023;12,95;12,95
30077;1103;27/02/2023;42,00;42,00
30154;1103;27/02/2023;13,50;13,50
30209;1103;27/02/2023;29,95;29,95
10023;1108;27/02/2023;9,50;9,50
10047;1108;27/02/2023;9,00;9,00
10112;1108;27/02/2023;16,95;16,95
10310;1108;27/02/2023;21,50;21,50
11020;1108;27/02/2023;14,95;14,95
11085;1108;27/02/2023;8,95;8,95
11142;1108;27/02/2023;19,95;19,95
12004;1108;27/02/2023;32,00;32,00
12066;1108;27/02/2023;48,50;48,50
12190;1108;27/02/2023;18,00;18,00
20015;1108;27/02/2023;17,95;17,95
20041;1108;27/02/2023;6,50;6,50
20088;1108;27/02/2023;44,00;44,00
20131;1108;27/02/2023;14,50;14,50
30012;1108;27/02/2023;12,95;12,95
30077;1108;27/02/2023;42,00;42,00
30154;1108;27/02/2023;13,50;13,50
30209;1108;27/02/2023;29,95;29,95
10023;3104;27/02/2023;9,50;9,50
10047;3104;27/02/2023;9,00;9,00
10112;3104;27/02/2023;16,95;16,95
10310;3104;27/02/2023;21,50;21,50
11020;3104;27/02/2023;14,95;14,95
11085;3104;27/02/2023;8,95;8,95
11142;3104;27/02/2023;19,95;19,95
12004;3104;27/02/2023;32,00;32,00
12066;3104;27/02/2023;48,50;48,50
12190;3104;27/02/2023;18,00;18,00
20015;3104;27/02/2023;17,95;17,95
20041;3104;27/02/2023;6,50;6,50
20088;3104;27/02/2023;44,00;44,00
20131;3104;27/02/2023;14,50;14,50
30012;3104;27/02/2023;12,95;12,95
30077;3104;27/02/2023;42,00;42,00
30154;3104;27/02/2023;13,50;13,50
30209;3104;27/02/2023;29,95;29,95
10023;3117;27/02/2023;9,50;9,50
10047;3117;27/02/2023;9,00;9,00
10112;3117;27/02/2023;16,95;16,95
10310;3117;27/02/2023;21,50;21,50
11020;3117;27/02/2023;14,95;14,95
11085;3117;27/02/2023;8,95;8,95
11142;3117;27/02/2023;19,95;19,95
12004;3117;27/02/2023;32,00;32,00
12066;3117;27/02/2023;48,50;48,50
12190;3117;27/02/2023;18,00;18,00
20015;3117;27/02/2023;17,95;17,95
20041;3117;27/02/2023;6,50;6,50
20088;3117;27/02/2023;44,00;44,00
20131;3117;27/02/2023;14,50;14,50
30012;3117;27/02/2023;12,95;12,95
30077;3117;27/02/2023;42,00;42,00
30154;3117;27/02/2023;13,50;13,50
30209;3117;27/02/2023;29,95;29,95
99001;3117;27/02/2023;0,00;0,00
10023;3122;27/02/2023;9,50;9,50
10047;3122;27/02/2023;9,00;9,00
10112;3122;27/02/2023;16,95;16,95
10310;3122;27/02/2023;21,50;21,50
11020;3122;27/02/2023;14,95;14,95
11085;3122;27/02/2023;8,95;8,95
11142;3122;27/02/2023;19,95;19,95
12004;3122;27/02/2023;32,00;32,00
12066;3122;27/02/2023;48,50;48,50
12190;3122;27/02/2023;18,00;18,00
20015;3122;27/02/2023;17,95;17,95
20041;3122;27/02/2023;6,50;6,50
20088;3122;27/02/2023;44,00;44,00
20131;3122;27/02/2023;14,50;14,50
30012;3122;27/02/2023;12,95;12,95
30077;3122;27/02/2023;42,00;42,00
30154;3122;27/02/2023;13,50;13,50
30209;3122;27/02/2023;29,95;29,95
10023;4201;27/02/2023;9,50;9,50
10047;4201;27/02/2023;9,00;9,00
10112;4201;27/02/2023;16,95;16,95
10310;4201;27/02/2023;21,50;21,50
11020;4201;27/02/2023;14,95;14,95
11085;4201;27/02/2023;8,95;8,95
11142;4201;27/02/2023;19,95;19,95
12004;4201;27/02/2023;32,00;32,00
12066;4201;27/02/2023;48,50;48,50
12190;4201;27/02/2023;18,00;18,00
20015;4201;27/02/2023;17,95;17,95
20041;4201;27/02/2023;6,50;6,50
20088;4201;27/02/2023;44,00;44,00
20131;4201;27/02/2023;14,50;14,50
30012;4201;27/02/2023;12,95;12,95
30077;4201;27/02/2023;42,00;42,00
30154;4201;27/02/2023;13,50;13,50
30209;4201;27/02/2023;29,95;29,95
99001;4201;27/02/2023;0,00;0,00
10023;4205;27/02/2023;9,50;9,50
10047;4205;27/02/2023;9,00;9,00
10112;4205;27/02/2023;16,95;16,95
10310;4205;27/02/2023;21,50;21,50
11020;4205;27/02/2023;14,95;14,95
11085;4205;27/02/2023;8,95;8,95
11142;4205;27/02/2023;19,95;19,95
12004;4205;27/02/2023;32,00;32,00
12066;4205;27/02/2023;48,50;48,50
12190;4205;27/02/2023;18,00;18,00
20015;4205;27/02/2023;17,95;17,95
20041;4205;27/02/2023;6,50;6,50
20088;4205;27/02/2023;44,00;44,00
20131;4205;27/02/2023;14,50;14,50
30012;4205;27/02/2023;12,95;12,95
30077;4205;27/02/2023;42,00;42,00
30154;4205;27/02/2023;13,50;13,50
30209;4205;27/02/2023;29,95;29,95
99001;4205;27/02/2023;0,00;0,00
10023;4218;27/02/2023;9,50;9,50
10047;4218;27/02/2023;9,00;9,00
10112;4218;27/02/2023;16,95;16,95
10310;4218;27/02/2023;21,50;21,50
11020;4218;27/02/2023;14,95;14,95
11085;4218;27/02/2023;8,95;8,95
11142;4218;27/02/2023;19,95;19,95
12004;4218;27/02/2023;32,00;32,00
12066;4218;27/02/2023;48,50;48,50
12190;4218;27/02/2023;18,00;18,00
20015;4218;27/02/2023;17,95;17,95
20041;4218;27/02/2023;6,50;6,50
20088;4218;27/02/2023;44,00;44,00
20131;4218;27/02/2023;14,50;14,50
30012;4218;27/02/2023;12,95;12,95
30077;4218;27/02/2023;42,00;42,00
30154;4218;27/02/2023;13,50;13,50
30209;4218;27/02/2023;29,95;29,95
10023;5502;27/02/2023;9,50;9,50
10047;5502;27/02/2023;9,00;9,00
10112;5502;27/02/2023;16,95;16,95
10310;5502;27/02/2023;21,50;21,50
11020;5502;27/02/2023;14,95;14,95
11085;5502;27/02/2023;8,95;8,95
11142;5502;27/02/2023;19,95;19,95
12004;5502;27/02/2023;32,00;32,00
12066;5502;27/02/2023;48,50;48,50
12190;5502;27/02/2023;18,00;18,00
20015;5502;27/02/2023;17,95;17,95
20041;5502;27/02/2023;6,50;6,50
20088;5502;27/02/2023;44,00;44,00
20131;5502;27/02/2023;14,50;14,50
30012;5502;27/02/2023;12,95;12,95
30077;5502;27/02/2023;42,00;42,00
30154;5502;27/02/2023;13,50;13,50
30209;5502;27/02/2023;29,95;29,95
10023;5511;27/02/2023;9,50;9,50
10047;5511;27/02/2023;9,00;9,00
10112;5511;27/02/2023;16,95;16,95
10310;5511;27/02/2023;21,50;21,50
11020;5511;27/02/2023;14,95;14,95
11085;5511;27/02/2023;8,95;8,95
11142;5511;27/02/2023;19,95;19,95
12004;5511;27/02/2023;32,00;32,00
12066;5511;27/02/2023;48,50;48,50
12190;5511;27/02/2023;18,00;18,00
20015;5511;27/02/2023;17,95;17,95
20041;5511;27/02/2023;6,50;6,50
20088;5511;27/02/2023;44,00;44,00
20131;5511;27/02/2023;14,50;14,50
30012;5511;27/02/2023;12,95;12,95
30077;5511;27/02/2023;42,00;42,00
30154;5511;27/02/2023;13,50;13,50
30209;5511;27/02/2023;29,95;29,95
10023;9001;27/02/2023;9,50;9,50
10047;9001;27/02/2023;9,00;9,00
10112;9001;27/02/2023;16,95;16,95
10310;9001;27/02/2023;21,50;21,50
11020;9001;27/02/2023;14,95;14,95
11085;9001;27/02/2023;8,95;8,95
11142;9001;27/02/2023;19,95;19,95
12004;9001;27/02/2023;32,00;32,00
12066;9001;27/02/2023;48,50;48,50
12190;9001;27/02/2023;18,00;18,00
20015;9001;27/02/2023;17,95;17,95
20041;9001;27/02/2023;6,50;6,50
20088;9001;27/02/2023;44,00;44,00
20131;9001;27/02/2023;14,50;14,50
30012;9001;27/02/2023;12,95;12,95
30077;9001;27/02/2023;42,00;42,00
30154;9001;27/02/2023;13,50;13,50
30209;9001;27/02/2023;29,95;29,95
11085;1101;06/03/2023;8,95;6,71
12066;1101;06/03/2023;48,50;32,49
11085;1102;06/03/2023;8,95;6,71
12066;1102;06/03/2023;48,50;32,49
11085;1103;06/03/2023;8,95;6,71
12066;1103;06/03/2023;48,50;32,49
11085;1108;06/03/2023;8,95;6,71
12066;1108;06/03/2023;48,50;32,49
11085;3104;06/03/2023;8,95;6,71
12066;3104;06/03/2023;48,50;32,49
11085;3117;06/03/2023;8,95;6,71
12066;3117;06/03/2023;48,50;32,49
11085;3122;06/03/2023;8,95;6,71
12066;3122;06/03/2023;48,50;32,49
11085;4201;06/03/2023;8,95;6,71
12066;4201;06/03/2023;48,50;32,49
11085;4205;06/03/2023;8,95;6,71
12066;4205;06/03/2023;48,50;32,49
11085;4218;06/03/2023;8,95;6,71
12066;4218;06/03/2023;48,50;32,49
11085;5502;06/03/2023;8,95;6,71
12066;5502;06/03/2023;48,50;32,49
11085;5511;06/03/2023;8,95;6,71
12066;5511;06/03/2023;48,50;32,49
11085;9001;06/03/2023;8,95;6,71
12066;9001;06/03/2023;48,50;32,49
10023;1101;13/03/2023;9,50;9,50
10047;1101;13/03/2023;9,00;9,00
10112;1101;13/03/2023;16,95;16,95
10310;1101;13/03/2023;21,50;21,50
11020;1101;13/03/2023;14,95;14,95
11085;1101;13/03/2023;8,95;8,95
11142;1101;13/03/2023;19,95;19,95
12004;1101;13/03/2023;32,00;27,20
12066;1101;13/03/2023;48,50;48,50
12190;1101;13/03/2023;18,00;18,00
20015;1101;13/03/2023;17,95;17,95
20041;1101;13/03/2023;6,50;6,50
20088;1101;13/03/2023;44,00;44,00
20131;1101;13/03/2023;14,50;14,50
30012;1101;13/03/2023;12,95;12,95
30077;1101;13/03/2023;42,00;42,00
30154;1101;13/03/2023;13,50;13,50
30209;1101;13/03/2023;29,95;29,95
10023;1102;13/03/2023;9,50;9,50
10047;1102;13/03/2023;9,00;9,00
10112;1102;13/03/2023;16,95;16,95
10310;1102;13/03/2023;21,50;21,50
11020;1102;13/03/2023;14,95;14,95
11085;1102;13/03/2023;8,95;8,95
11142;1102;13/03/2023;19,95;19,95
12004;1102;13/03/2023;32,00;27,20
12066;1102;13/03/2023;48,50;48,50
12190;1102;13/03/2023;18,00;18,00
20015;1102;13/03/2023;17,95;17,95
20041;1102;13/03/2023;6,50;6,50
20088;1102;13/03/2023;44,00;44,00
20131;1102;13/03/2023;14,50;14,50
30012;1102;13/03/2023;12,95;12,95
30077;1102;13/03/2023;42,00;42,00
30154;1102;13/03/2023;13,50;13,50
30209;1102;13/03/2023;29,95;29,95
10023;1103;13/03/2023;9,50;9,50
10047;1103;13/03/2023;9,00;9,00
10112;1103;13/03/2023;16,95;16,95
10310;1103;13/03/2023;21,50;21,50
11020;1103;13/03/2023;14,95;14,95
11085;1103;13/03/2023;8,95;8,95
11142;1103;13/03/2023;19,95;19,95
12004;1103;13/03/2023;32,00;27,20
12066;1103;13/03/2023;48,50;48,50
12190;1103;13/03/2023;18,00;18,00
20015;1103;13/03/2023;17,95;17,95
20041;1103;13/03/2023;6,50;6,50
20088;1103;13/03/2023;44,00;44,00
20131;1103;13/03/2023;14,50;14,50
30012;1103;13/03/2023;12,95;12,95
30077;1103;13/03/2023;42,00;42,00
30154;1103;13/03/2023;13,50;13,50
30209;1103;13/03/2023;29,95;29,95
10023;1108;13/03/2023;9,50;9,50
10047;1108;13/03/2023;9,00;9,00
10112;1108;13/03/2023;16,95;16,95
10310;1108;13/03/2023;21,50;21,50
11020;1108;13/03/2023;14,95;14,95
11085;1108;13/03/2023;8,95;8,95
11142;1108;13/03/2023;19,95;19,95
12004;1108;13/03/2023;32,00;27,20
12066;1108;13/03/2023;48,50;48,50
12190;1108;13/03/2023;18,00;18,00
20015;1108;13/03/2023;17,95;17,95
20041;1108;13/03/2023;6,50;6,50
20088;1108;13/03/2023;44,00;44,00
20131;1108;13/03/2023;14,50;14,50
30012;1108;13/03/2023;12,95;12,95
30077;1108;13/03/2023;42,00;42,00
30154;1108;13/03/2023;13,50;13,50
30209;1108;13/03/2023;29,95;29,95
99001;1108;13/03/2023;0,00;0,00
10023;3104;13/03/2023;9,50;9,50
10047;3104;13/03/2023;9,00;9,00
10112;3104;13/03/2023;16,95;16,95
10310;3104;13/03/2023;21,50;21,50
11020;3104;13/03/2023;14,95;14,95
11085;3104;13/03/2023;8,95;8,95
11142;3104;13/03/2023;19,95;19,95
12004;3104;13/03/2023;32,00;27,20
12066;3104;13/03/2023;48,50;48,50
12190;3104;13/03/2023;18,00;18,00
20015;3104;13/03/2023;17,95;17,95
20041;3104;13/03/2023;6,50;6,50
20088;3104;13/03/2023;44,00;44,00
20131;3104;13/03/2023;14,50;14,50
30012;3104;13/03/2023;12,95;12,95
30077;3104;13/03/2023;42,00;42,00
30154;3104;13/03/2023;13,50;13,50
30209;3104;13/03/2023;29,95;29,95
99001;3104;13/03/2023;0,00;0,00
10023;3117;13/03/2023;9,50;9,50
10047;3117;13/03/2023;9,00;9,00
10112;3117;13/03/2023;16,95;16,95
10310;3117;13/03/2023;21,50;21,50
11020;3117;13/03/2023;14,95;14,95
11085;3117;13/03/2023;8,95;8,95
11142;3117;13/03/2023;19,95;19,95
12004;3117;13/03/2023;32,00;27,20
12066;3117;13/03/2023;48,50;48,50
12190;3117;13/03/2023;18,00;18,00
20015;3117;13/03/2023;17,95;17,95
20041;3117;13/03/2023;6,50;6,50
20088;3117;13/03/2023;44,00;44,00
20131;3117;13/03/2023;14,50;14,50
30012;3117;13/03/2023;12,95;12,95
30077;3117;13/03/2023;42,00;42,00
30154;3117;13/03/2023;13,50;13,50
30209;3117;13/03/2023;29,95;29,95
99001;3117;13/03/2023;0,00;0,00
10023;3122;13/03/2023;9,50;9,50
10047;3122;13/03/2023;9,00;9,00
10112;3122;13/03/2023;16,95;16,95
10310;3122;13/03/2023;21,50;21,50
11020;3122;13/03/2023;14,95;14,95
11085;3122;13/03/2023;8,95;8,95
11142;3122;13/03/2023;19,95;19,95
12004;3122;13/03/2023;32,00;27,20
12066;3122;13/03/2023;48,50;48,50
12190;3122;13/03/2023;18,00;18,00
20015;3122;13/03/2023;17,95;17,95
20041;3122;13/03/2023;6,50;6,50
20088;3122;13/03/2023;44,00;44,00
20131;3122;13/03/2023;14,50;14,50
30012;3122;13/03/2023;12,95;12,95
30077;3122;13/03/2023;42,00;42,00
30154;3122;13/03/2023;13,50;13,50
30209;3122;13/03/2023;29,95;29,95
10023;4201;13/03/2023;9,50;9,50
10047;4201;13/03/2023;9,00;9,00
10112;4201;13/03/2023;16,95;16,95
10310;4201;13/03/2023;21,50;21,50
11020;4201;13/03/2023;14,95;14,95
11085;4201;13/03/2023;8,95;8,95
11142;4201;13/03/2023;19,95;19,95
12004;4201;13/03/2023;32,00;27,20
12066;4201;13/03/2023;48,50;48,50
12190;4201;13/03/2023;18,00;18,00
20015;4201;13/03/2023;17,95;17,95
20041;4201;13/03/2023;6,50;6,50
20088;4201;13/03/2023;44,00;44,00
20131;4201;13/03/2023;14,50;14,50
30012;4201;13/03/2023;12,95;12,95
30077;4201;13/03/2023;42,00;42,00
30154;4201;13/03/2023;13,50;13,50
30209;4201;13/03/2023;29,95;29,95
10023;4205;13/03/2023;9,50;9,50
10047;4205;13/03/2023;9,00;9,00
10112;4205;13/03/2023;16,95;16,95
10310;4205;13/03/2023;21,50;21,50
11020;4205;13/03/2023;14,95;14,95
11085;4205;13/03/2023;8,95;8,95
11142;4205;13/03/2023;19,95;19,95
12004;4205;13/03/2023;32,00;27,20
12066;4205;13/03/2023;48,50;48,50
12190;4205;13/03/2023;18,00;18,00
20015;4205;13/03/2023;17,95;17,95
20041;4205;13/03/2023;6,50;6,50
20088;4205;13/03/2023;44,00;44,00
20131;4205;13/03/2023;14,50;14,50
30012;4205;13/03/2023;12,95;12,95
30077;4205;13/03/2023;42,00;42,00
30154;4205;13/03/2023;13,50;13,50
30209;4205;13/03/2023;29,95;29,95
10023;4218;13/03/2023;9,50;9,50
10047;4218;13/03/2023;9,00;9,00
10112;4218;13/03/2023;16,95;16,95
10310;4218;13/03/2023;21,50;21,50
11020;4218;13/03/2023;14,95;14,95
11085;4218;13/03/2023;8,95;8,95
11142;4218;13/03/2023;19,95;19,95
12004;4218;13/03/2023;32,00;27,20
12066;4218;13/03/2023;48,50;48,50
12190;4218;13/03/2023;18,00;18,00
20015;4218;13/03/2023;17,95;17,95
20041;4218;13/03/2023;6,50;6,50
20088;4218;13/03/2023;44,00;44,00
20131;4218;13/03/2023;14,50;14,50
30012;4218;13/03/2023;12,95;12,95
30077;4218;13/03/2023;42,00;42,00
30154;4218;13/03/2023;13,50;13,50
30209;4218;13/03/2023;29,95;29,95
10023;5502;13/03/2023;9,50;9,50
10047;5502;13/03/2023;9,00;9,00
10112;5502;13/03/2023;16,95;16,95
10310;5502;13/03/2023;21,50;21,50
11020;5502;13/03/2023;14,95;14,95
11085;5502;13/03/2023;8,95;8,95
11142;5502;13/03/2023;19,95;19,95
12004;5502;13/03/2023;32,00;27,20
12066;5502;13/03/2023;48,50;48,50
12190;5502;13/03/2023;18,00;18,00
20015;5502;13/03/2023;17,95;17,95
20041;5502;13/03/2023;6,50;6,50
20088;5502;13/03/2023;44,00;44,00
20131;5502;13/03/2023;14,50;14,50
30012;5502;13/03/2023;12,95;12,95
30077;5502;13/03/2023;42,00;42,00
30154;5502;13/03/2023;13,50;13,50
30209;5502;13/03/2023;29,95;29,95
99001;5502;13/03/2023;0,00;0,00
10023;5511;13/03/2023;9,50;9,50
10047;5511;13/03/2023;9,00;9,00
10112;5511;13/03/2023;16,95;16,95
10310;5511;13/03/2023;21,50;21,50
11020;5511;13/03/2023;14,95;14,95
11085;5511;13/03/2023;8,95;8,95
11142;5511;13/03/2023;19,95;19,95
12004;5511;13/03/2023;32,00;27,20
12066;5511;13/03/2023;48,50;48,50
12190;5511;13/03/2023;18,00;18,00
20015;5511;13/03/2023;17,95;17,95
20041;5511;13/03/2023;6,50;6,50
20088;5511;13/03/2023;44,00;44,00
20131;5511;13/03/2023;14,50;14,50
30012;5511;13/03/2023;12,95;12,95
30077;5511;13/03/2023;42,00;42,00
30154;5511;13/03/2023;13,50;13,50
30209;5511;13/03/2023;29,95;29,95
99001;5511;13/03/2023;0,00;0,00
10023;9001;13/03/2023;9,50;9,50
10047;9001;13/03/2023;9,00;9,00
10112;9001;13/03/2023;16,95;16,95
10310;9001;13/03/2023;21,50;21,50
11020;9001;13/03/2023;14,95;14,95
11085;9001;13/03/2023;8,95;8,95
11142;9001;13/03/2023;19,95;19,95
12004;9001;13/03/2023;32,00;27,20
12066;9001;13/03/2023;48,50;48,50
12190;9001;13/03/2023;18,00;18,00
20015;9001;13/03/2023;17,95;17,95
20041;9001;13/03/2023;6,50;6,50
20088;9001;13/03/2023;44,00;44,00
20131;9001;13/03/2023;14,50;14,50
30012;9001;13/03/2023;12,95;12,95
30077;9001;13/03/2023;42,00;42,00
30154;9001;13/03/2023;13,50;13,50
30209;9001;13/03/2023;29,95;29,95
10023;1199;13/03/2023;9,50;9,50
10047;1199;13/03/2023;9,00;9,00
10112;1199;13/03/2023;16,95;16,95
10310;1199;13/03/2023;21,50;21,50
11020;1199;13/03/2023;14,95;14,95
11085;1199;13/03/2023;8,95;8,95
11142;1199;13/03/2023;19,95;19,95
12004;1199;13/03/2023;32,00;27,20
12066;1199;13/03/2023;48,50;48,50
12190;1199;13/03/2023;18,00;18,00
20015;1199;13/03/2023;17,95;17,95
20041;1199;13/03/2023;6,50;6,50
20088;1199;13/03/2023;44,00;44,00
20131;1199;13/03/2023;14,50;14,50
30012;1199;13/03/2023;12,95;12,95
30077;1199;13/03/2023;42,00;42,00
30154;1199;13/03/2023;13,50;13,50
30209;1199;13/03/2023;29,95;29,95
10023;1101;27/03/2023;9,50;9,50
10047;1101;27/03/2023;9,00;9,00
10112;1101;27/03/2023;16,95;16,95
10310;1101;27/03/2023;21,50;21,50
11020;1101;27/03/2023;14,95;14,95
11085;1101;27/03/2023;8,95;8,95
11142;1101;27/03/2023;19,95;19,95
12004;1101;27/03/2023;32,00;32,00
12066;1101;27/03/2023;48,50;48,50
12190;1101;27/03/2023;18,00;18,00
20015;1101;27/03/2023;17,95;14,36
20041;1101;27/03/2023;6,50;6,50
20088;1101;27/03/2023;44,00;44,00
20131;1101;27/03/2023;14,50;14,50
30012;1101;27/03/2023;12,95;12,95
30077;1101;27/03/2023;42,00;42,00
30154;1101;27/03/2023;13,50;13,50
30209;1101;27/03/2023;29,95;29,95
10023;1102;27/03/2023;9,50;9,50
10047;1102;27/03/2023;9,00;9,00
10112;1102;27/03/2023;16,95;16,95
10310;1102;27/03/2023;21,50;21,50
11020;1102;27/03/2023;14,95;14,95
11085;1102;27/03/2023;8,95;8,95
11142;1102;27/03/2023;19,95;19,95
12004;1102;27/03/2023;32,00;32,00
12066;1102;27/03/2023;48,50;48,50
12190;1102;27/03/2023;18,00;18,00
20015;1102;27/03/2023;17,95;14,36
20041;1102;27/03/2023;6,50;6,50
20088;1102;27/03/2023;44,00;44,00
20131;1102;27/03/2023;14,50;14,50
30012;1102;27/03/2023;12,95;12,95
30077;1102;27/03/2023;42,00;42,00
30154;1102;27/03/2023;13,50;13,50
30209;1102;27/03/2023;29,95;29,95
10023;1103;27/03/2023;9,50;9,50
10047;1103;27/03/2023;9,00;9,00
10112;1103;27/03/2023;16,95;16,95
10310;1103;27/03/2023;21,50;21,50
11020;1103;27/03/2023;14,95;14,95
11085;1103;27/03/2023;8,95;8,95
11142;1103;27/03/2023;19,95;19,95
12004;1103;27/03/2023;32,00;32,00
12066;1103;27/03/2023;48,50;48,50
12190;1103;27/03/2023;18,00;18,00
20015;1103;27/03/2023;17,95;14,36
20041;1103;27/03/2023;6,50;6,50
20088;1103;27/03/2023;44,00;44,00
20131;1103;27/03/2023;14,50;14,50
30012;1103;27/03/2023;12,95;12,95
30077;1103;27/03/2023;42,00;42,00
30154;1103;27/03/2023;13,50;13,50
30209;1103;27/03/2023;29,95;29,95
10023;1108;27/03/2023;9,50;9,50
10047;1108;27/03/2023;9,00;9,00
10112;1108;27/03/2023;16,95;16,95
10310;1108;27/03/2023;21,50;21,50
11020;1108;27/03/2023;14,95;14,95
11085;1108;27/03/2023;8,95;8,95
11142;1108;27/03/2023;19,95;19,95
12004;1108;27/03/2023;32,00;32,00
12066;1108;27/03/2023;48,50;48,50
12190;1108;27/03/2023;18,00;18,00
20015;1108;27/03/2023;17,95;14,36
20041;1108;27/03/2023;6,50;6,50
20088;1108;27/03/2023;44,00;44,00
20131;1108;27/03/2023;14,50;14,50
30012;1108;27/03/2023;12,95;12,95
30077;1108;27/03/2023;42,00;42,00
30154;1108;27/03/2023;13,50;13,50
30209;1108;27/03/2023;29,95;29,95
10023;3104;27/03/2023;9,50;9,50
10047;3104;27/03/2023;9,00;9,00
10112;3104;27/03/2023;16,95;16,95
10310;3104;27/03/2023;21,50;21,50
11020;3104;27/03/2023;14,95;14,95
11085;3104;27/03/2023;8,95;8,95
11142;3104;27/03/2023;19,95;19,95
12004;3104;27/03/2023;32,00;32,00
12066;3104;27/03/2023;48,50;48,50
12190;3104;27/03/2023;18,00;18,00
20015;3104;27/03/2023;17,95;17,95
20041;3104;27/03/2023;6,50;6,50
20088;3104;27/03/2023;44,00;44,00
20131;3104;27/03/2023;14,50;14,50
30012;3104;27/03/2023;12,95;12,95
30077;3104;27/03/2023;42,00;42,00
30154;3104;27/03/2023;13,50;13,50
30209;3104;27/03/2023;29,95;29,95
99001;3104;27/03/2023;0,00;0,00
10023;3117;27/03/2023;9,50;9,50
10047;3117;27/03/2023;9,00;9,00
10112;3117;27/03/2023;16,95;16,95
10310;3117;27/03/2023;21,50;21,50
11020;3117;27/03/2023;14,95;14,95
11085;3117;27/03/2023;8,95;8,95
11142;3117;27/03/2023;19,95;19,95
12004;3117;27/03/2023;32,00;32,00
12066;3117;27/03/2023;48,50;48,50
12190;3117;27/03/2023;18,00;18,00
20015;3117;27/03/2023;17,95;17,95
20041;3117;27/03/2023;6,50;6,50
20088;3117;27/03/2023;44,00;44,00
20131;3117;27/03/2023;14,50;14,50
30012;3117;27/03/2023;12,95;12,95
30077;3117;27/03/2023;42,00;42,00
30154;3117;27/03/2023;13,50;13,50
30209;3117;27/03/2023;29,95;29,95
10023;3122;27/03/2023;9,50;9,50
10047;3122;27/03/2023;9,00;9,00
10112;3122;27/03/2023;16,95;16,95
10310;3122;27/03/2023;21,50;21,50
11020;3122;27/03/2023;14,95;14,95
11085;3122;27/03/2023;8,95;8,95
11142;3122;27/03/2023;19,95;19,95
12004;3122;27/03/2023;32,00;32,00
12066;3122;27/03/2023;48,50;48,50
12190;3122;27/03/2023;18,00;18,00
20015;3122;27/03/2023;17,95;17,95
20041;3122;27/03/2023;6,50;6,50
20088;3122;27/03/2023;44,00;44,00
20131;3122;27/03/2023;14,50;14,50
30012;3122;27/03/2023;12,95;12,95
30077;3122;27/03/2023;42,00;42,00
30154;3122;27/03/2023;13,50;13,50
30209;3122;27/03/2023;29,95;29,95
10023;4201;27/03/2023;9,50;9,50
10047;4201;27/03/2023;9,00;9,00
10112;4201;27/03/2023;16,95;16,95
10310;4201;27/03/2023;21,50;21,50
11020;4201;27/03/2023;14,95;14,95
11085;4201;27/03/2023;8,95;8,95
11142;4201;27/03/2023;19,95;19,95
12004;4201;27/03/2023;32,00;32,00
12066;4201;27/03/2023;48,50;48,50
12190;4201;27/03/2023;18,00;18,00
20015;4201;27/03/2023;17,95;14,36
20041;4201;27/03/2023;6,50;6,50
20088;4201;27/03/2023;44,00;44,00
20131;4201;27/03/2023;14,50;14,50
30012;4201;27/03/2023;12,95;12,95
30077;4201;27/03/2023;42,00;42,00
30154;4201;27/03/2023;13,50;13,50
30209;4201;27/03/2023;29,95;29,95
99001;4201;27/03/2023;0,00;0,00
10023;4205;27/03/2023;9,50;9,50
10047;4205;27/03/2023;9,00;9,00
10112;4205;27/03/2023;16,95;16,95
10310;4205;27/03/2023;21,50;21,50
11020;4205;27/03/2023;14,95;14,95
11085;4205;27/03/2023;8,95;8,95
11142;4205;27/03/2023;19,95;19,95
12004;4205;27/03/2023;32,00;32,00
12066;4205;27/03/2023;48,50;48,50
12190;4205;27/03/2023;18,00;18,00
20015;4205;27/03/2023;17,95;14,36
20041;4205;27/03/2023;6,50;6,50
20088;4205;27/03/2023;44,00;44,00
20131;4205;27/03/2023;14,50;14,50
30012;4205;27/03/2023;12,95;12,95
30077;4205;27/03/2023;42,00;42,00
30154;4205;27/03/2023;13,50;13,50
30209;4205;27/03/2023;29,95;29,95
10023;4218;27/03/2023;9,50;9,50
10047;4218;27/03/2023;9,00;9,00
10112;4218;27/03/2023;16,95;16,95
10310;4218;27/03/2023;21,50;21,50
11020;4218;27/03/2023;14,95;14,95
11085;4218;27/03/2023;8,95;8,95
11142;4218;27/03/2023;19,95;19,95
12004;4218;27/03/2023;32,00;32,00
12066;4218;27/03/2023;48,50;48,50
12190;4218;27/03/2023;18,00;18,00
20015;4218;27/03/2023;17,95;14,36
20041;4218;27/03/2023;6,50;6,50
20088;4218;27/03/2023;44,00;44,00
20131;4218;27/03/2023;14,50;14,50
30012;4218;27/03/2023;12,95;12,95
30077;4218;27/03/2023;42,00;42,00
30154;4218;27/03/2023;13,50;13,50
30209;4218;27/03/2023;29,95;29,95
99001;4218;27/03/2023;0,00;0,00
10023;5502;27/03/2023;9,50;9,50
10047;5502;27/03/2023;9,00;9,00
10112;5502;27/03/2023;16,95;16,95
10310;5502;27/03/2023;21,50;21,50
11020;5502;27/03/2023;14,95;14,95
11085;5502;27/03/2023;8,95;8,95
11142;5502;27/03/2023;19,95;19,95
12004;5502;27/03/2023;32,00;32,00
12066;5502;27/03/2023;48,50;48,50
12190;5502;27/03/2023;18,00;18,00
20015;5502;27/03/2023;17,95;17,95
20041;5502;27/03/2023;6,50;6,50
20088;5502;27/03/2023;44,00;44,00
20131;5502;27/03/2023;14,50;14,50
30012;5502;27/03/2023;12,95;12,95
30077;5502;27/03/2023;42,00;42,00
30154;5502;27/03/2023;13,50;13,50
30209;5502;27/03/2023;29,95;29,95
10023;5511;27/03/2023;9,50;9,50
10047;5511;27/03/2023;9,00;9,00
10112;5511;27/03/2023;16,95;16,95
10310;5511;27/03/2023;21,50;21,50
11020;5511;27/03/2023;14,95;14,95
11085;5511;27/03/2023;8,95;8,95
11142;5511;27/03/2023;19,95;19,95
12004;5511;27/03/2023;32,00;32,00
12066;5511;27/03/2023;48,50;48,50
12190;5511;27/03/2023;18,00;18,00
20015;5511;27/03/2023;17,95;17,95
20041;5511;27/03/2023;6,50;6,50
20088;5511;27/03/2023;44,00;44,00
20131;5511;27/03/2023;14,50;14,50
30012;5511;27/03/2023;12,95;12,95
30077;5511;27/03/2023;42,00;42,00
30154;5511;27/03/2023;13,50;13,50
30209;5511;27/03/2023;29,95;29,95
10023;9001;27/03/2023;9,50;9,50
10047;9001;27/03/2023;9,00;9,00
10112;9001;27/03/2023;16,95;16,95
10310;9001;27/03/2023;21,50;21,50
11020;9001;27/03/2023;14,95;14,95
11085;9001;27/03/2023;8,95;8,95
11142;9001;27/03/2023;19,95;19,95
12004;9001;27/03/2023;32,00;32,00
12066;9001;27/03/2023;48,50;48,50
12190;9001;27/03/2023;18,00;18,00
20015;9001;27/03/2023;17,95;17,95
20041;9001;27/03/2023;6,50;6,50
20088;9001;27/03/2023;44,00;44,00
20131;9001;27/03/2023;14,50;14,50
30012;9001;27/03/2023;12,95;12,95
30077;9001;27/03/2023;42,00;42,00
30154;9001;27/03/2023;13,50;13,50
30209;9001;27/03/2023;29,95;29,95
10047;1101;03/04/2023;9,00;7,20
10047;1102;03/04/2023;9,00;7,20
10047;1103;03/04/2023;9,00;7,20
10047;1108;03/04/2023;9,00;7,20
10047;4201;03/04/2023;9,00;7,20
10047;4205;03/04/2023;9,00;7,20
10047;4218;03/04/2023;9,00;7,20
10023;1101;10/04/2023;9,50;9,50
10047;1101;10/04/2023;9,00;9,00
10112;1101;10/04/2023;16,95;16,95
10310;1101;10/04/2023;21,50;21,50
11020;1101;10/04/2023;14,95;14,95
11085;1101;10/04/2023;8,95;8,95
11142;1101;10/04/2023;19,95;19,95
12004;1101;10/04/2023;32,00;32,00
12066;1101;10/04/2023;48,50;41,23
12190;1101;10/04/2023;18,00;18,00
20015;1101;10/04/2023;17,95;17,95
20041;1101;10/04/2023;6,50;6,50
20088;1101;10/04/2023;44,00;44,00
20131;1101;10/04/2023;14,50;14,50
30012;1101;10/04/2023;12,95;10,36
30077;1101;10/04/2023;42,00;42,00
30154;1101;10/04/2023;13,50;13,50
30209;1101;10/04/2023;29,95;29,95
10023;1102;10/04/2023;9,50;9,50
10047;1102;10/04/2023;9,00;9,00
10112;1102;10/04/2023;16,95;16,95
10310;1102;10/04/2023;21,50;21,50
11020;1102;10/04/2023;14,95;14,95
11085;1102;10/04/2023;8,95;8,95
11142;1102;10/04/2023;19,95;19,95
12004;1102;10/04/2023;32,00;32,00
12066;1102;10/04/2023;48,50;41,23
12190;1102;10/04/2023;18,00;18,00
20015;1102;10/04/2023;17,95;17,95
20041;1102;10/04/2023;6,50;6,50
20088;1102;10/04/2023;44,00;44,00
20131;1102;10/04/2023;14,50;14,50
30012;1102;10/04/2023;12,95;10,36
30077;1102;10/04/2023;42,00;42,00
30154;1102;10/04/2023;13,50;13,50
30209;1102;10/04/2023;29,95;29,95
10023;1103;10/04/2023;9,50;9,50
10047;1103;10/04/2023;9,00;9,00
10112;1103;10/04/2023;16,95;16,95
10310;1103;10/04/2023;21,50;21,50
11020;1103;10/04/2023;14,95;14,95
11085;1103;10/04/2023;8,95;8,95
11142;1103;10/04/2023;19,95;19,95
12004;1103;10/04/2023;32,00;32,00
12066;1103;10/04/2023;48,50;41,23
12190;1103;10/04/2023;18,00;18,00
20015;1103;10/04/2023;17,95;17,95
20041;1103;10/04/2023;6,50;6,50
20088;1103;10/04/2023;44,00;44,00
20131;1103;10/04/2023;14,50;14,50
30012;1103;10/04/2023;12,95;10,36
30077;1103;10/04/2023;42,00;42,00
30154;1103;10/04/2023;13,50;13,50
30209;1103;10/04/2023;29,95;29,95
10023;1108;10/04/2023;9,50;9,50
10047;1108;10/04/2023;9,00;9,00
10112;1108;10/04/2023;16,95;16,95
10310;1108;10/04/2023;21,50;21,50
11020;1108;10/04/2023;14,95;14,95
11085;1108;10/04/2023;8,95;8,95
11142;1108;10/04/2023;19,95;19,95
12004;1108;10/04/2023;32,00;32,00
12066;1108;10/04/2023;48,50;41,23
12190;1108;10/04/2023;18,00;18,00
20015;1108;10/04/2023;17,95;17,95
20041;1108;10/04/2023;6,50;6,50
20088;1108;10/04/2023;44,00;44,00
20131;1108;10/04/2023;14,50;14,50
30012;1108;10/04/2023;12,95;10,36
30077;1108;10/04/2023;42,00;42,00
30154;1108;10/04/2023;13,50;13,50
30209;1108;10/04/2023;29,95;29,95
10023;3104;10/04/2023;9,50;9,50
10047;3104;10/04/2023;9,00;9,00
10112;3104;10/04/2023;16,95;16,95
10310;3104;10/04/2023;21,50;21,50
11020;3104;10/04/2023;14,95;14,95
11085;3104;10/04/2023;8,95;8,95
11142;3104;10/04/2023;19,95;19,95
12004;3104;10/04/2023;32,00;32,00
12066;3104;10/04/2023;48,50;41,23
12190;3104;10/04/2023;18,00;18,00
20015;3104;10/04/2023;17,95;17,95
20041;3104;10/04/2023;6,50;6,50
20088;3104;10/04/2023;44,00;44,00
20131;3104;10/04/2023;14,50;14,50
30012;3104;10/04/2023;12,95;10,36
30077;3104;10/04/2023;42,00;42,00
30154;3104;10/04/2023;13,50;13,50
30209;3104;10/04/2023;29,95;29,95
10023;3117;10/04/2023;9,50;9,50
10047;3117;10/04/2023;9,00;9,00
10112;3117;10/04/2023;16,95;16,95
10310;3117;10/04/2023;21,50;21,50
11020;3117;10/04/2023;14,95;14,95
11085;3117;10/04/2023;8,95;8,95
11142;3117;10/04/2023;19,95;19,95
12004;3117;10/04/2023;32,00;32,00
12066;3117;10/04/2023;48,50;41,23
12190;3117;10/04/2023;18,00;18,00
20015;3117;10/04/2023;17,95;17,95
20041;3117;10/04/2023;6,50;6,50
20088;3117;10/04/2023;44,00;44,00
20131;3117;10/04/2023;14,50;14,50
30012;3117;10/04/2023;12,95;10,36
30077;3117;10/04/2023;42,00;42,00
30154;3117;10/04/2023;13,50;13,50
30209;3117;10/04/2023;29,95;29,95
10023;3122;10/04/2023;9,50;9,50
10047;3122;10/04/2023;9,00;9,00
10112;3122;10/04/2023;16,95;16,95
10310;3122;10/04/2023;21,50;21,50
11020;3122;10/04/2023;14,95;14,95
11085;3122;10/04/2023;8,95;8,95
11142;3122;10/04/2023;19,95;19,95
12004;3122;10/04/2023;32,00;32,00
12066;3122;10/04/2023;48,50;41,23
12190;3122;10/04/2023;18,00;18,00
20015;3122;10/04/2023;17,95;17,95
20041;3122;10/04/2023;6,50;6,50
20088;3122;10/04/2023;44,00;44,00
20131;3122;10/04/2023;14,50;14,50
30012;3122;10/04/2023;12,95;10,36
30077;3122;10/04/2023;42,00;42,00
30154;3122;10/04/2023;13,50;13,50
30209;3122;10/04/2023;29,95;29,95
10023;4201;10/04/2023;9,50;9,50
10047;4201;10/04/2023;9,00;9,00
10112;4201;10/04/2023;16,95;16,95
10310;4201;10/04/2023;21,50;21,50
11020;4201;10/04/2023;14,95;14,95
11085;4201;10/04/2023;8,95;8,95
11142;4201;10/04/2023;19,95;19,95
12004;4201;10/04/2023;32,00;32,00
12066;4201;10/04/2023;48,50;41,23
12190;4201;10/04/2023;18,00;18,00
20015;4201;10/04/2023;17,95;17,95
20041;4201;10/04/2023;6,50;6,50
20088;4201;10/04/2023;44,00;44,00
20131;4201;10/04/2023;14,50;14,50
30012;4201;10/04/2023;12,95;10,36
30077;4201;10/04/2023;42,00;42,00
30154;4201;10/04/2023;13,50;13,50
30209;4201;10/04/2023;29,95;29,95
99001;4201;10/04/2023;0,00;0,00
10023;4205;10/04/2023;9,50;9,50
10047;4205;10/04/2023;9,00;9,00
10112;4205;10/04/2023;16,95;16,95
10310;4205;10/04/2023;21,50;21,50
11020;4205;10/04/2023;14,95;14,95
11085;4205;10/04/2023;8,95;8,95
11142;4205;10/04/2023;19,95;19,95
12004;4205;10/04/2023;32,00;32,00
12066;4205;10/04/2023;48,50;41,23
12190;4205;10/04/2023;18,00;18,00
20015;4205;10/04/2023;17,95;17,95
20041;4205;10/04/2023;6,50;6,50
20088;4205;10/04/2023;44,00;44,00
20131;4205;10/04/2023;14,50;14,50
30012;4205;10/04/2023;12,95;10,36
30077;4205;10/04/2023;42,00;42,00
30154;4205;10/04/2023;13,50;13,50
30209;4205;10/04/2023;29,95;29,95
10023;4218;10/04/2023;9,50;9,50
10047;4218;10/04/2023;9,00;9,00
10112;4218;10/04/2023;16,95;16,95
10310;4218;10/04/2023;21,50;21,50
11020;4218;10/04/2023;14,95;14,95
11085;4218;10/04/2023;8,95;8,95
11142;4218;10/04/2023;19,95;19,95
12004;4218;10/04/2023;32,00;32,00
12066;4218;10/04/2023;48,50;41,23
12190;4218;10/04/2023;18,00;18,00
20015;4218;10/04/2023;17,95;17,95
20041;4218;10/04/2023;6,50;6,50
20088;4218;10/04/2023;44,00;44,00
20131;4218;10/04/2023;14,50;14,50
30012;4218;10/04/2023;12,95;10,36
30077;4218;10/04/2023;42,00;42,00
30154;4218;10/04/2023;13,50;13,50
30209;4218;10/04/2023;29,95;29,95
99001;4218;10/04/2023;0,00;0,00
10023;5502;10/04/2023;9,50;9,50
10047;5502;10/04/2023;9,00;9,00
10112;5502;10/04/2023;16,95;16,95
10310;5502;10/04/2023;21,50;21,50
11020;5502;10/04/2023;14,95;14,95
11085;5502;10/04/2023;8,95;8,95
11142;5502;10/04/2023;19,95;19,95
12004;5502;10/04/2023;32,00;32,00
12066;5502;10/04/2023;48,50;41,23
12190;5502;10/04/2023;18,00;18,00
20015;5502;10/04/2023;17,95;17,95
20041;5502;10/04/2023;6,50;6,50
20088;5502;10/04/2023;44,00;44,00
20131;5502;10/04/2023;14,50;14,50
30012;5502;10/04/2023;12,95;10,36
30077;5502;10/04/2023;42,00;42,00
30154;5502;10/04/2023;13,50;13,50
30209;5502;10/04/2023;29,95;29,95
10023;5511;10/04/2023;9,50;9,50
10047;5511;10/04/2023;9,00;9,00
10112;5511;10/04/2023;16,95;16,95
10310;5511;10/04/2023;21,50;21,50
11020;5511;10/04/2023;14,95;14,95
11085;5511;10/04/2023;8,95;8,95
11142;5511;10/04/2023;19,95;19,95
12004;5511;10/04/2023;32,00;32,00
12066;5511;10/04/2023;48,50;41,23
12190;5511;10/04/2023;18,00;18,00
20015;5511;10/04/2023;17,95;17,95
20041;5511;10/04/2023;6,50;6,50
20088;5511;10/04/2023;44,00;44,00
20131;5511;10/04/2023;14,50;14,50
30012;5511;10/04/2023;12,95;10,36
30077;5511;10/04/2023;42,00;42,00
30154;5511;10/04/2023;13,50;13,50
30209;5511;10/04/2023;29,95;29,95
10023;9001;10/04/2023;9,50;9,50
10047;9001;10/04/2023;9,00;9,00
10112;9001;10/04/2023;16,95;16,95
10310;9001;10/04/2023;21,50;21,50
11020;9001;10/04/2023;14,95;14,95
11085;9001;10/04/2023;8,95;8,95
11142;9001;10/04/2023;19,95;19,95
12004;9001;10/04/2023;32,00;32,00
12066;9001;10/04/2023;48,50;41,23
12190;9001;10/04/2023;18,00;18,00
20015;9001;10/04/2023;17,95;17,95
20041;9001;10/04/2023;6,50;6,50
20088;9001;10/04/2023;44,00;44,00
20131;9001;10/04/2023;14,50;14,50
30012;9001;10/04/2023;12,95;10,36
30077;9001;10/04/2023;42,00;42,00
30154;9001;10/04/2023;13,50;13,50
30209;9001;10/04/2023;29,95;29,95
99001;9001;10/04/2023;0,00;0,00
12066;1101;17/04/2023;48,50;43,65
12066;1102;17/04/2023;48,50;43,65
12066;1103;17/04/2023;48,50;43,65
12066;1108;17/04/2023;48,50;43,65
11020;4201;17/04/2023;14,95;11,96
12004;4201;17/04/2023;32,00;24,00
12066;4201;17/04/2023;48,50;43,65
12190;4201;17/04/2023;18,00;14,40
11020;4205;17/04/2023;14,95;11,96
12004;4205;17/04/2023;32,00;24,00
12066;4205;17/04/2023;48,50;43,65
12190;4205;17/04/2023;18,00;14,40
11020;4218;17/04/2023;14,95;11,96
12004;4218;17/04/2023;32,00;24,00
12066;4218;17/04/2023;48,50;43,65
12190;4218;17/04/2023;18,00;14,40
11020;5502;17/04/2023;14,95;11,96
12004;5502;17/04/2023;32,00;24,00
12190;5502;17/04/2023;18,00;14,40
11020;5511;17/04/2023;14,95;11,96
12004;5511;17/04/2023;32,00;24,00
12190;5511;17/04/2023;18,00;14,40
12066;1199;17/04/2023;48,50;43,65
10023;1101;24/04/2023;9,50;9,50
10047;1101;24/04/2023;9,00;9,00
10112;1101;24/04/2023;16,95;16,95
10310;1101;24/04/2023;21,50;21,50
11020;1101;24/04/2023;14,95;14,95
11085;1101;24/04/2023;8,95;8,05
11142;1101;24/04/2023;19,95;19,95
12004;1101;24/04/2023;32,00;32,00
12066;1101;24/04/2023;48,50;48,50
12190;1101;24/04/2023;18,00;18,00
20015;1101;24/04/2023;17,95;17,95
20041;1101;24/04/2023;6,50;6,50
20088;1101;24/04/2023;44,00;44,00
20131;1101;24/04/2023;14,50;14,50
30012;1101;24/04/2023;12,95;12,95
30077;1101;24/04/2023;42,00;42,00
30154;1101;24/04/2023;13,50;13,50
30209;1101;24/04/2023;29,95;29,95
99001;1101;24/04/2023;0,00;0,00
10023;1102;24/04/2023;9,50;9,50
10047;1102;24/04/2023;9,00;9,00
10112;1102;24/04/2023;16,95;16,95
10310;1102;24/04/2023;21,50;21,50
11020;1102;24/04/2023;14,95;14,95
11085;1102;24/04/2023;8,95;8,05
11142;1102;24/04/2023;19,95;19,95
12004;1102;24/04/2023;32,00;32,00
12066;1102;24/04/2023;48,50;48,50
12190;1102;24/04/2023;18,00;18,00
20015;1102;24/04/2023;17,95;17,95
20041;1102;24/04/2023;6,50;6,50
20088;1102;24/04/2023;44,00;44,00
20131;1102;24/04/2023;14,50;14,50
30012;1102;24/04/2023;12,95;12,95
30077;1102;24/04/2023;42,00;42,00
30154;1102;24/04/2023;13,50;13,50
30209;1102;24/04/2023;29,95;29,95
99001;1102;24/04/2023;0,00;0,00
10023;1103;24/04/2023;9,50;9,50
10047;1103;24/04/2023;9,00;9,00
10112;1103;24/04/2023;16,95;16,95
10310;1103;24/04/2023;21,50;21,50
11020;1103;24/04/2023;14,95;14,95
11085;1103;24/04/2023;8,95;8,05
11142;1103;24/04/2023;19,95;19,95
12004;1103;24/04/2023;32,00;32,00
12066;1103;24/04/2023;48,50;48,50
12190;1103;24/04/2023;18,00;18,00
20015;1103;24/04/2023;17,95;17,95
20041;1103;24/04/2023;6,50;6,50
20088;1103;24/04/2023;44,00;44,00
20131;1103;24/04/2023;14,50;14,50
30012;1103;24/04/2023;12,95;12,95
30077;1103;24/04/2023;42,00;42,00
30154;1103;24/04/2023;13,50;13,50
30209;1103;24/04/2023;29,95;29,95
10023;1108;24/04/2023;9,50;9,50
10047;1108;24/04/2023;9,00;9,00
10112;1108;24/04/2023;16,95;16,95
10310;1108;24/04/2023;21,50;21,50
11020;1108;24/04/2023;14,95;14,95
11085;1108;24/04/2023;8,95;8,05
11142;1108;24/04/2023;19,95;19,95
12004;1108;24/04/2023;32,00;32,00
12066;1108;24/04/2023;48,50;48,50
12190;1108;24/04/2023;18,00;18,00
20015;1108;24/04/2023;17,95;17,95
20041;1108;24/04/2023;6,50;6,50
20088;1108;24/04/2023;44,00;44,00
20131;1108;24/04/2023;14,50;14,50
30012;1108;24/04/2023;12,95;12,95
30077;1108;24/04/2023;42,00;42,00
30154;1108;24/04/2023;13,50;13,50
30209;1108;24/04/2023;29,95;29,95
10023;3104;24/04/2023;9,50;9,50
10047;3104;24/04/2023;9,00;9,00
10112;3104;24/04/2023;16,95;16,95
10310;3104;24/04/2023;21,50;21,50
11020;3104;24/04/2023;14,95;14,95
11085;3104;24/04/2023;8,95;8,95
11142;3104;24/04/2023;19,95;19,95
12004;3104;24/04/2023;32,00;32,00
12066;3104;24/04/2023;48,50;48,50
12190;3104;24/04/2023;18,00;18,00
20015;3104;24/04/2023;17,95;17,95
20041;3104;24/04/2023;6,50;6,50
20088;3104;24/04/2023;44,00;44,00
20131;3104;24/04/2023;14,50;14,50
30012;3104;24/04/2023;12,95;12,95
30077;3104;24/04/2023;42,00;42,00
30154;3104;24/04/2023;13,50;13,50
30209;3104;24/04/2023;29,95;29,95
10023;3117;24/04/2023;9,50;9,50
10047;3117;24/04/2023;9,00;9,00
10112;3117;24/04/2023;16,95;16,95
10310;3117;24/04/2023;21,50;21,50
11020;3117;24/04/2023;14,95;14,95
11085;3117;24/04/2023;8,95;8,95
11142;3117;24/04/2023;19,95;19,95
12004;3117;24/04/2023;32,00;32,00
12066;3117;24/04/2023;48,50;48,50
12190;3117;24/04/2023;18,00;18,00
20015;3117;24/04/2023;17,95;17,95
20041;3117;24/04/2023;6,50;6,50
20088;3117;24/04/2023;44,00;44,00
20131;3117;24/04/2023;14,50;14,50
30012;3117;24/04/2023;12,95;12,95
30077;3117;24/04/2023;42,00;42,00
30154;3117;24/04/2023;13,50;13,50
30209;3117;24/04/2023;29,95;29,95
10023;3122;24/04/2023;9,50;9,50
10047;3122;24/04/2023;9,00;9,00
10112;3122;24/04/2023;16,95;16,95
10310;3122;24/04/2023;21,50;21,50
11020;3122;24/04/2023;14,95;14,95
11085;3122;24/04/2023;8,95;8,95
11142;3122;24/04/2023;19,95;19,95
12004;3122;24/04/2023;32,00;32,00
12066;3122;24/04/2023;48,50;48,50
12190;3122;24/04/2023;18,00;18,00
20015;3122;24/04/2023;17,95;17,95
20041;3122;24/04/2023;6,50;6,50
20088;3122;24/04/2023;44,00;44,00
20131;3122;24/04/2023;14,50;14,50
30012;3122;24/04/2023;12,95;12,95
30077;3122;24/04/2023;42,00;42,00
30154;3122;24/04/2023;13,50;13,50
30209;3122;24/04/2023;29,95;29,95
99001;3122;24/04/2023;0,00;0,00
10023;4201;24/04/2023;9,50;9,50
10047;4201;24/04/2023;9,00;9,00
10112;4201;24/04/2023;16,95;16,95
10310;4201;24/04/2023;21,50;21,50
11020;4201;24/04/2023;14,95;14,95
11085;4201;24/04/2023;8,95;8,05
11142;4201;24/04/2023;19,95;14,96
12004;4201;24/04/2023;32,00;32,00
12066;4201;24/04/2023;48,50;48,50
12190;4201;24/04/2023;18,00;18,00
20015;4201;24/04/2023;17,95;17,95
20041;4201;24/04/2023;6,50;6,50
20088;4201;24/04/2023;44,00;44,00
20131;4201;24/04/2023;14,50;14,50
30012;4201;24/04/2023;12,95;12,95
30077;4201;24/04/2023;42,00;42,00
30154;4201;24/04/2023;13,50;13,50
30209;4201;24/04/2023;29,95;29,95
10023;4205;24/04/2023;9,50;9,50
10047;4205;24/04/2023;9,00;9,00
10112;4205;24/04/2023;16,95;16,95
10310;4205;24/04/2023;21,50;21,50
11020;4205;24/04/2023;14,95;14,95
11085;4205;24/04/2023;8,95;8,05
11142;4205;24/04/2023;19,95;14,96
12004;4205;24/04/2023;32,00;32,00
12066;4205;24/04/2023;48,50;48,50
12190;4205;24/04/2023;18,00;18,00
20015;4205;24/04/2023;17,95;17,95
20041;4205;24/04/2023;6,50;6,50
20088;4205;24/04/2023;44,00;44,00
20131;4205;24/04/2023;14,50;14,50
30012;4205;24/04/2023;12,95;12,95
30077;4205;24/04/2023;42,00;42,00
30154;4205;24/04/2023;13,50;13,50
30209;4205;24/04/2023;29,95;29,95
10023;4218;24/04/2023;9,50;9,50
10047;4218;24/04/2023;9,00;9,00
10112;4218;24/04/2023;16,95;16,95
10310;4218;24/04/2023;21,50;21,50
11020;4218;24/04/2023;14,95;14,95
11085;4218;24/04/2023;8,95;8,05
11142;4218;24/04/2023;19,95;14,96
12004;4218;24/04/2023;32,00;32,00
12066;4218;24/04/2023;48,50;48,50
12190;4218;24/04/2023;18,00;18,00
20015;4218;24/04/2023;17,95;17,95
20041;4218;24/04/2023;6,50;6,50
20088;4218;24/04/2023;44,00;44,00
20131;4218;24/04/2023;14,50;14,50
30012;4218;24/04/2023;12,95;12,95
30077;4218;24/04/2023;42,00;42,00
30154;4218;24/04/2023;13,50;13,50
30209;4218;24/04/2023;29,95;29,95
99001;4218;24/04/2023;0,00;0,00
10023;5502;24/04/2023;9,50;9,50
10047;5502;24/04/2023;9,00;9,00
10112;5502;24/04/2023;16,95;16,95
10310;5502;24/04/2023;21,50;21,50
11020;5502;24/04/2023;14,95;14,95
11085;5502;24/04/2023;8,95;8,95
11142;5502;24/04/2023;19,95;14,96
12004;5502;24/04/2023;32,00;32,00
12066;5502;24/04/2023;48,50;48,50
12190;5502;24/04/2023;18,00;18,00
20015;5502;24/04/2023;17,95;17,95
20041;5502;24/04/2023;6,50;6,50
20088;5502;24/04/2023;44,00;44,00
20131;5502;24/04/2023;14,50;14,50
30012;5502;24/04/2023;12,95;12,95
30077;5502;24/04/2023;42,00;42,00
30154;5502;24/04/2023;13,50;13,50
30209;5502;24/04/2023;29,95;29,95
10023;5511;24/04/2023;9,50;9,50
10047;5511;24/04/2023;9,00;9,00
10112;5511;24/04/2023;16,95;16,95
10310;5511;24/04/2023;21,50;21,50
11020;5511;24/04/2023;14,95;14,95
11085;5511;24/04/2023;8,95;8,95
11142;5511;24/04/2023;19,95;14,96
12004;5511;24/04/2023;32,00;32,00
12066;5511;24/04/2023;48,50;48,50
12190;5511;24/04/2023;18,00;18,00
20015;5511;24/04/2023;17,95;17,95
20041;5511;24/04/2023;6,50;6,50
20088;5511;24/04/2023;44,00;44,00
20131;5511;24/04/2023;14,50;14,50
30012;5511;24/04/2023;12,95;12,95
30077;5511;24/04/2023;42,00;42,00
30154;5511;24/04/2023;13,50;13,50
30209;5511;24/04/2023;29,95;29,95
99001;5511;24/04/2023;0,00;0,00
10023;9001;24/04/2023;9,50;9,50
10047;9001;24/04/2023;9,00;9,00
10112;9001;24/04/2023;16,95;16,95
10310;9001;24/04/2023;21,50;21,50
11020;9001;24/04/2023;14,95;14,95
11085;9001;24/04/2023;8,95;8,95
11142;9001;24/04/2023;19,95;19,95
12004;9001;24/04/2023;32,00;32,00
12066;9001;24/04/2023;48,50;48,50
12190;9001;24/04/2023;18,00;18,00
20015;9001;24/04/2023;17,95;17,95
20041;9001;24/04/2023;6,50;6,50
20088;9001;24/04/2023;44,00;44,00
20131;9001;24/04/2023;14,50;14,50
30012;9001;24/04/2023;12,95;12,95
30077;9001;24/04/2023;42,00;42,00
30154;9001;24/04/2023;13,50;13,50
30209;9001;24/04/2023;29,95;29,95
11085;1101;01/05/2023;8,95;7,16
12190;1101;01/05/2023;18,00;13,50
20088;1101;01/05/2023;44,00;29,48
11085;1102;01/05/2023;8,95;7,16
12190;1102;01/05/2023;18,00;13,50
20088;1102;01/05/2023;44,00;29,48
11085;1103;01/05/2023;8,95;7,16
12190;1103;01/05/2023;18,00;13,50
20088;1103;01/05/2023;44,00;29,48
11085;1108;01/05/2023;8,95;7,16
12190;1108;01/05/2023;18,00;13,50
20088;1108;01/05/2023;44,00;29,48
11085;3104;01/05/2023;8,95;7,16
12190;3104;01/05/2023;18,00;13,50
20088;3104;01/05/2023;44,00;29,48
11085;3117;01/05/2023;8,95;7,16
12190;3117;01/05/2023;18,00;13,50
20088;3117;01/05/2023;44,00;29,48
11085;3122;01/05/2023;8,95;7,16
12190;3122;01/05/2023;18,00;13,50
20088;3122;01/05/2023;44,00;29,48
11085;4201;01/05/2023;8,95;7,16
12190;4201;01/05/2023;18,00;13,50
20088;4201;01/05/2023;44,00;29,48
11085;4205;01/05/2023;8,95;7,16
12190;4205;01/05/2023;18,00;13,50
20088;4205;01/05/2023;44,00;29,48
11085;4218;01/05/2023;8,95;7,16
12190;4218;01/05/2023;18,00;13,50
20088;4218;01/05/2023;44,00;29,48
11085;5502;01/05/2023;8,95;7,16
12190;5502;01/05/2023;18,00;13,50
20088;5502;01/05/2023;44,00;29,48
11085;5511;01/05/2023;8,95;7,16
12190;5511;01/05/2023;18,00;13,50
20088;5511;01/05/2023;44,00;29,48
11085;9001;01/05/2023;8,95;7,16
12190;9001;01/05/2023;18,00;13,50
20088;9001;01/05/2023;44,00;29,48
10023;1101;08/05/2023;9,50;9,50
10047;1101;08/05/2023;9,00;9,00
10112;1101;08/05/2023;16,95;16,95
10310;1101;08/05/2023;21,50;21,50
11020;1101;08/05/2023;14,95;14,95
11085;1101;08/05/2023;8,95;8,95
11142;1101;08/05/2023;19,95;19,95
12004;1101;08/05/2023;32,00;32,00
12066;1101;08/05/2023;48,50;48,50
12190;1101;08/05/2023;18,00;18,00
20015;1101;08/05/2023;17,95;17,95
20041;1101;08/05/2023;6,50;6,50
20088;1101;08/05/2023;44,00;44,00
20131;1101;08/05/2023;14,50;14,50
30012;1101;08/05/2023;12,95;12,95
30077;1101;08/05/2023;42,00;42,00
30154;1101;08/05/2023;13,50;13,50
30209;1101;08/05/2023;29,95;29,95
99001;1101;08/05/2023;0,00;0,00
10023;1102;08/05/2023;9,50;9,50
10047;1102;08/05/2023;9,00;9,00
10112;1102;08/05/2023;16,95;16,95
10310;1102;08/05/2023;21,50;21,50
11020;1102;08/05/2023;14,95;14,95
11085;1102;08/05/2023;8,95;8,95
11142;1102;08/05/2023;19,95;19,95
12004;1102;08/05/2023;32,00;32,00
12066;1102;08/05/2023;48,50;48,50
12190;1102;08/05/2023;18,00;18,00
20015;1102;08/05/2023;17,95;17,95
20041;1102;08/05/2023;6,50;6,50
20088;1102;08/05/2023;44,00;44,00
20131;1102;08/05/2023;14,50;14,50
30012;1102;08/05/2023;12,95;12,95
30077;1102;08/05/2023;42,00;42,00
30154;1102;08/05/2023;13,50;13,50
30209;1102;08/05/2023;29,95;29,95
10023;1103;08/05/2023;9,50;9,50
10047;1103;08/05/2023;9,00;9,00
10112;1103;08/05/2023;16,95;16,95
10310;1103;08/05/2023;21,50;21,50
11020;1103;08/05/2023;14,95;14,95
11085;1103;08/05/2023;8,95;8,95
11142;1103;08/05/2023;19,95;19,95
12004;1103;08/05/2023;32,00;32,00
12066;1103;08/05/2023;48,50;48,50
12190;1103;08/05/2023;18,00;18,00
20015;1103;08/05/2023;17,95;17,95
20041;1103;08/05/2023;6,50;6,50
20088;1103;08/05/2023;44,00;44,00
20131;1103;08/05/2023;14,50;14,50
30012;1103;08/05/2023;12,95;12,95
30077;1103;08/05/2023;42,00;42,00
30154;1103;08/05/2023;13,50;13,50
30209;1103;08/05/2023;29,95;29,95
99001;1103;08/05/2023;0,00;0,00
10023;1108;08/05/2023;9,50;9,50
10047;1108;08/05/2023;9,00;9,00
10112;1108;08/05/2023;16,95;16,95
10310;1108;08/05/2023;21,50;21,50
11020;1108;08/05/2023;14,95;14,95
11085;1108;08/05/2023;8,95;8,95
11142;1108;08/05/2023;19,95;19,95
12004;1108;08/05/2023;32,00;32,00
12066;1108;08/05/2023;48,50;48,50
12190;1108;08/05/2023;18,00;18,00
20015;1108;08/05/2023;17,95;17,95
20041;1108;08/05/2023;6,50;6,50
20088;1108;08/05/2023;44,00;44,00
20131;1108;08/05/2023;14,50;14,50
30012;1108;08/05/2023;12,95;12,95
30077;1108;08/05/2023;42,00;42,00
30154;1108;08/05/2023;13,50;13,50
30209;1108;08/05/2023;29,95;29,95
10023;3104;08/05/2023;9,50;9,50
10047;3104;08/05/2023;9,00;9,00
10112;3104;08/05/2023;16,95;16,95
10310;3104;08/05/2023;21,50;21,50
11020;3104;08/05/2023;14,95;14,95
11085;3104;08/05/2023;8,95;8,95
11142;3104;08/05/2023;19,95;19,95
12004;3104;08/05/2023;32,00;32,00
12066;3104;08/05/2023;48,50;48,50
12190;3104;08/05/2023;18,00;18,00
20015;3104;08/05/2023;17,95;17,95
20041;3104;08/05/2023;6,50;6,50
20088;3104;08/05/2023;44,00;44,00
20131;3104;08/05/2023;14,50;14,50
30012;3104;08/05/2023;12,95;12,95
30077;3104;08/05/2023;42,00;42,00
30154;3104;08/05/2023;13,50;13,50
30209;3104;08/05/2023;29,95;29,95
10023;3117;08/05/2023;9,50;9,50
10047;3117;08/05/2023;9,00;9,00
10112;3117;08/05/2023;16,95;16,95
10310;3117;08/05/2023;21,50;21,50
11020;3117;08/05/2023;14,95;14,95
11085;3117;08/05/2023;8,95;8,95
11142;3117;08/05/2023;19,95;19,95
12004;3117;08/05/2023;32,00;32,00
12066;3117;08/05/2023;48,50;48,50
12190;3117;08/05/2023;18,00;18,00
20015;3117;08/05/2023;17,95;17,95
20041;3117;08/05/2023;6,50;6,50
20088;3117;08/05/2023;44,00;44,00
20131;3117;08/05/2023;14,50;14,50
30012;3117;08/05/2023;12,95;12,95
30077;3117;08/05/2023;42,00;42,00
30154;3117;08/05/2023;13,50;13,50
30209;3117;08/05/2023;29,95;29,95
99001;3117;08/05/2023;0,00;0,00
10023;3122;08/05/2023;9,50;9,50
10047;3122;08/05/2023;9,00;9,00
10112;3122;08/05/2023;16,95;16,95
10310;3122;08/05/2023;21,50;21,50
11020;3122;08/05/2023;14,95;14,95
11085;3122;08/05/2023;8,95;8,95
11142;3122;08/05/2023;19,95;19,95
12004;3122;08/05/2023;32,00;32,00
12066;3122;08/05/2023;48,50;48,50
12190;3122;08/05/2023;18,00;18,00
20015;3122;08/05/2023;17,95;17,95
20041;3122;08/05/2023;6,50;6,50
20088;3122;08/05/2023;44,00;44,00
20131;3122;08/05/2023;14,50;14,50
30012;3122;08/05/2023;12,95;12,95
30077;3122;08/05/2023;42,00;42,00
30154;3122;08/05/2023;13,50;13,50
30209;3122;08/05/2023;29,95;29,95
10023;4201;08/05/2023;9,50;9,50
10047;4201;08/05/2023;9,00;9,00
10112;4201;08/05/2023;16,95;16,95
10310;4201;08/05/2023;21,50;21,50
11020;4201;08/05/2023;14,95;14,95
11085;4201;08/05/2023;8,95;8,95
11142;4201;08/05/2023;19,95;19,95
12004;4201;08/05/2023;32,00;32,00
12066;4201;08/05/2023;48,50;48,50
12190;4201;08/05/2023;18,00;18,00
20015;4201;08/05/2023;17,95;17,95
20041;4201;08/05/2023;6,50;6,50
20088;4201;08/05/2023;44,00;44,00
20131;4201;08/05/2023;14,50;14,50
30012;4201;08/05/2023;12,95;12,95
30077;4201;08/05/2023;42,00;42,00
30154;4201;08/05/2023;13,50;13,50
30209;4201;08/05/2023;29,95;29,95
10023;4205;08/05/2023;9,50;9,50
10047;4205;08/05/2023;9,00;9,00
10112;4205;08/05/2023;16,95;16,95
10310;4205;08/05/2023;21,50;21,50
11020;4205;08/05/2023;14,95;14,95
11085;4205;08/05/2023;8,95;8,95
11142;4205;08/05/2023;19,95;19,95
12004;4205;08/05/2023;32,00;32,00
12066;4205;08/05/2023;48,50;48,50
12190;4205;08/05/2023;18,00;18,00
20015;4205;08/05/2023;17,95;17,95
20041;4205;08/05/2023;6,50;6,50
20088;4205;08/05/2023;44,00;44,00
20131;4205;08/05/2023;14,50;14,50
30012;4205;08/05/2023;12,95;12,95
30077;4205;08/05/2023;42,00;42,00
30154;4205;08/05/2023;13,50;13,50
30209;4205;08/05/2023;29,95;29,95
99001;4205;08/05/2023;0,00;0,00
10023;4218;08/05/2023;9,50;9,50
10047;4218;08/05/2023;9,00;9,00
10112;4218;08/05/2023;16,95;16,95
10310;4218;08/05/2023;21,50;21,50
11020;4218;08/05/2023;14,95;14,95
11085;4218;08/05/2023;8,95;8,95
11142;4218;08/05/2023;19,95;19,95
12004;4218;08/05/2023;32,00;32,00
12066;4218;08/05/2023;48,50;48,50
12190;4218;08/05/2023;18,00;18,00
20015;4218;08/05/2023;17,95;17,95
20041;4218;08/05/2023;6,50;6,50
20088;4218;08/05/2023;44,00;44,00
20131;4218;08/05/2023;14,50;14,50
30012;4218;08/05/2023;12,95;12,95
30077;4218;08/05/2023;42,00;42,00
30154;4218;08/05/2023;13,50;13,50
30209;4218;08/05/2023;29,95;29,95
10023;5502;08/05/2023;9,50;9,50
10047;5502;08/05/2023;9,00;9,00
10112;5502;08/05/2023;16,95;16,95
10310;5502;08/05/2023;21,50;21,50
11020;5502;08/05/2023;14,95;14,95
11085;5502;08/05/2023;8,95;8,95
11142;5502;08/05/2023;19,95;19,95
12004;5502;08/05/2023;32,00;32,00
12066;5502;08/05/2023;48,50;48,50
12190;5502;08/05/2023;18,00;18,00
20015;5502;08/05/2023;17,95;17,95
20041;5502;08/05/2023;6,50;6,50
20088;5502;08/05/2023;44,00;44,00
20131;5502;08/05/2023;14,50;14,50
30012;5502;08/05/2023;12,95;12,95
30077;5502;08/05/2023;42,00;42,00
30154;5502;08/05/2023;13,50;13,50
30209;5502;08/05/2023;29,95;29,95
99001;5502;08/05/2023;0,00;0,00
10023;5511;08/05/2023;9,50;9,50
10047;5511;08/05/2023;9,00;9,00
10112;5511;08/05/2023;16,95;16,95
10310;5511;08/05/2023;21,50;21,50
11020;5511;08/05/2023;14,95;14,95
11085;5511;08/05/2023;8,95;8,95
11142;5511;08/05/2023;19,95;19,95
12004;5511;08/05/2023;32,00;32,00
12066;5511;08/05/2023;48,50;48,50
12190;5511;08/05/2023;18,00;18,00
20015;5511;08/05/2023;17,95;17,95
20041;5511;08/05/2023;6,50;6,50
20088;5511;08/05/2023;44,00;44,00
20131;5511;08/05/2023;14,50;14,50
30012;5511;08/05/2023;12,95;12,95
30077;5511;08/05/2023;42,00;42,00
30154;5511;08/05/2023;13,50;13,50
30209;5511;08/05/2023;29,95;29,95
99001;5511;08/05/2023;0,00;0,00
10023;9001;08/05/2023;9,50;9,50
10047;9001;08/05/2023;9,00;9,00
10112;9001;08/05/2023;16,95;16,95
10310;9001;08/05/2023;21,50;21,50
11020;9001;08/05/2023;14,95;14,95
11085;9001;08/05/2023;8,95;8,95
11142;9001;08/05/2023;19,95;19,95
12004;9001;08/05/2023;32,00;32,00
12066;9001;08/05/2023;48,50;48,50
12190;9001;08/05/2023;18,00;18,00
20015;9001;08/05/2023;17,95;17,95
20041;9001;08/05/2023;6,50;6,50
20088;9001;08/05/2023;44,00;44,00
20131;9001;08/05/2023;14,50;14,50
30012;9001;08/05/2023;12,95;12,95
30077;9001;08/05/2023;42,00;42,00
30154;9001;08/05/2023;13,50;13,50
30209;9001;08/05/2023;29,95;29,95
99001;9001;08/05/2023;0,00;0,00
30012;1101;15/05/2023;12,95;11,01
30012;1102;15/05/2023;12,95;11,01
30012;1103;15/05/2023;12,95;11,01
30012;1108;15/05/2023;12,95;11,01
30012;3104;15/05/2023;12,95;11,01
30012;3117;15/05/2023;12,95;11,01
30012;3122;15/05/2023;12,95;11,01
30012;4201;15/05/2023;12,95;11,01
30012;4205;15/05/2023;12,95;11,01
30012;4218;15/05/2023;12,95;11,01
30012;5502;15/05/2023;12,95;11,01
30012;5511;15/05/2023;12,95;11,01
30012;9001;15/05/2023;12,95;11,01
10023;1101;22/05/2023;9,50;9,50
10047;1101;22/05/2023;9,00;9,00
10112;1101;22/05/2023;16,95;16,95
10310;1101;22/05/2023;21,50;21,50
11020;1101;22/05/2023;14,95;14,95
11085;1101;22/05/2023;8,95;8,95
11142;1101;22/05/2023;19,95;19,95
12004;1101;22/05/2023;32,00;32,00
12066;1101;22/05/2023;48,50;48,50
12190;1101;22/05/2023;18,00;18,00
20015;1101;22/05/2023;17,95;17,95
20041;1101;22/05/2023;6,50;6,50
20088;1101;22/05/2023;44,00;44,00
20131;1101;22/05/2023;14,50;14,50
30012;1101;22/05/2023;12,95;12,95
30077;1101;22/05/2023;42,00;42,00
30154;1101;22/05/2023;13,50;13,50
30209;1101;22/05/2023;29,95;29,95
10023;1102;22/05/2023;9,50;9,50
10047;1102;22/05/2023;9,00;9,00
10112;1102;22/05/2023;16,95;16,95
10310;1102;22/05/2023;21,50;21,50
11020;1102;22/05/2023;14,95;14,95
11085;1102;22/05/2023;8,95;8,95
11142;1102;22/05/2023;19,95;19,95
12004;1102;22/05/2023;32,00;32,00
12066;1102;22/05/2023;48,50;48,50
12190;1102;22/05/2023;18,00;18,00
20015;1102;22/05/2023;17,95;17,95
20041;1102;22/05/2023;6,50;6,50
20088;1102;22/05/2023;44,00;44,00
20131;1102;22/05/2023;14,50;14,50
30012;1102;22/05/2023;12,95;12,95
30077;1102;22/05/2023;42,00;42,00
30154;1102;22/05/2023;13,50;13,50
30209;1102;22/05/2023;29,95;29,95
10023;1103;22/05/2023;9,50;9,50
10047;1103;22/05/2023;9,00;9,00
10112;1103;22/05/2023;16,95;16,95
10310;1103;22/05/2023;21,50;21,50
11020;1103;22/05/2023;14,95;14,95
11085;1103;22/05/2023;8,95;8,95
11142;1103;22/05/2023;19,95;19,95
12004;1103;22/05/2023;32,00;32,00
12066;1103;22/05/2023;48,50;48,50
12190;1103;22/05/2023;18,00;18,00
20015;1103;22/05/2023;17,95;17,95
20041;1103;22/05/2023;6,50;6,50
20088;1103;22/05/2023;44,00;44,00
20131;1103;22/05/2023;14,50;14,50
30012;1103;22/05/2023;12,95;12,95
30077;1103;22/05/2023;42,00;42,00
30154;1103;22/05/2023;13,50;13,50
30209;1103;22/05/2023;29,95;29,95
99001;1103;22/05/2023;0,00;0,00
10023;1108;22/05/2023;9,50;9,50
10047;1108;22/05/2023;9,00;9,00
10112;1108;22/05/2023;16,95;16,95
10310;1108;22/05/2023;21,50;21,50
11020;1108;22/05/2023;14,95;14,95
11085;1108;22/05/2023;8,95;8,95
11142;1108;22/05/2023;19,95;19,95
12004;1108;22/05/2023;32,00;32,00
12066;1108;22/05/2023;48,50;48,50
12190;1108;22/05/2023;18,00;18,00
20015;1108;22/05/2023;17,95;17,95
20041;1108;22/05/2023;6,50;6,50
20088;1108;22/05/2023;44,00;44,00
20131;1108;22/05/2023;14,50;14,50
30012;1108;22/05/2023;12,95;12,95
30077;1108;22/05/2023;42,00;42,00
30154;1108;22/05/2023;13,50;13,50
30209;1108;22/05/2023;29,95;29,95
99001;1108;22/05/2023;0,00;0,00
10023;3104;22/05/2023;9,50;9,50
10047;3104;22/05/2023;9,00;9,00
10112;3104;22/05/2023;16,95;16,95
10310;3104;22/05/2023;21,50;21,50
11020;3104;22/05/2023;14,95;14,95
11085;3104;22/05/2023;8,95;8,95
11142;3104;22/05/2023;19,95;19,95
12004;3104;22/05/2023;32,00;32,00
12066;3104;22/05/2023;48,50;48,50
12190;3104;22/05/2023;18,00;18,00
20015;3104;22/05/2023;17,95;17,95
20041;3104;22/05/2023;6,50;6,50
20088;3104;22/05/2023;44,00;44,00
20131;3104;22/05/2023;14,50;14,50
30012;3104;22/05/2023;12,95;12,95
30077;3104;22/05/2023;42,00;42,00
30154;3104;22/05/2023;13,50;13,50
30209;3104;22/05/2023;29,95;29,95
10023;3117;22/05/2023;9,50;9,50
10047;3117;22/05/2023;9,00;9,00
10112;3117;22/05/2023;16,95;16,95
10310;3117;22/05/2023;21,50;21,50
11020;3117;22/05/2023;14,95;14,95
11085;3117;22/05/2023;8,95;8,95
11142;3117;22/05/2023;19,95;19,95
12004;3117;22/05/2023;32,00;32,00
12066;3117;22/05/2023;48,50;48,50
12190;3117;22/05/2023;18,00;18,00
20015;3117;22/05/2023;17,95;17,95
20041;3117;22/05/2023;6,50;6,50
20088;3117;22/05/2023;44,00;44,00
20131;3117;22/05/2023;14,50;14,50
30012;3117;22/05/2023;12,95;12,95
30077;3117;22/05/2023;42,00;42,00
30154;3117;22/05/2023;13,50;13,50
30209;3117;22/05/2023;29,95;29,95
99001;3117;22/05/2023;0,00;0,00
10023;3122;22/05/2023;9,50;9,50
10047;3122;22/05/2023;9,00;9,00
10112;3122;22/05/2023;16,95;16,95
10310;3122;22/05/2023;21,50;21,50
11020;3122;22/05/2023;14,95;14,95
11085;3122;22/05/2023;8,95;8,95
11142;3122;22/05/2023;19,95;19,95
12004;3122;22/05/2023;32,00;32,00
12066;3122;22/05/2023;48,50;48,50
12190;3122;22/05/2023;18,00;18,00
20015;3122;22/05/2023;17,95;17,95
20041;3122;22/05/2023;6,50;6,50
20088;3122;22/05/2023;44,00;44,00
20131;3122;22/05/2023;14,50;14,50
30012;3122;22/05/2023;12,95;12,95
30077;3122;22/05/2023;42,00;42,00
30154;3122;22/05/2023;13,50;13,50
30209;3122;22/05/2023;29,95;29,95
10023;4201;22/05/2023;9,50;9,50
10047;4201;22/05/2023;9,00;9,00
10112;4201;22/05/2023;16,95;16,95
10310;4201;22/05/2023;21,50;21,50
11020;4201;22/05/2023;14,95;14,95
11085;4201;22/05/2023;8,95;8,95
11142;4201;22/05/2023;19,95;19,95
12004;4201;22/05/2023;32,00;32,00
12066;4201;22/05/2023;48,50;48,50
12190;4201;22/05/2023;18,00;18,00
20015;4201;22/05/2023;17,95;17,95
20041;4201;22/05/2023;6,50;6,50
20088;4201;22/05/2023;44,00;44,00
20131;4201;22/05/2023;14,50;14,50
30012;4201;22/05/2023;12,95;12,95
30077;4201;22/05/2023;42,00;42,00
30154;4201;22/05/2023;13,50;13,50
30209;4201;22/05/2023;29,95;29,95
10023;4205;22/05/2023;9,50;9,50
10047;4205;22/05/2023;9,00;9,00
10112;4205;22/05/2023;16,95;16,95
10310;4205;22/05/2023;21,50;21,50
11020;4205;22/05/2023;14,95;14,95
11085;4205;22/05/2023;8,95;8,95
11142;4205;22/05/2023;19,95;19,95
12004;4205;22/05/2023;32,00;32,00
12066;4205;22/05/2023;48,50;48,50
12190;4205;22/05/2023;18,00;18,00
20015;4205;22/05/2023;17,95;17,95
20041;4205;22/05/2023;6,50;6,50
20088;4205;22/05/2023;44,00;44,00
20131;4205;22/05/2023;14,50;14,50
30012;4205;22/05/2023;12,95;12,95
30077;4205;22/05/2023;42,00;42,00
30154;4205;22/05/2023;13,50;13,50
30209;4205;22/05/2023;29,95;29,95
10023;4218;22/05/2023;9,50;9,50
10047;4218;22/05/2023;9,00;9,00
10112;4218;22/05/2023;16,95;16,95
10310;4218;22/05/2023;21,50;21,50
11020;4218;22/05/2023;14,95;14,95
11085;4218;22/05/2023;8,95;8,95
11142;4218;22/05/2023;19,95;19,95
12004;4218;22/05/2023;32,00;32,00
12066;4218;22/05/2023;48,50;48,50
12190;4218;22/05/2023;18,00;18,00
20015;4218;22/05/2023;17,95;17,95
20041;4218;22/05/2023;6,50;6,50
20088;4218;22/05/2023;44,00;44,00
20131;4218;22/05/2023;14,50;14,50
30012;4218;22/05/2023;12,95;12,95
30077;4218;22/05/2023;42,00;42,00
30154;4218;22/05/2023;13,50;13,50
30209;4218;22/05/2023;29,95;29,95
10023;5502;22/05/2023;9,50;9,50
10047;5502;22/05/2023;9,00;9,00
10112;5502;22/05/2023;16,95;16,95
10310;5502;22/05/2023;21,50;21,50
11020;5502;22/05/2023;14,95;14,95
11085;5502;22/05/2023;8,95;8,95
11142;5502;22/05/2023;19,95;19,95
12004;5502;22/05/2023;32,00;32,00
12066;5502;22/05/2023;48,50;48,50
12190;5502;22/05/2023;18,00;18,00
20015;5502;22/05/2023;17,95;17,95
20041;5502;22/05/2023;6,50;6,50
20088;5502;22/05/2023;44,00;44,00
20131;5502;22/05/2023;14,50;14,50
30012;5502;22/05/2023;12,95;12,95
30077;5502;22/05/2023;42,00;42,00
30154;5502;22/05/2023;13,50;13,50
30209;5502;22/05/2023;29,95;29,95
10023;5511;22/05/2023;9,50;9,50
10047;5511;22/05/2023;9,00;9,00
10112;5511;22/05/2023;16,95;16,95
10310;5511;22/05/2023;21,50;21,50
11020;5511;22/05/2023;14,95;14,95
11085;5511;22/05/2023;8,95;8,95
11142;5511;22/05/2023;19,95;19,95
12004;5511;22/05/2023;32,00;32,00
12066;5511;22/05/2023;48,50;48,50
12190;5511;22/05/2023;18,00;18,00
20015;5511;22/05/2023;17,95;17,95
20041;5511;22/05/2023;6,50;6,50
20088;5511;22/05/2023;44,00;44,00
20131;5511;22/05/2023;14,50;14,50
30012;5511;22/05/2023;12,95;12,95
30077;5511;22/05/2023;42,00;42,00
30154;5511;22/05/2023;13,50;13,50
30209;5511;22/05/2023;29,95;29,95
99001;5511;22/05/2023;0,00;0,00
10023;9001;22/05/2023;9,50;9,50
10047;9001;22/05/2023;9,00;9,00
10112;9001;22/05/2023;16,95;16,95
10310;9001;22/05/2023;21,50;21,50
11020;9001;22/05/2023;14,95;14,95
11085;9001;22/05/2023;8,95;8,95
11142;9001;22/05/2023;19,95;19,95
12004;9001;22/05/2023;32,00;32,00
12066;9001;22/05/2023;48,50;48,50
12190;9001;22/05/2023;18,00;18,00
20015;9001;22/05/2023;17,95;17,95
20041;9001;22/05/2023;6,50;6,50
20088;9001;22/05/2023;44,00;44,00
20131;9001;22/05/2023;14,50;14,50
30012;9001;22/05/2023;12,95;12,95
30077;9001;22/05/2023;42,00;42,00
30154;9001;22/05/2023;13,50;13,50
30209;9001;22/05/2023;29,95;29,95
99001;9001;22/05/2023;0,00;0,00
11020;1101;29/05/2023;14,95;12,71
12190;1101;29/05/2023;18,00;12,06
20131;1101;29/05/2023;14,50;11,60
11020;1102;29/05/2023;14,95;12,71
12190;1102;29/05/2023;18,00;12,06
20131;1102;29/05/2023;14,50;11,60
11020;1103;29/05/2023;14,95;12,71
12190;1103;29/05/2023;18,00;12,06
20131;1103;29/05/2023;14,50;11,60
11020;1108;29/05/2023;14,95;12,71
12190;1108;29/05/2023;18,00;12,06
20131;1108;29/05/2023;14,50;11,60
11020;3104;29/05/2023;14,95;12,71
12190;3104;29/05/2023;18,00;12,06
11020;3117;29/05/2023;14,95;12,71
12190;3117;29/05/2023;18,00;12,06
11020;3122;29/05/2023;14,95;12,71
12190;3122;29/05/2023;18,00;12,06
11020;4201;29/05/2023;14,95;12,71
12190;4201;29/05/2023;18,00;12,06
20131;4201;29/05/2023;14,50;11,60
11020;4205;29/05/2023;14,95;12,71
12190;4205;29/05/2023;18,00;12,06
20131;4205;29/05/2023;14,50;11,60
11020;4218;29/05/2023;14,95;12,71
12190;4218;29/05/2023;18,00;12,06
20131;4218;29/05/2023;14,50;11,60
11020;5502;29/05/2023;14,95;12,71
12190;5502;29/05/2023;18,00;12,06
11020;5511;29/05/2023;14,95;12,71
12190;5511;29/05/2023;18,00;12,06
11020;9001;29/05/2023;14,95;12,71
12190;9001;29/05/2023;18,00;12,06
10023;1101;05/06/2023;9,50;9,50
10047;1101;05/06/2023;9,00;9,00
10112;1101;05/06/2023;16,95;16,95
10310;1101;05/06/2023;21,50;21,50
11020;1101;05/06/2023;14,95;14,95
11085;1101;05/06/2023;8,95;8,95
11142;1101;05/06/2023;19,95;19,95
12004;1101;05/06/2023;32,00;32,00
12066;1101;05/06/2023;48,50;41,23
12190;1101;05/06/2023;18,00;18,00
20015;1101;05/06/2023;17,95;17,95
20041;1101;05/06/2023;6,50;6,50
20088;1101;05/06/2023;44,00;44,00
20131;1101;05/06/2023;14,50;12,32
30012;1101;05/06/2023;12,95;12,95
30077;1101;05/06/2023;42,00;42,00
30154;1101;05/06/2023;13,50;13,50
30209;1101;05/06/2023;29,95;29,95
10023;1102;05/06/2023;9,50;9,50
10047;1102;05/06/2023;9,00;9,00
10112;1102;05/06/2023;16,95;16,95
10310;1102;05/06/2023;21,50;21,50
11020;1102;05/06/2023;14,95;14,95
11085;1102;05/06/2023;8,95;8,95
11142;1102;05/06/2023;19,95;19,95
12004;1102;05/06/2023;32,00;32,00
12066;1102;05/06/2023;48,50;41,23
12190;1102;05/06/2023;18,00;18,00
20015;1102;05/06/2023;17,95;17,95
20041;1102;05/06/2023;6,50;6,50
20088;1102;05/06/2023;44,00;44,00
20131;1102;05/06/2023;14,50;12,32
30012;1102;05/06/2023;12,95;12,95
30077;1102;05/06/2023;42,00;42,00
30154;1102;05/06/2023;13,50;13,50
30209;1102;05/06/2023;29,95;29,95
10023;1103;05/06/2023;9,50;9,50
10047;1103;05/06/2023;9,00;9,00
10112;1103;05/06/2023;16,95;16,95
10310;1103;05/06/2023;21,50;21,50
11020;1103;05/06/2023;14,95;14,95
11085;1103;05/06/2023;8,95;8,95
11142;1103;05/06/2023;19,95;19,95
12004;1103;05/06/2023;32,00;32,00
12066;1103;05/06/2023;48,50;41,23
12190;1103;05/06/2023;18,00;18,00
20015;1103;05/06/2023;17,95;17,95
20041;1103;05/06/2023;6,50;6,50
20088;1103;05/06/2023;44,00;44,00
20131;1103;05/06/2023;14,50;12,32
30012;1103;05/06/2023;12,95;12,95
30077;1103;05/06/2023;42,00;42,00
30154;1103;05/06/2023;13,50;13,50
30209;1103;05/06/2023;29,95;29,95
99001;1103;05/06/2023;0,00;0,00
10023;1108;05/06/2023;9,50;9,50
10047;1108;05/06/2023;9,00;9,00
10112;1108;05/06/2023;16,95;16,95
10310;1108;05/06/2023;21,50;21,50
11020;1108;05/06/2023;14,95;14,95
11085;1108;05/06/2023;8,95;8,95
11142;1108;05/06/2023;19,95;19,95
12004;1108;05/06/2023;32,00;32,00
12066;1108;05/06/2023;48,50;41,23
12190;1108;05/06/2023;18,00;18,00
20015;1108;05/06/2023;17,95;17,95
20041;1108;05/06/2023;6,50;6,50
20088;1108;05/06/2023;44,00;44,00
20131;1108;05/06/2023;14,50;12,32
30012;1108;05/06/2023;12,95;12,95
30077;1108;05/06/2023;42,00;42,00
30154;1108;05/06/2023;13,50;13,50
30209;1108;05/06/2023;29,95;29,95
10023;3104;05/06/2023;9,50;9,50
10047;3104;05/06/2023;9,00;9,00
10112;3104;05/06/2023;16,95;16,95
10310;3104;05/06/2023;21,50;21,50
11020;3104;05/06/2023;14,95;14,95
11085;3104;05/06/2023;8,95;8,95
11142;3104;05/06/2023;19,95;19,95
12004;3104;05/06/2023;32,00;32,00
12066;3104;05/06/2023;48,50;41,23
12190;3104;05/06/2023;18,00;18,00
20015;3104;05/06/2023;17,95;17,95
20041;3104;05/06/2023;6,50;6,50
20088;3104;05/06/2023;44,00;44,00
20131;3104;05/06/2023;14,50;12,32
30012;3104;05/06/2023;12,95;12,95
30077;3104;05/06/2023;42,00;42,00
30154;3104;05/06/2023;13,50;13,50
30209;3104;05/06/2023;29,95;29,95
10023;3117;05/06/2023;9,50;9,50
10047;3117;05/06/2023;9,00;9,00
10112;3117;05/06/2023;16,95;16,95
10310;3117;05/06/2023;21,50;21,50
11020;3117;05/06/2023;14,95;14,95
11085;3117;05/06/2023;8,95;8,95
11142;3117;05/06/2023;19,95;19,95
12004;3117;05/06/2023;32,00;32,00
12066;3117;05/06/2023;48,50;41,23
12190;3117;05/06/2023;18,00;18,00
20015;3117;05/06/2023;17,95;17,95
20041;3117;05/06/2023;6,50;6,50
20088;3117;05/06/2023;44,00;44,00
20131;3117;05/06/2023;14,50;12,32
30012;3117;05/06/2023;12,95;12,95
30077;3117;05/06/2023;42,00;42,00
30154;3117;05/06/2023;13,50;13,50
30209;3117;05/06/2023;29,95;29,95
10023;3122;05/06/2023;9,50;9,50
10047;3122;05/06/2023;9,00;9,00
10112;3122;05/06/2023;16,95;16,95
10310;3122;05/06/2023;21,50;21,50
11020;3122;05/06/2023;14,95;14,95
11085;3122;05/06/2023;8,95;8,95
11142;3122;05/06/2023;19,95;19,95
12004;3122;05/06/2023;32,00;32,00
12066;3122;05/06/2023;48,50;41,23
12190;3122;05/06/2023;18,00;18,00
20015;3122;05/06/2023;17,95;17,95
20041;3122;05/06/2023;6,50;6,50
20088;3122;05/06/2023;44,00;44,00
20131;3122;05/06/2023;14,50;12,32
30012;3122;05/06/2023;12,95;12,95
30077;3122;05/06/2023;42,00;42,00
30154;3122;05/06/2023;13,50;13,50
30209;3122;05/06/2023;29,95;29,95
10023;4201;05/06/2023;9,50;9,50
10047;4201;05/06/2023;9,00;9,00
10112;4201;05/06/2023;16,95;16,95
10310;4201;05/06/2023;21,50;19,35
11020;4201;05/06/2023;14,95;14,95
11085;4201;05/06/2023;8,95;8,95
11142;4201;05/06/2023;19,95;19,95
12004;4201;05/06/2023;32,00;32,00
12066;4201;05/06/2023;48,50;41,23
12190;4201;05/06/2023;18,00;18,00
20015;4201;05/06/2023;17,95;17,95
20041;4201;05/06/2023;6,50;6,50
20088;4201;05/06/2023;44,00;44,00
20131;4201;05/06/2023;14,50;12,32
30012;4201;05/06/2023;12,95;9,71
30077;4201;05/06/2023;42,00;42,00
30154;4201;05/06/2023;13,50;13,50
30209;4201;05/06/2023;29,95;29,95
10023;4205;05/06/2023;9,50;9,50
10047;4205;05/06/2023;9,00;9,00
10112;4205;05/06/2023;16,95;16,95
10310;4205;05/06/2023;21,50;19,35
11020;4205;05/06/2023;14,95;14,95
11085;4205;05/06/2023;8,95;8,95
11142;4205;05/06/2023;19,95;19,95
12004;4205;05/06/2023;32,00;32,00
12066;4205;05/06/2023;48,50;41,23
12190;4205;05/06/2023;18,00;18,00
20015;4205;05/06/2023;17,95;17,95
20041;4205;05/06/2023;6,50;6,50
20088;4205;05/06/2023;44,00;44,00
20131;4205;05/06/2023;14,50;12,32
30012;4205;05/06/2023;12,95;9,71
30077;4205;05/06/2023;42,00;42,00
30154;4205;05/06/2023;13,50;13,50
30209;4205;05/06/2023;29,95;29,95
10023;4218;05/06/2023;9,50;9,50
10047;4218;05/06/2023;9,00;9,00
10112;4218;05/06/2023;16,95;16,95
10310;4218;05/06/2023;21,50;19,35
11020;4218;05/06/2023;14,95;14,95
11085;4218;05/06/2023;8,95;8,95
11142;4218;05/06/2023;19,95;19,95
12004;4218;05/06/2023;32,00;32,00
12066;4218;05/06/2023;48,50;41,23
12190;4218;05/06/2023;18,00;18,00
20015;4218;05/06/2023;17,95;17,95
20041;4218;05/06/2023;6,50;6,50
20088;4218;05/06/2023;44,00;44,00
20131;4218;05/06/2023;14,50;12,32
30012;4218;05/06/2023;12,95;9,71
30077;4218;05/06/2023;42,00;42,00
30154;4218;05/06/2023;13,50;13,50
30209;4218;05/06/2023;29,95;29,95
99001;4218;05/06/2023;0,00;0,00
10023;5502;05/06/2023;9,50;9,50
10047;5502;05/06/2023;9,00;9,00
10112;5502;05/06/2023;16,95;16,95
10310;5502;05/06/2023;21,50;19,35
11020;5502;05/06/2023;14,95;14,95
11085;5502;05/06/2023;8,95;8,95
11142;5502;05/06/2023;19,95;19,95
12004;5502;05/06/2023;32,00;32,00
12066;5502;05/06/2023;48,50;41,23
12190;5502;05/06/2023;18,00;18,00
20015;5502;05/06/2023;17,95;17,95
20041;5502;05/06/2023;6,50;6,50
20088;5502;05/06/2023;44,00;44,00
20131;5502;05/06/2023;14,50;12,32
30012;5502;05/06/2023;12,95;9,71
30077;5502;05/06/2023;42,00;42,00
30154;5502;05/06/2023;13,50;13,50
30209;5502;05/06/2023;29,95;29,95
99001;5502;05/06/2023;0,00;0,00
10023;5511;05/06/2023;9,50;9,50
10047;5511;05/06/2023;9,00;9,00
10112;5511;05/06/2023;16,95;16,95
10310;5511;05/06/2023;21,50;19,35
11020;5511;05/06/2023;14,95;14,95
11085;5511;05/06/2023;8,95;8,95
11142;5511;05/06/2023;19,95;19,95
12004;5511;05/06/2023;32,00;32,00
12066;5511;05/06/2023;48,50;41,23
12190;5511;05/06/2023;18,00;18,00
20015;5511;05/06/2023;17,95;17,95
20041;5511;05/06/2023;6,50;6,50
20088;5511;05/06/2023;44,00;44,00
20131;5511;05/06/2023;14,50;12,32
30012;5511;05/06/2023;12,95;9,71
30077;5511;05/06/2023;42,00;42,00
30154;5511;05/06/2023;13,50;13,50
30209;5511;05/06/2023;29,95;29,95
10023;9001;05/06/2023;9,50;9,50
10047;9001;05/06/2023;9,00;9,00
10112;9001;05/06/2023;16,95;16,95
10310;9001;05/06/2023;21,50;21,50
11020;9001;05/06/2023;14,95;14,95
11085;9001;05/06/2023;8,95;8,95
11142;9001;05/06/2023;19,95;19,95
12004;9001;05/06/2023;32,00;32,00
12066;9001;05/06/2023;48,50;41,23
12190;9001;05/06/2023;18,00;18,00
20015;9001;05/06/2023;17,95;17,95
20041;9001;05/06/2023;6,50;6,50
20088;9001;05/06/2023;44,00;44,00
20131;9001;05/06/2023;14,50;12,32
30012;9001;05/06/2023;12,95;12,95
30077;9001;05/06/2023;42,00;42,00
30154;9001;05/06/2023;13,50;13,50
30209;9001;05/06/2023;29,95;29,95
99001;9001;05/06/2023;0,00;0,00
10023;1199;05/06/2023;9,50;9,50
10047;1199;05/06/2023;9,00;9,00
10112;1199;05/06/2023;16,95;16,95
10310;1199;05/06/2023;21,50;21,50
11020;1199;05/06/2023;14,95;14,95
11085;1199;05/06/2023;8,95;8,95
11142;1199;05/06/2023;19,95;19,95
12004;1199;05/06/2023;32,00;32,00
12066;1199;05/06/2023;48,50;41,23
12190;1199;05/06/2023;18,00;18,00
20015;1199;05/06/2023;17,95;17,95
20041;1199;05/06/2023;6,50;6,50
20088;1199;05/06/2023;44,00;44,00
20131;1199;05/06/2023;14,50;12,32
30012;1199;05/06/2023;12,95;12,95
30077;1199;05/06/2023;42,00;42,00
30154;1199;05/06/2023;13,50;13,50
30209;1199;05/06/2023;29,95;29,95
10310;1101;12/06/2023;21,50;18,27
20131;1101;12/06/2023;14,50;9,71
10310;1102;12/06/2023;21,50;18,27
20131;1102;12/06/2023;14,50;9,71
10310;1103;12/06/2023;21,50;18,27
20131;1103;12/06/2023;14,50;9,71
10310;1108;12/06/2023;21,50;18,27
20131;1108;12/06/2023;14,50;9,71
10310;3104;12/06/2023;21,50;18,27
10310;3117;12/06/2023;21,50;18,27
10310;3122;12/06/2023;21,50;18,27
10310;4201;12/06/2023;21,50;18,27
20131;4201;12/06/2023;14,50;9,71
10310;4205;12/06/2023;21,50;18,27
20131;4205;12/06/2023;14,50;9,71
10310;4218;12/06/2023;21,50;18,27
20131;4218;12/06/2023;14,50;9,71
10310;5502;12/06/2023;21,50;18,27
10310;5511;12/06/2023;21,50;18,27
10310;9001;12/06/2023;21,50;18,27
10023;1101;19/06/2023;9,50;9,50
10047;1101;19/06/2023;9,00;9,00
10112;1101;19/06/2023;16,95;16,95
10310;1101;19/06/2023;21,50;21,50
11020;1101;19/06/2023;14,95;14,95
11085;1101;19/06/2023;8,95;8,95
11142;1101;19/06/2023;19,95;19,95
12004;1101;19/06/2023;32,00;32,00
12066;1101;19/06/2023;48,50;48,50
12190;1101;19/06/2023;18,00;18,00
20015;1101;19/06/2023;17,95;17,95
20041;1101;19/06/2023;6,50;6,50
20088;1101;19/06/2023;44,00;44,00
20131;1101;19/06/2023;14,50;14,50
30012;1101;19/06/2023;12,95;12,95
30077;1101;19/06/2023;42,00;37,80
30154;1101;19/06/2023;13,50;13,50
30209;1101;19/06/2023;29,95;29,95
10023;1102;19/06/2023;9,50;9,50
10047;1102;19/06/2023;9,00;9,00
10112;1102;19/06/2023;16,95;16,95
10310;1102;19/06/2023;21,50;21,50
11020;1102;19/06/2023;14,95;14,95
11085;1102;19/06/2023;8,95;8,95
11142;1102;19/06/2023;19,95;19,95
12004;1102;19/06/2023;32,00;32,00
12066;1102;19/06/2023;48,50;48,50
12190;1102;19/06/2023;18,00;18,00
20015;1102;19/06/2023;17,95;17,95
20041;1102;19/06/2023;6,50;6,50
20088;1102;19/06/2023;44,00;44,00
20131;1102;19/06/2023;14,50;14,50
30012;1102;19/06/2023;12,95;12,95
30077;1102;19/06/2023;42,00;37,80
30154;1102;19/06/2023;13,50;13,50
30209;1102;19/06/2023;29,95;29,95
10023;1103;19/06/2023;9,50;9,50
10047;1103;19/06/2023;9,00;9,00
10112;1103;19/06/2023;16,95;16,95
10310;1103;19/06/2023;21,50;21,50
11020;1103;19/06/2023;14,95;14,95
11085;1103;19/06/2023;8,95;8,95
11142;1103;19/06/2023;19,95;19,95
12004;1103;19/06/2023;32,00;32,00
12066;1103;19/06/2023;48,50;48,50
12190;1103;19/06/2023;18,00;18,00
20015;1103;19/06/2023;17,95;17,95
20041;1103;19/06/2023;6,50;6,50
20088;1103;19/06/2023;44,00;44,00
20131;1103;19/06/2023;14,50;14,50
30012;1103;19/06/2023;12,95;12,95
30077;1103;19/06/2023;42,00;37,80
30154;1103;19/06/2023;13,50;13,50
30209;1103;19/06/2023;29,95;29,95
10023;1108;19/06/2023;9,50;9,50
10047;1108;19/06/2023;9,00;9,00
10112;1108;19/06/2023;16,95;16,95
10310;1108;19/06/2023;21,50;21,50
11020;1108;19/06/2023;14,95;14,95
11085;1108;19/06/2023;8,95;8,95
11142;1108;19/06/2023;19,95;19,95
12004;1108;19/06/2023;32,00;32,00
12066;1108;19/06/2023;48,50;48,50
12190;1108;19/06/2023;18,00;18,00
20015;1108;19/06/2023;17,95;17,95
20041;1108;19/06/2023;6,50;6,50
20088;1108;19/06/2023;44,00;44,00
20131;1108;19/06/2023;14,50;14,50
30012;1108;19/06/2023;12,95;12,95
30077;1108;19/06/2023;42,00;37,80
30154;1108;19/06/2023;13,50;13,50
30209;1108;19/06/2023;29,95;29,95
10023;3104;19/06/2023;9,50;9,50
10047;3104;19/06/2023;9,00;9,00
10112;3104;19/06/2023;16,95;16,95
10310;3104;19/06/2023;21,50;21,50
11020;3104;19/06/2023;14,95;14,95
11085;3104;19/06/2023;8,95;8,95
11142;3104;19/06/2023;19,95;19,95
12004;3104;19/06/2023;32,00;32,00
12066;3104;19/06/2023;48,50;48,50
12190;3104;19/06/2023;18,00;18,00
20015;3104;19/06/2023;17,95;17,95
20041;3104;19/06/2023;6,50;6,50
20088;3104;19/06/2023;44,00;44,00
20131;3104;19/06/2023;14,50;14,50
30012;3104;19/06/2023;12,95;12,95
30077;3104;19/06/2023;42,00;37,80
30154;3104;19/06/2023;13,50;13,50
30209;3104;19/06/2023;29,95;29,95
99001;3104;19/06/2023;0,00;0,00
10023;3117;19/06/2023;9,50;9,50
10047;3117;19/06/2023;9,00;9,00
10112;3117;19/06/2023;16,95;16,95
10310;3117;19/06/2023;21,50;21,50
11020;3117;19/06/2023;14,95;14,95
11085;3117;19/06/2023;8,95;8,95
11142;3117;19/06/2023;19,95;19,95
12004;3117;19/06/2023;32,00;32,00
12066;3117;19/06/2023;48,50;48,50
12190;3117;19/06/2023;18,00;18,00
20015;3117;19/06/2023;17,95;17,95
20041;3117;19/06/2023;6,50;6,50
20088;3117;19/06/2023;44,00;44,00
20131;3117;19/06/2023;14,50;14,50
30012;3117;19/06/2023;12,95;12,95
30077;3117;19/06/2023;42,00;37,80
30154;3117;19/06/2023;13,50;13,50
30209;3117;19/06/2023;29,95;29,95
10023;3122;19/06/2023;9,50;9,50
10047;3122;19/06/2023;9,00;9,00
10112;3122;19/06/2023;16,95;16,95
10310;3122;19/06/2023;21,50;21,50
11020;3122;19/06/2023;14,95;14,95
11085;3122;19/06/2023;8,95;8,95
11142;3122;19/06/2023;19,95;19,95
12004;3122;19/06/2023;32,00;32,00
12066;3122;19/06/2023;48,50;48,50
12190;3122;19/06/2023;18,00;18,00
20015;3122;19/06/2023;17,95;17,95
20041;3122;19/06/2023;6,50;6,50
20088;3122;19/06/2023;44,00;44,00
20131;3122;19/06/2023;14,50;14,50
30012;3122;19/06/2023;12,95;12,95
30077;3122;19/06/2023;42,00;37,80
30154;3122;19/06/2023;13,50;13,50
30209;3122;19/06/2023;29,95;29,95
10023;4201;19/06/2023;9,50;9,50
10047;4201;19/06/2023;9,00;9,00
10112;4201;19/06/2023;16,95;16,95
10310;4201;19/06/2023;21,50;21,50
11020;4201;19/06/2023;14,95;14,95
11085;4201;19/06/2023;8,95;8,95
11142;4201;19/06/2023;19,95;19,95
12004;4201;19/06/2023;32,00;32,00
12066;4201;19/06/2023;48,50;48,50
12190;4201;19/06/2023;18,00;18,00
20015;4201;19/06/2023;17,95;17,95
20041;4201;19/06/2023;6,50;6,50
20088;4201;19/06/2023;44,00;44,00
20131;4201;19/06/2023;14,50;14,50
30012;4201;19/06/2023;12,95;12,95
30077;4201;19/06/2023;42,00;37,80
30154;4201;19/06/2023;13,50;13,50
30209;4201;19/06/2023;29,95;29,95
10023;4205;19/06/2023;9,50;9,50
10047;4205;19/06/2023;9,00;9,00
10112;4205;19/06/2023;16,95;16,95
10310;4205;19/06/2023;21,50;21,50
11020;4205;19/06/2023;14,95;14,95
11085;4205;19/06/2023;8,95;8,95
11142;4205;19/06/2023;19,95;19,95
12004;4205;19/06/2023;32,00;32,00
12066;4205;19/06/2023;48,50;48,50
12190;4205;19/06/2023;18,00;18,00
20015;4205;19/06/2023;17,95;17,95
20041;4205;19/06/2023;6,50;6,50
20088;4205;19/06/2023;44,00;44,00
20131;4205;19/06/2023;14,50;14,50
30012;4205;19/06/2023;12,95;12,95
30077;4205;19/06/2023;42,00;37,80
30154;4205;19/06/2023;13,50;13,50
30209;4205;19/06/2023;29,95;29,95
10023;4218;19/06/2023;9,50;9,50
10047;4218;19/06/2023;9,00;9,00
10112;4218;19/06/2023;16,95;16,95
10310;4218;19/06/2023;21,50;21,50
11020;4218;19/06/2023;14,95;14,95
11085;4218;19/06/2023;8,95;8,95
11142;4218;19/06/2023;19,95;19,95
12004;4218;19/06/2023;32,00;32,00
12066;4218;19/06/2023;48,50;48,50
12190;4218;19/06/2023;18,00;18,00
20015;4218;19/06/2023;17,95;17,95
20041;4218;19/06/2023;6,50;6,50
20088;4218;19/06/2023;44,00;44,00
20131;4218;19/06/2023;14,50;14,50
30012;4218;19/06/2023;12,95;12,95
30077;4218;19/06/2023;42,00;37,80
30154;4218;19/06/2023;13,50;13,50
30209;4218;19/06/2023;29,95;29,95
99001;4218;19/06/2023;0,00;0,00
10023;5502;19/06/2023;9,50;9,50
10047;5502;19/06/2023;9,00;9,00
10112;5502;19/06/2023;16,95;16,95
10310;5502;19/06/2023;21,50;21,50
11020;5502;19/06/2023;14,95;14,95
11085;5502;19/06/2023;8,95;8,95
11142;5502;19/06/2023;19,95;19,95
12004;5502;19/06/2023;32,00;32,00
12066;5502;19/06/2023;48,50;48,50
12190;5502;19/06/2023;18,00;18,00
20015;5502;19/06/2023;17,95;17,95
20041;5502;19/06/2023;6,50;6,50
20088;5502;19/06/2023;44,00;44,00
20131;5502;19/06/2023;14,50;14,50
30012;5502;19/06/2023;12,95;12,95
30077;5502;19/06/2023;42,00;37,80
30154;5502;19/06/2023;13,50;13,50
30209;5502;19/06/2023;29,95;29,95
10023;5511;19/06/2023;9,50;9,50
10047;5511;19/06/2023;9,00;9,00
10112;5511;19/06/2023;16,95;16,95
10310;5511;19/06/2023;21,50;21,50
11020;5511;19/06/2023;14,95;14,95
11085;5511;19/06/2023;8,95;8,95
11142;5511;19/06/2023;19,95;19,95
12004;5511;19/06/2023;32,00;32,00
12066;5511;19/06/2023;48,50;48,50
12190;5511;19/06/2023;18,00;18,00
20015;5511;19/06/2023;17,95;17,95
20041;5511;19/06/2023;6,50;6,50
20088;5511;19/06/2023;44,00;44,00
20131;5511;19/06/2023;14,50;14,50
30012;5511;19/06/2023;12,95;12,95
30077;5511;19/06/2023;42,00;37,80
30154;5511;19/06/2023;13,50;13,50
30209;5511;19/06/2023;29,95;29,95
10023;9001;19/06/2023;9,50;9,50
10047;9001;19/06/2023;9,00;9,00
10112;9001;19/06/2023;16,95;16,95
10310;9001;19/06/2023;21,50;21,50
11020;9001;19/06/2023;14,95;14,95
11085;9001;19/06/2023;8,95;8,95
11142;9001;19/06/2023;19,95;19,95
12004;9001;19/06/2023;32,00;32,00
12066;9001;19/06/2023;48,50;48,50
12190;9001;19/06/2023;18,00;18,00
20015;9001;19/06/2023;17,95;17,95
20041;9001;19/06/2023;6,50;6,50
20088;9001;19/06/2023;44,00;44,00
20131;9001;19/06/2023;14,50;14,50
30012;9001;19/06/2023;12,95;12,95
30077;9001;19/06/2023;42,00;37,80
30154;9001;19/06/2023;13,50;13,50
30209;9001;19/06/2023;29,95;29,95
10023;1199;19/06/2023;9,50;9,50
10047;1199;19/06/2023;9,00;9,00
10112;1199;19/06/2023;16,95;16,95
10310;1199;19/06/2023;21,50;21,50
11020;1199;19/06/2023;14,95;14,95
11085;1199;19/06/2023;8,95;8,95
11142;1199;19/06/2023;19,95;19,95
12004;1199;19/06/2023;32,00;32,00
12066;1199;19/06/2023;48,50;48,50
12190;1199;19/06/2023;18,00;18,00
20015;1199;19/06/2023;17,95;17,95
20041;1199;19/06/2023;6,50;6,50
20088;1199;19/06/2023;44,00;44,00
20131;1199;19/06/2023;14,50;14,50
30012;1199;19/06/2023;12,95;12,95
30077;1199;19/06/2023;42,00;37,80
30154;1199;19/06/2023;13,50;13,50
30209;1199;19/06/2023;29,95;29,95
99001;1199;19/06/2023;0,00;0,00
11085;4201;26/06/2023;8,95;6,71
11085;4205;26/06/2023;8,95;6,71
11085;4218;26/06/2023;8,95;6,71
11085;5502;26/06/2023;8,95;6,71
11085;5511;26/06/2023;8,95;6,71
10023;1101;03/07/2023;9,50;9,50
10047;1101;03/07/2023;9,00;9,00
10112;1101;03/07/2023;16,95;16,95
10310;1101;03/07/2023;21,50;21,50
11020;1101;03/07/2023;14,95;14,95
11085;1101;03/07/2023;8,95;8,95
11142;1101;03/07/2023;19,95;19,95
12004;1101;03/07/2023;32,00;25,60
12066;1101;03/07/2023;48,50;32,49
12190;1101;03/07/2023;18,00;18,00
20015;1101;03/07/2023;17,95;17,95
20041;1101;03/07/2023;6,50;6,50
20088;1101;03/07/2023;44,00;44,00
20131;1101;03/07/2023;14,50;14,50
30012;1101;03/07/2023;12,95;12,95
30077;1101;03/07/2023;42,00;42,00
30154;1101;03/07/2023;13,50;13,50
30209;1101;03/07/2023;29,95;29,95
10023;1102;03/07/2023;9,50;9,50
10047;1102;03/07/2023;9,00;9,00
10112;1102;03/07/2023;16,95;16,95
10310;1102;03/07/2023;21,50;21,50
11020;1102;03/07/2023;14,95;14,95
11085;1102;03/07/2023;8,95;8,95
11142;1102;03/07/2023;19,95;19,95
12004;1102;03/07/2023;32,00;25,60
12066;1102;03/07/2023;48,50;32,49
12190;1102;03/07/2023;18,00;18,00
20015;1102;03/07/2023;17,95;17,95
20041;1102;03/07/2023;6,50;6,50
20088;1102;03/07/2023;44,00;44,00
20131;1102;03/07/2023;14,50;14,50
30012;1102;03/07/2023;12,95;12,95
30077;1102;03/07/2023;42,00;42,00
30154;1102;03/07/2023;13,50;13,50
30209;1102;03/07/2023;29,95;29,95
99001;1102;03/07/2023;0,00;0,00
10023;1103;03/07/2023;9,50;9,50
10047;1103;03/07/2023;9,00;9,00
10112;1103;03/07/2023;16,95;16,95
10310;1103;03/07/2023;21,50;21,50
11020;1103;03/07/2023;14,95;14,95
11085;1103;03/07/2023;8,95;8,95
11142;1103;03/07/2023;19,95;19,95
12004;1103;03/07/2023;32,00;25,60
12066;1103;03/07/2023;48,50;32,49
12190;1103;03/07/2023;18,00;18,00
20015;1103;03/07/2023;17,95;17,95
20041;1103;03/07/2023;6,50;6,50
20088;1103;03/07/2023;44,00;44,00
20131;1103;03/07/2023;14,50;14,50
30012;1103;03/07/2023;12,95;12,95
30077;1103;03/07/2023;42,00;42,00
30154;1103;03/07/2023;13,50;13,50
30209;1103;03/07/2023;29,95;29,95
10023;1108;03/07/2023;9,50;9,50
10047;1108;03/07/2023;9,00;9,00
10112;1108;03/07/2023;16,95;16,95
10310;1108;03/07/2023;21,50;21,50
11020;1108;03/07/2023;14,95;14,95
11085;1108;03/07/2023;8,95;8,95
11142;1108;03/07/2023;19,95;19,95
12004;1108;03/07/2023;32,00;25,60
12066;1108;03/07/2023;48,50;32,49
12190;1108;03/07/2023;18,00;18,00
20015;1108;03/07/2023;17,95;17,95
20041;1108;03/07/2023;6,50;6,50
20088;1108;03/07/2023;44,00;44,00
20131;1108;03/07/2023;14,50;14,50
30012;1108;03/07/2023;12,95;12,95
30077;1108;03/07/2023;42,00;42,00
30154;1108;03/07/2023;13,50;13,50
30209;1108;03/07/2023;29,95;29,95
10023;3104;03/07/2023;9,50;9,50
10047;3104;03/07/2023;9,00;9,00
10112;3104;03/07/2023;16,95;16,95
10310;3104;03/07/2023;21,50;21,50
11020;3104;03/07/2023;14,95;14,95
11085;3104;03/07/2023;8,95;8,95
11142;3104;03/07/2023;19,95;19,95
12004;3104;03/07/2023;32,00;25,60
12066;3104;03/07/2023;48,50;32,49
12190;3104;03/07/2023;18,00;18,00
20015;3104;03/07/2023;17,95;17,95
20041;3104;03/07/2023;6,50;6,50
20088;3104;03/07/2023;44,00;44,00
20131;3104;03/07/2023;14,50;14,50
30012;3104;03/07/2023;12,95;12,95
30077;3104;03/07/2023;42,00;42,00
30154;3104;03/07/2023;13,50;13,50
30209;3104;03/07/2023;29,95;29,95
10023;3117;03/07/2023;9,50;9,50
10047;3117;03/07/2023;9,00;9,00
10112;3117;03/07/2023;16,95;16,95
10310;3117;03/07/2023;21,50;21,50
11020;3117;03/07/2023;14,95;14,95
11085;3117;03/07/2023;8,95;8,95
11142;3117;03/07/2023;19,95;19,95
12004;3117;03/07/2023;32,00;25,60
12066;3117;03/07/2023;48,50;32,49
12190;3117;03/07/2023;18,00;18,00
20015;3117;03/07/2023;17,95;17,95
20041;3117;03/07/2023;6,50;6,50
20088;3117;03/07/2023;44,00;44,00
20131;3117;03/07/2023;14,50;14,50
30012;3117;03/07/2023;12,95;12,95
30077;3117;03/07/2023;42,00;42,00
30154;3117;03/07/2023;13,50;13,50
30209;3117;03/07/2023;29,95;29,95
10023;3122;03/07/2023;9,50;9,50
10047;3122;03/07/2023;9,00;9,00
10112;3122;03/07/2023;16,95;16,95
10310;3122;03/07/2023;21,50;21,50
11020;3122;03/07/2023;14,95;14,95
11085;3122;03/07/2023;8,95;8,95
11142;3122;03/07/2023;19,95;19,95
12004;3122;03/07/2023;32,00;25,60
12066;3122;03/07/2023;48,50;32,49
12190;3122;03/07/2023;18,00;18,00
20015;3122;03/07/2023;17,95;17,95
20041;3122;03/07/2023;6,50;6,50
20088;3122;03/07/2023;44,00;44,00
20131;3122;03/07/2023;14,50;14,50
30012;3122;03/07/2023;12,95;12,95
30077;3122;03/07/2023;42,00;42,00
30154;3122;03/07/2023;13,50;13,50
30209;3122;03/07/2023;29,95;29,95
10023;4201;03/07/2023;9,50;9,50
10047;4201;03/07/2023;9,00;9,00
10112;4201;03/07/2023;16,95;16,95
10310;4201;03/07/2023;21,50;17,20
11020;4201;03/07/2023;14,95;14,95
11085;4201;03/07/2023;8,95;8,95
11142;4201;03/07/2023;19,95;19,95
12004;4201;03/07/2023;32,00;25,60
12066;4201;03/07/2023;48,50;32,49
12190;4201;03/07/2023;18,00;18,00
20015;4201;03/07/2023;17,95;17,95
20041;4201;03/07/2023;6,50;6,50
20088;4201;03/07/2023;44,00;44,00
20131;4201;03/07/2023;14,50;14,50
30012;4201;03/07/2023;12,95;12,95
30077;4201;03/07/2023;42,00;42,00
30154;4201;03/07/2023;13,50;13,50
30209;4201;03/07/2023;29,95;29,95
10023;4205;03/07/2023;9,50;9,50
10047;4205;03/07/2023;9,00;9,00
10112;4205;03/07/2023;16,95;16,95
10310;4205;03/07/2023;21,50;17,20
11020;4205;03/07/2023;14,95;14,95
11085;4205;03/07/2023;8,95;8,95
11142;4205;03/07/2023;19,95;19,95
12004;4205;03/07/2023;32,00;25,60
12066;4205;03/07/2023;48,50;32,49
12190;4205;03/07/2023;18,00;18,00
20015;4205;03/07/2023;17,95;17,95
20041;4205;03/07/2023;6,50;6,50
20088;4205;03/07/2023;44,00;44,00
20131;4205;03/07/2023;14,50;14,50
30012;4205;03/07/2023;12,95;12,95
30077;4205;03/07/2023;42,00;42,00
30154;4205;03/07/2023;13,50;13,50
30209;4205;03/07/2023;29,95;29,95
10023;4218;03/07/2023;9,50;9,50
10047;4218;03/07/2023;9,00;9,00
10112;4218;03/07/2023;16,95;16,95
10310;4218;03/07/2023;21,50;17,20
11020;4218;03/07/2023;14,95;14,95
11085;4218;03/07/2023;8,95;8,95
11142;4218;03/07/2023;19,95;19,95
12004;4218;03/07/2023;32,00;25,60
12066;4218;03/07/2023;48,50;32,49
12190;4218;03/07/2023;18,00;18,00
20015;4218;03/07/2023;17,95;17,95
20041;4218;03/07/2023;6,50;6,50
20088;4218;03/07/2023;44,00;44,00
20131;4218;03/07/2023;14,50;14,50
30012;4218;03/07/2023;12,95;12,95
30077;4218;03/07/2023;42,00;42,00
30154;4218;03/07/2023;13,50;13,50
30209;4218;03/07/2023;29,95;29,95
10023;5502;03/07/2023;9,50;9,50
10047;5502;03/07/2023;9,00;9,00
10112;5502;03/07/2023;16,95;16,95
10310;5502;03/07/2023;21,50;17,20
11020;5502;03/07/2023;14,95;14,95
11085;5502;03/07/2023;8,95;8,95
11142;5502;03/07/2023;19,95;19,95
12004;5502;03/07/2023;32,00;25,60
12066;5502;03/07/2023;48,50;32,49
12190;5502;03/07/2023;18,00;18,00
20015;5502;03/07/2023;17,95;17,95
20041;5502;03/07/2023;6,50;6,50
20088;5502;03/07/2023;44,00;44,00
20131;5502;03/07/2023;14,50;14,50
30012;5502;03/07/2023;12,95;12,95
30077;5502;03/07/2023;42,00;42,00
30154;5502;03/07/2023;13,50;13,50
30209;5502;03/07/2023;29,95;29,95
10023;5511;03/07/2023;9,50;9,50
10047;5511;03/07/2023;9,00;9,00
10112;5511;03/07/2023;16,95;16,95
10310;5511;03/07/2023;21,50;17,20
11020;5511;03/07/2023;14,95;14,95
11085;5511;03/07/2023;8,95;8,95
11142;5511;03/07/2023;19,95;19,95
12004;5511;03/07/2023;32,00;25,60
12066;5511;03/07/2023;48,50;32,49
12190;5511;03/07/2023;18,00;18,00
20015;5511;03/07/2023;17,95;17,95
20041;5511;03/07/2023;6,50;6,50
20088;5511;03/07/2023;44,00;44,00
20131;5511;03/07/2023;14,50;14,50
30012;5511;03/07/2023;12,95;12,95
30077;5511;03/07/2023;42,00;42,00
30154;5511;03/07/2023;13,50;13,50
30209;5511;03/07/2023;29,95;29,95
99001;5511;03/07/2023;0,00;0,00
10023;9001;03/07/2023;9,50;9,50
10047;9001;03/07/2023;9,00;9,00
10112;9001;03/07/2023;16,95;16,95
10310;9001;03/07/2023;21,50;21,50
11020;9001;03/07/2023;14,95;14,95
11085;9001;03/07/2023;8,95;8,95
11142;9001;03/07/2023;19,95;19,95
12004;9001;03/07/2023;32,00;25,60
12066;9001;03/07/2023;48,50;32,49
12190;9001;03/07/2023;18,00;18,00
20015;9001;03/07/2023;17,95;17,95
20041;9001;03/07/2023;6,50;6,50
20088;9001;03/07/2023;44,00;44,00
20131;9001;03/07/2023;14,50;14,50
30012;9001;03/07/2023;12,95;12,95
30077;9001;03/07/2023;42,00;42,00
30154;9001;03/07/2023;13,50;13,50
30209;9001;03/07/2023;29,95;29,95
12066;1101;10/07/2023;48,50;38,80
12066;1102;10/07/2023;48,50;38,80
12066;1103;10/07/2023;48,50;38,80
12066;1108;10/07/2023;48,50;38,80
12066;3104;10/07/2023;48,50;38,80
12066;3117;10/07/2023;48,50;38,80
12066;3122;10/07/2023;48,50;38,80
12066;4201;10/07/2023;48,50;38,80
12066;4205;10/07/2023;48,50;38,80
12066;4218;10/07/2023;48,50;38,80
12066;5502;10/07/2023;48,50;38,80
12066;5511;10/07/2023;48,50;38,80
12066;9001;10/07/2023;48,50;38,80
12066;1199;10/07/2023;48,50;38,80
10023;1101;17/07/2023;9,50;9,50
10047;1101;17/07/2023;9,00;9,00
10112;1101;17/07/2023;16,95;16,95
10310;1101;17/07/2023;21,50;21,50
11020;1101;17/07/2023;14,95;14,95
11085;1101;17/07/2023;8,95;8,95
11142;1101;17/07/2023;19,95;19,95
12004;1101;17/07/2023;32,00;32,00
12066;1101;17/07/2023;48,50;48,50
12190;1101;17/07/2023;18,00;18,00
20015;1101;17/07/2023;17,95;14,36
20041;1101;17/07/2023;6,50;6,50
20088;1101;17/07/2023;44,00;44,00
20131;1101;17/07/2023;14,50;14,50
30012;1101;17/07/2023;12,95;12,95
30077;1101;17/07/2023;42,00;42,00
30154;1101;17/07/2023;13,50;13,50
30209;1101;17/07/2023;29,95;29,95
10023;1102;17/07/2023;9,50;9,50
10047;1102;17/07/2023;9,00;9,00
10112;1102;17/07/2023;16,95;16,95
10310;1102;17/07/2023;21,50;21,50
11020;1102;17/07/2023;14,95;14,95
11085;1102;17/07/2023;8,95;8,95
11142;1102;17/07/2023;19,95;19,95
12004;1102;17/07/2023;32,00;32,00
12066;1102;17/07/2023;48,50;48,50
12190;1102;17/07/2023;18,00;18,00
20015;1102;17/07/2023;17,95;14,36
20041;1102;17/07/2023;6,50;6,50
20088;1102;17/07/2023;44,00;44,00
20131;1102;17/07/2023;14,50;14,50
30012;1102;17/07/2023;12,95;12,95
30077;1102;17/07/2023;42,00;42,00
30154;1102;17/07/2023;13,50;13,50
30209;1102;17/07/2023;29,95;29,95
99001;1102;17/07/2023;0,00;0,00
10023;1103;17/07/2023;9,50;9,50
10047;1103;17/07/2023;9,00;9,00
10112;1103;17/07/2023;16,95;16,95
10310;1103;17/07/2023;21,50;21,50
11020;1103;17/07/2023;14,95;14,95
11085;1103;17/07/2023;8,95;8,95
11142;1103;17/07/2023;19,95;19,95
12004;1103;17/07/2023;32,00;32,00
12066;1103;17/07/2023;48,50;48,50
12190;1103;17/07/2023;18,00;18,00
20015;1103;17/07/2023;17,95;14,36
20041;1103;17/07/2023;6,50;6,50
20088;1103;17/07/2023;44,00;44,00
20131;1103;17/07/2023;14,50;14,50
30012;1103;17/07/2023;12,95;12,95
30077;1103;17/07/2023;42,00;42,00
30154;1103;17/07/2023;13,50;13,50
30209;1103;17/07/2023;29,95;29,95
99001;1103;17/07/2023;0,00;0,00
10023;1108;17/07/2023;9,50;9,50
10047;1108;17/07/2023;9,00;9,00
10112;1108;17/07/2023;16,95;16,95
10310;1108;17/07/2023;21,50;21,50
11020;1108;17/07/2023;14,95;14,95
11085;1108;17/07/2023;8,95;8,95
11142;1108;17/07/2023;19,95;19,95
12004;1108;17/07/2023;32,00;32,00
12066;1108;17/07/2023;48,50;48,50
12190;1108;17/07/2023;18,00;18,00
20015;1108;17/07/2023;17,95;14,36
20041;1108;17/07/2023;6,50;6,50
20088;1108;17/07/2023;44,00;44,00
20131;1108;17/07/2023;14,50;14,50
30012;1108;17/07/2023;12,95;12,95
30077;1108;17/07/2023;42,00;42,00
30154;1108;17/07/2023;13,50;13,50
30209;1108;17/07/2023;29,95;29,95
10023;3104;17/07/2023;9,50;9,50
10047;3104;17/07/2023;9,00;9,00
10112;3104;17/07/2023;16,95;16,95
10310;3104;17/07/2023;21,50;21,50
11020;3104;17/07/2023;14,95;14,95
11085;3104;17/07/2023;8,95;8,95
11142;3104;17/07/2023;19,95;19,95
12004;3104;17/07/2023;32,00;32,00
12066;3104;17/07/2023;48,50;48,50
12190;3104;17/07/2023;18,00;18,00
20015;3104;17/07/2023;17,95;14,36
20041;3104;17/07/2023;6,50;6,50
20088;3104;17/07/2023;44,00;44,00
20131;3104;17/07/2023;14,50;14,50
30012;3104;17/07/2023;12,95;12,95
30077;3104;17/07/2023;42,00;42,00
30154;3104;17/07/2023;13,50;13,50
30209;3104;17/07/2023;29,95;29,95
10023;3117;17/07/2023;9,50;9,50
10047;3117;17/07/2023;9,00;9,00
10112;3117;17/07/2023;16,95;16,95
10310;3117;17/07/2023;21,50;21,50
11020;3117;17/07/2023;14,95;14,95
11085;3117;17/07/2023;8,95;8,95
11142;3117;17/07/2023;19,95;19,95
12004;3117;17/07/2023;32,00;32,00
12066;3117;17/07/2023;48,50;48,50
12190;3117;17/07/2023;18,00;18,00
20015;3117;17/07/2023;17,95;14,36
20041;3117;17/07/2023;6,50;6,50
20088;3117;17/07/2023;44,00;44,00
20131;3117;17/07/2023;14,50;14,50
30012;3117;17/07/2023;12,95;12,95
30077;3117;17/07/2023;42,00;42,00
30154;3117;17/07/2023;13,50;13,50
30209;3117;17/07/2023;29,95;29,95
10023;3122;17/07/2023;9,50;9,50
10047;3122;17/07/2023;9,00;9,00
10112;3122;17/07/2023;16,95;16,95
10310;3122;17/07/2023;21,50;21,50
11020;3122;17/07/2023;14,95;14,95
11085;3122;17/07/2023;8,95;8,95
11142;3122;17/07/2023;19,95;19,95
12004;3122;17/07/2023;32,00;32,00
12066;3122;17/07/2023;48,50;48,50
12190;3122;17/07/2023;18,00;18,00
20015;3122;17/07/2023;17,95;14,36
20041;3122;17/07/2023;6,50;6,50
20088;3122;17/07/2023;44,00;44,00
20131;3122;17/07/2023;14,50;14,50
30012;3122;17/07/2023;12,95;12,95
30077;3122;17/07/2023;42,00;42,00
30154;3122;17/07/2023;13,50;13,50
30209;3122;17/07/2023;29,95;29,95
10023;4201;17/07/2023;9,50;9,50
10047;4201;17/07/2023;9,00;9,00
10112;4201;17/07/2023;16,95;16,95
10310;4201;17/07/2023;21,50;21,50
11020;4201;17/07/2023;14,95;14,95
11085;4201;17/07/2023;8,95;8,95
11142;4201;17/07/2023;19,95;16,96
12004;4201;17/07/2023;32,00;32,00
12066;4201;17/07/2023;48,50;48,50
12190;4201;17/07/2023;18,00;18,00
20015;4201;17/07/2023;17,95;14,36
20041;4201;17/07/2023;6,50;6,50
20088;4201;17/07/2023;44,00;44,00
20131;4201;17/07/2023;14,50;14,50
30012;4201;17/07/2023;12,95;12,95
30077;4201;17/07/2023;42,00;42,00
30154;4201;17/07/2023;13,50;13,50
30209;4201;17/07/2023;29,95;29,95
10023;4205;17/07/2023;9,50;9,50
10047;4205;17/07/2023;9,00;9,00
10112;4205;17/07/2023;16,95;16,95
10310;4205;17/07/2023;21,50;21,50
11020;4205;17/07/2023;14,95;14,95
11085;4205;17/07/2023;8,95;8,95
11142;4205;17/07/2023;19,95;16,96
12004;4205;17/07/2023;32,00;32,00
12066;4205;17/07/2023;48,50;48,50
12190;4205;17/07/2023;18,00;18,00
20015;4205;17/07/2023;17,95;14,36
20041;4205;17/07/2023;6,50;6,50
20088;4205;17/07/2023;44,00;44,00
20131;4205;17/07/2023;14,50;14,50
30012;4205;17/07/2023;12,95;12,95
30077;4205;17/07/2023;42,00;42,00
30154;4205;17/07/2023;13,50;13,50
30209;4205;17/07/2023;29,95;29,95
99001;4205;17/07/2023;0,00;0,00
10023;4218;17/07/2023;9,50;9,50
10047;4218;17/07/2023;9,00;9,00
10112;4218;17/07/2023;16,95;16,95
10310;4218;17/07/2023;21,50;21,50
11020;4218;17/07/2023;14,95;14,95
11085;4218;17/07/2023;8,95;8,95
11142;4218;17/07/2023;19,95;16,96
12004;4218;17/07/2023;32,00;32,00
12066;4218;17/07/2023;48,50;48,50
12190;4218;17/07/2023;18,00;18,00
20015;4218;17/07/2023;17,95;14,36
20041;4218;17/07/2023;6,50;6,50
20088;4218;17/07/2023;44,00;44,00
20131;4218;17/07/2023;14,50;14,50
30012;4218;17/07/2023;12,95;12,95
30077;4218;17/07/2023;42,00;42,00
30154;4218;17/07/2023;13,50;13,50
30209;4218;17/07/2023;29,95;29,95
99001;4218;17/07/2023;0,00;0,00
10023;5502;17/07/2023;9,50;9,50
10047;5502;17/07/2023;9,00;9,00
10112;5502;17/07/2023;16,95;16,95
10310;5502;17/07/2023;21,50;21,50
11020;5502;17/07/2023;14,95;14,95
11085;5502;17/07/2023;8,95;8,95
11142;5502;17/07/2023;19,95;16,96
12004;5502;17/07/2023;32,00;32,00
12066;5502;17/07/2023;48,50;48,50
12190;5502;17/07/2023;18,00;18,00
20015;5502;17/07/2023;17,95;14,36
20041;5502;17/07/2023;6,50;6,50
20088;5502;17/07/2023;44,00;44,00
20131;5502;17/07/2023;14,50;14,50
30012;5502;17/07/2023;12,95;12,95
30077;5502;17/07/2023;42,00;42,00
30154;5502;17/07/2023;13,50;13,50
30209;5502;17/07/2023;29,95;29,95
10023;5511;17/07/2023;9,50;9,50
10047;5511;17/07/2023;9,00;9,00
10112;5511;17/07/2023;16,95;16,95
10310;5511;17/07/2023;21,50;21,50
11020;5511;17/07/2023;14,95;14,95
11085;5511;17/07/2023;8,95;8,95
11142;5511;17/07/2023;19,95;16,96
12004;5511;17/07/2023;32,00;32,00
12066;5511;17/07/2023;48,50;48,50
12190;5511;17/07/2023;18,00;18,00
20015;5511;17/07/2023;17,95;14,36
20041;5511;17/07/2023;6,50;6,50
20088;5511;17/07/2023;44,00;44,00
20131;5511;17/07/2023;14,50;14,50
30012;5511;17/07/2023;12,95;12,95
30077;5511;17/07/2023;42,00;42,00
30154;5511;17/07/2023;13,50;13,50
30209;5511;17/07/2023;29,95;29,95
99001;5511;17/07/2023;0,00;0,00
10023;9001;17/07/2023;9,50;9,50
10047;9001;17/07/2023;9,00;9,00
10112;9001;17/07/2023;16,95;16,95
10310;9001;17/07/2023;21,50;21,50
11020;9001;17/07/2023;14,95;14,95
11085;9001;17/07/2023;8,95;8,95
11142;9001;17/07/2023;19,95;19,95
12004;9001;17/07/2023;32,00;32,00
12066;9001;17/07/2023;48,50;48,50
12190;9001;17/07/2023;18,00;18,00
20015;9001;17/07/2023;17,95;14,36
20041;9001;17/07/2023;6,50;6,50
20088;9001;17/07/2023;44,00;44,00
20131;9001;17/07/2023;14,50;14,50
30012;9001;17/07/2023;12,95;12,95
30077;9001;17/07/2023;42,00;42,00
30154;9001;17/07/2023;13,50;13,50
30209;9001;17/07/2023;29,95;29,95
10023;1101;31/07/2023;9,50;9,50
10047;1101;31/07/2023;9,00;9,00
10112;1101;31/07/2023;16,95;16,95
10310;1101;31/07/2023;21,50;21,50
11020;1101;31/07/2023;14,95;14,95
11085;1101;31/07/2023;8,95;8,95
11142;1101;31/07/2023;19,95;13,37
12004;1101;31/07/2023;32,00;32,00
12066;1101;31/07/2023;48,50;48,50
12190;1101;31/07/2023;18,00;18,00
20015;1101;31/07/2023;17,95;17,95
20041;1101;31/07/2023;6,50;6,50
20088;1101;31/07/2023;44,00;44,00
20131;1101;31/07/2023;14,50;14,50
30012;1101;31/07/2023;12,95;12,95
30077;1101;31/07/2023;42,00;42,00
30154;1101;31/07/2023;13,50;13,50
30209;1101;31/07/2023;29,95;29,95
10023;1102;31/07/2023;9,50;9,50
10047;1102;31/07/2023;9,00;9,00
10112;1102;31/07/2023;16,95;16,95
10310;1102;31/07/2023;21,50;21,50
11020;1102;31/07/2023;14,95;14,95
11085;1102;31/07/2023;8,95;8,95
11142;1102;31/07/2023;19,95;13,37
12004;1102;31/07/2023;32,00;32,00
12066;1102;31/07/2023;48,50;48,50
12190;1102;31/07/2023;18,00;18,00
20015;1102;31/07/2023;17,95;17,95
20041;1102;31/07/2023;6,50;6,50
20088;1102;31/07/2023;44,00;44,00
20131;1102;31/07/2023;14,50;14,50
30012;1102;31/07/2023;12,95;12,95
30077;1102;31/07/2023;42,00;42,00
30154;1102;31/07/2023;13,50;13,50
30209;1102;31/07/2023;29,95;29,95
99001;1102;31/07/2023;0,00;0,00
10023;1103;31/07/2023;9,50;9,50
10047;1103;31/07/2023;9,00;9,00
10112;1103;31/07/2023;16,95;16,95
10310;1103;31/07/2023;21,50;21,50
11020;1103;31/07/2023;14,95;14,95
11085;1103;31/07/2023;8,95;8,95
11142;1103;31/07/2023;19,95;13,37
12004;1103;31/07/2023;32,00;32,00
12066;1103;31/07/2023;48,50;48,50
12190;1103;31/07/2023;18,00;18,00
20015;1103;31/07/2023;17,95;17,95
20041;1103;31/07/2023;6,50;6,50
20088;1103;31/07/2023;44,00;44,00
20131;1103;31/07/2023;14,50;14,50
30012;1103;31/07/2023;12,95;12,95
30077;1103;31/07/2023;42,00;42,00
30154;1103;31/07/2023;13,50;13,50
30209;1103;31/07/2023;29,95;29,95
10023;1108;31/07/2023;9,50;9,50
10047;1108;31/07/2023;9,00;9,00
10112;1108;31/07/2023;16,95;16,95
10310;1108;31/07/2023;21,50;21,50
11020;1108;31/07/2023;14,95;14,95
11085;1108;31/07/2023;8,95;8,95
11142;1108;31/07/2023;19,95;13,37
12004;1108;31/07/2023;32,00;32,00
12066;1108;31/07/2023;48,50;48,50
12190;1108;31/07/2023;18,00;18,00
20015;1108;31/07/2023;17,95;17,95
20041;1108;31/07/2023;6,50;6,50
20088;1108;31/07/2023;44,00;44,00
20131;1108;31/07/2023;14,50;14,50
30012;1108;31/07/2023;12,95;12,95
30077;1108;31/07/2023;42,00;42,00
30154;1108;31/07/2023;13,50;13,50
30209;1108;31/07/2023;29,95;29,95
10023;3104;31/07/2023;9,50;9,50
10047;3104;31/07/2023;9,00;9,00
10112;3104;31/07/2023;16,95;16,95
10310;3104;31/07/2023;21,50;21,50
11020;3104;31/07/2023;14,95;14,95
11085;3104;31/07/2023;8,95;8,95
11142;3104;31/07/2023;19,95;13,37
12004;3104;31/07/2023;32,00;32,00
12066;3104;31/07/2023;48,50;48,50
12190;3104;31/07/2023;18,00;18,00
20015;3104;31/07/2023;17,95;17,95
20041;3104;31/07/2023;6,50;6,50
20088;3104;31/07/2023;44,00;44,00
20131;3104;31/07/2023;14,50;14,50
30012;3104;31/07/2023;12,95;12,95
30077;3104;31/07/2023;42,00;42,00
30154;3104;31/07/2023;13,50;13,50
30209;3104;31/07/2023;29,95;29,95
99001;3104;31/07/2023;0,00;0,00
10023;3117;31/07/2023;9,50;9,50
10047;3117;31/07/2023;9,00;9,00
10112;3117;31/07/2023;16,95;16,95
10310;3117;31/07/2023;21,50;21,50
11020;3117;31/07/2023;14,95;14,95
11085;3117;31/07/2023;8,95;8,95
11142;3117;31/07/2023;19,95;13,37
12004;3117;31/07/2023;32,00;32,00
12066;3117;31/07/2023;48,50;48,50
12190;3117;31/07/2023;18,00;18,00
20015;3117;31/07/2023;17,95;17,95
20041;3117;31/07/2023;6,50;6,50
20088;3117;31/07/2023;44,00;44,00
20131;3117;31/07/2023;14,50;14,50
30012;3117;31/07/2023;12,95;12,95
30077;3117;31/07/2023;42,00;42,00
30154;3117;31/07/2023;13,50;13,50
30209;3117;31/07/2023;29,95;29,95
10023;3122;31/07/2023;9,50;9,50
10047;3122;31/07/2023;9,00;9,00
10112;3122;31/07/2023;16,95;16,95
10310;3122;31/07/2023;21,50;21,50
11020;3122;31/07/2023;14,95;14,95
11085;3122;31/07/2023;8,95;8,95
11142;3122;31/07/2023;19,95;13,37
12004;3122;31/07/2023;32,00;32,00
12066;3122;31/07/2023;48,50;48,50
12190;3122;31/07/2023;18,00;18,00
20015;3122;31/07/2023;17,95;17,95
20041;3122;31/07/2023;6,50;6,50
20088;3122;31/07/2023;44,00;44,00
20131;3122;31/07/2023;14,50;14,50
30012;3122;31/07/2023;12,95;12,95
30077;3122;31/07/2023;42,00;42,00
30154;3122;31/07/2023;13,50;13,50
30209;3122;31/07/2023;29,95;29,95
10023;4201;31/07/2023;9,50;9,50
10047;4201;31/07/2023;9,00;9,00
10112;4201;31/07/2023;16,95;16,95
10310;4201;31/07/2023;21,50;21,50
11020;4201;31/07/2023;14,95;14,95
11085;4201;31/07/2023;8,95;8,95
11142;4201;31/07/2023;19,95;13,37
12004;4201;31/07/2023;32,00;32,00
12066;4201;31/07/2023;48,50;48,50
12190;4201;31/07/2023;18,00;18,00
20015;4201;31/07/2023;17,95;17,95
20041;4201;31/07/2023;6,50;6,50
20088;4201;31/07/2023;44,00;44,00
20131;4201;31/07/2023;14,50;14,50
30012;4201;31/07/2023;12,95;12,95
30077;4201;31/07/2023;42,00;42,00
30154;4201;31/07/2023;13,50;13,50
30209;4201;31/07/2023;29,95;29,95
10023;4205;31/07/2023;9,50;9,50
10047;4205;31/07/2023;9,00;9,00
10112;4205;31/07/2023;16,95;16,95
10310;4205;31/07/2023;21,50;21,50
11020;4205;31/07/2023;14,95;14,95
11085;4205;31/07/2023;8,95;8,95
11142;4205;31/07/2023;19,95;13,37
12004;4205;31/07/2023;32,00;32,00
12066;4205;31/07/2023;48,50;48,50
12190;4205;31/07/2023;18,00;18,00
20015;4205;31/07/2023;17,95;17,95
20041;4205;31/07/2023;6,50;6,50
20088;4205;31/07/2023;44,00;44,00
20131;4205;31/07/2023;14,50;14,50
30012;4205;31/07/2023;12,95;12,95
30077;4205;31/07/2023;42,00;42,00
30154;4205;31/07/2023;13,50;13,50
30209;4205;31/07/2023;29,95;29,95
10023;4218;31/07/2023;9,50;9,50
10047;4218;31/07/2023;9,00;9,00
10112;4218;31/07/2023;16,95;16,95
10310;4218;31/07/2023;21,50;21,50
11020;4218;31/07/2023;14,95;14,95
11085;4218;31/07/2023;8,95;8,95
11142;4218;31/07/2023;19,95;13,37
12004;4218;31/07/2023;32,00;32,00
12066;4218;31/07/2023;48,50;48,50
12190;4218;31/07/2023;18,00;18,00
20015;4218;31/07/2023;17,95;17,95
20041;4218;31/07/2023;6,50;6,50
20088;4218;31/07/2023;44,00;44,00
20131;4218;31/07/2023;14,50;14,50
30012;4218;31/07/2023;12,95;12,95
30077;4218;31/07/2023;42,00;42,00
30154;4218;31/07/2023;13,50;13,50
30209;4218;31/07/2023;29,95;29,95
99001;4218;31/07/2023;0,00;0,00
10023;5502;31/07/2023;9,50;9,50
10047;5502;31/07/2023;9,00;9,00
10112;5502;31/07/2023;16,95;16,95
10310;5502;31/07/2023;21,50;21,50
11020;5502;31/07/2023;14,95;14,95
11085;5502;31/07/2023;8,95;8,95
11142;5502;31/07/2023;19,95;13,37
12004;5502;31/07/2023;32,00;32,00
12066;5502;31/07/2023;48,50;48,50
12190;5502;31/07/2023;18,00;18,00
20015;5502;31/07/2023;17,95;17,95
20041;5502;31/07/2023;6,50;6,50
20088;5502;31/07/2023;44,00;44,00
20131;5502;31/07/2023;14,50;14,50
30012;5502;31/07/2023;12,95;12,95
30077;5502;31/07/2023;42,00;42,00
30154;5502;31/07/2023;13,50;13,50
30209;5502;31/07/2023;29,95;29,95
10023;5511;31/07/2023;9,50;9,50
10047;5511;31/07/2023;9,00;9,00
10112;5511;31/07/2023;16,95;16,95
10310;5511;31/07/2023;21,50;21,50
11020;5511;31/07/2023;14,95;14,95
11085;5511;31/07/2023;8,95;8,95
11142;5511;31/07/2023;19,95;13,37
12004;5511;31/07/2023;32,00;32,00
12066;5511;31/07/2023;48,50;48,50
12190;5511;31/07/2023;18,00;18,00
20015;5511;31/07/2023;17,95;17,95
20041;5511;31/07/2023;6,50;6,50
20088;5511;31/07/2023;44,00;44,00
20131;5511;31/07/2023;14,50;14,50
30012;5511;31/07/2023;12,95;12,95
30077;5511;31/07/2023;42,00;42,00
30154;5511;31/07/2023;13,50;13,50
30209;5511;31/07/2023;29,95;29,95
10023;9001;31/07/2023;9,50;9,50
10047;9001;31/07/2023;9,00;9,00
10112;9001;31/07/2023;16,95;16,95
10310;9001;31/07/2023;21,50;21,50
11020;9001;31/07/2023;14,95;14,95
11085;9001;31/07/2023;8,95;8,95
11142;9001;31/07/2023;19,95;13,37
12004;9001;31/07/2023;32,00;32,00
12066;9001;31/07/2023;48,50;48,50
12190;9001;31/07/2023;18,00;18,00
20015;9001;31/07/2023;17,95;17,95
20041;9001;31/07/2023;6,50;6,50
20088;9001;31/07/2023;44,00;44,00
20131;9001;31/07/2023;14,50;14,50
30012;9001;31/07/2023;12,95;12,95
30077;9001;31/07/2023;42,00;42,00
30154;9001;31/07/2023;13,50;13,50
30209;9001;31/07/2023;29,95;29,95
99001;9001;31/07/2023;0,00;0,00
10023;1199;31/07/2023;9,50;9,50
10047;1199;31/07/2023;9,00;9,00
10112;1199;31/07/2023;16,95;16,95
10310;1199;31/07/2023;21,50;21,50
11020;1199;31/07/2023;14,95;14,95
11085;1199;31/07/2023;8,95;8,95
11142;1199;31/07/2023;19,95;13,37
12004;1199;31/07/2023;32,00;32,00
12066;1199;31/07/2023;48,50;48,50
12190;1199;31/07/2023;18,00;18,00
20015;1199;31/07/2023;17,95;17,95
20041;1199;31/07/2023;6,50;6,50
20088;1199;31/07/2023;44,00;44,00
20131;1199;31/07/2023;14,50;14,50
30012;1199;31/07/2023;12,95;12,95
30077;1199;31/07/2023;42,00;42,00
30154;1199;31/07/2023;13,50;13,50
30209;1199;31/07/2023;29,95;29,95
10023;1101;14/08/2023;9,50;9,50
10047;1101;14/08/2023;9,00;9,00
10112;1101;14/08/2023;16,95;16,95
10310;1101;14/08/2023;21,50;21,50
11020;1101;14/08/2023;14,95;14,95
11085;1101;14/08/2023;8,95;8,95
11142;1101;14/08/2023;19,95;19,95
12004;1101;14/08/2023;32,00;32,00
12066;1101;14/08/2023;48,50;48,50
12190;1101;14/08/2023;18,00;18,00
20015;1101;14/08/2023;17,95;17,95
20041;1101;14/08/2023;6,50;6,50
20088;1101;14/08/2023;44,00;44,00
20131;1101;14/08/2023;14,50;14,50
30012;1101;14/08/2023;12,95;12,95
30077;1101;14/08/2023;42,00;42,00
30154;1101;14/08/2023;13,50;13,50
30209;1101;14/08/2023;29,95;29,95
10023;1102;14/08/2023;9,50;9,50
10047;1102;14/08/2023;9,00;9,00
10112;1102;14/08/2023;16,95;16,95
10310;1102;14/08/2023;21,50;21,50
11020;1102;14/08/2023;14,95;14,95
11085;1102;14/08/2023;8,95;8,95
11142;1102;14/08/2023;19,95;19,95
12004;1102;14/08/2023;32,00;32,00
12066;1102;14/08/2023;48,50;48,50
12190;1102;14/08/2023;18,00;18,00
20015;1102;14/08/2023;17,95;17,95
20041;1102;14/08/2023;6,50;6,50
20088;1102;14/08/2023;44,00;44,00
20131;1102;14/08/2023;14,50;14,50
30012;1102;14/08/2023;12,95;12,95
30077;1102;14/08/2023;42,00;42,00
30154;1102;14/08/2023;13,50;13,50
30209;1102;14/08/2023;29,95;29,95
10023;1103;14/08/2023;9,50;9,50
10047;1103;14/08/2023;9,00;9,00
10112;1103;14/08/2023;16,95;16,95
10310;1103;14/08/2023;21,50;21,50
11020;1103;14/08/2023;14,95;14,95
11085;1103;14/08/2023;8,95;8,95
11142;1103;14/08/2023;19,95;19,95
12004;1103;14/08/2023;32,00;32,00
12066;1103;14/08/2023;48,50;48,50
12190;1103;14/08/2023;18,00;18,00
20015;1103;14/08/2023;17,95;17,95
20041;1103;14/08/2023;6,50;6,50
20088;1103;14/08/2023;44,00;44,00
20131;1103;14/08/2023;14,50;14,50
30012;1103;14/08/2023;12,95;12,95
30077;1103;14/08/2023;42,00;42,00
30154;1103;14/08/2023;13,50;13,50
30209;1103;14/08/2023;29,95;29,95
99001;1103;14/08/2023;0,00;0,00
10023;1108;14/08/2023;9,50;9,50
10047;1108;14/08/2023;9,00;9,00
10112;1108;14/08/2023;16,95;16,95
10310;1108;14/08/2023;21,50;21,50
11020;1108;14/08/2023;14,95;14,95
11085;1108;14/08/2023;8,95;8,95
11142;1108;14/08/2023;19,95;19,95
12004;1108;14/08/2023;32,00;32,00
12066;1108;14/08/2023;48,50;48,50
12190;1108;14/08/2023;18,00;18,00
20015;1108;14/08/2023;17,95;17,95
20041;1108;14/08/2023;6,50;6,50
20088;1108;14/08/2023;44,00;44,00
20131;1108;14/08/2023;14,50;14,50
30012;1108;14/08/2023;12,95;12,95
30077;1108;14/08/2023;42,00;42,00
30154;1108;14/08/2023;13,50;13,50
30209;1108;14/08/2023;29,95;29,95
99001;1108;14/08/2023;0,00;0,00
10023;3104;14/08/2023;9,50;9,50
10047;3104;14/08/2023;9,00;9,00
10112;3104;14/08/2023;16,95;16,95
10310;3104;14/08/2023;21,50;21,50
11020;3104;14/08/2023;14,95;14,95
11085;3104;14/08/2023;8,95;8,95
11142;3104;14/08/2023;19,95;19,95
12004;3104;14/08/2023;32,00;32,00
12066;3104;14/08/2023;48,50;48,50
12190;3104;14/08/2023;18,00;18,00
20015;3104;14/08/2023;17,95;17,95
20041;3104;14/08/2023;6,50;6,50
20088;3104;14/08/2023;44,00;44,00
20131;3104;14/08/2023;14,50;14,50
30012;3104;14/08/2023;12,95;12,95
30077;3104;14/08/2023;42,00;42,00
30154;3104;14/08/2023;13,50;13,50
30209;3104;14/08/2023;29,95;29,95
99001;3104;14/08/2023;0,00;0,00
10023;3117;14/08/2023;9,50;9,50
10047;3117;14/08/2023;9,00;9,00
10112;3117;14/08/2023;16,95;16,95
10310;3117;14/08/2023;21,50;21,50
11020;3117;14/08/2023;14,95;14,95
11085;3117;14/08/2023;8,95;8,95
11142;3117;14/08/2023;19,95;19,95
12004;3117;14/08/2023;32,00;32,00
12066;3117;14/08/2023;48,50;48,50
12190;3117;14/08/2023;18,00;18,00
20015;3117;14/08/2023;17,95;17,95
20041;3117;14/08/2023;6,50;6,50
20088;3117;14/08/2023;44,00;44,00
20131;3117;14/08/2023;14,50;14,50
30012;3117;14/08/2023;12,95;12,95
30077;3117;14/08/2023;42,00;42,00
30154;3117;14/08/2023;13,50;13,50
30209;3117;14/08/2023;29,95;29,95
10023;3122;14/08/2023;9,50;9,50
10047;3122;14/08/2023;9,00;9,00
10112;3122;14/08/2023;16,95;16,95
10310;3122;14/08/2023;21,50;21,50
11020;3122;14/08/2023;14,95;14,95
11085;3122;14/08/2023;8,95;8,95
11142;3122;14/08/2023;19,95;19,95
12004;3122;14/08/2023;32,00;32,00
12066;3122;14/08/2023;48,50;48,50
12190;3122;14/08/2023;18,00;18,00
20015;3122;14/08/2023;17,95;17,95
20041;3122;14/08/2023;6,50;6,50
20088;3122;14/08/2023;44,00;44,00
20131;3122;14/08/2023;14,50;14,50
30012;3122;14/08/2023;12,95;12,95
30077;3122;14/08/2023;42,00;42,00
30154;3122;14/08/2023;13,50;13,50
30209;3122;14/08/2023;29,95;29,95
10023;4201;14/08/2023;9,50;9,50
10047;4201;14/08/2023;9,00;9,00
10112;4201;14/08/2023;16,95;16,95
10310;4201;14/08/2023;21,50;21,50
11020;4201;14/08/2023;14,95;14,95
11085;4201;14/08/2023;8,95;8,95
11142;4201;14/08/2023;19,95;19,95
12004;4201;14/08/2023;32,00;32,00
12066;4201;14/08/2023;48,50;48,50
12190;4201;14/08/2023;18,00;18,00
20015;4201;14/08/2023;17,95;17,95
20041;4201;14/08/2023;6,50;6,50
20088;4201;14/08/2023;44,00;44,00
20131;4201;14/08/2023;14,50;14,50
30012;4201;14/08/2023;12,95;12,95
30077;4201;14/08/2023;42,00;42,00
30154;4201;14/08/2023;13,50;10,80
30209;4201;14/08/2023;29,95;29,95
99001;4201;14/08/2023;0,00;0,00
10023;4205;14/08/2023;9,50;9,50
10047;4205;14/08/2023;9,00;9,00
10112;4205;14/08/2023;16,95;16,95
10310;4205;14/08/2023;21,50;21,50
11020;4205;14/08/2023;14,95;14,95
11085;4205;14/08/2023;8,95;8,95
11142;4205;14/08/2023;19,95;19,95
12004;4205;14/08/2023;32,00;32,00
12066;4205;14/08/2023;48,50;48,50
12190;4205;14/08/2023;18,00;18,00
20015;4205;14/08/2023;17,95;17,95
20041;4205;14/08/2023;6,50;6,50
20088;4205;14/08/2023;44,00;44,00
20131;4205;14/08/2023;14,50;14,50
30012;4205;14/08/2023;12,95;12,95
30077;4205;14/08/2023;42,00;42,00
30154;4205;14/08/2023;13,50;10,80
30209;4205;14/08/2023;29,95;29,95
10023;4218;14/08/2023;9,50;9,50
10047;4218;14/08/2023;9,00;9,00
10112;4218;14/08/2023;16,95;16,95
10310;4218;14/08/2023;21,50;21,50
11020;4218;14/08/2023;14,95;14,95
11085;4218;14/08/2023;8,95;8,95
11142;4218;14/08/2023;19,95;19,95
12004;4218;14/08/2023;32,00;32,00
12066;4218;14/08/2023;48,50;48,50
12190;4218;14/08/2023;18,00;18,00
20015;4218;14/08/2023;17,95;17,95
20041;4218;14/08/2023;6,50;6,50
20088;4218;14/08/2023;44,00;44,00
20131;4218;14/08/2023;14,50;14,50
30012;4218;14/08/2023;12,95;12,95
30077;4218;14/08/2023;42,00;42,00
30154;4218;14/08/2023;13,50;10,80
30209;4218;14/08/2023;29,95;29,95
99001;4218;14/08/2023;0,00;0,00
10023;5502;14/08/2023;9,50;9,50
10047;5502;14/08/2023;9,00;9,00
10112;5502;14/08/2023;16,95;16,95
10310;5502;14/08/2023;21,50;21,50
11020;5502;14/08/2023;14,95;14,95
11085;5502;14/08/2023;8,95;8,95
11142;5502;14/08/2023;19,95;19,95
12004;5502;14/08/2023;32,00;32,00
12066;5502;14/08/2023;48,50;48,50
12190;5502;14/08/2023;18,00;18,00
20015;5502;14/08/2023;17,95;17,95
20041;5502;14/08/2023;6,50;6,50
20088;5502;14/08/2023;44,00;44,00
20131;5502;14/08/2023;14,50;14,50
30012;5502;14/08/2023;12,95;12,95
30077;5502;14/08/2023;42,00;42,00
30154;5502;14/08/2023;13,50;10,80
30209;5502;14/08/2023;29,95;29,95
99001;5502;14/08/2023;0,00;0,00
10023;5511;14/08/2023;9,50;9,50
10047;5511;14/08/2023;9,00;9,00
10112;5511;14/08/2023;16,95;16,95
10310;5511;14/08/2023;21,50;21,50
11020;5511;14/08/2023;14,95;14,95
11085;5511;14/08/2023;8,95;8,95
11142;5511;14/08/2023;19,95;19,95
12004;5511;14/08/2023;32,00;32,00
12066;5511;14/08/2023;48,50;48,50
12190;5511;14/08/2023;18,00;18,00
20015;5511;14/08/2023;17,95;17,95
20041;5511;14/08/2023;6,50;6,50
20088;5511;14/08/2023;44,00;44,00
20131;5511;14/08/2023;14,50;14,50
30012;5511;14/08/2023;12,95;12,95
30077;5511;14/08/2023;42,00;42,00
30154;5511;14/08/2023;13,50;10,80
30209;5511;14/08/2023;29,95;29,95
10023;9001;14/08/2023;9,50;9,50
10047;9001;14/08/2023;9,00;9,00
10112;9001;14/08/2023;16,95;16,95
10310;9001;14/08/2023;21,50;21,50
11020;9001;14/08/2023;14,95;14,95
11085;9001;14/08/2023;8,95;8,95
11142;9001;14/08/2023;19,95;19,95
12004;9001;14/08/2023;32,00;32,00
12066;9001;14/08/2023;48,50;48,50
12190;9001;14/08/2023;18,00;18,00
20015;9001;14/08/2023;17,95;17,95
20041;9001;14/08/2023;6,50;6,50
20088;9001;14/08/2023;44,00;44,00
20131;9001;14/08/2023;14,50;14,50
30012;9001;14/08/2023;12,95;12,95
30077;9001;14/08/2023;42,00;42,00
30154;9001;14/08/2023;13,50;13,50
30209;9001;14/08/2023;29,95;29,95
99001;9001;14/08/2023;0,00;0,00
10310;1101;21/08/2023;21,50;19,35
30154;1101;21/08/2023;13,50;11,47
30209;1101;21/08/2023;29,95;25,46
10310;1102;21/08/2023;21,50;19,35
30154;1102;21/08/2023;13,50;11,47
30209;1102;21/08/2023;29,95;25,46
10310;1103;21/08/2023;21,50;19,35
30154;1103;21/08/2023;13,50;11,47
30209;1103;21/08/2023;29,95;25,46
10310;1108;21/08/2023;21,50;19,35
30154;1108;21/08/2023;13,50;11,47
30209;1108;21/08/2023;29,95;25,46
10310;3104;21/08/2023;21,50;19,35
30154;3104;21/08/2023;13,50;11,47
30209;3104;21/08/2023;29,95;25,46
10310;3117;21/08/2023;21,50;19,35
30154;3117;21/08/2023;13,50;11,47
30209;3117;21/08/2023;29,95;25,46
10310;3122;21/08/2023;21,50;19,35
30154;3122;21/08/2023;13,50;11,47
30209;3122;21/08/2023;29,95;25,46
10047;4201;21/08/2023;9,00;6,75
10310;4201;21/08/2023;21,50;19,35
30154;4201;21/08/2023;13,50;11,47
30209;4201;21/08/2023;29,95;25,46
10047;4205;21/08/2023;9,00;6,75
10310;4205;21/08/2023;21,50;19,35
30154;4205;21/08/2023;13,50;11,47
30209;4205;21/08/2023;29,95;25,46
10047;4218;21/08/2023;9,00;6,75
10310;4218;21/08/2023;21,50;19,35
30154;4218;21/08/2023;13,50;11,47
30209;4218;21/08/2023;29,95;25,46
10047;5502;21/08/2023;9,00;6,75
10310;5502;21/08/2023;21,50;19,35
30154;5502;21/08/2023;13,50;11,47
30209;5502;21/08/2023;29,95;25,46
10047;5511;21/08/2023;9,00;6,75
10310;5511;21/08/2023;21,50;19,35
30154;5511;21/08/2023;13,50;11,47
30209;5511;21/08/2023;29,95;25,46
10310;9001;21/08/2023;21,50;19,35
30154;9001;21/08/2023;13,50;11,47
30209;9001;21/08/2023;29,95;25,46
10023;1101;28/08/2023;9,50;9,50
10047;1101;28/08/2023;9,00;9,00
10112;1101;28/08/2023;16,95;16,95
10310;1101;28/08/2023;21,50;21,50
11020;1101;28/08/2023;14,95;14,95
11085;1101;28/08/2023;8,95;6,71
11142;1101;28/08/2023;19,95;19,95
12004;1101;28/08/2023;32,00;32,00
12066;1101;28/08/2023;48,50;48,50
12190;1101;28/08/2023;18,00;18,00
20015;1101;28/08/2023;17,95;17,95
20041;1101;28/08/2023;6,50;6,50
20088;1101;28/08/2023;44,00;44,00
20131;1101;28/08/2023;14,50;14,50
30012;1101;28/08/2023;12,95;12,95
30077;1101;28/08/2023;42,00;42,00
30154;1101;28/08/2023;13,50;13,50
30209;1101;28/08/2023;29,95;26,95
99001;1101;28/08/2023;0,00;0,00
10023;1102;28/08/2023;9,50;9,50
10047;1102;28/08/2023;9,00;9,00
10112;1102;28/08/2023;16,95;16,95
10310;1102;28/08/2023;21,50;21,50
11020;1102;28/08/2023;14,95;14,95
11085;1102;28/08/2023;8,95;6,71
11142;1102;28/08/2023;19,95;19,95
12004;1102;28/08/2023;32,00;32,00
12066;1102;28/08/2023;48,50;48,50
12190;1102;28/08/2023;18,00;18,00
20015;1102;28/08/2023;17,95;17,95
20041;1102;28/08/2023;6,50;6,50
20088;1102;28/08/2023;44,00;44,00
20131;1102;28/08/2023;14,50;14,50
30012;1102;28/08/2023;12,95;12,95
30077;1102;28/08/2023;42,00;42,00
30154;1102;28/08/2023;13,50;13,50
30209;1102;28/08/2023;29,95;26,95
10023;1103;28/08/2023;9,50;9,50
10047;1103;28/08/2023;9,00;9,00
10112;1103;28/08/2023;16,95;16,95
10310;1103;28/08/2023;21,50;21,50
11020;1103;28/08/2023;14,95;14,95
11085;1103;28/08/2023;8,95;6,71
11142;1103;28/08/2023;19,95;19,95
12004;1103;28/08/2023;32,00;32,00
12066;1103;28/08/2023;48,50;48,50
12190;1103;28/08/2023;18,00;18,00
20015;1103;28/08/2023;17,95;17,95
20041;1103;28/08/2023;6,50;6,50
20088;1103;28/08/2023;44,00;44,00
20131;1103;28/08/2023;14,50;14,50
30012;1103;28/08/2023;12,95;12,95
30077;1103;28/08/2023;42,00;42,00
30154;1103;28/08/2023;13,50;13,50
30209;1103;28/08/2023;29,95;26,95
99001;1103;28/08/2023;0,00;0,00
10023;1108;28/08/2023;9,50;9,50
10047;1108;28/08/2023;9,00;9,00
10112;1108;28/08/2023;16,95;16,95
10310;1108;28/08/2023;21,50;21,50
11020;1108;28/08/2023;14,95;14,95
11085;1108;28/08/2023;8,95;6,71
11142;1108;28/08/2023;19,95;19,95
12004;1108;28/08/2023;32,00;32,00
12066;1108;28/08/2023;48,50;48,50
12190;1108;28/08/2023;18,00;18,00
20015;1108;28/08/2023;17,95;17,95
20041;1108;28/08/2023;6,50;6,50
20088;1108;28/08/2023;44,00;44,00
20131;1108;28/08/2023;14,50;14,50
30012;1108;28/08/2023;12,95;12,95
30077;1108;28/08/2023;42,00;42,00
30154;1108;28/08/2023;13,50;13,50
30209;1108;28/08/2023;29,95;26,95
10023;3104;28/08/2023;9,50;9,50
10047;3104;28/08/2023;9,00;9,00
10112;3104;28/08/2023;16,95;16,95
10310;3104;28/08/2023;21,50;21,50
11020;3104;28/08/2023;14,95;14,95
11085;3104;28/08/2023;8,95;6,71
11142;3104;28/08/2023;19,95;19,95
12004;3104;28/08/2023;32,00;32,00
12066;3104;28/08/2023;48,50;48,50
12190;3104;28/08/2023;18,00;18,00
20015;3104;28/08/2023;17,95;17,95
20041;3104;28/08/2023;6,50;6,50
20088;3104;28/08/2023;44,00;44,00
20131;3104;28/08/2023;14,50;14,50
30012;3104;28/08/2023;12,95;12,95
30077;3104;28/08/2023;42,00;42,00
30154;3104;28/08/2023;13,50;13,50
30209;3104;28/08/2023;29,95;29,95
10023;3117;28/08/2023;9,50;9,50
10047;3117;28/08/2023;9,00;9,00
10112;3117;28/08/2023;16,95;16,95
10310;3117;28/08/2023;21,50;21,50
11020;3117;28/08/2023;14,95;14,95
11085;3117;28/08/2023;8,95;6,71
11142;3117;28/08/2023;19,95;19,95
12004;3117;28/08/2023;32,00;32,00
12066;3117;28/08/2023;48,50;48,50
12190;3117;28/08/2023;18,00;18,00
20015;3117;28/08/2023;17,95;17,95
20041;3117;28/08/2023;6,50;6,50
20088;3117;28/08/2023;44,00;44,00
20131;3117;28/08/2023;14,50;14,50
30012;3117;28/08/2023;12,95;12,95
30077;3117;28/08/2023;42,00;42,00
30154;3117;28/08/2023;13,50;13,50
30209;3117;28/08/2023;29,95;29,95
10023;3122;28/08/2023;9,50;9,50
10047;3122;28/08/2023;9,00;9,00
10112;3122;28/08/2023;16,95;16,95
10310;3122;28/08/2023;21,50;21,50
11020;3122;28/08/2023;14,95;14,95
11085;3122;28/08/2023;8,95;6,71
11142;3122;28/08/2023;19,95;19,95
12004;3122;28/08/2023;32,00;32,00
12066;3122;28/08/2023;48,50;48,50
12190;3122;28/08/2023;18,00;18,00
20015;3122;28/08/2023;17,95;17,95
20041;3122;28/08/2023;6,50;6,50
20088;3122;28/08/2023;44,00;44,00
20131;3122;28/08/2023;14,50;14,50
30012;3122;28/08/2023;12,95;12,95
30077;3122;28/08/2023;42,00;42,00
30154;3122;28/08/2023;13,50;13,50
30209;3122;28/08/2023;29,95;29,95
10023;4201;28/08/2023;9,50;9,50
10047;4201;28/08/2023;9,00;9,00
10112;4201;28/08/2023;16,95;16,95
10310;4201;28/08/2023;21,50;21,50
11020;4201;28/08/2023;14,95;14,95
11085;4201;28/08/2023;8,95;6,71
11142;4201;28/08/2023;19,95;17,95
12004;4201;28/08/2023;32,00;32,00
12066;4201;28/08/2023;48,50;48,50
12190;4201;28/08/2023;18,00;18,00
20015;4201;28/08/2023;17,95;17,95
20041;4201;28/08/2023;6,50;6,50
20088;4201;28/08/2023;44,00;44,00
20131;4201;28/08/2023;14,50;14,50
30012;4201;28/08/2023;12,95;12,95
30077;4201;28/08/2023;42,00;42,00
30154;4201;28/08/2023;13,50;13,50
30209;4201;28/08/2023;29,95;26,95
99001;4201;28/08/2023;0,00;0,00
10023;4205;28/08/2023;9,50;9,50
10047;4205;28/08/2023;9,00;9,00
10112;4205;28/08/2023;16,95;16,95
10310;4205;28/08/2023;21,50;21,50
11020;4205;28/08/2023;14,95;14,95
11085;4205;28/08/2023;8,95;6,71
11142;4205;28/08/2023;19,95;17,95
12004;4205;28/08/2023;32,00;32,00
12066;4205;28/08/2023;48,50;48,50
12190;4205;28/08/2023;18,00;18,00
20015;4205;28/08/2023;17,95;17,95
20041;4205;28/08/2023;6,50;6,50
20088;4205;28/08/2023;44,00;44,00
20131;4205;28/08/2023;14,50;14,50
30012;4205;28/08/2023;12,95;12,95
30077;4205;28/08/2023;42,00;42,00
30154;4205;28/08/2023;13,50;13,50
30209;4205;28/08/2023;29,95;26,95
10023;4218;28/08/2023;9,50;9,50
10047;4218;28/08/2023;9,00;9,00
10112;4218;28/08/2023;16,95;16,95
10310;4218;28/08/2023;21,50;21,50
11020;4218;28/08/2023;14,95;14,95
11085;4218;28/08/2023;8,95;6,71
11142;4218;28/08/2023;19,95;17,95
12004;4218;28/08/2023;32,00;32,00
12066;4218;28/08/2023;48,50;48,50
12190;4218;28/08/2023;18,00;18,00
20015;4218;28/08/2023;17,95;17,95
20041;4218;28/08/2023;6,50;6,50
20088;4218;28/08/2023;44,00;44,00
20131;4218;28/08/2023;14,50;14,50
30012;4218;28/08/2023;12,95;12,95
30077;4218;28/08/2023;42,00;42,00
30154;4218;28/08/2023;13,50;13,50
30209;4218;28/08/2023;29,95;26,95
10023;5502;28/08/2023;9,50;9,50
10047;5502;28/08/2023;9,00;9,00
10112;5502;28/08/2023;16,95;16,95
10310;5502;28/08/2023;21,50;21,50
11020;5502;28/08/2023;14,95;14,95
11085;5502;28/08/2023;8,95;6,71
11142;5502;28/08/2023;19,95;17,95
12004;5502;28/08/2023;32,00;32,00
12066;5502;28/08/2023;48,50;48,50
12190;5502;28/08/2023;18,00;18,00
20015;5502;28/08/2023;17,95;17,95
20041;5502;28/08/2023;6,50;6,50
20088;5502;28/08/2023;44,00;44,00
20131;5502;28/08/2023;14,50;14,50
30012;5502;28/08/2023;12,95;12,95
30077;5502;28/08/2023;42,00;42,00
30154;5502;28/08/2023;13,50;13,50
30209;5502;28/08/2023;29,95;29,95
10023;5511;28/08/2023;9,50;9,50
10047;5511;28/08/2023;9,00;9,00
10112;5511;28/08/2023;16,95;16,95
10310;5511;28/08/2023;21,50;21,50
11020;5511;28/08/2023;14,95;14,95
11085;5511;28/08/2023;8,95;6,71
11142;5511;28/08/2023;19,95;17,95
12004;5511;28/08/2023;32,00;32,00
12066;5511;28/08/2023;48,50;48,50
12190;5511;28/08/2023;18,00;18,00
20015;5511;28/08/2023;17,95;17,95
20041;5511;28/08/2023;6,50;6,50
20088;5511;28/08/2023;44,00;44,00
20131;5511;28/08/2023;14,50;14,50
30012;5511;28/08/2023;12,95;12,95
30077;5511;28/08/2023;42,00;42,00
30154;5511;28/08/2023;13,50;13,50
30209;5511;28/08/2023;29,95;29,95
10023;9001;28/08/2023;9,50;9,50
10047;9001;28/08/2023;9,00;9,00
10112;9001;28/08/2023;16,95;16,95
10310;9001;28/08/2023;21,50;21,50
11020;9001;28/08/2023;14,95;14,95
11085;9001;28/08/2023;8,95;6,71
11142;9001;28/08/2023;19,95;19,95
12004;9001;28/08/2023;32,00;32,00
12066;9001;28/08/2023;48,50;48,50
12190;9001;28/08/2023;18,00;18,00
20015;9001;28/08/2023;17,95;17,95
20041;9001;28/08/2023;6,50;6,50
20088;9001;28/08/2023;44,00;44,00
20131;9001;28/08/2023;14,50;14,50
30012;9001;28/08/2023;12,95;12,95
30077;9001;28/08/2023;42,00;42,00
30154;9001;28/08/2023;13,50;13,50
30209;9001;28/08/2023;29,95;29,95
10023;1101;04/09/2023;9,50;8,55
10047;1101;04/09/2023;9,00;7,20
11020;1101;04/09/2023;14,95;12,71
10023;1102;04/09/2023;9,50;8,55
10047;1102;04/09/2023;9,00;7,20
11020;1102;04/09/2023;14,95;12,71
10023;1103;04/09/2023;9,50;8,55
10047;1103;04/09/2023;9,00;7,20
11020;1103;04/09/2023;14,95;12,71
10023;1108;04/09/2023;9,50;8,55
10047;1108;04/09/2023;9,00;7,20
11020;1108;04/09/2023;14,95;12,71
10023;3104;04/09/2023;9,50;8,55
10047;3104;04/09/2023;9,00;7,20
10023;3117;04/09/2023;9,50;8,55
10047;3117;04/09/2023;9,00;7,20
10023;3122;04/09/2023;9,50;8,55
10047;3122;04/09/2023;9,00;7,20
10023;4201;04/09/2023;9,50;8,55
10047;4201;04/09/2023;9,00;7,20
10112;4201;04/09/2023;16,95;15,25
10310;4201;04/09/2023;21,50;14,40
11020;4201;04/09/2023;14,95;12,71
10023;4205;04/09/2023;9,50;8,55
10047;4205;04/09/2023;9,00;7,20
10112;4205;04/09/2023;16,95;15,25
10310;4205;04/09/2023;21,50;14,40
11020;4205;04/09/2023;14,95;12,71
10023;4218;04/09/2023;9,50;8,55
10047;4218;04/09/2023;9,00;7,20
10112;4218;04/09/2023;16,95;15,25
10310;4218;04/09/2023;21,50;14,40
11020;4218;04/09/2023;14,95;12,71
10023;5502;04/09/2023;9,50;8,55
10047;5502;04/09/2023;9,00;7,20
10112;5502;04/09/2023;16,95;15,25
10310;5502;04/09/2023;21,50;14,40
10023;5511;04/09/2023;9,50;8,55
10047;5511;04/09/2023;9,00;7,20
10112;5511;04/09/2023;16,95;15,25
10310;5511;04/09/2023;21,50;14,40
10023;9001;04/09/2023;9,50;8,55
10047;9001;04/09/2023;9,00;7,20
10023;1101;11/09/2023;9,50;9,50
10047;1101;11/09/2023;9,00;9,00
10112;1101;11/09/2023;16,95;16,95
10310;1101;11/09/2023;21,50;21,50
11020;1101;11/09/2023;14,95;14,95
11085;1101;11/09/2023;8,95;8,95
11142;1101;11/09/2023;19,95;19,95
12004;1101;11/09/2023;32,00;32,00
12066;1101;11/09/2023;48,50;48,50
12190;1101;11/09/2023;18,00;18,00
20015;1101;11/09/2023;17,95;17,95
20041;1101;11/09/2023;6,50;6,50
20088;1101;11/09/2023;44,00;44,00
20131;1101;11/09/2023;14,50;14,50
30012;1101;11/09/2023;12,95;12,95
30077;1101;11/09/2023;42,00;42,00
30154;1101;11/09/2023;13,50;13,50
30209;1101;11/09/2023;29,95;29,95
99001;1101;11/09/2023;0,00;0,00
10023;1102;11/09/2023;9,50;9,50
10047;1102;11/09/2023;9,00;9,00
10112;1102;11/09/2023;16,95;16,95
10310;1102;11/09/2023;21,50;21,50
11020;1102;11/09/2023;14,95;14,95
11085;1102;11/09/2023;8,95;8,95
11142;1102;11/09/2023;19,95;19,95
12004;1102;11/09/2023;32,00;32,00
12066;1102;11/09/2023;48,50;48,50
12190;1102;11/09/2023;18,00;18,00
20015;1102;11/09/2023;17,95;17,95
20041;1102;11/09/2023;6,50;6,50
20088;1102;11/09/2023;44,00;44,00
20131;1102;11/09/2023;14,50;14,50
30012;1102;11/09/2023;12,95;12,95
30077;1102;11/09/2023;42,00;42,00
30154;1102;11/09/2023;13,50;13,50
30209;1102;11/09/2023;29,95;29,95
10023;1103;11/09/2023;9,50;9,50
10047;1103;11/09/2023;9,00;9,00
10112;1103;11/09/2023;16,95;16,95
10310;1103;11/09/2023;21,50;21,50
11020;1103;11/09/2023;14,95;14,95
11085;1103;11/09/2023;8,95;8,95
11142;1103;11/09/2023;19,95;19,95
12004;1103;11/09/2023;32,00;32,00
12066;1103;11/09/2023;48,50;48,50
12190;1103;11/09/2023;18,00;18,00
20015;1103;11/09/2023;17,95;17,95
20041;1103;11/09/2023;6,50;6,50
20088;1103;11/09/2023;44,00;44,00
20131;1103;11/09/2023;14,50;14,50
30012;1103;11/09/2023;12,95;12,95
30077;1103;11/09/2023;42,00;42,00
30154;1103;11/09/2023;13,50;13,50
30209;1103;11/09/2023;29,95;29,95
99001;1103;11/09/2023;0,00;0,00
10023;1108;11/09/2023;9,50;9,50
10047;1108;11/09/2023;9,00;9,00
10112;1108;11/09/2023;16,95;16,95
10310;1108;11/09/2023;21,50;21,50
11020;1108;11/09/2023;14,95;14,95
11085;1108;11/09/2023;8,95;8,95
11142;1108;11/09/2023;19,95;19,95
12004;1108;11/09/2023;32,00;32,00
12066;1108;11/09/2023;48,50;48,50
12190;1108;11/09/2023;18,00;18,00
20015;1108;11/09/2023;17,95;17,95
20041;1108;11/09/2023;6,50;6,50
20088;1108;11/09/2023;44,00;44,00
20131;1108;11/09/2023;14,50;14,50
30012;1108;11/09/2023;12,95;12,95
30077;1108;11/09/2023;42,00;42,00
30154;1108;11/09/2023;13,50;13,50
30209;1108;11/09/2023;29,95;29,95
99001;1108;11/09/2023;0,00;0,00
10023;3104;11/09/2023;9,50;9,50
10047;3104;11/09/2023;9,00;9,00
10112;3104;11/09/2023;16,95;16,95
10310;3104;11/09/2023;21,50;21,50
11020;3104;11/09/2023;14,95;14,95
11085;3104;11/09/2023;8,95;8,95
11142;3104;11/09/2023;19,95;19,95
12004;3104;11/09/2023;32,00;32,00
12066;3104;11/09/2023;48,50;48,50
12190;3104;11/09/2023;18,00;18,00
20015;3104;11/09/2023;17,95;17,95
20041;3104;11/09/2023;6,50;6,50
20088;3104;11/09/2023;44,00;44,00
20131;3104;11/09/2023;14,50;14,50
30012;3104;11/09/2023;12,95;12,95
30077;3104;11/09/2023;42,00;42,00
30154;3104;11/09/2023;13,50;13,50
30209;3104;11/09/2023;29,95;29,95
99001;3104;11/09/2023;0,00;0,00
10023;3117;11/09/2023;9,50;9,50
10047;3117;11/09/2023;9,00;9,00
10112;3117;11/09/2023;16,95;16,95
10310;3117;11/09/2023;21,50;21,50
11020;3117;11/09/2023;14,95;14,95
11085;3117;11/09/2023;8,95;8,95
11142;3117;11/09/2023;19,95;19,95
12004;3117;11/09/2023;32,00;32,00
12066;3117;11/09/2023;48,50;48,50
12190;3117;11/09/2023;18,00;18,00
20015;3117;11/09/2023;17,95;17,95
20041;3117;11/09/2023;6,50;6,50
20088;3117;11/09/2023;44,00;44,00
20131;3117;11/09/2023;14,50;14,50
30012;3117;11/09/2023;12,95;12,95
30077;3117;11/09/2023;42,00;42,00
30154;3117;11/09/2023;13,50;13,50
30209;3117;11/09/2023;29,95;29,95
10023;3122;11/09/2023;9,50;9,50
10047;3122;11/09/2023;9,00;9,00
10112;3122;11/09/2023;16,95;16,95
10310;3122;11/09/2023;21,50;21,50
11020;3122;11/09/2023;14,95;14,95
11085;3122;11/09/2023;8,95;8,95
11142;3122;11/09/2023;19,95;19,95
12004;3122;11/09/2023;32,00;32,00
12066;3122;11/09/2023;48,50;48,50
12190;3122;11/09/2023;18,00;18,00
20015;3122;11/09/2023;17,95;17,95
20041;3122;11/09/2023;6,50;6,50
20088;3122;11/09/2023;44,00;44,00
20131;3122;11/09/2023;14,50;14,50
30012;3122;11/09/2023;12,95;12,95
30077;3122;11/09/2023;42,00;42,00
30154;3122;11/09/2023;13,50;13,50
30209;3122;11/09/2023;29,95;29,95
99001;3122;11/09/2023;0,00;0,00
10023;4201;11/09/2023;9,50;9,50
10047;4201;11/09/2023;9,00;9,00
10112;4201;11/09/2023;16,95;16,95
10310;4201;11/09/2023;21,50;21,50
11020;4201;11/09/2023;14,95;14,95
11085;4201;11/09/2023;8,95;8,95
11142;4201;11/09/2023;19,95;19,95
12004;4201;11/09/2023;32,00;32,00
12066;4201;11/09/2023;48,50;48,50
12190;4201;11/09/2023;18,00;18,00
20015;4201;11/09/2023;17,95;17,95
20041;4201;11/09/2023;6,50;6,50
20088;4201;11/09/2023;44,00;44,00
20131;4201;11/09/2023;14,50;14,50
30012;4201;11/09/2023;12,95;12,95
30077;4201;11/09/2023;42,00;42,00
30154;4201;11/09/2023;13,50;13,50
30209;4201;11/09/2023;29,95;29,95
10023;4205;11/09/2023;9,50;9,50
10047;4205;11/09/2023;9,00;9,00
10112;4205;11/09/2023;16,95;16,95
10310;4205;11/09/2023;21,50;21,50
11020;4205;11/09/2023;14,95;14,95
11085;4205;11/09/2023;8,95;8,95
11142;4205;11/09/2023;19,95;19,95
12004;4205;11/09/2023;32,00;32,00
12066;4205;11/09/2023;48,50;48,50
12190;4205;11/09/2023;18,00;18,00
20015;4205;11/09/2023;17,95;17,95
20041;4205;11/09/2023;6,50;6,50
20088;4205;11/09/2023;44,00;44,00
20131;4205;11/09/2023;14,50;14,50
30012;4205;11/09/2023;12,95;12,95
30077;4205;11/09/2023;42,00;42,00
30154;4205;11/09/2023;13,50;13,50
30209;4205;11/09/2023;29,95;29,95
10023;4218;11/09/2023;9,50;9,50
10047;4218;11/09/2023;9,00;9,00
10112;4218;11/09/2023;16,95;16,95
10310;4218;11/09/2023;21,50;21,50
11020;4218;11/09/2023;14,95;14,95
11085;4218;11/09/2023;8,95;8,95
11142;4218;11/09/2023;19,95;19,95
12004;4218;11/09/2023;32,00;32,00
12066;4218;11/09/2023;48,50;48,50
12190;4218;11/09/2023;18,00;18,00
20015;4218;11/09/2023;17,95;17,95
20041;4218;11/09/2023;6,50;6,50
20088;4218;11/09/2023;44,00;44,00
20131;4218;11/09/2023;14,50;14,50
30012;4218;11/09/2023;12,95;12,95
30077;4218;11/09/2023;42,00;42,00
30154;4218;11/09/2023;13,50;13,50
30209;4218;11/09/2023;29,95;29,95
99001;4218;11/09/2023;0,00;0,00
10023;5502;11/09/2023;9,50;9,50
10047;5502;11/09/2023;9,00;9,00
10112;5502;11/09/2023;16,95;16,95
10310;5502;11/09/2023;21,50;21,50
11020;5502;11/09/2023;14,95;14,95
11085;5502;11/09/2023;8,95;8,95
11142;5502;11/09/2023;19,95;19,95
12004;5502;11/09/2023;32,00;32,00
12066;5502;11/09/2023;48,50;48,50
12190;5502;11/09/2023;18,00;18,00
20015;5502;11/09/2023;17,95;17,95
20041;5502;11/09/2023;6,50;6,50
20088;5502;11/09/2023;44,00;44,00
20131;5502;11/09/2023;14,50;14,50
30012;5502;11/09/2023;12,95;12,95
30077;5502;11/09/2023;42,00;42,00
30154;5502;11/09/2023;13,50;13,50
30209;5502;11/09/2023;29,95;29,95
99001;5502;11/09/2023;0,00;0,00
10023;5511;11/09/2023;9,50;9,50
10047;5511;11/09/2023;9,00;9,00
10112;5511;11/09/2023;16,95;16,95
10310;5511;11/09/2023;21,50;21,50
11020;5511;11/09/2023;14,95;14,95
11085;5511;11/09/2023;8,95;8,95
11142;5511;11/09/2023;19,95;19,95
12004;5511;11/09/2023;32,00;32,00
12066;5511;11/09/2023;48,50;48,50
12190;5511;11/09/2023;18,00;18,00
20015;5511;11/09/2023;17,95;17,95
20041;5511;11/09/2023;6,50;6,50
20088;5511;11/09/2023;44,00;44,00
20131;5511;11/09/2023;14,50;14,50
30012;5511;11/09/2023;12,95;12,95
30077;5511;11/09/2023;42,00;42,00
30154;5511;11/09/2023;13,50;13,50
30209;5511;11/09/2023;29,95;29,95
10023;9001;11/09/2023;9,50;9,50
10047;9001;11/09/2023;9,00;9,00
10112;9001;11/09/2023;16,95;16,95
10310;9001;11/09/2023;21,50;21,50
11020;9001;11/09/2023;14,95;14,95
11085;9001;11/09/2023;8,95;8,95
11142;9001;11/09/2023;19,95;19,95
12004;9001;11/09/2023;32,00;32,00
12066;9001;11/09/2023;48,50;48,50
12190;9001;11/09/2023;18,00;18,00
20015;9001;11/09/2023;17,95;17,95
20041;9001;11/09/2023;6,50;6,50
20088;9001;11/09/2023;44,00;44,00
20131;9001;11/09/2023;14,50;14,50
30012;9001;11/09/2023;12,95;12,95
30077;9001;11/09/2023;42,00;42,00
30154;9001;11/09/2023;13,50;13,50
30209;9001;11/09/2023;29,95;29,95
12190;1101;18/09/2023;18,00;16,20
12190;1102;18/09/2023;18,00;16,20
12190;1103;18/09/2023;18,00;16,20
12190;1108;18/09/2023;18,00;16,20
12190;4201;18/09/2023;18,00;16,20
12190;4205;18/09/2023;18,00;16,20
12190;4218;18/09/2023;18,00;16,20
10023;1101;25/09/2023;9,50;9,50
10047;1101;25/09/2023;9,00;9,00
10112;1101;25/09/2023;16,95;16,95
10310;1101;25/09/2023;21,50;21,50
11020;1101;25/09/2023;14,95;14,95
11085;1101;25/09/2023;8,95;8,95
11142;1101;25/09/2023;19,95;19,95
12004;1101;25/09/2023;32,00;32,00
12066;1101;25/09/2023;48,50;48,50
12190;1101;25/09/2023;18,00;18,00
20015;1101;25/09/2023;17,95;17,95
20041;1101;25/09/2023;6,50;6,50
20088;1101;25/09/2023;44,00;44,00
20131;1101;25/09/2023;14,50;14,50
30012;1101;25/09/2023;12,95;12,95
30077;1101;25/09/2023;42,00;42,00
30154;1101;25/09/2023;13,50;13,50
30209;1101;25/09/2023;29,95;20,07
99001;1101;25/09/2023;0,00;0,00
10023;1102;25/09/2023;9,50;9,50
10047;1102;25/09/2023;9,00;9,00
10112;1102;25/09/2023;16,95;16,95
10310;1102;25/09/2023;21,50;21,50
11020;1102;25/09/2023;14,95;14,95
11085;1102;25/09/2023;8,95;8,95
11142;1102;25/09/2023;19,95;19,95
12004;1102;25/09/2023;32,00;32,00
12066;1102;25/09/2023;48,50;48,50
12190;1102;25/09/2023;18,00;18,00
20015;1102;25/09/2023;17,95;17,95
20041;1102;25/09/2023;6,50;6,50
20088;1102;25/09/2023;44,00;44,00
20131;1102;25/09/2023;14,50;14,50
30012;1102;25/09/2023;12,95;12,95
30077;1102;25/09/2023;42,00;42,00
30154;1102;25/09/2023;13,50;13,50
30209;1102;25/09/2023;29,95;20,07
10023;1103;25/09/2023;9,50;9,50
10047;1103;25/09/2023;9,00;9,00
10112;1103;25/09/2023;16,95;16,95
10310;1103;25/09/2023;21,50;21,50
11020;1103;25/09/2023;14,95;14,95
11085;1103;25/09/2023;8,95;8,95
11142;1103;25/09/2023;19,95;19,95
12004;1103;25/09/2023;32,00;32,00
12066;1103;25/09/2023;48,50;48,50
12190;1103;25/09/2023;18,00;18,00
20015;1103;25/09/2023;17,95;17,95
20041;1103;25/09/2023;6,50;6,50
20088;1103;25/09/2023;44,00;44,00
20131;1103;25/09/2023;14,50;14,50
30012;1103;25/09/2023;12,95;12,95
30077;1103;25/09/2023;42,00;42,00
30154;1103;25/09/2023;13,50;13,50
30209;1103;25/09/2023;29,95;20,07
99001;1103;25/09/2023;0,00;0,00
10023;1108;25/09/2023;9,50;9,50
10047;1108;25/09/2023;9,00;9,00
10112;1108;25/09/2023;16,95;16,95
10310;1108;25/09/2023;21,50;21,50
11020;1108;25/09/2023;14,95;14,95
11085;1108;25/09/2023;8,95;8,95
11142;1108;25/09/2023;19,95;19,95
12004;1108;25/09/2023;32,00;32,00
12066;1108;25/09/2023;48,50;48,50
12190;1108;25/09/2023;18,00;18,00
20015;1108;25/09/2023;17,95;17,95
20041;1108;25/09/2023;6,50;6,50
20088;1108;25/09/2023;44,00;44,00
20131;1108;25/09/2023;14,50;14,50
30012;1108;25/09/2023;12,95;12,95
30077;1108;25/09/2023;42,00;42,00
30154;1108;25/09/2023;13,50;13,50
30209;1108;25/09/2023;29,95;20,07
10023;3104;25/09/2023;9,50;9,50
10047;3104;25/09/2023;9,00;9,00
10112;3104;25/09/2023;16,95;16,95
10310;3104;25/09/2023;21,50;21,50
11020;3104;25/09/2023;14,95;14,95
11085;3104;25/09/2023;8,95;8,95
11142;3104;25/09/2023;19,95;19,95
12004;3104;25/09/2023;32,00;32,00
12066;3104;25/09/2023;48,50;48,50
12190;3104;25/09/2023;18,00;18,00
20015;3104;25/09/2023;17,95;17,95
20041;3104;25/09/2023;6,50;6,50
20088;3104;25/09/2023;44,00;44,00
20131;3104;25/09/2023;14,50;14,50
30012;3104;25/09/2023;12,95;12,95
30077;3104;25/09/2023;42,00;42,00
30154;3104;25/09/2023;13,50;13,50
30209;3104;25/09/2023;29,95;20,07
99001;3104;25/09/2023;0,00;0,00
10023;3117;25/09/2023;9,50;9,50
10047;3117;25/09/2023;9,00;9,00
10112;3117;25/09/2023;16,95;16,95
10310;3117;25/09/2023;21,50;21,50
11020;3117;25/09/2023;14,95;14,95
11085;3117;25/09/2023;8,95;8,95
11142;3117;25/09/2023;19,95;19,95
12004;3117;25/09/2023;32,00;32,00
12066;3117;25/09/2023;48,50;48,50
12190;3117;25/09/2023;18,00;18,00
20015;3117;25/09/2023;17,95;17,95
20041;3117;25/09/2023;6,50;6,50
20088;3117;25/09/2023;44,00;44,00
20131;3117;25/09/2023;14,50;14,50
30012;3117;25/09/2023;12,95;12,95
30077;3117;25/09/2023;42,00;42,00
30154;3117;25/09/2023;13,50;13,50
30209;3117;25/09/2023;29,95;20,07
99001;3117;25/09/2023;0,00;0,00
10023;3122;25/09/2023;9,50;9,50
10047;3122;25/09/2023;9,00;9,00
10112;3122;25/09/2023;16,95;16,95
10310;3122;25/09/2023;21,50;21,50
11020;3122;25/09/2023;14,95;14,95
11085;3122;25/09/2023;8,95;8,95
11142;3122;25/09/2023;19,95;19,95
12004;3122;25/09/2023;32,00;32,00
12066;3122;25/09/2023;48,50;48,50
12190;3122;25/09/2023;18,00;18,00
20015;3122;25/09/2023;17,95;17,95
20041;3122;25/09/2023;6,50;6,50
20088;3122;25/09/2023;44,00;44,00
20131;3122;25/09/2023;14,50;14,50
30012;3122;25/09/2023;12,95;12,95
30077;3122;25/09/2023;42,00;42,00
30154;3122;25/09/2023;13,50;13,50
30209;3122;25/09/2023;29,95;20,07
10023;4201;25/09/2023;9,50;9,50
10047;4201;25/09/2023;9,00;9,00
10112;4201;25/09/2023;16,95;16,95
10310;4201;25/09/2023;21,50;21,50
11020;4201;25/09/2023;14,95;14,95
11085;4201;25/09/2023;8,95;8,95
11142;4201;25/09/2023;19,95;19,95
12004;4201;25/09/2023;32,00;32,00
12066;4201;25/09/2023;48,50;48,50
12190;4201;25/09/2023;18,00;18,00
20015;4201;25/09/2023;17,95;17,95
20041;4201;25/09/2023;6,50;6,50
20088;4201;25/09/2023;44,00;44,00
20131;4201;25/09/2023;14,50;14,50
30012;4201;25/09/2023;12,95;12,95
30077;4201;25/09/2023;42,00;42,00
30154;4201;25/09/2023;13,50;13,50
30209;4201;25/09/2023;29,95;20,07
10023;4205;25/09/2023;9,50;9,50
10047;4205;25/09/2023;9,00;9,00
10112;4205;25/09/2023;16,95;16,95
10310;4205;25/09/2023;21,50;21,50
11020;4205;25/09/2023;14,95;14,95
11085;4205;25/09/2023;8,95;8,95
11142;4205;25/09/2023;19,95;19,95
12004;4205;25/09/2023;32,00;32,00
12066;4205;25/09/2023;48,50;48,50
12190;4205;25/09/2023;18,00;18,00
20015;4205;25/09/2023;17,95;17,95
20041;4205;25/09/2023;6,50;6,50
20088;4205;25/09/2023;44,00;44,00
20131;4205;25/09/2023;14,50;14,50
30012;4205;25/09/2023;12,95;12,95
30077;4205;25/09/2023;42,00;42,00
30154;4205;25/09/2023;13,50;13,50
30209;4205;25/09/2023;29,95;20,07
10023;4218;25/09/2023;9,50;9,50
10047;4218;25/09/2023;9,00;9,00
10112;4218;25/09/2023;16,95;16,95
10310;4218;25/09/2023;21,50;21,50
11020;4218;25/09/2023;14,95;14,95
11085;4218;25/09/2023;8,95;8,95
11142;4218;25/09/2023;19,95;19,95
12004;4218;25/09/2023;32,00;32,00
12066;4218;25/09/2023;48,50;48,50
12190;4218;25/09/2023;18,00;18,00
20015;4218;25/09/2023;17,95;17,95
20041;4218;25/09/2023;6,50;6,50
20088;4218;25/09/2023;44,00;44,00
20131;4218;25/09/2023;14,50;14,50
30012;4218;25/09/2023;12,95;12,95
30077;4218;25/09/2023;42,00;42,00
30154;4218;25/09/2023;13,50;13,50
30209;4218;25/09/2023;29,95;20,07
99001;4218;25/09/2023;0,00;0,00
10023;5502;25/09/2023;9,50;9,50
10047;5502;25/09/2023;9,00;9,00
10112;5502;25/09/2023;16,95;16,95
10310;5502;25/09/2023;21,50;21,50
11020;5502;25/09/2023;14,95;14,95
11085;5502;25/09/2023;8,95;8,95
11142;5502;25/09/2023;19,95;19,95
12004;5502;25/09/2023;32,00;32,00
12066;5502;25/09/2023;48,50;48,50
12190;5502;25/09/2023;18,00;18,00
20015;5502;25/09/2023;17,95;17,95
20041;5502;25/09/2023;6,50;6,50
20088;5502;25/09/2023;44,00;44,00
20131;5502;25/09/2023;14,50;14,50
30012;5502;25/09/2023;12,95;12,95
30077;5502;25/09/2023;42,00;42,00
30154;5502;25/09/2023;13,50;13,50
30209;5502;25/09/2023;29,95;20,07
99001;5502;25/09/2023;0,00;0,00
10023;5511;25/09/2023;9,50;9,50
10047;5511;25/09/2023;9,00;9,00
10112;5511;25/09/2023;16,95;16,95
10310;5511;25/09/2023;21,50;21,50
11020;5511;25/09/2023;14,95;14,95
11085;5511;25/09/2023;8,95;8,95
11142;5511;25/09/2023;19,95;19,95
12004;5511;25/09/2023;32,00;32,00
12066;5511;25/09/2023;48,50;48,50
12190;5511;25/09/2023;18,00;18,00
20015;5511;25/09/2023;17,95;17,95
20041;5511;25/09/2023;6,50;6,50
20088;5511;25/09/2023;44,00;44,00
20131;5511;25/09/2023;14,50;14,50
30012;5511;25/09/2023;12,95;12,95
30077;5511;25/09/2023;42,00;42,00
30154;5511;25/09/2023;13,50;13,50
30209;5511;25/09/2023;29,95;20,07
10023;9001;25/09/2023;9,50;9,50
10047;9001;25/09/2023;9,00;9,00
10112;9001;25/09/2023;16,95;16,95
10310;9001;25/09/2023;21,50;21,50
11020;9001;25/09/2023;14,95;14,95
11085;9001;25/09/2023;8,95;8,95
11142;9001;25/09/2023;19,95;19,95
12004;9001;25/09/2023;32,00;32,00
12066;9001;25/09/2023;48,50;48,50
12190;9001;25/09/2023;18,00;18,00
20015;9001;25/09/2023;17,95;17,95
20041;9001;25/09/2023;6,50;6,50
20088;9001;25/09/2023;44,00;44,00
20131;9001;25/09/2023;14,50;14,50
30012;9001;25/09/2023;12,95;12,95
30077;9001;25/09/2023;42,00;42,00
30154;9001;25/09/2023;13,50;13,50
30209;9001;25/09/2023;29,95;20,07
99001;9001;25/09/2023;0,00;0,00
