butik_id;vare_nr;dato;uge;antal;omsaetning_dkk;kampagne_kode;type;pant_type;key
1101;10023;02/01/2023;202301;381;4524,38;;SUPER;;NFK|1101|10023|202301
1101;10047;02/01/2023;202301;301;3386,25;;SUPER;;NFK|1101|10047|202301
1101;10112;02/01/2023;202301;173;3665,44;;SUPER;;NFK|1101|10112|202301
1101;10310;02/01/2023;202301;144;3870,00;;SUPER;;NFK|1101|10310|202301
1101;11020;02/01/2023;202301;363;6783,56;;SUPER;;NFK|1101|11020|202301
1101;11085;02/01/2023;202301;217;2427,69;;SUPER;;NFK|1101|11085|202301
1101;11142;02/01/2023;202301;144;3591,00;;SUPER;;NFK|1101|11142|202301
1101;12004;02/01/2023;202301;173;6920,00;;SUPER;;NFK|1101|12004|202301
1101;12066;02/01/2023;202301;145;8790,62;;SUPER;;NFK|1101|12066|202301
1101;12190;02/01/2023;202301;139;2345,62;MP;SUPER;;NFK|1101|12190|202301
1101;20015;02/01/2023;202301;221;5621,69;;SUPER;C;NFK|1101|20015|202301
1101;20041;02/01/2023;202301;273;2491,12;;SUPER;A;NFK|1101|20041|202301
1101;20088;02/01/2023;202301;164;9266,00;;SUPER;B;NFK|1101|20088|202301
1101;20131;02/01/2023;202301;122;2577,25;;SUPER;C;NFK|1101|20131|202301
1101;30012;02/01/2023;202301;86;1392,12;;SUPER;;NFK|1101|30012|202301
1101;30077;02/01/2023;202301;129;6772,50;;SUPER;;NFK|1101|30077|202301
1101;30154;02/01/2023;202301;102;1721,25;;SUPER;;NFK|1101|30154|202301
1101;30209;02/01/2023;202301;116;4342,75;;SUPER;;NFK|1101|30209|202301
1101;99001;02/01/2023;202301;7;0,00;;SUPER;;NFK|1101|99001|202301
1102;10023;02/01/2023;202301;348;4132,50;;SUPER;;NFK|1102|10023|202301
1102;10047;02/01/2023;202301;257;2891,25;;SUPER;;NFK|1102|10047|202301
1102;10112;02/01/2023;202301;127;2690,81;;SUPER;;NFK|1102|10112|202301
1102;10310;02/01/2023;202301;108;2902,50;;SUPER;;NFK|1102|10310|202301
1102;11020;02/01/2023;202301;277;5176,44;;SUPER;;NFK|1102|11020|202301
1102;11085;02/01/2023;202301;189;2114,44;;SUPER;;NFK|1102|11085|202301
1102;11142;02/01/2023;202301;150;3740,62;;SUPER;;NFK|1102|11142|202301
1102;12004;02/01/2023;202301;160;6400,00;;SUPER;;NFK|1102|12004|202301
1102;12066;02/01/2023;202301;114;6911,25;;SUPER;;NFK|1102|12066|202301
1102;12190;02/01/2023;202301;120;2025,00;MP;SUPER;;NFK|1102|12190|202301
1102;20015;02/01/2023;202301;202;5138,38;;SUPER;C;NFK|1102|20015|202301
1102;20041;02/01/2023;202301;314;2865,25;;SUPER;A;NFK|1102|20041|202301
1102;20088;02/01/2023;202301;173;9774,50;;SUPER;B;NFK|1102|20088|202301
1102;20131;02/01/2023;202301;107;2260,38;;SUPER;C;NFK|1102|20131|202301
1102;30012;02/01/2023;202301;81;1311,19;;SUPER;;NFK|1102|30012|202301
1102;30077;02/01/2023;202301;143;7507,50;;SUPER;;NFK|1102|30077|202301
1102;30154;02/01/2023;202301;99;1670,62;;SUPER;;NFK|1102|30154|202301
1102;30209;02/01/2023;202301;122;4567,38;;SUPER;;NFK|1102|30209|202301
1103;10023;02/01/2023;202301;201;2386,88;;NAER;;NFK|1103|10023|202301
1103;10047;02/01/2023;202301;124;1395,00;;NAER;;NFK|1103|10047|202301
1103;10112;02/01/2023;202301;67;1419,56;;NAER;;NFK|1103|10112|202301
1103;10310;02/01/2023;202301;61;1639,38;;NAER;;NFK|1103|10310|202301
1103;11020;02/01/2023;202301;145;2709,69;;NAER;;NFK|1103|11020|202301
1103;11085;02/01/2023;202301;105;1174,69;;NAER;;NFK|1103|11085|202301
1103;11142;02/01/2023;202301;73;1820,44;;NAER;;NFK|1103|11142|202301
1103;12004;02/01/2023;202301;79;3160,00;;NAER;;NFK|1103|12004|202301
1103;12066;02/01/2023;202301;61;3698,12;;NAER;;NFK|1103|12066|202301
1103;12190;02/01/2023;202301;66;1113,75;MP;NAER;;NFK|1103|12190|202301
1103;20015;02/01/2023;202301;138;3510,38;;NAER;C;NFK|1103|20015|202301
1103;20041;02/01/2023;202301;164;1496,50;;NAER;A;NFK|1103|20041|202301
1103;20088;02/01/2023;202301;87;4915,50;;NAER;B;NFK|1103|20088|202301
1103;20131;02/01/2023;202301;50;1056,25;;NAER;C;NFK|1103|20131|202301
1103;30012;02/01/2023;202301;40;647,50;;NAER;;NFK|1103|30012|202301
1103;30077;02/01/2023;202301;68;3570,00;;NAER;;NFK|1103|30077|202301
1103;30154;02/01/2023;202301;50;843,75;;NAER;;NFK|1103|30154|202301
1103;30209;02/01/2023;202301;60;2246,25;;NAER;;NFK|1103|30209|202301
1108;10023;02/01/2023;202301;753;8941,88;;HYPER;;NFK|1108|10023|202301
1108;10047;02/01/2023;202301;504;5670,00;;HYPER;;NFK|1108|10047|202301
1108;10112;02/01/2023;202301;298;6313,87;;HYPER;;NFK|1108|10112|202301
1108;10310;02/01/2023;202301;266;7148,75;;HYPER;;NFK|1108|10310|202301
1108;11020;02/01/2023;202301;717;13398,94;;HYPER;;NFK|1108|11020|202301
1108;11085;02/01/2023;202301;348;3893,25;;HYPER;;NFK|1108|11085|202301
1108;11142;02/01/2023;202301;301;7506,19;;HYPER;;NFK|1108|11142|202301
1108;12004;02/01/2023;202301;326;13040,00;;HYPER;;NFK|1108|12004|202301
1108;12066;02/01/2023;202301;255;15459,38;;HYPER;;NFK|1108|12066|202301
1108;12190;02/01/2023;202301;293;4944,38;MP;HYPER;;NFK|1108|12190|202301
1108;20015;02/01/2023;202301;476;12108,25;;HYPER;C;NFK|1108|20015|202301
1108;20041;02/01/2023;202301;586;5347,25;;HYPER;A;NFK|1108|20041|202301
1108;20088;02/01/2023;202301;350;19775,00;;HYPER;B;NFK|1108|20088|202301
1108;20131;02/01/2023;202301;232;4901,00;;HYPER;C;NFK|1108|20131|202301
1108;30012;02/01/2023;202301;149;2411,94;;HYPER;;NFK|1108|30012|202301
1108;30077;02/01/2023;202301;268;14070,00;;HYPER;;NFK|1108|30077|202301
1108;30154;02/01/2023;202301;193;3256,88;;HYPER;;NFK|1108|30154|202301
1108;30209;02/01/2023;202301;211;7899,31;;HYPER;;NFK|1108|30209|202301
3104;10023;02/01/2023;202301;397;4714,38;;SUPER;;NFK|3104|10023|202301
3104;10047;02/01/2023;202301;216;2430,00;;SUPER;;NFK|3104|10047|202301
3104;10112;02/01/2023;202301;145;3072,19;;SUPER;;NFK|3104|10112|202301
3104;10310;02/01/2023;202301;123;3305,62;;SUPER;;NFK|3104|10310|202301
3104;11020;02/01/2023;202301;277;5176,44;;SUPER;;NFK|3104|11020|202301
3104;11085;02/01/2023;202301;183;2047,31;;SUPER;;NFK|3104|11085|202301
3104;11142;02/01/2023;202301;147;3665,81;;SUPER;;NFK|3104|11142|202301
3104;12004;02/01/2023;202301;149;5960,00;;SUPER;;NFK|3104|12004|202301
3104;12066;02/01/2023;202301;105;6365,62;;SUPER;;NFK|3104|12066|202301
3104;12190;02/01/2023;202301;120;2025,00;MP;SUPER;;NFK|3104|12190|202301
3104;20015;02/01/2023;202301;236;6003,25;;SUPER;C;NFK|3104|20015|202301
3104;20041;02/01/2023;202301;303;2764,88;;SUPER;A;NFK|3104|20041|202301
3104;20088;02/01/2023;202301;166;9379,00;;SUPER;B;NFK|3104|20088|202301
3104;20131;02/01/2023;202301;116;2450,50;;SUPER;C;NFK|3104|20131|202301
3104;30012;02/01/2023;202301;89;1440,69;;SUPER;;NFK|3104|30012|202301
3104;30077;02/01/2023;202301;127;6667,50;;SUPER;;NFK|3104|30077|202301
3104;30154;02/01/2023;202301;89;1501,88;;SUPER;;NFK|3104|30154|202301
3104;30209;02/01/2023;202301;96;3594,00;;SUPER;;NFK|3104|30209|202301
3117;10023;02/01/2023;202301;173;2054,38;;NAER;;NFK|3117|10023|202301
3117;10047;02/01/2023;202301;103;1158,75;;NAER;;NFK|3117|10047|202301
3117;10112;02/01/2023;202301;66;1398,38;;NAER;;NFK|3117|10112|202301
3117;10310;02/01/2023;202301;46;1236,25;;NAER;;NFK|3117|10310|202301
3117;11020;02/01/2023;202301;149;2784,44;;NAER;;NFK|3117|11020|202301
3117;11085;02/01/2023;202301;71;794,31;;NAER;;NFK|3117|11085|202301
3117;11142;02/01/2023;202301;54;1346,62;;NAER;;NFK|3117|11142|202301
3117;12004;02/01/2023;202301;86;3440,00;;NAER;;NFK|3117|12004|202301
3117;12066;02/01/2023;202301;57;3455,62;;NAER;;NFK|3117|12066|202301
3117;12190;02/01/2023;202301;65;1096,88;MP;NAER;;NFK|3117|12190|202301
3117;20015;02/01/2023;202301;105;2670,94;;NAER;C;NFK|3117|20015|202301
3117;20041;02/01/2023;202301;126;1149,75;;NAER;A;NFK|3117|20041|202301
3117;20088;02/01/2023;202301;77;4350,50;;NAER;B;NFK|3117|20088|202301
3117;20131;02/01/2023;202301;47;992,88;;NAER;C;NFK|3117|20131|202301
3117;30012;02/01/2023;202301;41;663,69;;NAER;;NFK|3117|30012|202301
3117;30077;02/01/2023;202301;51;2677,50;;NAER;;NFK|3117|30077|202301
3117;30154;02/01/2023;202301;36;607,50;;NAER;;NFK|3117|30154|202301
3117;30209;02/01/2023;202301;47;1759,56;;NAER;;NFK|3117|30209|202301
3122;10023;02/01/2023;202301;148;1757,50;;FRANCHISE;;NFK|3122|10023|202301
3122;10047;02/01/2023;202301;91;1023,75;;FRANCHISE;;NFK|3122|10047|202301
3122;10112;02/01/2023;202301;48;1017,00;;FRANCHISE;;NFK|3122|10112|202301
3122;10310;02/01/2023;202301;42;1128,75;;FRANCHISE;;NFK|3122|10310|202301
3122;11020;02/01/2023;202301;114;2130,38;;FRANCHISE;;NFK|3122|11020|202301
3122;11085;02/01/2023;202301;57;637,69;;FRANCHISE;;NFK|3122|11085|202301
3122;11142;02/01/2023;202301;42;1047,38;;FRANCHISE;;NFK|3122|11142|202301
3122;12004;02/01/2023;202301;48;1920,00;;FRANCHISE;;NFK|3122|12004|202301
3122;12066;02/01/2023;202301;36;2182,50;;FRANCHISE;;NFK|3122|12066|202301
3122;12190;02/01/2023;202301;41;691,88;MP;FRANCHISE;;NFK|3122|12190|202301
3122;20015;02/01/2023;202301;83;2111,31;;FRANCHISE;C;NFK|3122|20015|202301
3122;20041;02/01/2023;202301;101;921,62;;FRANCHISE;A;NFK|3122|20041|202301
3122;20088;02/01/2023;202301;51;2881,50;;FRANCHISE;B;NFK|3122|20088|202301
3122;20131;02/01/2023;202301;35;739,38;;FRANCHISE;C;NFK|3122|20131|202301
3122;30012;02/01/2023;202301;30;485,62;;FRANCHISE;;NFK|3122|30012|202301
3122;30077;02/01/2023;202301;45;2362,50;;FRANCHISE;;NFK|3122|30077|202301
3122;30154;02/01/2023;202301;30;506,25;;FRANCHISE;;NFK|3122|30154|202301
3122;30209;02/01/2023;202301;33;1235,44;;FRANCHISE;;NFK|3122|30209|202301
3122;99001;02/01/2023;202301;2;0,00;;FRANCHISE;;NFK|3122|99001|202301
4201;10023;02/01/2023;202301;700;8312,50;;HYPER;;NFK|4201|10023|202301
4201;10047;02/01/2023;202301;459;5163,75;;HYPER;;NFK|4201|10047|202301
4201;10112;02/01/2023;202301;268;5678,25;;HYPER;;NFK|4201|10112|202301
4201;10310;02/01/2023;202301;188;5052,50;;HYPER;;NFK|4201|10310|202301
4201;11020;02/01/2023;202301;543;10147,31;;HYPER;;NFK|4201|11020|202301
4201;11085;02/01/2023;202301;363;4061,06;;HYPER;;NFK|4201|11085|202301
4201;11142;02/01/2023;202301;204;5087,25;;HYPER;;NFK|4201|11142|202301
4201;12004;02/01/2023;202301;325;13000,00;;HYPER;;NFK|4201|12004|202301
4201;12066;02/01/2023;202301;199;12064,38;;HYPER;;NFK|4201|12066|202301
4201;12190;02/01/2023;202301;214;3611,25;MP;HYPER;;NFK|4201|12190|202301
4201;20015;02/01/2023;202301;394;10022,38;;HYPER;C;NFK|4201|20015|202301
4201;20041;02/01/2023;202301;458;4179,25;;HYPER;A;NFK|4201|20041|202301
4201;20088;02/01/2023;202301;275;15537,50;;HYPER;B;NFK|4201|20088|202301
4201;20131;02/01/2023;202301;301;4996,60;3F2;HYPER;C;NFK|4201|20131|202301
4201;30012;02/01/2023;202301;131;2120,56;;HYPER;;NFK|4201|30012|202301
4201;30077;02/01/2023;202301;237;12442,50;;HYPER;;NFK|4201|30077|202301
4201;30154;02/01/2023;202301;154;2598,75;;HYPER;;NFK|4201|30154|202301
4201;30209;02/01/2023;202301;227;8498,31;;HYPER;;NFK|4201|30209|202301
4201;99001;02/01/2023;202301;10;0,00;;HYPER;;NFK|4201|99001|202301
4205;10023;02/01/2023;202301;440;5225,00;;SUPER;;NFK|4205|10023|202301
4205;10047;02/01/2023;202301;275;3093,75;;SUPER;;NFK|4205|10047|202301
4205;10112;02/01/2023;202301;152;3220,50;;SUPER;;NFK|4205|10112|202301
4205;10310;02/01/2023;202301;105;2821,88;;SUPER;;NFK|4205|10310|202301
4205;11020;02/01/2023;202301;340;6353,75;;SUPER;;NFK|4205|11020|202301
4205;11085;02/01/2023;202301;181;2024,94;;SUPER;;NFK|4205|11085|202301
4205;11142;02/01/2023;202301;131;3266,81;;SUPER;;NFK|4205|11142|202301
4205;12004;02/01/2023;202301;173;6920,00;;SUPER;;NFK|4205|12004|202301
4205;12066;02/01/2023;202301;120;7275,00;;SUPER;;NFK|4205|12066|202301
4205;12190;02/01/2023;202301;159;2683,12;MP;SUPER;;NFK|4205|12190|202301
4205;20015;02/01/2023;202301;215;5469,06;;SUPER;C;NFK|4205|20015|202301
4205;20041;02/01/2023;202301;283;2582,38;;SUPER;A;NFK|4205|20041|202301
4205;20088;02/01/2023;202301;152;8588,00;;SUPER;B;NFK|4205|20088|202301
4205;20131;02/01/2023;202301;175;2905,00;3F2;SUPER;C;NFK|4205|20131|202301
4205;30012;02/01/2023;202301;73;1181,69;;SUPER;;NFK|4205|30012|202301
4205;30077;02/01/2023;202301;113;5932,50;;SUPER;;NFK|4205|30077|202301
4205;30154;02/01/2023;202301;108;1822,50;;SUPER;;NFK|4205|30154|202301
4205;30209;02/01/2023;202301;136;5091,50;;SUPER;;NFK|4205|30209|202301
4205;99001;02/01/2023;202301;6;0,00;;SUPER;;NFK|4205|99001|202301
4218;10023;02/01/2023;202301;412;4892,50;;SUPER;;NFK|4218|10023|202301
4218;10047;02/01/2023;202301;260;2925,00;;SUPER;;NFK|4218|10047|202301
4218;10112;02/01/2023;202301;152;3220,50;;SUPER;;NFK|4218|10112|202301
4218;10310;02/01/2023;202301;142;3816,25;;SUPER;;NFK|4218|10310|202301
4218;11020;02/01/2023;202301;362;6764,88;;SUPER;;NFK|4218|11020|202301
4218;11085;02/01/2023;202301;205;2293,44;;SUPER;;NFK|4218|11085|202301
4218;11142;02/01/2023;202301;132;3291,75;;SUPER;;NFK|4218|11142|202301
4218;12004;02/01/2023;202301;199;7960,00;;SUPER;;NFK|4218|12004|202301
4218;12066;02/01/2023;202301;135;8184,38;;SUPER;;NFK|4218|12066|202301
4218;12190;02/01/2023;202301;167;2818,12;MP;SUPER;;NFK|4218|12190|202301
4218;20015;02/01/2023;202301;251;6384,81;;SUPER;C;NFK|4218|20015|202301
4218;20041;02/01/2023;202301;364;3321,50;;SUPER;A;NFK|4218|20041|202301
4218;20088;02/01/2023;202301;157;8870,50;;SUPER;B;NFK|4218|20088|202301
4218;20131;02/01/2023;202301;182;3021,20;3F2;SUPER;C;NFK|4218|20131|202301
4218;30012;02/01/2023;202301;95;1537,81;;SUPER;;NFK|4218|30012|202301
4218;30077;02/01/2023;202301;128;6720,00;;SUPER;;NFK|4218|30077|202301
4218;30154;02/01/2023;202301;100;1687,50;;SUPER;;NFK|4218|30154|202301
4218;30209;02/01/2023;202301;115;4305,31;;SUPER;;NFK|4218|30209|202301
5502;10023;02/01/2023;202301;347;4120,62;;SUPER;;NFK|5502|10023|202301
5502;10047;02/01/2023;202301;269;3026,25;;SUPER;;NFK|5502|10047|202301
5502;10112;02/01/2023;202301;138;2923,88;;SUPER;;NFK|5502|10112|202301
5502;10310;02/01/2023;202301;117;3144,38;;SUPER;;NFK|5502|10310|202301
5502;11020;02/01/2023;202301;310;5793,12;;SUPER;;NFK|5502|11020|202301
5502;11085;02/01/2023;202301;168;1879,50;;SUPER;;NFK|5502|11085|202301
5502;11142;02/01/2023;202301;147;3665,81;;SUPER;;NFK|5502|11142|202301
5502;12004;02/01/2023;202301;155;6200,00;;SUPER;;NFK|5502|12004|202301
5502;12066;02/01/2023;202301;131;7941,88;;SUPER;;NFK|5502|12066|202301
5502;12190;02/01/2023;202301;141;2379,38;MP;SUPER;;NFK|5502|12190|202301
5502;20015;02/01/2023;202301;209;5316,44;;SUPER;C;NFK|5502|20015|202301
5502;20041;02/01/2023;202301;317;2892,62;;SUPER;A;NFK|5502|20041|202301
5502;20088;02/01/2023;202301;147;8305,50;;SUPER;B;NFK|5502|20088|202301
5502;20131;02/01/2023;202301;171;2838,60;3F2;SUPER;C;NFK|5502|20131|202301
5502;30012;02/01/2023;202301;87;1408,31;;SUPER;;NFK|5502|30012|202301
5502;30077;02/01/2023;202301;107;5617,50;;SUPER;;NFK|5502|30077|202301
5502;30154;02/01/2023;202301;101;1704,38;;SUPER;;NFK|5502|30154|202301
5502;30209;02/01/2023;202301;100;3743,75;;SUPER;;NFK|5502|30209|202301
5511;10023;02/01/2023;202301;145;1721,88;;PARTNER;;NFK|5511|10023|202301
5511;10047;02/01/2023;202301;93;1046,25;;PARTNER;;NFK|5511|10047|202301
5511;10112;02/01/2023;202301;57;1207,69;;PARTNER;;NFK|5511|10112|202301
5511;10310;02/01/2023;202301;44;1182,50;;PARTNER;;NFK|5511|10310|202301
5511;11020;02/01/2023;202301;114;2130,38;;PARTNER;;NFK|5511|11020|202301
5511;11085;02/01/2023;202301;79;883,81;;PARTNER;;NFK|5511|11085|202301
5511;11142;02/01/2023;202301;58;1446,38;;PARTNER;;NFK|5511|11142|202301
5511;12004;02/01/2023;202301;60;2400,00;;PARTNER;;NFK|5511|12004|202301
5511;12066;02/01/2023;202301;54;3273,75;;PARTNER;;NFK|5511|12066|202301
5511;12190;02/01/2023;202301;52;877,50;MP;PARTNER;;NFK|5511|12190|202301
5511;20015;02/01/2023;202301;78;1984,12;;PARTNER;C;NFK|5511|20015|202301
5511;20041;02/01/2023;202301;117;1067,62;;PARTNER;A;NFK|5511|20041|202301
5511;20088;02/01/2023;202301;66;3729,00;;PARTNER;B;NFK|5511|20088|202301
5511;20131;02/01/2023;202301;75;1245,00;3F2;PARTNER;C;NFK|5511|20131|202301
5511;30012;02/01/2023;202301;28;453,25;;PARTNER;;NFK|5511|30012|202301
5511;30077;02/01/2023;202301;54;2835,00;;PARTNER;;NFK|5511|30077|202301
5511;30154;02/01/2023;202301;30;506,25;;PARTNER;;NFK|5511|30154|202301
5511;30209;02/01/2023;202301;39;1460,06;;PARTNER;;NFK|5511|30209|202301
9001;10023;02/01/2023;202301;23;273,12;;DEPOT;;NFK|9001|10023|202301
9001;10047;02/01/2023;202301;14;157,50;;DEPOT;;NFK|9001|10047|202301
9001;10112;02/01/2023;202301;8;169,50;;DEPOT;;NFK|9001|10112|202301
9001;10310;02/01/2023;202301;7;188,12;;DEPOT;;NFK|9001|10310|202301
9001;11020;02/01/2023;202301;16;299,00;;DEPOT;;NFK|9001|11020|202301
9001;11085;02/01/2023;202301;10;111,88;;DEPOT;;NFK|9001|11085|202301
9001;11142;02/01/2023;202301;7;174,56;;DEPOT;;NFK|9001|11142|202301
9001;12004;02/01/2023;202301;9;360,00;;DEPOT;;NFK|9001|12004|202301
9001;12066;02/01/2023;202301;6;363,75;;DEPOT;;NFK|9001|12066|202301
9001;12190;02/01/2023;202301;7;118,12;MP;DEPOT;;NFK|9001|12190|202301
9001;20015;02/01/2023;202301;14;356,12;;DEPOT;C;NFK|9001|20015|202301
9001;20041;02/01/2023;202301;15;136,88;;DEPOT;A;NFK|9001|20041|202301
9001;20088;02/01/2023;202301;8;452,00;;DEPOT;B;NFK|9001|20088|202301
9001;20131;02/01/2023;202301;6;126,75;;DEPOT;C;NFK|9001|20131|202301
9001;30012;02/01/2023;202301;4;64,75;;DEPOT;;NFK|9001|30012|202301
9001;30077;02/01/2023;202301;6;315,00;;DEPOT;;NFK|9001|30077|202301
9001;30154;02/01/2023;202301;5;84,38;;DEPOT;;NFK|9001|30154|202301
9001;30209;02/01/2023;202301;7;262,06;;DEPOT;;NFK|9001|30209|202301
1101;10023;09/01/2023;202302;396;4702,50;;SUPER;;NFK|1101|10023|202302
1101;10047;09/01/2023;202302;291;3273,75;;SUPER;;NFK|1101|10047|202302
1101;10112;09/01/2023;202302;202;3850,62;AVIS;SUPER;;NFK|1101|10112|202302
1101;10310;09/01/2023;202302;129;3466,88;;SUPER;;NFK|1101|10310|202302
1101;11020;09/01/2023;202302;370;6914,38;;SUPER;;NFK|1101|11020|202302
1101;11085;09/01/2023;202302;218;2438,88;;SUPER;;NFK|1101|11085|202302
1101;11142;09/01/2023;202302;146;3640,88;;SUPER;;NFK|1101|11142|202302
1101;12004;09/01/2023;202302;167;6680,00;;SUPER;;NFK|1101|12004|202302
1101;12066;09/01/2023;202302;134;8123,75;;SUPER;;NFK|1101|12066|202302
1101;12190;09/01/2023;202302;109;2452,50;;SUPER;;NFK|1101|12190|202302
1101;20015;09/01/2023;202302;270;6868,12;;SUPER;C;NFK|1101|20015|202302
1101;20041;09/01/2023;202302;334;3047,75;;SUPER;A;NFK|1101|20041|202302
1101;20088;09/01/2023;202302;174;9831,00;;SUPER;B;NFK|1101|20088|202302
1101;20131;09/01/2023;202302;112;2366,00;;SUPER;C;NFK|1101|20131|202302
1101;30012;09/01/2023;202302;82;1327,37;;SUPER;;NFK|1101|30012|202302
1101;30077;09/01/2023;202302;153;8032,50;;SUPER;;NFK|1101|30077|202302
1101;30154;09/01/2023;202302;109;1839,38;;SUPER;;NFK|1101|30154|202302
1101;30209;09/01/2023;202302;159;5356,31;TILBUD;SUPER;;NFK|1101|30209|202302
1101;99001;09/01/2023;202302;6;0,00;;SUPER;;NFK|1101|99001|202302
1102;10023;09/01/2023;202302;431;5118,12;;SUPER;;NFK|1102|10023|202302
1102;10047;09/01/2023;202302;254;2857,50;;SUPER;;NFK|1102|10047|202302
1102;10112;09/01/2023;202302;234;4460,62;AVIS;SUPER;;NFK|1102|10112|202302
1102;10310;09/01/2023;202302;106;2848,75;;SUPER;;NFK|1102|10310|202302
1102;11020;09/01/2023;202302;365;6820,94;;SUPER;;NFK|1102|11020|202302
1102;11085;09/01/2023;202302;181;2024,94;;SUPER;;NFK|1102|11085|202302
1102;11142;09/01/2023;202302;128;3192,00;;SUPER;;NFK|1102|11142|202302
1102;12004;09/01/2023;202302;172;6880,00;;SUPER;;NFK|1102|12004|202302
1102;12066;09/01/2023;202302;134;8123,75;;SUPER;;NFK|1102|12066|202302
1102;12190;09/01/2023;202302;84;1890,00;;SUPER;;NFK|1102|12190|202302
1102;20015;09/01/2023;202302;233;5926,94;;SUPER;C;NFK|1102|20015|202302
1102;20041;09/01/2023;202302;280;2555,00;;SUPER;A;NFK|1102|20041|202302
1102;20088;09/01/2023;202302;154;8701,00;;SUPER;B;NFK|1102|20088|202302
1102;20131;09/01/2023;202302;113;2387,12;;SUPER;C;NFK|1102|20131|202302
1102;30012;09/01/2023;202302;87;1408,31;;SUPER;;NFK|1102|30012|202302
1102;30077;09/01/2023;202302;133;6982,50;;SUPER;;NFK|1102|30077|202302
1102;30154;09/01/2023;202302;91;1535,62;;SUPER;;NFK|1102|30154|202302
1102;30209;09/01/2023;202302;175;5895,31;TILBUD;SUPER;;NFK|1102|30209|202302
1103;10023;09/01/2023;202302;197;2339,38;;NAER;;NFK|1103|10023|202302
1103;10047;09/01/2023;202302;143;1608,75;;NAER;;NFK|1103|10047|202302
1103;10112;09/01/2023;202302;99;1887,19;AVIS;NAER;;NFK|1103|10112|202302
1103;10310;09/01/2023;202302;64;1720,00;;NAER;;NFK|1103|10310|202302
1103;11020;09/01/2023;202302;165;3083,44;;NAER;;NFK|1103|11020|202302
1103;11085;09/01/2023;202302;86;962,12;;NAER;;NFK|1103|11085|202302
1103;11142;09/01/2023;202302;64;1596,00;;NAER;;NFK|1103|11142|202302
1103;12004;09/01/2023;202302;84;3360,00;;NAER;;NFK|1103|12004|202302
1103;12066;09/01/2023;202302;59;3576,88;;NAER;;NFK|1103|12066|202302
1103;12190;09/01/2023;202302;56;1260,00;;NAER;;NFK|1103|12190|202302
1103;20015;09/01/2023;202302;132;3357,75;;NAER;C;NFK|1103|20015|202302
1103;20041;09/01/2023;202302;163;1487,38;;NAER;A;NFK|1103|20041|202302
1103;20088;09/01/2023;202302;75;4237,50;;NAER;B;NFK|1103|20088|202302
1103;20131;09/01/2023;202302;58;1225,25;;NAER;C;NFK|1103|20131|202302
1103;30012;09/01/2023;202302;47;760,81;;NAER;;NFK|1103|30012|202302
1103;30077;09/01/2023;202302;73;3832,50;;NAER;;NFK|1103|30077|202302
1103;30154;09/01/2023;202302;43;725,62;;NAER;;NFK|1103|30154|202302
1103;30209;09/01/2023;202302;81;2728,69;TILBUD;NAER;;NFK|1103|30209|202302
1108;10023;09/01/2023;202302;773;9179,38;;HYPER;;NFK|1108|10023|202302
1108;10047;09/01/2023;202302;507;5703,75;;HYPER;;NFK|1108|10047|202302
1108;10112;09/01/2023;202302;457;8711,56;AVIS;HYPER;;NFK|1108|10112|202302
1108;10310;09/01/2023;202302;253;6799,38;;HYPER;;NFK|1108|10310|202302
1108;11020;09/01/2023;202302;728;13604,50;;HYPER;;NFK|1108|11020|202302
1108;11085;09/01/2023;202302;348;3893,25;;HYPER;;NFK|1108|11085|202302
1108;11142;09/01/2023;202302;271;6758,06;;HYPER;;NFK|1108|11142|202302
1108;12004;09/01/2023;202302;324;12960,00;;HYPER;;NFK|1108|12004|202302
1108;12066;09/01/2023;202302;276;16732,50;;HYPER;;NFK|1108|12066|202302
1108;12190;09/01/2023;202302;201;4522,50;;HYPER;;NFK|1108|12190|202302
1108;20015;09/01/2023;202302;429;10912,69;;HYPER;C;NFK|1108|20015|202302
1108;20041;09/01/2023;202302;521;4754,12;;HYPER;A;NFK|1108|20041|202302
1108;20088;09/01/2023;202302;352;19888,00;;HYPER;B;NFK|1108|20088|202302
1108;20131;09/01/2023;202302;201;4246,12;;HYPER;C;NFK|1108|20131|202302
1108;30012;09/01/2023;202302;166;2687,12;;HYPER;;NFK|1108|30012|202302
1108;30077;09/01/2023;202302;277;14542,50;;HYPER;;NFK|1108|30077|202302
1108;30154;09/01/2023;202302;179;3020,62;;HYPER;;NFK|1108|30154|202302
1108;30209;09/01/2023;202302;270;9095,62;TILBUD;HYPER;;NFK|1108|30209|202302
3104;10023;09/01/2023;202302;425;5046,88;;SUPER;;NFK|3104|10023|202302
3104;10047;09/01/2023;202302;271;3048,75;;SUPER;;NFK|3104|10047|202302
3104;10112;09/01/2023;202302;185;3526,56;AVIS;SUPER;;NFK|3104|10112|202302
3104;10310;09/01/2023;202302;100;2687,50;;SUPER;;NFK|3104|10310|202302
3104;11020;09/01/2023;202302;330;6166,88;;SUPER;;NFK|3104|11020|202302
3104;11085;09/01/2023;202302;200;2237,50;;SUPER;;NFK|3104|11085|202302
3104;11142;09/01/2023;202302;146;3640,88;;SUPER;;NFK|3104|11142|202302
3104;12004;09/01/2023;202302;155;6200,00;;SUPER;;NFK|3104|12004|202302
3104;12066;09/01/2023;202302;106;6426,25;;SUPER;;NFK|3104|12066|202302
3104;12190;09/01/2023;202302;83;1867,50;;SUPER;;NFK|3104|12190|202302
3104;20015;09/01/2023;202302;219;5570,81;;SUPER;C;NFK|3104|20015|202302
3104;20041;09/01/2023;202302;252;2299,50;;SUPER;A;NFK|3104|20041|202302
3104;20088;09/01/2023;202302;166;9379,00;;SUPER;B;NFK|3104|20088|202302
3104;20131;09/01/2023;202302;116;2450,50;;SUPER;C;NFK|3104|20131|202302
3104;30012;09/01/2023;202302;69;1116,94;;SUPER;;NFK|3104|30012|202302
3104;30077;09/01/2023;202302;107;5617,50;;SUPER;;NFK|3104|30077|202302
3104;30154;09/01/2023;202302;78;1316,25;;SUPER;;NFK|3104|30154|202302
3104;30209;09/01/2023;202302;128;4312,00;TILBUD;SUPER;;NFK|3104|30209|202302
3117;10023;09/01/2023;202302;165;1959,38;;NAER;;NFK|3117|10023|202302
3117;10047;09/01/2023;202302;113;1271,25;;NAER;;NFK|3117|10047|202302
3117;10112;09/01/2023;202302;81;1544,06;AVIS;NAER;;NFK|3117|10112|202302
3117;10310;09/01/2023;202302;57;1531,88;;NAER;;NFK|3117|10310|202302
3117;11020;09/01/2023;202302;126;2354,62;;NAER;;NFK|3117|11020|202302
3117;11085;09/01/2023;202302;88;984,50;;NAER;;NFK|3117|11085|202302
3117;11142;09/01/2023;202302;65;1620,94;;NAER;;NFK|3117|11142|202302
3117;12004;09/01/2023;202302;78;3120,00;;NAER;;NFK|3117|12004|202302
3117;12066;09/01/2023;202302;61;3698,12;;NAER;;NFK|3117|12066|202302
3117;12190;09/01/2023;202302;38;855,00;;NAER;;NFK|3117|12190|202302
3117;20015;09/01/2023;202302;96;2442,00;;NAER;C;NFK|3117|20015|202302
3117;20041;09/01/2023;202302;133;1213,62;;NAER;A;NFK|3117|20041|202302
3117;20088;09/01/2023;202302;66;3729,00;;NAER;B;NFK|3117|20088|202302
3117;20131;09/01/2023;202302;50;1056,25;;NAER;C;NFK|3117|20131|202302
3117;30012;09/01/2023;202302;39;631,31;;NAER;;NFK|3117|30012|202302
3117;30077;09/01/2023;202302;58;3045,00;;NAER;;NFK|3117|30077|202302
3117;30154;09/01/2023;202302;40;675,00;;NAER;;NFK|3117|30154|202302
3117;30209;09/01/2023;202302;75;2526,56;TILBUD;NAER;;NFK|3117|30209|202302
3117;99001;09/01/2023;202302;2;0,00;;NAER;;NFK|3117|99001|202302
3122;10023;09/01/2023;202302;117;1389,38;;FRANCHISE;;NFK|3122|10023|202302
3122;10047;09/01/2023;202302;86;967,50;;FRANCHISE;;NFK|3122|10047|202302
3122;10112;09/01/2023;202302;68;1296,25;AVIS;FRANCHISE;;NFK|3122|10112|202302
3122;10310;09/01/2023;202302;43;1155,62;;FRANCHISE;;NFK|3122|10310|202302
3122;11020;09/01/2023;202302;100;1868,75;;FRANCHISE;;NFK|3122|11020|202302
3122;11085;09/01/2023;202302;56;626,50;;FRANCHISE;;NFK|3122|11085|202302
3122;11142;09/01/2023;202302;48;1197,00;;FRANCHISE;;NFK|3122|11142|202302
3122;12004;09/01/2023;202302;58;2320,00;;FRANCHISE;;NFK|3122|12004|202302
3122;12066;09/01/2023;202302;42;2546,25;;FRANCHISE;;NFK|3122|12066|202302
3122;12190;09/01/2023;202302;27;607,50;;FRANCHISE;;NFK|3122|12190|202302
3122;20015;09/01/2023;202302;78;1984,12;;FRANCHISE;C;NFK|3122|20015|202302
3122;20041;09/01/2023;202302;101;921,62;;FRANCHISE;A;NFK|3122|20041|202302
3122;20088;09/01/2023;202302;51;2881,50;;FRANCHISE;B;NFK|3122|20088|202302
3122;20131;09/01/2023;202302;34;718,25;;FRANCHISE;C;NFK|3122|20131|202302
3122;30012;09/01/2023;202302;26;420,88;;FRANCHISE;;NFK|3122|30012|202302
3122;30077;09/01/2023;202302;44;2310,00;;FRANCHISE;;NFK|3122|30077|202302
3122;30154;09/01/2023;202302;32;540,00;;FRANCHISE;;NFK|3122|30154|202302
3122;30209;09/01/2023;202302;45;1515,94;TILBUD;FRANCHISE;;NFK|3122|30209|202302
4201;10023;09/01/2023;202302;777;9226,88;;HYPER;;NFK|4201|10023|202302
4201;10047;09/01/2023;202302;498;5602,50;;HYPER;;NFK|4201|10047|202302
4201;10112;09/01/2023;202302;318;6061,88;AVIS;HYPER;;NFK|4201|10112|202302
4201;10310;09/01/2023;202302;197;5294,38;;HYPER;;NFK|4201|10310|202302
4201;11020;09/01/2023;202302;592;11063,00;;HYPER;;NFK|4201|11020|202302
4201;11085;09/01/2023;202302;318;3557,62;;HYPER;;NFK|4201|11085|202302
4201;11142;09/01/2023;202302;234;5835,38;;HYPER;;NFK|4201|11142|202302
4201;12004;09/01/2023;202302;260;10400,00;;HYPER;;NFK|4201|12004|202302
4201;12066;09/01/2023;202302;205;12428,12;;HYPER;;NFK|4201|12066|202302
4201;12190;09/01/2023;202302;183;4117,50;;HYPER;;NFK|4201|12190|202302
4201;20015;09/01/2023;202302;397;10098,69;;HYPER;C;NFK|4201|20015|202302
4201;20041;09/01/2023;202302;453;4133,62;;HYPER;A;NFK|4201|20041|202302
4201;20088;09/01/2023;202302;274;15481,00;;HYPER;B;NFK|4201|20088|202302
4201;20131;09/01/2023;202302;169;3570,12;;HYPER;C;NFK|4201|20131|202302
4201;30012;09/01/2023;202302;161;2606,19;;HYPER;;NFK|4201|30012|202302
4201;30077;09/01/2023;202302;213;11182,50;;HYPER;;NFK|4201|30077|202302
4201;30154;09/01/2023;202302;176;2970,00;;HYPER;;NFK|4201|30154|202302
4201;30209;09/01/2023;202302;306;10308,37;TILBUD;HYPER;;NFK|4201|30209|202302
4205;10023;09/01/2023;202302;462;5486,25;;SUPER;;NFK|4205|10023|202302
4205;10047;09/01/2023;202302;292;3285,00;;SUPER;;NFK|4205|10047|202302
4205;10112;09/01/2023;202302;226;4308,12;AVIS;SUPER;;NFK|4205|10112|202302
4205;10310;09/01/2023;202302;137;3681,88;;SUPER;;NFK|4205|10310|202302
4205;11020;09/01/2023;202302;310;5793,12;;SUPER;;NFK|4205|11020|202302
4205;11085;09/01/2023;202302;170;1901,87;;SUPER;;NFK|4205|11085|202302
4205;11142;09/01/2023;202302;138;3441,38;;SUPER;;NFK|4205|11142|202302
4205;12004;09/01/2023;202302;185;7400,00;;SUPER;;NFK|4205|12004|202302
4205;12066;09/01/2023;202302;142;8608,75;;SUPER;;NFK|4205|12066|202302
4205;12190;09/01/2023;202302;97;2182,50;;SUPER;;NFK|4205|12190|202302
4205;20015;09/01/2023;202302;211;5367,31;;SUPER;C;NFK|4205|20015|202302
4205;20041;09/01/2023;202302;342;3120,75;;SUPER;A;NFK|4205|20041|202302
4205;20088;09/01/2023;202302;143;8079,50;;SUPER;B;NFK|4205|20088|202302
4205;20131;09/01/2023;202302;108;2281,50;;SUPER;C;NFK|4205|20131|202302
4205;30012;09/01/2023;202302;77;1246,44;;SUPER;;NFK|4205|30012|202302
4205;30077;09/01/2023;202302;135;7087,50;;SUPER;;NFK|4205|30077|202302
4205;30154;09/01/2023;202302;88;1485,00;;SUPER;;NFK|4205|30154|202302
4205;30209;09/01/2023;202302;159;5356,31;TILBUD;SUPER;;NFK|4205|30209|202302
4218;10023;09/01/2023;202302;389;4619,38;;SUPER;;NFK|4218|10023|202302
4218;10047;09/01/2023;202302;260;2925,00;;SUPER;;NFK|4218|10047|202302
4218;10112;09/01/2023;202302;227;4327,19;AVIS;SUPER;;NFK|4218|10112|202302
4218;10310;09/01/2023;202302;128;3440,00;;SUPER;;NFK|4218|10310|202302
4218;11020;09/01/2023;202302;349;6521,94;;SUPER;;NFK|4218|11020|202302
4218;11085;09/01/2023;202302;233;2606,69;;SUPER;;NFK|4218|11085|202302
4218;11142;09/01/2023;202302;139;3466,31;;SUPER;;NFK|4218|11142|202302
4218;12004;09/01/2023;202302;211;8440,00;;SUPER;;NFK|4218|12004|202302
4218;12066;09/01/2023;202302;128;7760,00;;SUPER;;NFK|4218|12066|202302
4218;12190;09/01/2023;202302;91;2047,50;;SUPER;;NFK|4218|12190|202302
4218;20015;09/01/2023;202302;253;6435,69;;SUPER;C;NFK|4218|20015|202302
4218;20041;09/01/2023;202302;311;2837,88;;SUPER;A;NFK|4218|20041|202302
4218;20088;09/01/2023;202302;190;10735,00;;SUPER;B;NFK|4218|20088|202302
4218;20131;09/01/2023;202302;107;2260,38;;SUPER;C;NFK|4218|20131|202302
4218;30012;09/01/2023;202302;88;1424,50;;SUPER;;NFK|4218|30012|202302
4218;30077;09/01/2023;202302;123;6457,50;;SUPER;;NFK|4218|30077|202302
4218;30154;09/01/2023;202302;98;1653,75;;SUPER;;NFK|4218|30154|202302
4218;30209;09/01/2023;202302;150;5053,12;TILBUD;SUPER;;NFK|4218|30209|202302
5502;10023;09/01/2023;202302;438;5201,25;;SUPER;;NFK|5502|10023|202302
5502;10047;09/01/2023;202302;263;2958,75;;SUPER;;NFK|5502|10047|202302
5502;10112;09/01/2023;202302;208;3965,00;AVIS;SUPER;;NFK|5502|10112|202302
5502;10310;09/01/2023;202302;126;3386,25;;SUPER;;NFK|5502|10310|202302
5502;11020;09/01/2023;202302;330;6166,88;;SUPER;;NFK|5502|11020|202302
5502;11085;09/01/2023;202302;176;1969,00;;SUPER;;NFK|5502|11085|202302
5502;11142;09/01/2023;202302;153;3815,44;;SUPER;;NFK|5502|11142|202302
5502;12004;09/01/2023;202302;168;6720,00;;SUPER;;NFK|5502|12004|202302
5502;12066;09/01/2023;202302;111;6729,38;;SUPER;;NFK|5502|12066|202302
5502;12190;09/01/2023;202302;99;2227,50;;SUPER;;NFK|5502|12190|202302
5502;20015;09/01/2023;202302;255;6486,56;;SUPER;C;NFK|5502|20015|202302
5502;20041;09/01/2023;202302;256;2336,00;;SUPER;A;NFK|5502|20041|202302
5502;20088;09/01/2023;202302;141;7966,50;;SUPER;B;NFK|5502|20088|202302
5502;20131;09/01/2023;202302;103;2175,88;;SUPER;C;NFK|5502|20131|202302
5502;30012;09/01/2023;202302;80;1295,00;;SUPER;;NFK|5502|30012|202302
5502;30077;09/01/2023;202302;113;5932,50;;SUPER;;NFK|5502|30077|202302
5502;30154;09/01/2023;202302;101;1704,38;;SUPER;;NFK|5502|30154|202302
5502;30209;09/01/2023;202302;166;5592,12;TILBUD;SUPER;;NFK|5502|30209|202302
5502;99001;09/01/2023;202302;6;0,00;;SUPER;;NFK|5502|99001|202302
5511;10023;09/01/2023;202302;172;2042,50;;PARTNER;;NFK|5511|10023|202302
5511;10047;09/01/2023;202302;103;1158,75;;PARTNER;;NFK|5511|10047|202302
5511;10112;09/01/2023;202302;85;1620,31;AVIS;PARTNER;;NFK|5511|10112|202302
5511;10310;09/01/2023;202302;45;1209,38;;PARTNER;;NFK|5511|10310|202302
5511;11020;09/01/2023;202302;-14;-261,62;;PARTNER;;NFK|5511|11020|202302
5511;11085;09/01/2023;202302;70;783,12;;PARTNER;;NFK|5511|11085|202302
5511;11142;09/01/2023;202302;52;1296,75;;PARTNER;;NFK|5511|11142|202302
5511;12004;09/01/2023;202302;62;2480,00;;PARTNER;;NFK|5511|12004|202302
5511;12066;09/01/2023;202302;47;2849,38;;PARTNER;;NFK|5511|12066|202302
5511;12190;09/01/2023;202302;40;900,00;;PARTNER;;NFK|5511|12190|202302
5511;20015;09/01/2023;202302;92;2340,25;;PARTNER;C;NFK|5511|20015|202302
5511;20041;09/01/2023;202302;97;885,12;;PARTNER;A;NFK|5511|20041|202302
5511;20088;09/01/2023;202302;54;3051,00;;PARTNER;B;NFK|5511|20088|202302
5511;20131;09/01/2023;202302;41;866,12;;PARTNER;C;NFK|5511|20131|202302
5511;30012;09/01/2023;202302;36;582,75;;PARTNER;;NFK|5511|30012|202302
5511;30077;09/01/2023;202302;51;2677,50;;PARTNER;;NFK|5511|30077|202302
5511;30154;09/01/2023;202302;37;624,38;;PARTNER;;NFK|5511|30154|202302
5511;30209;09/01/2023;202302;55;1852,81;TILBUD;PARTNER;;NFK|5511|30209|202302
5511;99001;09/01/2023;202302;2;0,00;;PARTNER;;NFK|5511|99001|202302
9001;10023;09/01/2023;202302;23;273,12;;DEPOT;;NFK|9001|10023|202302
9001;10047;09/01/2023;202302;15;168,75;;DEPOT;;NFK|9001|10047|202302
9001;10112;09/01/2023;202302;12;228,75;AVIS;DEPOT;;NFK|9001|10112|202302
9001;10310;09/01/2023;202302;6;161,25;;DEPOT;;NFK|9001|10310|202302
9001;11020;09/01/2023;202302;20;373,75;;DEPOT;;NFK|9001|11020|202302
9001;11085;09/01/2023;202302;10;111,88;;DEPOT;;NFK|9001|11085|202302
9001;11142;09/01/2023;202302;7;174,56;;DEPOT;;NFK|9001|11142|202302
9001;12004;09/01/2023;202302;10;400,00;;DEPOT;;NFK|9001|12004|202302
9001;12066;09/01/2023;202302;7;424,38;;DEPOT;;NFK|9001|12066|202302
9001;12190;09/01/2023;202302;5;112,50;;DEPOT;;NFK|9001|12190|202302
9001;20015;09/01/2023;202302;11;279,81;;DEPOT;C;NFK|9001|20015|202302
9001;20041;09/01/2023;202302;14;127,75;;DEPOT;A;NFK|9001|20041|202302
9001;20088;09/01/2023;202302;8;452,00;;DEPOT;B;NFK|9001|20088|202302
9001;20131;09/01/2023;202302;7;147,88;;DEPOT;C;NFK|9001|20131|202302
9001;30012;09/01/2023;202302;4;64,75;;DEPOT;;NFK|9001|30012|202302
9001;30077;09/01/2023;202302;8;420,00;;DEPOT;;NFK|9001|30077|202302
9001;30154;09/01/2023;202302;5;84,38;;DEPOT;;NFK|9001|30154|202302
9001;30209;09/01/2023;202302;8;269,50;TILBUD;DEPOT;;NFK|9001|30209|202302
1101;10023;16/01/2023;202303;420;4987,50;;SUPER;;NFK|1101|10023|202303
1101;10047;16/01/2023;202303;293;3296,25;;SUPER;;NFK|1101|10047|202303
1101;10112;16/01/2023;202303;160;3390,00;;SUPER;;NFK|1101|10112|202303
1101;10310;16/01/2023;202303;137;3681,88;;SUPER;;NFK|1101|10310|202303
1101;11020;16/01/2023;202303;443;7038,16;KUPON;SUPER;;NFK|1101|11020|202303
1101;11085;16/01/2023;202303;187;2092,06;;SUPER;;NFK|1101|11085|202303
1101;11142;16/01/2023;202303;153;3815,44;;SUPER;;NFK|1101|11142|202303
1101;12004;16/01/2023;202303;215;7740,00;3F2;SUPER;;NFK|1101|12004|202303
1101;12066;16/01/2023;202303;159;9639,38;;SUPER;;NFK|1101|12066|202303
1101;12190;16/01/2023;202303;109;2452,50;;SUPER;;NFK|1101|12190|202303
1101;20015;16/01/2023;202303;270;6868,12;;SUPER;C;NFK|1101|20015|202303
1101;20041;16/01/2023;202303;307;2801,38;;SUPER;A;NFK|1101|20041|202303
1101;20088;16/01/2023;202303;162;9153,00;;SUPER;B;NFK|1101|20088|202303
1101;20131;16/01/2023;202303;108;2281,50;;SUPER;C;NFK|1101|20131|202303
1101;30012;16/01/2023;202303;103;1667,31;;SUPER;;NFK|1101|30012|202303
1101;30077;16/01/2023;202303;257;9039,98;3F2;SUPER;;NFK|1101|30077|202303
1101;30154;16/01/2023;202303;89;1501,88;;SUPER;;NFK|1101|30154|202303
1101;30209;16/01/2023;202303;126;4717,12;;SUPER;;NFK|1101|30209|202303
1102;10023;16/01/2023;202303;428;5082,50;;SUPER;;NFK|1102|10023|202303
1102;10047;16/01/2023;202303;245;2756,25;;SUPER;;NFK|1102|10047|202303
1102;10112;16/01/2023;202303;141;2987,44;;SUPER;;NFK|1102|10112|202303
1102;10310;16/01/2023;202303;130;3493,75;;SUPER;;NFK|1102|10310|202303
1102;11020;16/01/2023;202303;373;5926,04;KUPON;SUPER;;NFK|1102|11020|202303
1102;11085;16/01/2023;202303;190;2125,62;;SUPER;;NFK|1102|11085|202303
1102;11142;16/01/2023;202303;131;3266,81;;SUPER;;NFK|1102|11142|202303
1102;12004;16/01/2023;202303;241;8676,00;3F2;SUPER;;NFK|1102|12004|202303
1102;12066;16/01/2023;202303;128;7760,00;;SUPER;;NFK|1102|12066|202303
1102;12190;16/01/2023;202303;105;2362,50;;SUPER;;NFK|1102|12190|202303
1102;20015;16/01/2023;202303;260;6613,75;;SUPER;C;NFK|1102|20015|202303
1102;20041;16/01/2023;202303;313;2856,12;;SUPER;A;NFK|1102|20041|202303
1102;20088;16/01/2023;202303;165;9322,50;;SUPER;B;NFK|1102|20088|202303
1102;20131;16/01/2023;202303;96;2028,00;;SUPER;C;NFK|1102|20131|202303
1102;30012;16/01/2023;202303;89;1440,69;;SUPER;;NFK|1102|30012|202303
1102;30077;16/01/2023;202303;242;8512,35;3F2;SUPER;;NFK|1102|30077|202303
1102;30154;16/01/2023;202303;88;1485,00;;SUPER;;NFK|1102|30154|202303
1102;30209;16/01/2023;202303;106;3968,38;;SUPER;;NFK|1102|30209|202303
1102;99001;16/01/2023;202303;7;0,00;;SUPER;;NFK|1102|99001|202303
1103;10023;16/01/2023;202303;226;2683,75;;NAER;;NFK|1103|10023|202303
1103;10047;16/01/2023;202303;131;1473,75;;NAER;;NFK|1103|10047|202303
1103;10112;16/01/2023;202303;72;1525,50;;NAER;;NFK|1103|10112|202303
1103;10310;16/01/2023;202303;65;1746,88;;NAER;;NFK|1103|10310|202303
1103;11020;16/01/2023;202303;232;3685,90;KUPON;NAER;;NFK|1103|11020|202303
1103;11085;16/01/2023;202303;103;1152,31;;NAER;;NFK|1103|11085|202303
1103;11142;16/01/2023;202303;70;1745,62;;NAER;;NFK|1103|11142|202303
1103;12004;16/01/2023;202303;0;0,00;3F2;NAER;;NFK|1103|12004|202303
1103;12066;16/01/2023;202303;62;3758,75;;NAER;;NFK|1103|12066|202303
1103;12190;16/01/2023;202303;49;1102,50;;NAER;;NFK|1103|12190|202303
1103;20015;16/01/2023;202303;117;2976,19;;NAER;C;NFK|1103|20015|202303
1103;20041;16/01/2023;202303;173;1578,62;;NAER;A;NFK|1103|20041|202303
1103;20088;16/01/2023;202303;72;4068,00;;NAER;B;NFK|1103|20088|202303
1103;20131;16/01/2023;202303;64;1352,00;;NAER;C;NFK|1103|20131|202303
1103;30012;16/01/2023;202303;48;777,00;;NAER;;NFK|1103|30012|202303
1103;30077;16/01/2023;202303;114;4009,95;3F2;NAER;;NFK|1103|30077|202303
1103;30154;16/01/2023;202303;54;911,25;;NAER;;NFK|1103|30154|202303
1103;30209;16/01/2023;202303;59;2208,81;;NAER;;NFK|1103|30209|202303
1108;10023;16/01/2023;202303;0;0,00;;HYPER;;NFK|1108|10023|202303
1108;10047;16/01/2023;202303;451;5073,75;;HYPER;;NFK|1108|10047|202303
1108;10112;16/01/2023;202303;291;6165,56;;HYPER;;NFK|1108|10112|202303
1108;10310;16/01/2023;202303;243;6530,62;;HYPER;;NFK|1108|10310|202303
1108;11020;16/01/2023;202303;779;12376,36;KUPON;HYPER;;NFK|1108|11020|202303
1108;11085;16/01/2023;202303;436;4877,75;;HYPER;;NFK|1108|11085|202303
1108;11142;16/01/2023;202303;261;6508,69;;HYPER;;NFK|1108|11142|202303
1108;12004;16/01/2023;202303;388;13968,00;3F2;HYPER;;NFK|1108|12004|202303
1108;12066;16/01/2023;202303;256;15520,00;;HYPER;;NFK|1108|12066|202303
1108;12190;16/01/2023;202303;213;4792,50;;HYPER;;NFK|1108|12190|202303
1108;20015;16/01/2023;202303;526;13380,12;;HYPER;C;NFK|1108|20015|202303
1108;20041;16/01/2023;202303;531;4845,38;;HYPER;A;NFK|1108|20041|202303
1108;20088;16/01/2023;202303;299;16893,50;;HYPER;B;NFK|1108|20088|202303
1108;20131;16/01/2023;202303;195;4119,38;;HYPER;C;NFK|1108|20131|202303
1108;30012;16/01/2023;202303;185;2994,69;;HYPER;;NFK|1108|30012|202303
1108;30077;16/01/2023;202303;553;19451,78;3F2;HYPER;;NFK|1108|30077|202303
1108;30154;16/01/2023;202303;213;3594,38;;HYPER;;NFK|1108|30154|202303
1108;30209;16/01/2023;202303;232;8685,50;;HYPER;;NFK|1108|30209|202303
3104;10023;16/01/2023;202303;444;5272,50;;SUPER;;NFK|3104|10023|202303
3104;10047;16/01/2023;202303;273;3071,25;;SUPER;;NFK|3104|10047|202303
3104;10112;16/01/2023;202303;153;3241,69;;SUPER;;NFK|3104|10112|202303
3104;10310;16/01/2023;202303;105;2821,88;;SUPER;;NFK|3104|10310|202303
3104;11020;16/01/2023;202303;307;5737,06;;SUPER;;NFK|3104|11020|202303
3104;11085;16/01/2023;202303;184;2058,50;;SUPER;;NFK|3104|11085|202303
3104;11142;16/01/2023;202303;127;3167,06;;SUPER;;NFK|3104|11142|202303
3104;12004;16/01/2023;202303;214;7704,00;3F2;SUPER;;NFK|3104|12004|202303
3104;12066;16/01/2023;202303;117;7093,12;;SUPER;;NFK|3104|12066|202303
3104;12190;16/01/2023;202303;92;2070,00;;SUPER;;NFK|3104|12190|202303
3104;20015;16/01/2023;202303;224;5698,00;;SUPER;C;NFK|3104|20015|202303
3104;20041;16/01/2023;202303;247;2253,88;;SUPER;A;NFK|3104|20041|202303
3104;20088;16/01/2023;202303;169;9548,50;;SUPER;B;NFK|3104|20088|202303
3104;20131;16/01/2023;202303;102;2154,75;;SUPER;C;NFK|3104|20131|202303
3104;30012;16/01/2023;202303;72;1165,50;;SUPER;;NFK|3104|30012|202303
3104;30077;16/01/2023;202303;263;9251,02;3F2;SUPER;;NFK|3104|30077|202303
3104;30154;16/01/2023;202303;81;1366,88;;SUPER;;NFK|3104|30154|202303
3104;30209;16/01/2023;202303;111;4155,56;;SUPER;;NFK|3104|30209|202303
3117;10023;16/01/2023;202303;190;2256,25;;NAER;;NFK|3117|10023|202303
3117;10047;16/01/2023;202303;126;1417,50;;NAER;;NFK|3117|10047|202303
3117;10112;16/01/2023;202303;58;1228,88;;NAER;;NFK|3117|10112|202303
3117;10310;16/01/2023;202303;54;1451,25;;NAER;;NFK|3117|10310|202303
3117;11020;16/01/2023;202303;140;2616,25;;NAER;;NFK|3117|11020|202303
3117;11085;16/01/2023;202303;83;928,56;;NAER;;NFK|3117|11085|202303
3117;11142;16/01/2023;202303;67;1670,81;;NAER;;NFK|3117|11142|202303
3117;12004;16/01/2023;202303;97;3492,00;3F2;NAER;;NFK|3117|12004|202303
3117;12066;16/01/2023;202303;63;3819,38;;NAER;;NFK|3117|12066|202303
3117;12190;16/01/2023;202303;43;967,50;;NAER;;NFK|3117|12190|202303
3117;20015;16/01/2023;202303;95;2416,56;;NAER;C;NFK|3117|20015|202303
3117;20041;16/01/2023;202303;137;1250,12;;NAER;A;NFK|3117|20041|202303
3117;20088;16/01/2023;202303;75;4237,50;;NAER;B;NFK|3117|20088|202303
3117;20131;16/01/2023;202303;52;1098,50;;NAER;C;NFK|3117|20131|202303
3117;30012;16/01/2023;202303;36;582,75;;NAER;;NFK|3117|30012|202303
3117;30077;16/01/2023;202303;101;3552,67;3F2;NAER;;NFK|3117|30077|202303
3117;30154;16/01/2023;202303;38;641,25;;NAER;;NFK|3117|30154|202303
3117;30209;16/01/2023;202303;52;1946,75;;NAER;;NFK|3117|30209|202303
3122;10023;16/01/2023;202303;143;1698,12;;FRANCHISE;;NFK|3122|10023|202303
3122;10047;16/01/2023;202303;97;1091,25;;FRANCHISE;;NFK|3122|10047|202303
3122;10112;16/01/2023;202303;44;932,25;;FRANCHISE;;NFK|3122|10112|202303
3122;10310;16/01/2023;202303;35;940,62;;FRANCHISE;;NFK|3122|10310|202303
3122;11020;16/01/2023;202303;96;1794,00;;FRANCHISE;;NFK|3122|11020|202303
3122;11085;16/01/2023;202303;67;749,56;;FRANCHISE;;NFK|3122|11085|202303
3122;11142;16/01/2023;202303;44;1097,25;;FRANCHISE;;NFK|3122|11142|202303
3122;12004;16/01/2023;202303;72;2592,00;3F2;FRANCHISE;;NFK|3122|12004|202303
3122;12066;16/01/2023;202303;42;2546,25;;FRANCHISE;;NFK|3122|12066|202303
3122;12190;16/01/2023;202303;31;697,50;;FRANCHISE;;NFK|3122|12190|202303
3122;20015;16/01/2023;202303;71;1806,06;;FRANCHISE;C;NFK|3122|20015|202303
3122;20041;16/01/2023;202303;88;803,00;;FRANCHISE;A;NFK|3122|20041|202303
3122;20088;16/01/2023;202303;55;3107,50;;FRANCHISE;B;NFK|3122|20088|202303
3122;20131;16/01/2023;202303;37;781,62;;FRANCHISE;C;NFK|3122|20131|202303
3122;30012;16/01/2023;202303;28;453,25;;FRANCHISE;;NFK|3122|30012|202303
3122;30077;16/01/2023;202303;76;2673,30;3F2;FRANCHISE;;NFK|3122|30077|202303
3122;30154;16/01/2023;202303;34;573,75;;FRANCHISE;;NFK|3122|30154|202303
3122;30209;16/01/2023;202303;35;1310,31;;FRANCHISE;;NFK|3122|30209|202303
4201;10023;16/01/2023;202303;620;7362,50;;HYPER;;NFK|4201|10023|202303
4201;10047;16/01/2023;202303;434;4882,50;;HYPER;;NFK|4201|10047|202303
4201;10112;16/01/2023;202303;288;6102,00;;HYPER;;NFK|4201|10112|202303
4201;10310;16/01/2023;202303;211;5670,62;;HYPER;;NFK|4201|10310|202303
4201;11020;16/01/2023;202303;731;11613,76;KUPON;HYPER;;NFK|4201|11020|202303
4201;11085;16/01/2023;202303;354;3960,37;;HYPER;;NFK|4201|11085|202303
4201;11142;16/01/2023;202303;249;6209,44;;HYPER;;NFK|4201|11142|202303
4201;12004;16/01/2023;202303;433;15588,00;3F2;HYPER;;NFK|4201|12004|202303
4201;12066;16/01/2023;202303;239;14489,38;;HYPER;;NFK|4201|12066|202303
4201;12190;16/01/2023;202303;151;3397,50;;HYPER;;NFK|4201|12190|202303
4201;20015;16/01/2023;202303;389;9895,19;;HYPER;C;NFK|4201|20015|202303
4201;20041;16/01/2023;202303;473;4316,12;;HYPER;A;NFK|4201|20041|202303
4201;20088;16/01/2023;202303;252;14238,00;;HYPER;B;NFK|4201|20088|202303
4201;20131;16/01/2023;202303;217;4584,12;;HYPER;C;NFK|4201|20131|202303
4201;30012;16/01/2023;202303;152;2460,50;;HYPER;;NFK|4201|30012|202303
4201;30077;16/01/2023;202303;425;14949,38;3F2;HYPER;;NFK|4201|30077|202303
4201;30154;16/01/2023;202303;185;3121,88;;HYPER;;NFK|4201|30154|202303
4201;30209;16/01/2023;202303;225;8423,44;;HYPER;;NFK|4201|30209|202303
4205;10023;16/01/2023;202303;410;4868,75;;SUPER;;NFK|4205|10023|202303
4205;10047;16/01/2023;202303;291;3273,75;;SUPER;;NFK|4205|10047|202303
4205;10112;16/01/2023;202303;139;2945,06;;SUPER;;NFK|4205|10112|202303
4205;10310;16/01/2023;202303;-13;-349,38;;SUPER;;NFK|4205|10310|202303
4205;11020;16/01/2023;202303;379;6021,36;KUPON;SUPER;;NFK|4205|11020|202303
4205;11085;16/01/2023;202303;206;2304,62;;SUPER;;NFK|4205|11085|202303
4205;11142;16/01/2023;202303;138;3441,38;;SUPER;;NFK|4205|11142|202303
4205;12004;16/01/2023;202303;231;8316,00;3F2;SUPER;;NFK|4205|12004|202303
4205;12066;16/01/2023;202303;129;7820,62;;SUPER;;NFK|4205|12066|202303
4205;12190;16/01/2023;202303;110;2475,00;;SUPER;;NFK|4205|12190|202303
4205;20015;16/01/2023;202303;217;5519,94;;SUPER;C;NFK|4205|20015|202303
4205;20041;16/01/2023;202303;277;2527,62;;SUPER;A;NFK|4205|20041|202303
4205;20088;16/01/2023;202303;151;8531,50;;SUPER;B;NFK|4205|20088|202303
4205;20131;16/01/2023;202303;117;2471,62;;SUPER;C;NFK|4205|20131|202303
4205;30012;16/01/2023;202303;100;1618,75;;SUPER;;NFK|4205|30012|202303
4205;30077;16/01/2023;202303;222;7808,85;3F2;SUPER;;NFK|4205|30077|202303
4205;30154;16/01/2023;202303;104;1755,00;;SUPER;;NFK|4205|30154|202303
4205;30209;16/01/2023;202303;120;4492,50;;SUPER;;NFK|4205|30209|202303
4218;10023;16/01/2023;202303;463;5498,12;;SUPER;;NFK|4218|10023|202303
4218;10047;16/01/2023;202303;312;3510,00;;SUPER;;NFK|4218|10047|202303
4218;10112;16/01/2023;202303;150;3178,12;;SUPER;;NFK|4218|10112|202303
4218;10310;16/01/2023;202303;116;3117,50;;SUPER;;NFK|4218|10310|202303
4218;11020;16/01/2023;202303;484;7689,55;KUPON;SUPER;;NFK|4218|11020|202303
4218;11085;16/01/2023;202303;235;2629,06;;SUPER;;NFK|4218|11085|202303
4218;11142;16/01/2023;202303;147;3665,81;;SUPER;;NFK|4218|11142|202303
4218;12004;16/01/2023;202303;265;9540,00;3F2;SUPER;;NFK|4218|12004|202303
4218;12066;16/01/2023;202303;162;9821,25;;SUPER;;NFK|4218|12066|202303
4218;12190;16/01/2023;202303;99;2227,50;;SUPER;;NFK|4218|12190|202303
4218;20015;16/01/2023;202303;235;5977,81;;SUPER;C;NFK|4218|20015|202303
4218;20041;16/01/2023;202303;340;3102,50;;SUPER;A;NFK|4218|20041|202303
4218;20088;16/01/2023;202303;170;9605,00;;SUPER;B;NFK|4218|20088|202303
4218;20131;16/01/2023;202303;113;2387,12;;SUPER;C;NFK|4218|20131|202303
4218;30012;16/01/2023;202303;93;1505,44;;SUPER;;NFK|4218|30012|202303
4218;30077;16/01/2023;202303;240;8442,00;3F2;SUPER;;NFK|4218|30077|202303
4218;30154;16/01/2023;202303;94;1586,25;;SUPER;;NFK|4218|30154|202303
4218;30209;16/01/2023;202303;138;5166,37;;SUPER;;NFK|4218|30209|202303
5502;10023;16/01/2023;202303;417;4951,88;;SUPER;;NFK|5502|10023|202303
5502;10047;16/01/2023;202303;231;2598,75;;SUPER;;NFK|5502|10047|202303
5502;10112;16/01/2023;202303;146;3093,38;;SUPER;;NFK|5502|10112|202303
5502;10310;16/01/2023;202303;108;2902,50;;SUPER;;NFK|5502|10310|202303
5502;11020;16/01/2023;202303;319;5961,31;;SUPER;;NFK|5502|11020|202303
5502;11085;16/01/2023;202303;0;0,00;;SUPER;;NFK|5502|11085|202303
5502;11142;16/01/2023;202303;124;3092,25;;SUPER;;NFK|5502|11142|202303
5502;12004;16/01/2023;202303;211;7596,00;3F2;SUPER;;NFK|5502|12004|202303
5502;12066;16/01/2023;202303;116;7032,50;;SUPER;;NFK|5502|12066|202303
5502;12190;16/01/2023;202303;94;2115,00;;SUPER;;NFK|5502|12190|202303
5502;20015;16/01/2023;202303;202;5138,38;;SUPER;C;NFK|5502|20015|202303
5502;20041;16/01/2023;202303;325;2965,62;;SUPER;A;NFK|5502|20041|202303
5502;20088;16/01/2023;202303;166;9379,00;;SUPER;B;NFK|5502|20088|202303
5502;20131;16/01/2023;202303;99;2091,38;;SUPER;C;NFK|5502|20131|202303
5502;30012;16/01/2023;202303;94;1521,62;;SUPER;;NFK|5502|30012|202303
5502;30077;16/01/2023;202303;226;7949,55;3F2;SUPER;;NFK|5502|30077|202303
5502;30154;16/01/2023;202303;101;1704,38;;SUPER;;NFK|5502|30154|202303
5502;30209;16/01/2023;202303;130;4866,88;;SUPER;;NFK|5502|30209|202303
5511;10023;16/01/2023;202303;139;1650,62;;PARTNER;;NFK|5511|10023|202303
5511;10047;16/01/2023;202303;101;1136,25;;PARTNER;;NFK|5511|10047|202303
5511;10112;16/01/2023;202303;54;1144,12;;PARTNER;;NFK|5511|10112|202303
5511;10310;16/01/2023;202303;40;1075,00;;PARTNER;;NFK|5511|10310|202303
5511;11020;16/01/2023;202303;122;2279,88;;PARTNER;;NFK|5511|11020|202303
5511;11085;16/01/2023;202303;64;716,00;;PARTNER;;NFK|5511|11085|202303
5511;11142;16/01/2023;202303;58;1446,38;;PARTNER;;NFK|5511|11142|202303
5511;12004;16/01/2023;202303;90;3240,00;3F2;PARTNER;;NFK|5511|12004|202303
5511;12066;16/01/2023;202303;48;2910,00;;PARTNER;;NFK|5511|12066|202303
5511;12190;16/01/2023;202303;35;787,50;;PARTNER;;NFK|5511|12190|202303
5511;20015;16/01/2023;202303;96;2442,00;;PARTNER;C;NFK|5511|20015|202303
5511;20041;16/01/2023;202303;120;1095,00;;PARTNER;A;NFK|5511|20041|202303
5511;20088;16/01/2023;202303;58;3277,00;;PARTNER;B;NFK|5511|20088|202303
5511;20131;16/01/2023;202303;41;866,12;;PARTNER;C;NFK|5511|20131|202303
5511;30012;16/01/2023;202303;36;582,75;;PARTNER;;NFK|5511|30012|202303
5511;30077;16/01/2023;202303;98;3447,15;3F2;PARTNER;;NFK|5511|30077|202303
5511;30154;16/01/2023;202303;37;624,38;;PARTNER;;NFK|5511|30154|202303
5511;30209;16/01/2023;202303;44;1647,25;;PARTNER;;NFK|5511|30209|202303
9001;10023;16/01/2023;202303;22;261,25;;DEPOT;;NFK|9001|10023|202303
9001;10047;16/01/2023;202303;13;146,25;;DEPOT;;NFK|9001|10047|202303
9001;10112;16/01/2023;202303;8;169,50;;DEPOT;;NFK|9001|10112|202303
9001;10310;16/01/2023;202303;7;188,12;;DEPOT;;NFK|9001|10310|202303
9001;11020;16/01/2023;202303;17;317,69;;DEPOT;;NFK|9001|11020|202303
9001;11085;16/01/2023;202303;10;111,88;;DEPOT;;NFK|9001|11085|202303
9001;11142;16/01/2023;202303;8;199,50;;DEPOT;;NFK|9001|11142|202303
9001;12004;16/01/2023;202303;12;432,00;3F2;DEPOT;;NFK|9001|12004|202303
9001;12066;16/01/2023;202303;7;424,38;;DEPOT;;NFK|9001|12066|202303
9001;12190;16/01/2023;202303;6;135,00;;DEPOT;;NFK|9001|12190|202303
9001;20015;16/01/2023;202303;14;356,12;;DEPOT;C;NFK|9001|20015|202303
9001;20041;16/01/2023;202303;14;127,75;;DEPOT;A;NFK|9001|20041|202303
9001;20088;16/01/2023;202303;8;452,00;;DEPOT;B;NFK|9001|20088|202303
9001;20131;16/01/2023;202303;6;126,75;;DEPOT;C;NFK|9001|20131|202303
9001;30012;16/01/2023;202303;4;64,75;;DEPOT;;NFK|9001|30012|202303
9001;30077;16/01/2023;202303;15;527,62;3F2;DEPOT;;NFK|9001|30077|202303
9001;30154;16/01/2023;202303;5;84,38;;DEPOT;;NFK|9001|30154|202303
9001;30209;16/01/2023;202303;6;224,62;;DEPOT;;NFK|9001|30209|202303
9001;99001;16/01/2023;202303;0;0,00;;DEPOT;;NFK|9001|99001|202303
1199;10023;16/01/2023;202303;9;106,88;;SUPER;;NFK|1199|10023|202303
1199;10047;16/01/2023;202303;5;56,25;;SUPER;;NFK|1199|10047|202303
1199;10112;16/01/2023;202303;3;63,56;;SUPER;;NFK|1199|10112|202303
1199;10310;16/01/2023;202303;3;80,62;;SUPER;;NFK|1199|10310|202303
1199;11020;16/01/2023;202303;9;142,99;KUPON;SUPER;;NFK|1199|11020|202303
1199;11085;16/01/2023;202303;4;44,75;;SUPER;;NFK|1199|11085|202303
1199;11142;16/01/2023;202303;3;74,81;;SUPER;;NFK|1199|11142|202303
1199;12004;16/01/2023;202303;5;180,00;3F2;SUPER;;NFK|1199|12004|202303
1199;12066;16/01/2023;202303;3;181,88;;SUPER;;NFK|1199|12066|202303
1199;12190;16/01/2023;202303;2;45,00;;SUPER;;NFK|1199|12190|202303
1199;20015;16/01/2023;202303;6;152,62;;SUPER;C;NFK|1199|20015|202303
1199;20041;16/01/2023;202303;6;54,75;;SUPER;A;NFK|1199|20041|202303
1199;20088;16/01/2023;202303;3;169,50;;SUPER;B;NFK|1199|20088|202303
1199;20131;16/01/2023;202303;2;42,25;;SUPER;C;NFK|1199|20131|202303
1199;30012;16/01/2023;202303;2;32,38;;SUPER;;NFK|1199|30012|202303
1199;30077;16/01/2023;202303;5;175,88;3F2;SUPER;;NFK|1199|30077|202303
1199;30154;16/01/2023;202303;2;33,75;;SUPER;;NFK|1199|30154|202303
1199;30209;16/01/2023;202303;2;74,88;;SUPER;;NFK|1199|30209|202303
1101;10023;23/01/2023;202304;394;4678,75;;SUPER;;NFK|1101|10023|202304
1101;10047;23/01/2023;202304;286;3217,50;;SUPER;;NFK|1101|10047|202304
1101;10112;23/01/2023;202304;186;3940,88;;SUPER;;NFK|1101|10112|202304
1101;10310;23/01/2023;202304;125;3359,38;;SUPER;;NFK|1101|10310|202304
1101;11020;23/01/2023;202304;352;6578,00;;SUPER;;NFK|1101|11020|202304
1101;11085;23/01/2023;202304;215;2405,31;;SUPER;;NFK|1101|11085|202304
1101;11142;23/01/2023;202304;145;3615,94;;SUPER;;NFK|1101|11142|202304
1101;12004;23/01/2023;202304;200;8000,00;;SUPER;;NFK|1101|12004|202304
1101;12066;23/01/2023;202304;144;8730,00;;SUPER;;NFK|1101|12066|202304
1101;12190;23/01/2023;202304;102;2295,00;;SUPER;;NFK|1101|12190|202304
1101;20015;23/01/2023;202304;257;6537,44;;SUPER;C;NFK|1101|20015|202304
1101;20041;23/01/2023;202304;353;3221,12;;SUPER;A;NFK|1101|20041|202304
1101;20088;23/01/2023;202304;177;10000,50;;SUPER;B;NFK|1101|20088|202304
1101;20131;23/01/2023;202304;134;2830,75;;SUPER;C;NFK|1101|20131|202304
1101;30012;23/01/2023;202304;106;1715,87;;SUPER;;NFK|1101|30012|202304
1101;30077;23/01/2023;202304;143;7507,50;;SUPER;;NFK|1101|30077|202304
1101;30154;23/01/2023;202304;105;1771,88;;SUPER;;NFK|1101|30154|202304
1101;30209;23/01/2023;202304;122;4567,38;;SUPER;;NFK|1101|30209|202304
1102;10023;23/01/2023;202304;471;5593,12;;SUPER;;NFK|1102|10023|202304
1102;10047;23/01/2023;202304;231;2598,75;;SUPER;;NFK|1102|10047|202304
1102;10112;23/01/2023;202304;145;3072,19;;SUPER;;NFK|1102|10112|202304
1102;10310;23/01/2023;202304;122;3278,75;;SUPER;;NFK|1102|10310|202304
1102;11020;23/01/2023;202304;345;6447,19;;SUPER;;NFK|1102|11020|202304
1102;11085;23/01/2023;202304;178;1991,38;;SUPER;;NFK|1102|11085|202304
1102;11142;23/01/2023;202304;142;3541,12;;SUPER;;NFK|1102|11142|202304
1102;12004;23/01/2023;202304;202;8080,00;;SUPER;;NFK|1102|12004|202304
1102;12066;23/01/2023;202304;119;7214,38;;SUPER;;NFK|1102|12066|202304
1102;12190;23/01/2023;202304;104;2340,00;;SUPER;;NFK|1102|12190|202304
1102;20015;23/01/2023;202304;271;6893,56;;SUPER;C;NFK|1102|20015|202304
1102;20041;23/01/2023;202304;331;3020,38;;SUPER;A;NFK|1102|20041|202304
1102;20088;23/01/2023;202304;179;10113,50;;SUPER;B;NFK|1102|20088|202304
1102;20131;23/01/2023;202304;114;2408,25;;SUPER;C;NFK|1102|20131|202304
1102;30012;23/01/2023;202304;96;1554,00;;SUPER;;NFK|1102|30012|202304
1102;30077;23/01/2023;202304;147;7717,50;;SUPER;;NFK|1102|30077|202304
1102;30154;23/01/2023;202304;90;1518,75;;SUPER;;NFK|1102|30154|202304
1102;30209;23/01/2023;202304;120;4492,50;;SUPER;;NFK|1102|30209|202304
1103;10023;23/01/2023;202304;247;2933,12;;NAER;;NFK|1103|10023|202304
1103;10047;23/01/2023;202304;148;1665,00;;NAER;;NFK|1103|10047|202304
1103;10112;23/01/2023;202304;81;1716,19;;NAER;;NFK|1103|10112|202304
1103;10310;23/01/2023;202304;62;1666,25;;NAER;;NFK|1103|10310|202304
1103;11020;23/01/2023;202304;187;3494,56;;NAER;;NFK|1103|11020|202304
1103;11085;23/01/2023;202304;101;1129,94;;NAER;;NFK|1103|11085|202304
1103;11142;23/01/2023;202304;74;1845,38;;NAER;;NFK|1103|11142|202304
1103;12004;23/01/2023;202304;102;4080,00;;NAER;;NFK|1103|12004|202304
1103;12066;23/01/2023;202304;77;4668,12;;NAER;;NFK|1103|12066|202304
1103;12190;23/01/2023;202304;52;1170,00;;NAER;;NFK|1103|12190|202304
1103;20015;23/01/2023;202304;121;3077,94;;NAER;C;NFK|1103|20015|202304
1103;20041;23/01/2023;202304;167;1523,88;;NAER;A;NFK|1103|20041|202304
1103;20088;23/01/2023;202304;86;4859,00;;NAER;B;NFK|1103|20088|202304
1103;20131;23/01/2023;202304;59;1246,38;;NAER;C;NFK|1103|20131|202304
1103;30012;23/01/2023;202304;42;679,88;;NAER;;NFK|1103|30012|202304
1103;30077;23/01/2023;202304;77;4042,50;;NAER;;NFK|1103|30077|202304
1103;30154;23/01/2023;202304;45;759,38;;NAER;;NFK|1103|30154|202304
1103;30209;23/01/2023;202304;68;2545,75;;NAER;;NFK|1103|30209|202304
1108;10023;23/01/2023;202304;856;10165,00;;HYPER;;NFK|1108|10023|202304
1108;10047;23/01/2023;202304;0;0,00;;HYPER;;NFK|1108|10047|202304
1108;10112;23/01/2023;202304;343;7267,31;;HYPER;;NFK|1108|10112|202304
1108;10310;23/01/2023;202304;255;6853,12;;HYPER;;NFK|1108|10310|202304
1108;11020;23/01/2023;202304;657;12277,69;;HYPER;;NFK|1108|11020|202304
1108;11085;23/01/2023;202304;342;3826,12;;HYPER;;NFK|1108|11085|202304
1108;11142;23/01/2023;202304;267;6658,31;;HYPER;;NFK|1108|11142|202304
1108;12004;23/01/2023;202304;402;16080,00;;HYPER;;NFK|1108|12004|202304
1108;12066;23/01/2023;202304;242;14671,25;;HYPER;;NFK|1108|12066|202304
1108;12190;23/01/2023;202304;203;4567,50;;HYPER;;NFK|1108|12190|202304
1108;20015;23/01/2023;202304;543;13812,56;;HYPER;C;NFK|1108|20015|202304
1108;20041;23/01/2023;202304;633;5776,12;;HYPER;A;NFK|1108|20041|202304
1108;20088;23/01/2023;202304;316;17854,00;;HYPER;B;NFK|1108|20088|202304
1108;20131;23/01/2023;202304;223;4710,88;;HYPER;C;NFK|1108|20131|202304
1108;30012;23/01/2023;202304;194;3140,37;;HYPER;;NFK|1108|30012|202304
1108;30077;23/01/2023;202304;278;14595,00;;HYPER;;NFK|1108|30077|202304
1108;30154;23/01/2023;202304;168;2835,00;;HYPER;;NFK|1108|30154|202304
1108;30209;23/01/2023;202304;226;8460,88;;HYPER;;NFK|1108|30209|202304
1108;99001;23/01/2023;202304;11;0,00;;HYPER;;NFK|1108|99001|202304
3104;10023;23/01/2023;202304;362;4298,75;;SUPER;;NFK|3104|10023|202304
3104;10047;23/01/2023;202304;222;2497,50;;SUPER;;NFK|3104|10047|202304
3104;10112;23/01/2023;202304;154;3262,87;;SUPER;;NFK|3104|10112|202304
3104;10310;23/01/2023;202304;123;3305,62;;SUPER;;NFK|3104|10310|202304
3104;11020;23/01/2023;202304;299;5587,56;;SUPER;;NFK|3104|11020|202304
3104;11085;23/01/2023;202304;182;2036,12;;SUPER;;NFK|3104|11085|202304
3104;11142;23/01/2023;202304;118;2942,62;;SUPER;;NFK|3104|11142|202304
3104;12004;23/01/2023;202304;180;7200,00;;SUPER;;NFK|3104|12004|202304
3104;12066;23/01/2023;202304;140;8487,50;;SUPER;;NFK|3104|12066|202304
3104;12190;23/01/2023;202304;99;2227,50;;SUPER;;NFK|3104|12190|202304
3104;20015;23/01/2023;202304;236;6003,25;;SUPER;C;NFK|3104|20015|202304
3104;20041;23/01/2023;202304;271;2472,88;;SUPER;A;NFK|3104|20041|202304
3104;20088;23/01/2023;202304;138;7797,00;;SUPER;B;NFK|3104|20088|202304
3104;20131;23/01/2023;202304;109;2302,62;;SUPER;C;NFK|3104|20131|202304
3104;30012;23/01/2023;202304;74;1197,88;;SUPER;;NFK|3104|30012|202304
3104;30077;23/01/2023;202304;126;6615,00;;SUPER;;NFK|3104|30077|202304
3104;30154;23/01/2023;202304;93;1569,38;;SUPER;;NFK|3104|30154|202304
3104;30209;23/01/2023;202304;118;4417,62;;SUPER;;NFK|3104|30209|202304
3117;10023;23/01/2023;202304;178;2113,75;;NAER;;NFK|3117|10023|202304
3117;10047;23/01/2023;202304;105;1181,25;;NAER;;NFK|3117|10047|202304
3117;10112;23/01/2023;202304;71;1504,31;;NAER;;NFK|3117|10112|202304
3117;10310;23/01/2023;202304;50;1343,75;;NAER;;NFK|3117|10310|202304
3117;11020;23/01/2023;202304;153;2859,19;;NAER;;NFK|3117|11020|202304
3117;11085;23/01/2023;202304;76;850,25;;NAER;;NFK|3117|11085|202304
3117;11142;23/01/2023;202304;64;1596,00;;NAER;;NFK|3117|11142|202304
3117;12004;23/01/2023;202304;73;2920,00;;NAER;;NFK|3117|12004|202304
3117;12066;23/01/2023;202304;59;3576,88;;NAER;;NFK|3117|12066|202304
3117;12190;23/01/2023;202304;43;967,50;;NAER;;NFK|3117|12190|202304
3117;20015;23/01/2023;202304;100;2543,75;;NAER;C;NFK|3117|20015|202304
3117;20041;23/01/2023;202304;147;1341,38;;NAER;A;NFK|3117|20041|202304
3117;20088;23/01/2023;202304;63;3559,50;;NAER;B;NFK|3117|20088|202304
3117;20131;23/01/2023;202304;54;1140,75;;NAER;C;NFK|3117|20131|202304
3117;30012;23/01/2023;202304;40;647,50;;NAER;;NFK|3117|30012|202304
3117;30077;23/01/2023;202304;57;2992,50;;NAER;;NFK|3117|30077|202304
3117;30154;23/01/2023;202304;47;793,12;;NAER;;NFK|3117|30154|202304
3117;30209;23/01/2023;202304;50;1871,88;;NAER;;NFK|3117|30209|202304
3122;10023;23/01/2023;202304;151;1793,12;;FRANCHISE;;NFK|3122|10023|202304
3122;10047;23/01/2023;202304;92;1035,00;;FRANCHISE;;NFK|3122|10047|202304
3122;10112;23/01/2023;202304;50;1059,38;;FRANCHISE;;NFK|3122|10112|202304
3122;10310;23/01/2023;202304;43;1155,62;;FRANCHISE;;NFK|3122|10310|202304
3122;11020;23/01/2023;202304;119;2223,81;;FRANCHISE;;NFK|3122|11020|202304
3122;11085;23/01/2023;202304;61;682,44;;FRANCHISE;;NFK|3122|11085|202304
3122;11142;23/01/2023;202304;53;1321,69;;FRANCHISE;;NFK|3122|11142|202304
3122;12004;23/01/2023;202304;55;2200,00;;FRANCHISE;;NFK|3122|12004|202304
3122;12066;23/01/2023;202304;48;2910,00;;FRANCHISE;;NFK|3122|12066|202304
3122;12190;23/01/2023;202304;28;630,00;;FRANCHISE;;NFK|3122|12190|202304
3122;20015;23/01/2023;202304;77;1958,69;;FRANCHISE;C;NFK|3122|20015|202304
3122;20041;23/01/2023;202304;97;885,12;;FRANCHISE;A;NFK|3122|20041|202304
3122;20088;23/01/2023;202304;47;2655,50;;FRANCHISE;B;NFK|3122|20088|202304
3122;20131;23/01/2023;202304;37;781,62;;FRANCHISE;C;NFK|3122|20131|202304
3122;30012;23/01/2023;202304;25;404,69;;FRANCHISE;;NFK|3122|30012|202304
3122;30077;23/01/2023;202304;40;2100,00;;FRANCHISE;;NFK|3122|30077|202304
3122;30154;23/01/2023;202304;33;556,88;;FRANCHISE;;NFK|3122|30154|202304
3122;30209;23/01/2023;202304;34;1272,88;;FRANCHISE;;NFK|3122|30209|202304
4201;10023;23/01/2023;202304;656;7790,00;;HYPER;;NFK|4201|10023|202304
4201;10047;23/01/2023;202304;501;5636,25;;HYPER;;NFK|4201|10047|202304
4201;10112;23/01/2023;202304;284;6017,25;;HYPER;;NFK|4201|10112|202304
4201;10310;23/01/2023;202304;241;6476,88;;HYPER;;NFK|4201|10310|202304
4201;11020;23/01/2023;202304;641;11978,69;;HYPER;;NFK|4201|11020|202304
4201;11085;23/01/2023;202304;378;4228,88;;HYPER;;NFK|4201|11085|202304
4201;11142;23/01/2023;202304;255;6359,06;;HYPER;;NFK|4201|11142|202304
4201;12004;23/01/2023;202304;343;13720,00;;HYPER;;NFK|4201|12004|202304
4201;12066;23/01/2023;202304;205;12428,12;;HYPER;;NFK|4201|12066|202304
4201;12190;23/01/2023;202304;173;3892,50;;HYPER;;NFK|4201|12190|202304
4201;20015;23/01/2023;202304;372;9462,75;;HYPER;C;NFK|4201|20015|202304
4201;20041;23/01/2023;202304;475;4334,38;;HYPER;A;NFK|4201|20041|202304
4201;20088;23/01/2023;202304;254;14351,00;;HYPER;B;NFK|4201|20088|202304
4201;20131;23/01/2023;202304;168;3549,00;;HYPER;C;NFK|4201|20131|202304
4201;30012;23/01/2023;202304;171;2768,06;;HYPER;;NFK|4201|30012|202304
4201;30077;23/01/2023;202304;200;10500,00;;HYPER;;NFK|4201|30077|202304
4201;30154;23/01/2023;202304;180;3037,50;;HYPER;;NFK|4201|30154|202304
4201;30209;23/01/2023;202304;230;8610,62;;HYPER;;NFK|4201|30209|202304
4205;10023;23/01/2023;202304;441;5236,88;;SUPER;;NFK|4205|10023|202304
4205;10047;23/01/2023;202304;259;2913,75;;SUPER;;NFK|4205|10047|202304
4205;10112;23/01/2023;202304;162;3432,38;;SUPER;;NFK|4205|10112|202304
4205;10310;23/01/2023;202304;143;3843,12;;SUPER;;NFK|4205|10310|202304
4205;11020;23/01/2023;202304;334;6241,62;;SUPER;;NFK|4205|11020|202304
4205;11085;23/01/2023;202304;177;1980,19;;SUPER;;NFK|4205|11085|202304
4205;11142;23/01/2023;202304;150;3740,62;;SUPER;;NFK|4205|11142|202304
4205;12004;23/01/2023;202304;189;7560,00;;SUPER;;NFK|4205|12004|202304
4205;12066;23/01/2023;202304;139;8426,88;;SUPER;;NFK|4205|12066|202304
4205;12190;23/01/2023;202304;112;2520,00;;SUPER;;NFK|4205|12190|202304
4205;20015;23/01/2023;202304;220;5596,25;;SUPER;C;NFK|4205|20015|202304
4205;20041;23/01/2023;202304;357;3257,62;;SUPER;A;NFK|4205|20041|202304
4205;20088;23/01/2023;202304;167;9435,50;;SUPER;B;NFK|4205|20088|202304
4205;20131;23/01/2023;202304;111;2344,88;;SUPER;C;NFK|4205|20131|202304
4205;30012;23/01/2023;202304;95;1537,81;;SUPER;;NFK|4205|30012|202304
4205;30077;23/01/2023;202304;127;6667,50;;SUPER;;NFK|4205|30077|202304
4205;30154;23/01/2023;202304;107;1805,62;;SUPER;;NFK|4205|30154|202304
4205;30209;23/01/2023;202304;117;4380,19;;SUPER;;NFK|4205|30209|202304
4218;10023;23/01/2023;202304;406;4821,25;;SUPER;;NFK|4218|10023|202304
4218;10047;23/01/2023;202304;331;3723,75;;SUPER;;NFK|4218|10047|202304
4218;10112;23/01/2023;202304;184;3898,50;;SUPER;;NFK|4218|10112|202304
4218;10310;23/01/2023;202304;119;3198,12;;SUPER;;NFK|4218|10310|202304
4218;11020;23/01/2023;202304;357;6671,44;;SUPER;;NFK|4218|11020|202304
4218;11085;23/01/2023;202304;239;2673,81;;SUPER;;NFK|4218|11085|202304
4218;11142;23/01/2023;202304;160;3990,00;;SUPER;;NFK|4218|11142|202304
4218;12004;23/01/2023;202304;177;7080,00;;SUPER;;NFK|4218|12004|202304
4218;12066;23/01/2023;202304;158;9578,75;;SUPER;;NFK|4218|12066|202304
4218;12190;23/01/2023;202304;104;2340,00;;SUPER;;NFK|4218|12190|202304
4218;20015;23/01/2023;202304;251;6384,81;;SUPER;C;NFK|4218|20015|202304
4218;20041;23/01/2023;202304;352;3212,00;;SUPER;A;NFK|4218|20041|202304
4218;20088;23/01/2023;202304;180;10170,00;;SUPER;B;NFK|4218|20088|202304
4218;20131;23/01/2023;202304;139;2936,38;;SUPER;C;NFK|4218|20131|202304
4218;30012;23/01/2023;202304;94;1521,62;;SUPER;;NFK|4218|30012|202304
4218;30077;23/01/2023;202304;165;8662,50;;SUPER;;NFK|4218|30077|202304
4218;30154;23/01/2023;202304;100;1687,50;;SUPER;;NFK|4218|30154|202304
4218;30209;23/01/2023;202304;151;5653,06;;SUPER;;NFK|4218|30209|202304
5502;10023;23/01/2023;202304;404;4797,50;;SUPER;;NFK|5502|10023|202304
5502;10047;23/01/2023;202304;237;2666,25;;SUPER;;NFK|5502|10047|202304
5502;10112;23/01/2023;202304;152;3220,50;;SUPER;;NFK|5502|10112|202304
5502;10310;23/01/2023;202304;132;3547,50;;SUPER;;NFK|5502|10310|202304
5502;11020;23/01/2023;202304;316;5905,25;;SUPER;;NFK|5502|11020|202304
5502;11085;23/01/2023;202304;212;2371,75;;SUPER;;NFK|5502|11085|202304
5502;11142;23/01/2023;202304;150;3740,62;;SUPER;;NFK|5502|11142|202304
5502;12004;23/01/2023;202304;151;6040,00;;SUPER;;NFK|5502|12004|202304
5502;12066;23/01/2023;202304;116;7032,50;;SUPER;;NFK|5502|12066|202304
5502;12190;23/01/2023;202304;107;2407,50;;SUPER;;NFK|5502|12190|202304
5502;20015;23/01/2023;202304;234;5952,38;;SUPER;C;NFK|5502|20015|202304
5502;20041;23/01/2023;202304;338;3084,25;;SUPER;A;NFK|5502|20041|202304
5502;20088;23/01/2023;202304;149;8418,50;;SUPER;B;NFK|5502|20088|202304
5502;20131;23/01/2023;202304;111;2344,88;;SUPER;C;NFK|5502|20131|202304
5502;30012;23/01/2023;202304;90;1456,88;;SUPER;;NFK|5502|30012|202304
5502;30077;23/01/2023;202304;148;7770,00;;SUPER;;NFK|5502|30077|202304
5502;30154;23/01/2023;202304;84;1417,50;;SUPER;;NFK|5502|30154|202304
5502;30209;23/01/2023;202304;130;4866,88;;SUPER;;NFK|5502|30209|202304
5511;10023;23/01/2023;202304;156;1852,50;;PARTNER;;NFK|5511|10023|202304
5511;10047;23/01/2023;202304;106;1192,50;;PARTNER;;NFK|5511|10047|202304
5511;10112;23/01/2023;202304;51;1080,56;;PARTNER;;NFK|5511|10112|202304
5511;10310;23/01/2023;202304;46;1236,25;;PARTNER;;NFK|5511|10310|202304
5511;11020;23/01/2023;202304;131;2448,06;;PARTNER;;NFK|5511|11020|202304
5511;11085;23/01/2023;202304;72;805,50;;PARTNER;;NFK|5511|11085|202304
5511;11142;23/01/2023;202304;52;1296,75;;PARTNER;;NFK|5511|11142|202304
5511;12004;23/01/2023;202304;72;2880,00;;PARTNER;;NFK|5511|12004|202304
5511;12066;23/01/2023;202304;49;2970,62;;PARTNER;;NFK|5511|12066|202304
5511;12190;23/01/2023;202304;36;810,00;;PARTNER;;NFK|5511|12190|202304
5511;20015;23/01/2023;202304;85;2162,19;;PARTNER;C;NFK|5511|20015|202304
5511;20041;23/01/2023;202304;101;921,62;;PARTNER;A;NFK|5511|20041|202304
5511;20088;23/01/2023;202304;70;3955,00;;PARTNER;B;NFK|5511|20088|202304
5511;20131;23/01/2023;202304;43;908,38;;PARTNER;C;NFK|5511|20131|202304
5511;30012;23/01/2023;202304;31;501,81;;PARTNER;;NFK|5511|30012|202304
5511;30077;23/01/2023;202304;50;2625,00;;PARTNER;;NFK|5511|30077|202304
5511;30154;23/01/2023;202304;32;540,00;;PARTNER;;NFK|5511|30154|202304
5511;30209;23/01/2023;202304;41;1534,94;;PARTNER;;NFK|5511|30209|202304
9001;10023;23/01/2023;202304;21;249,38;;DEPOT;;NFK|9001|10023|202304
9001;10047;23/01/2023;202304;13;146,25;;DEPOT;;NFK|9001|10047|202304
9001;10112;23/01/2023;202304;9;190,69;;DEPOT;;NFK|9001|10112|202304
9001;10310;23/01/2023;202304;6;161,25;;DEPOT;;NFK|9001|10310|202304
9001;11020;23/01/2023;202304;21;392,44;;DEPOT;;NFK|9001|11020|202304
9001;11085;23/01/2023;202304;12;134,25;;DEPOT;;NFK|9001|11085|202304
9001;11142;23/01/2023;202304;7;174,56;;DEPOT;;NFK|9001|11142|202304
9001;12004;23/01/2023;202304;11;440,00;;DEPOT;;NFK|9001|12004|202304
9001;12066;23/01/2023;202304;7;424,38;;DEPOT;;NFK|9001|12066|202304
9001;12190;23/01/2023;202304;6;135,00;;DEPOT;;NFK|9001|12190|202304
9001;20015;23/01/2023;202304;14;356,12;;DEPOT;C;NFK|9001|20015|202304
9001;20041;23/01/2023;202304;18;164,25;;DEPOT;A;NFK|9001|20041|202304
9001;20088;23/01/2023;202304;9;508,50;;DEPOT;B;NFK|9001|20088|202304
9001;20131;23/01/2023;202304;6;126,75;;DEPOT;C;NFK|9001|20131|202304
9001;30012;23/01/2023;202304;4;64,75;;DEPOT;;NFK|9001|30012|202304
9001;30077;23/01/2023;202304;6;315,00;;DEPOT;;NFK|9001|30077|202304
9001;30154;23/01/2023;202304;6;101,25;;DEPOT;;NFK|9001|30154|202304
9001;30209;23/01/2023;202304;7;262,06;;DEPOT;;NFK|9001|30209|202304
1101;10023;30/01/2023;202305;406;4821,25;;SUPER;;NFK|1101|10023|202305
1101;10047;30/01/2023;202305;283;3183,75;;SUPER;;NFK|1101|10047|202305
1101;10112;30/01/2023;202305;156;3305,25;;SUPER;;NFK|1101|10112|202305
1101;10310;30/01/2023;202305;132;3547,50;;SUPER;;NFK|1101|10310|202305
1101;11020;30/01/2023;202305;394;7362,87;;SUPER;;NFK|1101|11020|202305
1101;11085;30/01/2023;202305;239;2673,81;;SUPER;;NFK|1101|11085|202305
1101;11142;30/01/2023;202305;148;3690,75;;SUPER;;NFK|1101|11142|202305
1101;12004;30/01/2023;202305;191;7640,00;;SUPER;;NFK|1101|12004|202305
1101;12066;30/01/2023;202305;164;9942,50;;SUPER;;NFK|1101|12066|202305
1101;12190;30/01/2023;202305;112;2520,00;;SUPER;;NFK|1101|12190|202305
1101;20015;30/01/2023;202305;237;6028,69;;SUPER;C;NFK|1101|20015|202305
1101;20041;30/01/2023;202305;349;3184,62;;SUPER;A;NFK|1101|20041|202305
1101;20088;30/01/2023;202305;157;8870,50;;SUPER;B;NFK|1101|20088|202305
1101;20131;30/01/2023;202305;129;2725,12;;SUPER;C;NFK|1101|20131|202305
1101;30012;30/01/2023;202305;94;1521,62;;SUPER;;NFK|1101|30012|202305
1101;30077;30/01/2023;202305;150;7875,00;;SUPER;;NFK|1101|30077|202305
1101;30154;30/01/2023;202305;110;1856,25;;SUPER;;NFK|1101|30154|202305
1101;30209;30/01/2023;202305;124;4642,25;;SUPER;;NFK|1101|30209|202305
1101;99001;30/01/2023;202305;6;0,00;;SUPER;;NFK|1101|99001|202305
1102;10023;30/01/2023;202305;377;4476,88;;SUPER;;NFK|1102|10023|202305
1102;10047;30/01/2023;202305;237;2666,25;;SUPER;;NFK|1102|10047|202305
1102;10112;30/01/2023;202305;134;2839,12;;SUPER;;NFK|1102|10112|202305
1102;10310;30/01/2023;202305;121;3251,88;;SUPER;;NFK|1102|10310|202305
1102;11020;30/01/2023;202305;374;6989,12;;SUPER;;NFK|1102|11020|202305
1102;11085;30/01/2023;202305;218;2438,88;;SUPER;;NFK|1102|11085|202305
1102;11142;30/01/2023;202305;141;3516,19;;SUPER;;NFK|1102|11142|202305
1102;12004;30/01/2023;202305;170;6800,00;;SUPER;;NFK|1102|12004|202305
1102;12066;30/01/2023;202305;119;7214,38;;SUPER;;NFK|1102|12066|202305
1102;12190;30/01/2023;202305;107;2407,50;;SUPER;;NFK|1102|12190|202305
1102;20015;30/01/2023;202305;267;6791,81;;SUPER;C;NFK|1102|20015|202305
1102;20041;30/01/2023;202305;281;2564,12;;SUPER;A;NFK|1102|20041|202305
1102;20088;30/01/2023;202305;172;9718,00;;SUPER;B;NFK|1102|20088|202305
1102;20131;30/01/2023;202305;98;2070,25;;SUPER;C;NFK|1102|20131|202305
1102;30012;30/01/2023;202305;89;1440,69;;SUPER;;NFK|1102|30012|202305
1102;30077;30/01/2023;202305;132;6930,00;;SUPER;;NFK|1102|30077|202305
1102;30154;30/01/2023;202305;110;1856,25;;SUPER;;NFK|1102|30154|202305
1102;30209;30/01/2023;202305;134;5016,62;;SUPER;;NFK|1102|30209|202305
1103;10023;30/01/2023;202305;227;2695,62;;NAER;;NFK|1103|10023|202305
1103;10047;30/01/2023;202305;159;1788,75;;NAER;;NFK|1103|10047|202305
1103;10112;30/01/2023;202305;75;1589,06;;NAER;;NFK|1103|10112|202305
1103;10310;30/01/2023;202305;57;1531,88;;NAER;;NFK|1103|10310|202305
1103;11020;30/01/2023;202305;184;3438,50;;NAER;;NFK|1103|11020|202305
1103;11085;30/01/2023;202305;107;1197,06;;NAER;;NFK|1103|11085|202305
1103;11142;30/01/2023;202305;76;1895,25;;NAER;;NFK|1103|11142|202305
1103;12004;30/01/2023;202305;93;3720,00;;NAER;;NFK|1103|12004|202305
1103;12066;30/01/2023;202305;79;4789,38;;NAER;;NFK|1103|12066|202305
1103;12190;30/01/2023;202305;54;1215,00;;NAER;;NFK|1103|12190|202305
1103;20015;30/01/2023;202305;116;2950,75;;NAER;C;NFK|1103|20015|202305
1103;20041;30/01/2023;202305;165;1505,62;;NAER;A;NFK|1103|20041|202305
1103;20088;30/01/2023;202305;95;5367,50;;NAER;B;NFK|1103|20088|202305
1103;20131;30/01/2023;202305;63;1330,88;;NAER;C;NFK|1103|20131|202305
1103;30012;30/01/2023;202305;51;825,56;;NAER;;NFK|1103|30012|202305
1103;30077;30/01/2023;202305;74;3885,00;;NAER;;NFK|1103|30077|202305
1103;30154;30/01/2023;202305;53;894,38;;NAER;;NFK|1103|30154|202305
1103;30209;30/01/2023;202305;60;2246,25;;NAER;;NFK|1103|30209|202305
1103;99001;30/01/2023;202305;3;0,00;;NAER;;NFK|1103|99001|202305
1108;10023;30/01/2023;202305;860;10212,50;;HYPER;;NFK|1108|10023|202305
1108;10047;30/01/2023;202305;480;5400,00;;HYPER;;NFK|1108|10047|202305
1108;10112;30/01/2023;202305;-28;-593,25;;HYPER;;NFK|1108|10112|202305
1108;10310;30/01/2023;202305;268;7202,50;;HYPER;;NFK|1108|10310|202305
1108;11020;30/01/2023;202305;672;12558,00;;HYPER;;NFK|1108|11020|202305
1108;11085;30/01/2023;202305;394;4407,88;;HYPER;;NFK|1108|11085|202305
1108;11142;30/01/2023;202305;322;8029,88;;HYPER;;NFK|1108|11142|202305
1108;12004;30/01/2023;202305;365;14600,00;;HYPER;;NFK|1108|12004|202305
1108;12066;30/01/2023;202305;256;15520,00;;HYPER;;NFK|1108|12066|202305
1108;12190;30/01/2023;202305;213;4792,50;;HYPER;;NFK|1108|12190|202305
1108;20015;30/01/2023;202305;551;14016,06;;HYPER;C;NFK|1108|20015|202305
1108;20041;30/01/2023;202305;693;6323,62;;HYPER;A;NFK|1108|20041|202305
1108;20088;30/01/2023;202305;380;21470,00;;HYPER;B;NFK|1108|20088|202305
1108;20131;30/01/2023;202305;260;5492,50;;HYPER;C;NFK|1108|20131|202305
1108;30012;30/01/2023;202305;172;2784,25;;HYPER;;NFK|1108|30012|202305
1108;30077;30/01/2023;202305;255;13387,50;;HYPER;;NFK|1108|30077|202305
1108;30154;30/01/2023;202305;205;3459,38;;HYPER;;NFK|1108|30154|202305
1108;30209;30/01/2023;202305;221;8273,69;;HYPER;;NFK|1108|30209|202305
3104;10023;30/01/2023;202305;389;4619,38;;SUPER;;NFK|3104|10023|202305
3104;10047;30/01/2023;202305;236;2655,00;;SUPER;;NFK|3104|10047|202305
3104;10112;30/01/2023;202305;166;3517,12;;SUPER;;NFK|3104|10112|202305
3104;10310;30/01/2023;202305;118;3171,25;;SUPER;;NFK|3104|10310|202305
3104;11020;30/01/2023;202305;298;5568,87;;SUPER;;NFK|3104|11020|202305
3104;11085;30/01/2023;202305;184;2058,50;;SUPER;;NFK|3104|11085|202305
3104;11142;30/01/2023;202305;131;3266,81;;SUPER;;NFK|3104|11142|202305
3104;12004;30/01/2023;202305;181;7240,00;;SUPER;;NFK|3104|12004|202305
3104;12066;30/01/2023;202305;140;8487,50;;SUPER;;NFK|3104|12066|202305
3104;12190;30/01/2023;202305;106;2385,00;;SUPER;;NFK|3104|12190|202305
3104;20015;30/01/2023;202305;224;5698,00;;SUPER;C;NFK|3104|20015|202305
3104;20041;30/01/2023;202305;283;2582,38;;SUPER;A;NFK|3104|20041|202305
3104;20088;30/01/2023;202305;142;8023,00;;SUPER;B;NFK|3104|20088|202305
3104;20131;30/01/2023;202305;108;2281,50;;SUPER;C;NFK|3104|20131|202305
3104;30012;30/01/2023;202305;89;1440,69;;SUPER;;NFK|3104|30012|202305
3104;30077;30/01/2023;202305;114;5985,00;;SUPER;;NFK|3104|30077|202305
3104;30154;30/01/2023;202305;95;1603,12;;SUPER;;NFK|3104|30154|202305
3104;30209;30/01/2023;202305;103;3856,06;;SUPER;;NFK|3104|30209|202305
3117;10023;30/01/2023;202305;183;2173,12;;NAER;;NFK|3117|10023|202305
3117;10047;30/01/2023;202305;129;1451,25;;NAER;;NFK|3117|10047|202305
3117;10112;30/01/2023;202305;71;1504,31;;NAER;;NFK|3117|10112|202305
3117;10310;30/01/2023;202305;52;1397,50;;NAER;;NFK|3117|10310|202305
3117;11020;30/01/2023;202305;172;3214,25;;NAER;;NFK|3117|11020|202305
3117;11085;30/01/2023;202305;93;1040,44;;NAER;;NFK|3117|11085|202305
3117;11142;30/01/2023;202305;61;1521,19;;NAER;;NFK|3117|11142|202305
3117;12004;30/01/2023;202305;82;3280,00;;NAER;;NFK|3117|12004|202305
3117;12066;30/01/2023;202305;55;3334,38;;NAER;;NFK|3117|12066|202305
3117;12190;30/01/2023;202305;41;922,50;;NAER;;NFK|3117|12190|202305
3117;20015;30/01/2023;202305;118;3001,62;;NAER;C;NFK|3117|20015|202305
3117;20041;30/01/2023;202305;148;1350,50;;NAER;A;NFK|3117|20041|202305
3117;20088;30/01/2023;202305;71;4011,50;;NAER;B;NFK|3117|20088|202305
3117;20131;30/01/2023;202305;51;1077,38;;NAER;C;NFK|3117|20131|202305
3117;30012;30/01/2023;202305;37;598,94;;NAER;;NFK|3117|30012|202305
3117;30077;30/01/2023;202305;57;2992,50;;NAER;;NFK|3117|30077|202305
3117;30154;30/01/2023;202305;41;691,88;;NAER;;NFK|3117|30154|202305
3117;30209;30/01/2023;202305;60;2246,25;;NAER;;NFK|3117|30209|202305
3117;99001;30/01/2023;202305;3;0,00;;NAER;;NFK|3117|99001|202305
3122;10023;30/01/2023;202305;122;1448,75;;FRANCHISE;;NFK|3122|10023|202305
3122;10047;30/01/2023;202305;95;1068,75;;FRANCHISE;;NFK|3122|10047|202305
3122;10112;30/01/2023;202305;49;1038,19;;FRANCHISE;;NFK|3122|10112|202305
3122;10310;30/01/2023;202305;40;1075,00;;FRANCHISE;;NFK|3122|10310|202305
3122;11020;30/01/2023;202305;104;1943,50;;FRANCHISE;;NFK|3122|11020|202305
3122;11085;30/01/2023;202305;65;727,19;;FRANCHISE;;NFK|3122|11085|202305
3122;11142;30/01/2023;202305;52;1296,75;;FRANCHISE;;NFK|3122|11142|202305
3122;12004;30/01/2023;202305;58;2320,00;;FRANCHISE;;NFK|3122|12004|202305
3122;12066;30/01/2023;202305;42;2546,25;;FRANCHISE;;NFK|3122|12066|202305
3122;12190;30/01/2023;202305;36;810,00;;FRANCHISE;;NFK|3122|12190|202305
3122;20015;30/01/2023;202305;80;2035,00;;FRANCHISE;C;NFK|3122|20015|202305
3122;20041;30/01/2023;202305;106;967,25;;FRANCHISE;A;NFK|3122|20041|202305
3122;20088;30/01/2023;202305;53;2994,50;;FRANCHISE;B;NFK|3122|20088|202305
3122;20131;30/01/2023;202305;36;760,50;;FRANCHISE;C;NFK|3122|20131|202305
3122;30012;30/01/2023;202305;32;518,00;;FRANCHISE;;NFK|3122|30012|202305
3122;30077;30/01/2023;202305;50;2625,00;;FRANCHISE;;NFK|3122|30077|202305
3122;30154;30/01/2023;202305;36;607,50;;FRANCHISE;;NFK|3122|30154|202305
3122;30209;30/01/2023;202305;41;1534,94;;FRANCHISE;;NFK|3122|30209|202305
4201;10023;30/01/2023;202305;776;9215,00;;HYPER;;NFK|4201|10023|202305
4201;10047;30/01/2023;202305;510;5737,50;;HYPER;;NFK|4201|10047|202305
4201;10112;30/01/2023;202305;249;5275,69;;HYPER;;NFK|4201|10112|202305
4201;10310;30/01/2023;202305;236;6342,50;;HYPER;;NFK|4201|10310|202305
4201;11020;30/01/2023;202305;533;9960,44;;HYPER;;NFK|4201|11020|202305
4201;11085;30/01/2023;202305;346;3870,88;;HYPER;;NFK|4201|11085|202305
4201;11142;30/01/2023;202305;251;6259,31;;HYPER;;NFK|4201|11142|202305
4201;12004;30/01/2023;202305;333;13320,00;;HYPER;;NFK|4201|12004|202305
4201;12066;30/01/2023;202305;234;14186,25;;HYPER;;NFK|4201|12066|202305
4201;12190;30/01/2023;202305;186;4185,00;;HYPER;;NFK|4201|12190|202305
4201;20015;30/01/2023;202305;439;11167,06;;HYPER;C;NFK|4201|20015|202305
4201;20041;30/01/2023;202305;489;4462,12;;HYPER;A;NFK|4201|20041|202305
4201;20088;30/01/2023;202305;276;15594,00;;HYPER;B;NFK|4201|20088|202305
4201;20131;30/01/2023;202305;177;3739,12;;HYPER;C;NFK|4201|20131|202305
4201;30012;30/01/2023;202305;160;2590,00;;HYPER;;NFK|4201|30012|202305
4201;30077;30/01/2023;202305;251;13177,50;;HYPER;;NFK|4201|30077|202305
4201;30154;30/01/2023;202305;193;3256,88;;HYPER;;NFK|4201|30154|202305
4201;30209;30/01/2023;202305;208;7787,00;;HYPER;;NFK|4201|30209|202305
4205;10023;30/01/2023;202305;443;5260,62;;SUPER;;NFK|4205|10023|202305
4205;10047;30/01/2023;202305;277;3116,25;;SUPER;;NFK|4205|10047|202305
4205;10112;30/01/2023;202305;160;3390,00;;SUPER;;NFK|4205|10112|202305
4205;10310;30/01/2023;202305;133;3574,38;;SUPER;;NFK|4205|10310|202305
4205;11020;30/01/2023;202305;363;6783,56;;SUPER;;NFK|4205|11020|202305
4205;11085;30/01/2023;202305;192;2148,00;;SUPER;;NFK|4205|11085|202305
4205;11142;30/01/2023;202305;160;3990,00;;SUPER;;NFK|4205|11142|202305
4205;12004;30/01/2023;202305;207;8280,00;;SUPER;;NFK|4205|12004|202305
4205;12066;30/01/2023;202305;143;8669,38;;SUPER;;NFK|4205|12066|202305
4205;12190;30/01/2023;202305;92;2070,00;;SUPER;;NFK|4205|12190|202305
4205;20015;30/01/2023;202305;243;6181,31;;SUPER;C;NFK|4205|20015|202305
4205;20041;30/01/2023;202305;306;2792,25;;SUPER;A;NFK|4205|20041|202305
4205;20088;30/01/2023;202305;171;9661,50;;SUPER;B;NFK|4205|20088|202305
4205;20131;30/01/2023;202305;106;2239,25;;SUPER;C;NFK|4205|20131|202305
4205;30012;30/01/2023;202305;102;1651,12;;SUPER;;NFK|4205|30012|202305
4205;30077;30/01/2023;202305;150;7875,00;;SUPER;;NFK|4205|30077|202305
4205;30154;30/01/2023;202305;108;1822,50;;SUPER;;NFK|4205|30154|202305
4205;30209;30/01/2023;202305;145;5428,44;;SUPER;;NFK|4205|30209|202305
4205;99001;30/01/2023;202305;6;0,00;;SUPER;;NFK|4205|99001|202305
4218;10023;30/01/2023;202305;511;6068,12;;SUPER;;NFK|4218|10023|202305
4218;10047;30/01/2023;202305;320;3600,00;;SUPER;;NFK|4218|10047|202305
4218;10112;30/01/2023;202305;152;3220,50;;SUPER;;NFK|4218|10112|202305
4218;10310;30/01/2023;202305;146;3923,75;;SUPER;;NFK|4218|10310|202305
4218;11020;30/01/2023;202305;410;7661,88;;SUPER;;NFK|4218|11020|202305
4218;11085;30/01/2023;202305;225;2517,19;;SUPER;;NFK|4218|11085|202305
4218;11142;30/01/2023;202305;179;4463,81;;SUPER;;NFK|4218|11142|202305
4218;12004;30/01/2023;202305;213;8520,00;;SUPER;;NFK|4218|12004|202305
4218;12066;30/01/2023;202305;167;10124,38;;SUPER;;NFK|4218|12066|202305
4218;12190;30/01/2023;202305;99;2227,50;;SUPER;;NFK|4218|12190|202305
4218;20015;30/01/2023;202305;272;6919,00;;SUPER;C;NFK|4218|20015|202305
4218;20041;30/01/2023;202305;351;3202,88;;SUPER;A;NFK|4218|20041|202305
4218;20088;30/01/2023;202305;197;11130,50;;SUPER;B;NFK|4218|20088|202305
4218;20131;30/01/2023;202305;143;3020,88;;SUPER;C;NFK|4218|20131|202305
4218;30012;30/01/2023;202305;104;1683,50;;SUPER;;NFK|4218|30012|202305
4218;30077;30/01/2023;202305;167;8767,50;;SUPER;;NFK|4218|30077|202305
4218;30154;30/01/2023;202305;96;1620,00;;SUPER;;NFK|4218|30154|202305
4218;30209;30/01/2023;202305;150;5615,62;;SUPER;;NFK|4218|30209|202305
5502;10023;30/01/2023;202305;400;4750,00;;SUPER;;NFK|5502|10023|202305
5502;10047;30/01/2023;202305;299;3363,75;;SUPER;;NFK|5502|10047|202305
5502;10112;30/01/2023;202305;162;3432,38;;SUPER;;NFK|5502|10112|202305
5502;10310;30/01/2023;202305;113;3036,88;;SUPER;;NFK|5502|10310|202305
5502;11020;30/01/2023;202305;294;5494,12;;SUPER;;NFK|5502|11020|202305
5502;11085;30/01/2023;202305;208;2327,00;;SUPER;;NFK|5502|11085|202305
5502;11142;30/01/2023;202305;154;3840,37;;SUPER;;NFK|5502|11142|202305
5502;12004;30/01/2023;202305;153;6120,00;;SUPER;;NFK|5502|12004|202305
5502;12066;30/01/2023;202305;139;8426,88;;SUPER;;NFK|5502|12066|202305
5502;12190;30/01/2023;202305;108;2430,00;;SUPER;;NFK|5502|12190|202305
5502;20015;30/01/2023;202305;257;6537,44;;SUPER;C;NFK|5502|20015|202305
5502;20041;30/01/2023;202305;293;2673,62;;SUPER;A;NFK|5502|20041|202305
5502;20088;30/01/2023;202305;174;9831,00;;SUPER;B;NFK|5502|20088|202305
5502;20131;30/01/2023;202305;108;2281,50;;SUPER;C;NFK|5502|20131|202305
5502;30012;30/01/2023;202305;87;1408,31;;SUPER;;NFK|5502|30012|202305
5502;30077;30/01/2023;202305;132;6930,00;;SUPER;;NFK|5502|30077|202305
5502;30154;30/01/2023;202305;103;1738,12;;SUPER;;NFK|5502|30154|202305
5502;30209;30/01/2023;202305;136;5091,50;;SUPER;;NFK|5502|30209|202305
5511;10023;30/01/2023;202305;158;1876,25;;PARTNER;;NFK|5511|10023|202305
5511;10047;30/01/2023;202305;88;990,00;;PARTNER;;NFK|5511|10047|202305
5511;10112;30/01/2023;202305;56;1186,50;;PARTNER;;NFK|5511|10112|202305
5511;10310;30/01/2023;202305;49;1316,88;;PARTNER;;NFK|5511|10310|202305
5511;11020;30/01/2023;202305;136;2541,50;;PARTNER;;NFK|5511|11020|202305
5511;11085;30/01/2023;202305;80;895,00;;PARTNER;;NFK|5511|11085|202305
5511;11142;30/01/2023;202305;57;1421,44;;PARTNER;;NFK|5511|11142|202305
5511;12004;30/01/2023;202305;74;2960,00;;PARTNER;;NFK|5511|12004|202305
5511;12066;30/01/2023;202305;48;2910,00;;PARTNER;;NFK|5511|12066|202305
5511;12190;30/01/2023;202305;42;945,00;;PARTNER;;NFK|5511|12190|202305
5511;20015;30/01/2023;202305;104;2645,50;;PARTNER;C;NFK|5511|20015|202305
5511;20041;30/01/2023;202305;126;1149,75;;PARTNER;A;NFK|5511|20041|202305
5511;20088;30/01/2023;202305;55;3107,50;;PARTNER;B;NFK|5511|20088|202305
5511;20131;30/01/2023;202305;47;992,88;;PARTNER;C;NFK|5511|20131|202305
5511;30012;30/01/2023;202305;34;550,38;;PARTNER;;NFK|5511|30012|202305
5511;30077;30/01/2023;202305;53;2782,50;;PARTNER;;NFK|5511|30077|202305
5511;30154;30/01/2023;202305;35;590,62;;PARTNER;;NFK|5511|30154|202305
5511;30209;30/01/2023;202305;45;1684,69;;PARTNER;;NFK|5511|30209|202305
5511;99001;30/01/2023;202305;2;0,00;;PARTNER;;NFK|5511|99001|202305
9001;10023;30/01/2023;202305;22;261,25;;DEPOT;;NFK|9001|10023|202305
9001;10047;30/01/2023;202305;14;157,50;;DEPOT;;NFK|9001|10047|202305
9001;10112;30/01/2023;202305;9;190,69;;DEPOT;;NFK|9001|10112|202305
9001;10310;30/01/2023;202305;6;161,25;;DEPOT;;NFK|9001|10310|202305
9001;11020;30/01/2023;202305;20;373,75;;DEPOT;;NFK|9001|11020|202305
9001;11085;30/01/2023;202305;10;111,88;;DEPOT;;NFK|9001|11085|202305
9001;11142;30/01/2023;202305;8;199,50;;DEPOT;;NFK|9001|11142|202305
9001;12004;30/01/2023;202305;11;440,00;;DEPOT;;NFK|9001|12004|202305
9001;12066;30/01/2023;202305;8;485,00;;DEPOT;;NFK|9001|12066|202305
9001;12190;30/01/2023;202305;5;112,50;;DEPOT;;NFK|9001|12190|202305
9001;20015;30/01/2023;202305;15;381,56;;DEPOT;C;NFK|9001|20015|202305
9001;20041;30/01/2023;202305;16;146,00;;DEPOT;A;NFK|9001|20041|202305
9001;20088;30/01/2023;202305;10;565,00;;DEPOT;B;NFK|9001|20088|202305
9001;20131;30/01/2023;202305;6;126,75;;DEPOT;C;NFK|9001|20131|202305
9001;30012;30/01/2023;202305;5;80,94;;DEPOT;;NFK|9001|30012|202305
9001;30077;30/01/2023;202305;8;420,00;;DEPOT;;NFK|9001|30077|202305
9001;30154;30/01/2023;202305;5;84,38;;DEPOT;;NFK|9001|30154|202305
9001;30209;30/01/2023;202305;7;262,06;;DEPOT;;NFK|9001|30209|202305
1101;10023;06/02/2023;202306;529;6281,88;;SUPER;;NFK|1101|10023|202306
1101;10047;06/02/2023;202306;291;3273,75;;SUPER;;NFK|1101|10047|202306
1101;10112;06/02/2023;202306;149;3156,94;;SUPER;;NFK|1101|10112|202306
1101;10310;06/02/2023;202306;130;3493,75;;SUPER;;NFK|1101|10310|202306
1101;11020;06/02/2023;202306;428;7998,25;;SUPER;;NFK|1101|11020|202306
1101;11085;06/02/2023;202306;247;2763,31;;SUPER;;NFK|1101|11085|202306
1101;11142;06/02/2023;202306;154;3840,37;;SUPER;;NFK|1101|11142|202306
1101;12004;06/02/2023;202306;212;8480,00;;SUPER;;NFK|1101|12004|202306
1101;12066;06/02/2023;202306;134;8123,75;;SUPER;;NFK|1101|12066|202306
1101;12190;06/02/2023;202306;114;2565,00;;SUPER;;NFK|1101|12190|202306
1101;20015;06/02/2023;202306;301;7656,69;;SUPER;C;NFK|1101|20015|202306
1101;20041;06/02/2023;202306;330;3011,25;;SUPER;A;NFK|1101|20041|202306
1101;20088;06/02/2023;202306;165;9322,50;;SUPER;B;NFK|1101|20088|202306
1101;20131;06/02/2023;202306;130;2746,25;;SUPER;C;NFK|1101|20131|202306
1101;30012;06/02/2023;202306;151;1638,35;KUPON;SUPER;;NFK|1101|30012|202306
1101;30077;06/02/2023;202306;129;6772,50;;SUPER;;NFK|1101|30077|202306
1101;30154;06/02/2023;202306;101;1704,38;;SUPER;;NFK|1101|30154|202306
1101;30209;06/02/2023;202306;131;4904,31;;SUPER;;NFK|1101|30209|202306
1102;10023;06/02/2023;202306;400;4750,00;;SUPER;;NFK|1102|10023|202306
1102;10047;06/02/2023;202306;245;2756,25;;SUPER;;NFK|1102|10047|202306
1102;10112;06/02/2023;202306;166;3517,12;;SUPER;;NFK|1102|10112|202306
1102;10310;06/02/2023;202306;130;3493,75;;SUPER;;NFK|1102|10310|202306
1102;11020;06/02/2023;202306;369;6895,69;;SUPER;;NFK|1102|11020|202306
1102;11085;06/02/2023;202306;209;2338,19;;SUPER;;NFK|1102|11085|202306
1102;11142;06/02/2023;202306;164;4089,75;;SUPER;;NFK|1102|11142|202306
1102;12004;06/02/2023;202306;186;7440,00;;SUPER;;NFK|1102|12004|202306
1102;12066;06/02/2023;202306;142;8608,75;;SUPER;;NFK|1102|12066|202306
1102;12190;06/02/2023;202306;105;2362,50;;SUPER;;NFK|1102|12190|202306
1102;20015;06/02/2023;202306;275;6995,31;;SUPER;C;NFK|1102|20015|202306
1102;20041;06/02/2023;202306;311;2837,88;;SUPER;A;NFK|1102|20041|202306
1102;20088;06/02/2023;202306;170;9605,00;;SUPER;B;NFK|1102|20088|202306
1102;20131;06/02/2023;202306;125;2640,62;;SUPER;C;NFK|1102|20131|202306
1102;30012;06/02/2023;202306;117;1269,45;KUPON;SUPER;;NFK|1102|30012|202306
1102;30077;06/02/2023;202306;134;7035,00;;SUPER;;NFK|1102|30077|202306
1102;30154;06/02/2023;202306;104;1755,00;;SUPER;;NFK|1102|30154|202306
1102;30209;06/02/2023;202306;115;4305,31;;SUPER;;NFK|1102|30209|202306
1103;10023;06/02/2023;202306;216;2565,00;;NAER;;NFK|1103|10023|202306
1103;10047;06/02/2023;202306;141;1586,25;;NAER;;NFK|1103|10047|202306
1103;10112;06/02/2023;202306;84;1779,75;;NAER;;NFK|1103|10112|202306
1103;10310;06/02/2023;202306;69;1854,38;;NAER;;NFK|1103|10310|202306
1103;11020;06/02/2023;202306;161;3008,69;;NAER;;NFK|1103|11020|202306
1103;11085;06/02/2023;202306;114;1275,38;;NAER;;NFK|1103|11085|202306
1103;11142;06/02/2023;202306;70;1745,62;;NAER;;NFK|1103|11142|202306
1103;12004;06/02/2023;202306;93;3720,00;;NAER;;NFK|1103|12004|202306
1103;12066;06/02/2023;202306;71;4304,38;;NAER;;NFK|1103|12066|202306
1103;12190;06/02/2023;202306;47;1057,50;;NAER;;NFK|1103|12190|202306
1103;20015;06/02/2023;202306;131;3332,31;;NAER;C;NFK|1103|20015|202306
1103;20041;06/02/2023;202306;182;1660,75;;NAER;A;NFK|1103|20041|202306
1103;20088;06/02/2023;202306;96;5424,00;;NAER;B;NFK|1103|20088|202306
1103;20131;06/02/2023;202306;61;1288,62;;NAER;C;NFK|1103|20131|202306
1103;30012;06/02/2023;202306;66;716,10;KUPON;NAER;;NFK|1103|30012|202306
1103;30077;06/02/2023;202306;63;3307,50;;NAER;;NFK|1103|30077|202306
1103;30154;06/02/2023;202306;50;843,75;;NAER;;NFK|1103|30154|202306
1103;30209;06/02/2023;202306;58;2171,38;;NAER;;NFK|1103|30209|202306
1108;10023;06/02/2023;202306;787;9345,62;;HYPER;;NFK|1108|10023|202306
1108;10047;06/02/2023;202306;487;5478,75;;HYPER;;NFK|1108|10047|202306
1108;10112;06/02/2023;202306;358;7585,12;;HYPER;;NFK|1108|10112|202306
1108;10310;06/02/2023;202306;229;6154,38;;HYPER;;NFK|1108|10310|202306
1108;11020;06/02/2023;202306;613;11455,44;;HYPER;;NFK|1108|11020|202306
1108;11085;06/02/2023;202306;428;4788,25;;HYPER;;NFK|1108|11085|202306
1108;11142;06/02/2023;202306;266;6633,38;;HYPER;;NFK|1108|11142|202306
1108;12004;06/02/2023;202306;370;14800,00;;HYPER;;NFK|1108|12004|202306
1108;12066;06/02/2023;202306;250;15156,25;;HYPER;;NFK|1108|12066|202306
1108;12190;06/02/2023;202306;179;4027,50;;HYPER;;NFK|1108|12190|202306
1108;20015;06/02/2023;202306;469;11930,19;;HYPER;C;NFK|1108|20015|202306
1108;20041;06/02/2023;202306;710;6478,75;;HYPER;A;NFK|1108|20041|202306
1108;20088;06/02/2023;202306;369;20848,50;;HYPER;B;NFK|1108|20088|202306
1108;20131;06/02/2023;202306;224;4732,00;;HYPER;C;NFK|1108|20131|202306
1108;30012;06/02/2023;202306;259;2810,15;KUPON;HYPER;;NFK|1108|30012|202306
1108;30077;06/02/2023;202306;275;14437,50;;HYPER;;NFK|1108|30077|202306
1108;30154;06/02/2023;202306;199;3358,12;;HYPER;;NFK|1108|30154|202306
1108;30209;06/02/2023;202306;242;9059,88;;HYPER;;NFK|1108|30209|202306
3104;10023;06/02/2023;202306;412;4892,50;;SUPER;;NFK|3104|10023|202306
3104;10047;06/02/2023;202306;260;2925,00;;SUPER;;NFK|3104|10047|202306
3104;10112;06/02/2023;202306;160;3390,00;;SUPER;;NFK|3104|10112|202306
3104;10310;06/02/2023;202306;109;2929,38;;SUPER;;NFK|3104|10310|202306
3104;11020;06/02/2023;202306;375;7007,81;;SUPER;;NFK|3104|11020|202306
3104;11085;06/02/2023;202306;197;2203,94;;SUPER;;NFK|3104|11085|202306
3104;11142;06/02/2023;202306;133;3316,69;;SUPER;;NFK|3104|11142|202306
3104;12004;06/02/2023;202306;164;6560,00;;SUPER;;NFK|3104|12004|202306
3104;12066;06/02/2023;202306;131;7941,88;;SUPER;;NFK|3104|12066|202306
3104;12190;06/02/2023;202306;93;2092,50;;SUPER;;NFK|3104|12190|202306
3104;20015;06/02/2023;202306;250;6359,38;;SUPER;C;NFK|3104|20015|202306
3104;20041;06/02/2023;202306;294;2682,75;;SUPER;A;NFK|3104|20041|202306
3104;20088;06/02/2023;202306;147;8305,50;;SUPER;B;NFK|3104|20088|202306
3104;20131;06/02/2023;202306;97;2049,12;;SUPER;C;NFK|3104|20131|202306
3104;30012;06/02/2023;202306;118;1280,30;KUPON;SUPER;;NFK|3104|30012|202306
3104;30077;06/02/2023;202306;128;6720,00;;SUPER;;NFK|3104|30077|202306
3104;30154;06/02/2023;202306;86;1451,25;;SUPER;;NFK|3104|30154|202306
3104;30209;06/02/2023;202306;115;4305,31;;SUPER;;NFK|3104|30209|202306
3104;99001;06/02/2023;202306;5;0,00;;SUPER;;NFK|3104|99001|202306
3117;10023;06/02/2023;202306;184;2185,00;;NAER;;NFK|3117|10023|202306
3117;10047;06/02/2023;202306;128;1440,00;;NAER;;NFK|3117|10047|202306
3117;10112;06/02/2023;202306;62;1313,62;;NAER;;NFK|3117|10112|202306
3117;10310;06/02/2023;202306;53;1424,38;;NAER;;NFK|3117|10310|202306
3117;11020;06/02/2023;202306;156;2915,25;;NAER;;NFK|3117|11020|202306
3117;11085;06/02/2023;202306;94;1051,62;;NAER;;NFK|3117|11085|202306
3117;11142;06/02/2023;202306;66;1645,88;;NAER;;NFK|3117|11142|202306
3117;12004;06/02/2023;202306;93;3720,00;;NAER;;NFK|3117|12004|202306
3117;12066;06/02/2023;202306;60;3637,50;;NAER;;NFK|3117|12066|202306
3117;12190;06/02/2023;202306;43;967,50;;NAER;;NFK|3117|12190|202306
3117;20015;06/02/2023;202306;105;2670,94;;NAER;C;NFK|3117|20015|202306
3117;20041;06/02/2023;202306;123;1122,38;;NAER;A;NFK|3117|20041|202306
3117;20088;06/02/2023;202306;84;4746,00;;NAER;B;NFK|3117|20088|202306
3117;20131;06/02/2023;202306;55;1161,88;;NAER;C;NFK|3117|20131|202306
3117;30012;06/02/2023;202306;63;683,55;KUPON;NAER;;NFK|3117|30012|202306
3117;30077;06/02/2023;202306;63;3307,50;;NAER;;NFK|3117|30077|202306
3117;30154;06/02/2023;202306;48;810,00;;NAER;;NFK|3117|30154|202306
3117;30209;06/02/2023;202306;63;2358,56;;NAER;;NFK|3117|30209|202306
3117;99001;06/02/2023;202306;3;0,00;;NAER;;NFK|3117|99001|202306
3122;10023;06/02/2023;202306;139;1650,62;;FRANCHISE;;NFK|3122|10023|202306
3122;10047;06/02/2023;202306;79;888,75;;FRANCHISE;;NFK|3122|10047|202306
3122;10112;06/02/2023;202306;45;953,44;;FRANCHISE;;NFK|3122|10112|202306
3122;10310;06/02/2023;202306;38;1021,25;;FRANCHISE;;NFK|3122|10310|202306
3122;11020;06/02/2023;202306;104;1943,50;;FRANCHISE;;NFK|3122|11020|202306
3122;11085;06/02/2023;202306;64;716,00;;FRANCHISE;;NFK|3122|11085|202306
3122;11142;06/02/2023;202306;48;1197,00;;FRANCHISE;;NFK|3122|11142|202306
3122;12004;06/02/2023;202306;57;2280,00;;FRANCHISE;;NFK|3122|12004|202306
3122;12066;06/02/2023;202306;46;2788,75;;FRANCHISE;;NFK|3122|12066|202306
3122;12190;06/02/2023;202306;35;787,50;;FRANCHISE;;NFK|3122|12190|202306
3122;20015;06/02/2023;202306;80;2035,00;;FRANCHISE;C;NFK|3122|20015|202306
3122;20041;06/02/2023;202306;97;885,12;;FRANCHISE;A;NFK|3122|20041|202306
3122;20088;06/02/2023;202306;47;2655,50;;FRANCHISE;B;NFK|3122|20088|202306
3122;20131;06/02/2023;202306;40;845,00;;FRANCHISE;C;NFK|3122|20131|202306
3122;30012;06/02/2023;202306;45;488,25;KUPON;FRANCHISE;;NFK|3122|30012|202306
3122;30077;06/02/2023;202306;41;2152,50;;FRANCHISE;;NFK|3122|30077|202306
3122;30154;06/02/2023;202306;29;489,38;;FRANCHISE;;NFK|3122|30154|202306
3122;30209;06/02/2023;202306;45;1684,69;;FRANCHISE;;NFK|3122|30209|202306
3122;99001;06/02/2023;202306;2;0,00;;FRANCHISE;;NFK|3122|99001|202306
4201;10023;06/02/2023;202306;688;8170,00;;HYPER;;NFK|4201|10023|202306
4201;10047;06/02/2023;202306;527;5928,75;;HYPER;;NFK|4201|10047|202306
4201;10112;06/02/2023;202306;278;5890,12;;HYPER;;NFK|4201|10112|202306
4201;10310;06/02/2023;202306;240;6450,00;;HYPER;;NFK|4201|10310|202306
4201;11020;06/02/2023;202306;567;10595,81;;HYPER;;NFK|4201|11020|202306
4201;11085;06/02/2023;202306;343;3837,31;;HYPER;;NFK|4201|11085|202306
4201;11142;06/02/2023;202306;222;5536,12;;HYPER;;NFK|4201|11142|202306
4201;12004;06/02/2023;202306;0;0,00;;HYPER;;NFK|4201|12004|202306
4201;12066;06/02/2023;202306;231;14004,38;;HYPER;;NFK|4201|12066|202306
4201;12190;06/02/2023;202306;161;3622,50;;HYPER;;NFK|4201|12190|202306
4201;20015;06/02/2023;202306;485;12337,19;;HYPER;C;NFK|4201|20015|202306
4201;20041;06/02/2023;202306;549;5009,62;;HYPER;A;NFK|4201|20041|202306
4201;20088;06/02/2023;202306;282;15933,00;;HYPER;B;NFK|4201|20088|202306
4201;20131;06/02/2023;202306;211;4457,38;;HYPER;C;NFK|4201|20131|202306
4201;30012;06/02/2023;202306;242;2625,70;KUPON;HYPER;;NFK|4201|30012|202306
4201;30077;06/02/2023;202306;215;11287,50;;HYPER;;NFK|4201|30077|202306
4201;30154;06/02/2023;202306;169;2851,88;;HYPER;;NFK|4201|30154|202306
4201;30209;06/02/2023;202306;241;9022,44;;HYPER;;NFK|4201|30209|202306
4205;10023;06/02/2023;202306;498;5913,75;;SUPER;;NFK|4205|10023|202306
4205;10047;06/02/2023;202306;321;3611,25;;SUPER;;NFK|4205|10047|202306
4205;10112;06/02/2023;202306;179;3792,56;;SUPER;;NFK|4205|10112|202306
4205;10310;06/02/2023;202306;123;3305,62;;SUPER;;NFK|4205|10310|202306
4205;11020;06/02/2023;202306;311;5811,81;;SUPER;;NFK|4205|11020|202306
4205;11085;06/02/2023;202306;227;2539,56;;SUPER;;NFK|4205|11085|202306
4205;11142;06/02/2023;202306;167;4164,56;;SUPER;;NFK|4205|11142|202306
4205;12004;06/02/2023;202306;201;8040,00;;SUPER;;NFK|4205|12004|202306
4205;12066;06/02/2023;202306;124;7517,50;;SUPER;;NFK|4205|12066|202306
4205;12190;06/02/2023;202306;112;2520,00;;SUPER;;NFK|4205|12190|202306
4205;20015;06/02/2023;202306;266;6766,38;;SUPER;C;NFK|4205|20015|202306
4205;20041;06/02/2023;202306;368;3358,00;;SUPER;A;NFK|4205|20041|202306
4205;20088;06/02/2023;202306;191;10791,50;;SUPER;B;NFK|4205|20088|202306
4205;20131;06/02/2023;202306;132;2788,50;;SUPER;C;NFK|4205|20131|202306
4205;30012;06/02/2023;202306;123;1334,55;KUPON;SUPER;;NFK|4205|30012|202306
4205;30077;06/02/2023;202306;132;6930,00;;SUPER;;NFK|4205|30077|202306
4205;30154;06/02/2023;202306;114;1923,75;;SUPER;;NFK|4205|30154|202306
4205;30209;06/02/2023;202306;123;4604,81;;SUPER;;NFK|4205|30209|202306
4218;10023;06/02/2023;202306;437;5189,38;;SUPER;;NFK|4218|10023|202306
4218;10047;06/02/2023;202306;277;3116,25;;SUPER;;NFK|4218|10047|202306
4218;10112;06/02/2023;202306;168;3559,50;;SUPER;;NFK|4218|10112|202306
4218;10310;06/02/2023;202306;133;3574,38;;SUPER;;NFK|4218|10310|202306
4218;11020;06/02/2023;202306;416;7774,00;;SUPER;;NFK|4218|11020|202306
4218;11085;06/02/2023;202306;197;2203,94;;SUPER;;NFK|4218|11085|202306
4218;11142;06/02/2023;202306;171;4264,31;;SUPER;;NFK|4218|11142|202306
4218;12004;06/02/2023;202306;220;8800,00;;SUPER;;NFK|4218|12004|202306
4218;12066;06/02/2023;202306;162;9821,25;;SUPER;;NFK|4218|12066|202306
4218;12190;06/02/2023;202306;124;2790,00;;SUPER;;NFK|4218|12190|202306
4218;20015;06/02/2023;202306;270;6868,12;;SUPER;C;NFK|4218|20015|202306
4218;20041;06/02/2023;202306;356;3248,50;;SUPER;A;NFK|4218|20041|202306
4218;20088;06/02/2023;202306;168;9492,00;;SUPER;B;NFK|4218|20088|202306
4218;20131;06/02/2023;202306;130;2746,25;;SUPER;C;NFK|4218|20131|202306
4218;30012;06/02/2023;202306;153;1660,05;KUPON;SUPER;;NFK|4218|30012|202306
4218;30077;06/02/2023;202306;155;8137,50;;SUPER;;NFK|4218|30077|202306
4218;30154;06/02/2023;202306;111;1873,12;;SUPER;;NFK|4218|30154|202306
4218;30209;06/02/2023;202306;135;5054,06;;SUPER;;NFK|4218|30209|202306
5502;10023;06/02/2023;202306;412;4892,50;;SUPER;;NFK|5502|10023|202306
5502;10047;06/02/2023;202306;247;2778,75;;SUPER;;NFK|5502|10047|202306
5502;10112;06/02/2023;202306;143;3029,81;;SUPER;;NFK|5502|10112|202306
5502;10310;06/02/2023;202306;110;2956,25;;SUPER;;NFK|5502|10310|202306
5502;11020;06/02/2023;202306;386;7213,38;;SUPER;;NFK|5502|11020|202306
5502;11085;06/02/2023;202306;219;2450,06;;SUPER;;NFK|5502|11085|202306
5502;11142;06/02/2023;202306;146;3640,88;;SUPER;;NFK|5502|11142|202306
5502;12004;06/02/2023;202306;162;6480,00;;SUPER;;NFK|5502|12004|202306
5502;12066;06/02/2023;202306;141;8548,12;;SUPER;;NFK|5502|12066|202306
5502;12190;06/02/2023;202306;95;2137,50;;SUPER;;NFK|5502|12190|202306
5502;20015;06/02/2023;202306;252;6410,25;;SUPER;C;NFK|5502|20015|202306
5502;20041;06/02/2023;202306;311;2837,88;;SUPER;A;NFK|5502|20041|202306
5502;20088;06/02/2023;202306;150;8475,00;;SUPER;B;NFK|5502|20088|202306
5502;20131;06/02/2023;202306;126;2661,75;;SUPER;C;NFK|5502|20131|202306
5502;30012;06/02/2023;202306;131;1421,35;KUPON;SUPER;;NFK|5502|30012|202306
5502;30077;06/02/2023;202306;143;7507,50;;SUPER;;NFK|5502|30077|202306
5502;30154;06/02/2023;202306;105;1771,88;;SUPER;;NFK|5502|30154|202306
5502;30209;06/02/2023;202306;130;4866,88;;SUPER;;NFK|5502|30209|202306
5511;10023;06/02/2023;202306;186;2208,75;;PARTNER;;NFK|5511|10023|202306
5511;10047;06/02/2023;202306;98;1102,50;;PARTNER;;NFK|5511|10047|202306
5511;10112;06/02/2023;202306;53;1122,94;;PARTNER;;NFK|5511|10112|202306
5511;10310;06/02/2023;202306;47;1263,12;;PARTNER;;NFK|5511|10310|202306
5511;11020;06/02/2023;202306;138;2578,88;;PARTNER;;NFK|5511|11020|202306
5511;11085;06/02/2023;202306;84;939,75;;PARTNER;;NFK|5511|11085|202306
5511;11142;06/02/2023;202306;60;1496,25;;PARTNER;;NFK|5511|11142|202306
5511;12004;06/02/2023;202306;65;2600,00;;PARTNER;;NFK|5511|12004|202306
5511;12066;06/02/2023;202306;48;2910,00;;PARTNER;;NFK|5511|12066|202306
5511;12190;06/02/2023;202306;40;900,00;;PARTNER;;NFK|5511|12190|202306
5511;20015;06/02/2023;202306;102;2594,62;;PARTNER;C;NFK|5511|20015|202306
5511;20041;06/02/2023;202306;125;1140,62;;PARTNER;A;NFK|5511|20041|202306
5511;20088;06/02/2023;202306;67;3785,50;;PARTNER;B;NFK|5511|20088|202306
5511;20131;06/02/2023;202306;47;992,88;;PARTNER;C;NFK|5511|20131|202306
5511;30012;06/02/2023;202306;51;553,35;KUPON;PARTNER;;NFK|5511|30012|202306
5511;30077;06/02/2023;202306;54;2835,00;;PARTNER;;NFK|5511|30077|202306
5511;30154;06/02/2023;202306;36;607,50;;PARTNER;;NFK|5511|30154|202306
5511;30209;06/02/2023;202306;45;1684,69;;PARTNER;;NFK|5511|30209|202306
9001;10023;06/02/2023;202306;26;308,75;;DEPOT;;NFK|9001|10023|202306
9001;10047;06/02/2023;202306;14;157,50;;DEPOT;;NFK|9001|10047|202306
9001;10112;06/02/2023;202306;8;169,50;;DEPOT;;NFK|9001|10112|202306
9001;10310;06/02/2023;202306;7;188,12;;DEPOT;;NFK|9001|10310|202306
9001;11020;06/02/2023;202306;16;299,00;;DEPOT;;NFK|9001|11020|202306
9001;11085;06/02/2023;202306;12;134,25;;DEPOT;;NFK|9001|11085|202306
9001;11142;06/02/2023;202306;8;199,50;;DEPOT;;NFK|9001|11142|202306
9001;12004;06/02/2023;202306;10;400,00;;DEPOT;;NFK|9001|12004|202306
9001;12066;06/02/2023;202306;7;424,38;;DEPOT;;NFK|9001|12066|202306
9001;12190;06/02/2023;202306;6;135,00;;DEPOT;;NFK|9001|12190|202306
9001;20015;06/02/2023;202306;14;356,12;;DEPOT;C;NFK|9001|20015|202306
9001;20041;06/02/2023;202306;15;136,88;;DEPOT;A;NFK|9001|20041|202306
9001;20088;06/02/2023;202306;10;565,00;;DEPOT;B;NFK|9001|20088|202306
9001;20131;06/02/2023;202306;7;147,88;;DEPOT;C;NFK|9001|20131|202306
9001;30012;06/02/2023;202306;6;65,10;KUPON;DEPOT;;NFK|9001|30012|202306
9001;30077;06/02/2023;202306;7;367,50;;DEPOT;;NFK|9001|30077|202306
9001;30154;06/02/2023;202306;6;101,25;;DEPOT;;NFK|9001|30154|202306
9001;30209;06/02/2023;202306;6;224,62;;DEPOT;;NFK|9001|30209|202306
1101;10023;13/02/2023;202307;521;6186,88;;SUPER;;NFK|1101|10023|202307
1101;10047;13/02/2023;202307;314;3532,50;;SUPER;;NFK|1101|10047|202307
1101;10112;13/02/2023;202307;242;4101,90;KUPON;SUPER;;NFK|1101|10112|202307
1101;10310;13/02/2023;202307;123;3305,62;;SUPER;;NFK|1101|10310|202307
1101;11020;13/02/2023;202307;340;6353,75;;SUPER;;NFK|1101|11020|202307
1101;11085;13/02/2023;202307;208;2327,00;;SUPER;;NFK|1101|11085|202307
1101;11142;13/02/2023;202307;171;4264,31;;SUPER;;NFK|1101|11142|202307
1101;12004;13/02/2023;202307;189;7560,00;;SUPER;;NFK|1101|12004|202307
1101;12066;13/02/2023;202307;166;10063,75;;SUPER;;NFK|1101|12066|202307
1101;12190;13/02/2023;202307;106;2385,00;;SUPER;;NFK|1101|12190|202307
1101;20015;13/02/2023;202307;270;6868,12;;SUPER;C;NFK|1101|20015|202307
1101;20041;13/02/2023;202307;352;3212,00;;SUPER;A;NFK|1101|20041|202307
1101;20088;13/02/2023;202307;190;10735,00;;SUPER;B;NFK|1101|20088|202307
1101;20131;13/02/2023;202307;146;3084,25;;SUPER;C;NFK|1101|20131|202307
1101;30012;13/02/2023;202307;103;1667,31;;SUPER;;NFK|1101|30012|202307
1101;30077;13/02/2023;202307;155;8137,50;;SUPER;;NFK|1101|30077|202307
1101;30154;13/02/2023;202307;96;1620,00;;SUPER;;NFK|1101|30154|202307
1101;30209;13/02/2023;202307;157;5877,69;;SUPER;;NFK|1101|30209|202307
1101;99001;13/02/2023;202307;6;0,00;;SUPER;;NFK|1101|99001|202307
1102;10023;13/02/2023;202307;448;5320,00;;SUPER;;NFK|1102|10023|202307
1102;10047;13/02/2023;202307;257;2891,25;;SUPER;;NFK|1102|10047|202307
1102;10112;13/02/2023;202307;203;3440,85;KUPON;SUPER;;NFK|1102|10112|202307
1102;10310;13/02/2023;202307;133;3574,38;;SUPER;;NFK|1102|10310|202307
1102;11020;13/02/2023;202307;362;6764,88;;SUPER;;NFK|1102|11020|202307
1102;11085;13/02/2023;202307;209;2338,19;;SUPER;;NFK|1102|11085|202307
1102;11142;13/02/2023;202307;165;4114,69;;SUPER;;NFK|1102|11142|202307
1102;12004;13/02/2023;202307;207;8280,00;;SUPER;;NFK|1102|12004|202307
1102;12066;13/02/2023;202307;134;8123,75;;SUPER;;NFK|1102|12066|202307
1102;12190;13/02/2023;202307;88;1980,00;;SUPER;;NFK|1102|12190|202307
1102;20015;13/02/2023;202307;235;5977,81;;SUPER;C;NFK|1102|20015|202307
1102;20041;13/02/2023;202307;321;2929,12;;SUPER;A;NFK|1102|20041|202307
1102;20088;13/02/2023;202307;168;9492,00;;SUPER;B;NFK|1102|20088|202307
1102;20131;13/02/2023;202307;109;2302,62;;SUPER;C;NFK|1102|20131|202307
1102;30012;13/02/2023;202307;103;1667,31;;SUPER;;NFK|1102|30012|202307
1102;30077;13/02/2023;202307;148;7770,00;;SUPER;;NFK|1102|30077|202307
1102;30154;13/02/2023;202307;107;1805,62;;SUPER;;NFK|1102|30154|202307
1102;30209;13/02/2023;202307;124;4642,25;;SUPER;;NFK|1102|30209|202307
1103;10023;13/02/2023;202307;253;3004,38;;NAER;;NFK|1103|10023|202307
1103;10047;13/02/2023;202307;155;1743,75;;NAER;;NFK|1103|10047|202307
1103;10112;13/02/2023;202307;101;1711,95;KUPON;NAER;;NFK|1103|10112|202307
1103;10310;13/02/2023;202307;65;1746,88;;NAER;;NFK|1103|10310|202307
1103;11020;13/02/2023;202307;176;3289,00;;NAER;;NFK|1103|11020|202307
1103;11085;13/02/2023;202307;98;1096,38;;NAER;;NFK|1103|11085|202307
1103;11142;13/02/2023;202307;76;1895,25;;NAER;;NFK|1103|11142|202307
1103;12004;13/02/2023;202307;107;4280,00;;NAER;;NFK|1103|12004|202307
1103;12066;13/02/2023;202307;78;4728,75;;NAER;;NFK|1103|12066|202307
1103;12190;13/02/2023;202307;59;1327,50;;NAER;;NFK|1103|12190|202307
1103;20015;13/02/2023;202307;125;3179,69;;NAER;C;NFK|1103|20015|202307
1103;20041;13/02/2023;202307;180;1642,50;;NAER;A;NFK|1103|20041|202307
1103;20088;13/02/2023;202307;79;4463,50;;NAER;B;NFK|1103|20088|202307
1103;20131;13/02/2023;202307;61;1288,62;;NAER;C;NFK|1103|20131|202307
1103;30012;13/02/2023;202307;52;841,75;;NAER;;NFK|1103|30012|202307
1103;30077;13/02/2023;202307;79;4147,50;;NAER;;NFK|1103|30077|202307
1103;30154;13/02/2023;202307;59;995,62;;NAER;;NFK|1103|30154|202307
1103;30209;13/02/2023;202307;70;2620,62;;NAER;;NFK|1103|30209|202307
1108;10023;13/02/2023;202307;882;10473,75;;HYPER;;NFK|1108|10023|202307
1108;10047;13/02/2023;202307;512;5760,00;;HYPER;;NFK|1108|10047|202307
1108;10112;13/02/2023;202307;389;6593,55;KUPON;HYPER;;NFK|1108|10112|202307
1108;10310;13/02/2023;202307;250;6718,75;;HYPER;;NFK|1108|10310|202307
1108;11020;13/02/2023;202307;654;12221,62;;HYPER;;NFK|1108|11020|202307
1108;11085;13/02/2023;202307;385;4307,19;;HYPER;;NFK|1108|11085|202307
1108;11142;13/02/2023;202307;317;7905,19;;HYPER;;NFK|1108|11142|202307
1108;12004;13/02/2023;202307;418;16720,00;;HYPER;;NFK|1108|12004|202307
1108;12066;13/02/2023;202307;256;15520,00;;HYPER;;NFK|1108|12066|202307
1108;12190;13/02/2023;202307;189;4252,50;;HYPER;;NFK|1108|12190|202307
1108;20015;13/02/2023;202307;566;14397,62;;HYPER;C;NFK|1108|20015|202307
1108;20041;13/02/2023;202307;614;5602,75;;HYPER;A;NFK|1108|20041|202307
1108;20088;13/02/2023;202307;358;20227,00;;HYPER;B;NFK|1108|20088|202307
1108;20131;13/02/2023;202307;255;5386,88;;HYPER;C;NFK|1108|20131|202307
1108;30012;13/02/2023;202307;170;2751,88;;HYPER;;NFK|1108|30012|202307
1108;30077;13/02/2023;202307;294;15435,00;;HYPER;;NFK|1108|30077|202307
1108;30154;13/02/2023;202307;200;3375,00;;HYPER;;NFK|1108|30154|202307
1108;30209;13/02/2023;202307;270;10108,12;;HYPER;;NFK|1108|30209|202307
1108;99001;13/02/2023;202307;13;0,00;;HYPER;;NFK|1108|99001|202307
3104;10023;13/02/2023;202307;413;4904,38;;SUPER;;NFK|3104|10023|202307
3104;10047;13/02/2023;202307;265;2981,25;;SUPER;;NFK|3104|10047|202307
3104;10112;13/02/2023;202307;176;2983,20;KUPON;SUPER;;NFK|3104|10112|202307
3104;10310;13/02/2023;202307;139;3735,62;;SUPER;;NFK|3104|10310|202307
3104;11020;13/02/2023;202307;359;6708,81;;SUPER;;NFK|3104|11020|202307
3104;11085;13/02/2023;202307;187;2092,06;;SUPER;;NFK|3104|11085|202307
3104;11142;13/02/2023;202307;128;3192,00;;SUPER;;NFK|3104|11142|202307
3104;12004;13/02/2023;202307;161;6440,00;;SUPER;;NFK|3104|12004|202307
3104;12066;13/02/2023;202307;121;7335,62;;SUPER;;NFK|3104|12066|202307
3104;12190;13/02/2023;202307;109;2452,50;;SUPER;;NFK|3104|12190|202307
3104;20015;13/02/2023;202307;212;5392,75;;SUPER;C;NFK|3104|20015|202307
3104;20041;13/02/2023;202307;291;2655,38;;SUPER;A;NFK|3104|20041|202307
3104;20088;13/02/2023;202307;153;8644,50;;SUPER;B;NFK|3104|20088|202307
3104;20131;13/02/2023;202307;111;2344,88;;SUPER;C;NFK|3104|20131|202307
3104;30012;13/02/2023;202307;77;1246,44;;SUPER;;NFK|3104|30012|202307
3104;30077;13/02/2023;202307;143;7507,50;;SUPER;;NFK|3104|30077|202307
3104;30154;13/02/2023;202307;106;1788,75;;SUPER;;NFK|3104|30154|202307
3104;30209;13/02/2023;202307;127;4754,56;;SUPER;;NFK|3104|30209|202307
3117;10023;13/02/2023;202307;220;2612,50;;NAER;;NFK|3117|10023|202307
3117;10047;13/02/2023;202307;120;1350,00;;NAER;;NFK|3117|10047|202307
3117;10112;13/02/2023;202307;85;1440,75;KUPON;NAER;;NFK|3117|10112|202307
3117;10310;13/02/2023;202307;51;1370,62;;NAER;;NFK|3117|10310|202307
3117;11020;13/02/2023;202307;172;3214,25;;NAER;;NFK|3117|11020|202307
3117;11085;13/02/2023;202307;79;883,81;;NAER;;NFK|3117|11085|202307
3117;11142;13/02/2023;202307;75;1870,31;;NAER;;NFK|3117|11142|202307
3117;12004;13/02/2023;202307;83;3320,00;;NAER;;NFK|3117|12004|202307
3117;12066;13/02/2023;202307;60;3637,50;;NAER;;NFK|3117|12066|202307
3117;12190;13/02/2023;202307;40;900,00;;NAER;;NFK|3117|12190|202307
3117;20015;13/02/2023;202307;109;2772,69;;NAER;C;NFK|3117|20015|202307
3117;20041;13/02/2023;202307;125;1140,62;;NAER;A;NFK|3117|20041|202307
3117;20088;13/02/2023;202307;74;4181,00;;NAER;B;NFK|3117|20088|202307
3117;20131;13/02/2023;202307;47;992,88;;NAER;C;NFK|3117|20131|202307
3117;30012;13/02/2023;202307;36;582,75;;NAER;;NFK|3117|30012|202307
3117;30077;13/02/2023;202307;61;3202,50;;NAER;;NFK|3117|30077|202307
3117;30154;13/02/2023;202307;48;810,00;;NAER;;NFK|3117|30154|202307
3117;30209;13/02/2023;202307;63;2358,56;;NAER;;NFK|3117|30209|202307
3117;99001;13/02/2023;202307;3;0,00;;NAER;;NFK|3117|99001|202307
3122;10023;13/02/2023;202307;136;1615,00;;FRANCHISE;;NFK|3122|10023|202307
3122;10047;13/02/2023;202307;89;1001,25;;FRANCHISE;;NFK|3122|10047|202307
3122;10112;13/02/2023;202307;75;1271,25;KUPON;FRANCHISE;;NFK|3122|10112|202307
3122;10310;13/02/2023;202307;41;1101,88;;FRANCHISE;;NFK|3122|10310|202307
3122;11020;13/02/2023;202307;105;1962,19;;FRANCHISE;;NFK|3122|11020|202307
3122;11085;13/02/2023;202307;71;794,31;;FRANCHISE;;NFK|3122|11085|202307
3122;11142;13/02/2023;202307;52;1296,75;;FRANCHISE;;NFK|3122|11142|202307
3122;12004;13/02/2023;202307;69;2760,00;;FRANCHISE;;NFK|3122|12004|202307
3122;12066;13/02/2023;202307;42;2546,25;;FRANCHISE;;NFK|3122|12066|202307
3122;12190;13/02/2023;202307;32;720,00;;FRANCHISE;;NFK|3122|12190|202307
3122;20015;13/02/2023;202307;77;1958,69;;FRANCHISE;C;NFK|3122|20015|202307
3122;20041;13/02/2023;202307;91;830,38;;FRANCHISE;A;NFK|3122|20041|202307
3122;20088;13/02/2023;202307;49;2768,50;;FRANCHISE;B;NFK|3122|20088|202307
3122;20131;13/02/2023;202307;43;908,38;;FRANCHISE;C;NFK|3122|20131|202307
3122;30012;13/02/2023;202307;29;469,44;;FRANCHISE;;NFK|3122|30012|202307
3122;30077;13/02/2023;202307;45;2362,50;;FRANCHISE;;NFK|3122|30077|202307
3122;30154;13/02/2023;202307;35;590,62;;FRANCHISE;;NFK|3122|30154|202307
3122;30209;13/02/2023;202307;41;1534,94;;FRANCHISE;;NFK|3122|30209|202307
4201;10023;13/02/2023;202307;852;10117,50;;HYPER;;NFK|4201|10023|202307
4201;10047;13/02/2023;202307;500;5625,00;;HYPER;;NFK|4201|10047|202307
4201;10112;13/02/2023;202307;366;6203,70;KUPON;HYPER;;NFK|4201|10112|202307
4201;10310;13/02/2023;202307;222;5966,25;;HYPER;;NFK|4201|10310|202307
4201;11020;13/02/2023;202307;565;10558,44;;HYPER;;NFK|4201|11020|202307
4201;11085;13/02/2023;202307;342;3826,12;;HYPER;;NFK|4201|11085|202307
4201;11142;13/02/2023;202307;297;7406,44;;HYPER;;NFK|4201|11142|202307
4201;12004;13/02/2023;202307;350;14000,00;;HYPER;;NFK|4201|12004|202307
4201;12066;13/02/2023;202307;252;15277,50;;HYPER;;NFK|4201|12066|202307
4201;12190;13/02/2023;202307;166;3735,00;;HYPER;;NFK|4201|12190|202307
4201;20015;13/02/2023;202307;501;12744,19;;HYPER;C;NFK|4201|20015|202307
4201;20041;13/02/2023;202307;623;5684,88;;HYPER;A;NFK|4201|20041|202307
4201;20088;13/02/2023;202307;333;18814,50;;HYPER;B;NFK|4201|20088|202307
4201;20131;13/02/2023;202307;203;4288,38;;HYPER;C;NFK|4201|20131|202307
4201;30012;13/02/2023;202307;140;2266,25;;HYPER;;NFK|4201|30012|202307
4201;30077;13/02/2023;202307;273;14332,50;;HYPER;;NFK|4201|30077|202307
4201;30154;13/02/2023;202307;161;2716,88;;HYPER;;NFK|4201|30154|202307
4201;30209;13/02/2023;202307;204;7637,25;;HYPER;;NFK|4201|30209|202307
4201;99001;13/02/2023;202307;12;0,00;;HYPER;;NFK|4201|99001|202307
4205;10023;13/02/2023;202307;456;5415,00;;SUPER;;NFK|4205|10023|202307
4205;10047;13/02/2023;202307;293;3296,25;;SUPER;;NFK|4205|10047|202307
4205;10112;13/02/2023;202307;227;3847,65;KUPON;SUPER;;NFK|4205|10112|202307
4205;10310;13/02/2023;202307;122;3278,75;;SUPER;;NFK|4205|10310|202307
4205;11020;13/02/2023;202307;407;7605,81;;SUPER;;NFK|4205|11020|202307
4205;11085;13/02/2023;202307;223;2494,81;;SUPER;;NFK|4205|11085|202307
4205;11142;13/02/2023;202307;165;4114,69;;SUPER;;NFK|4205|11142|202307
4205;12004;13/02/2023;202307;217;8680,00;;SUPER;;NFK|4205|12004|202307
4205;12066;13/02/2023;202307;145;8790,62;;SUPER;;NFK|4205|12066|202307
4205;12190;13/02/2023;202307;91;2047,50;;SUPER;;NFK|4205|12190|202307
4205;20015;13/02/2023;202307;233;5926,94;;SUPER;C;NFK|4205|20015|202307
4205;20041;13/02/2023;202307;323;2947,38;;SUPER;A;NFK|4205|20041|202307
4205;20088;13/02/2023;202307;187;10565,50;;SUPER;B;NFK|4205|20088|202307
4205;20131;13/02/2023;202307;132;2788,50;;SUPER;C;NFK|4205|20131|202307
4205;30012;13/02/2023;202307;87;1408,31;;SUPER;;NFK|4205|30012|202307
4205;30077;13/02/2023;202307;143;7507,50;;SUPER;;NFK|4205|30077|202307
4205;30154;13/02/2023;202307;105;1771,88;;SUPER;;NFK|4205|30154|202307
4205;30209;13/02/2023;202307;148;5540,75;;SUPER;;NFK|4205|30209|202307
4205;99001;13/02/2023;202307;7;0,00;;SUPER;;NFK|4205|99001|202307
4218;10023;13/02/2023;202307;456;5415,00;;SUPER;;NFK|4218|10023|202307
4218;10047;13/02/2023;202307;345;3881,25;;SUPER;;NFK|4218|10047|202307
4218;10112;13/02/2023;202307;229;3881,55;KUPON;SUPER;;NFK|4218|10112|202307
4218;10310;13/02/2023;202307;161;4326,88;;SUPER;;NFK|4218|10310|202307
4218;11020;13/02/2023;202307;381;7119,94;;SUPER;;NFK|4218|11020|202307
4218;11085;13/02/2023;202307;243;2718,56;;SUPER;;NFK|4218|11085|202307
4218;11142;13/02/2023;202307;155;3865,31;;SUPER;;NFK|4218|11142|202307
4218;12004;13/02/2023;202307;198;7920,00;;SUPER;;NFK|4218|12004|202307
4218;12066;13/02/2023;202307;143;8669,38;;SUPER;;NFK|4218|12066|202307
4218;12190;13/02/2023;202307;121;2722,50;;SUPER;;NFK|4218|12190|202307
4218;20015;13/02/2023;202307;252;6410,25;;SUPER;C;NFK|4218|20015|202307
4218;20041;13/02/2023;202307;386;3522,25;;SUPER;A;NFK|4218|20041|202307
4218;20088;13/02/2023;202307;211;11921,50;;SUPER;B;NFK|4218|20088|202307
4218;20131;13/02/2023;202307;112;2366,00;;SUPER;C;NFK|4218|20131|202307
4218;30012;13/02/2023;202307;92;1489,25;;SUPER;;NFK|4218|30012|202307
4218;30077;13/02/2023;202307;166;8715,00;;SUPER;;NFK|4218|30077|202307
4218;30154;13/02/2023;202307;100;1687,50;;SUPER;;NFK|4218|30154|202307
4218;30209;13/02/2023;202307;139;5203,81;;SUPER;;NFK|4218|30209|202307
5502;10023;13/02/2023;202307;377;4476,88;;SUPER;;NFK|5502|10023|202307
5502;10047;13/02/2023;202307;284;3195,00;;SUPER;;NFK|5502|10047|202307
5502;10112;13/02/2023;202307;181;3067,95;KUPON;SUPER;;NFK|5502|10112|202307
5502;10310;13/02/2023;202307;131;3520,62;;SUPER;;NFK|5502|10310|202307
5502;11020;13/02/2023;202307;341;6372,44;;SUPER;;NFK|5502|11020|202307
5502;11085;13/02/2023;202307;171;1913,06;;SUPER;;NFK|5502|11085|202307
5502;11142;13/02/2023;202307;163;4064,81;;SUPER;;NFK|5502|11142|202307
5502;12004;13/02/2023;202307;190;7600,00;;SUPER;;NFK|5502|12004|202307
5502;12066;13/02/2023;202307;118;7153,75;;SUPER;;NFK|5502|12066|202307
5502;12190;13/02/2023;202307;90;2025,00;;SUPER;;NFK|5502|12190|202307
5502;20015;13/02/2023;202307;247;6283,06;;SUPER;C;NFK|5502|20015|202307
5502;20041;13/02/2023;202307;333;3038,62;;SUPER;A;NFK|5502|20041|202307
5502;20088;13/02/2023;202307;186;10509,00;;SUPER;B;NFK|5502|20088|202307
5502;20131;13/02/2023;202307;128;2704,00;;SUPER;C;NFK|5502|20131|202307
5502;30012;13/02/2023;202307;82;1327,37;;SUPER;;NFK|5502|30012|202307
5502;30077;13/02/2023;202307;135;7087,50;;SUPER;;NFK|5502|30077|202307
5502;30154;13/02/2023;202307;90;1518,75;;SUPER;;NFK|5502|30154|202307
5502;30209;13/02/2023;202307;109;4080,69;;SUPER;;NFK|5502|30209|202307
5511;10023;13/02/2023;202307;187;2220,62;;PARTNER;;NFK|5511|10023|202307
5511;10047;13/02/2023;202307;115;1293,75;;PARTNER;;NFK|5511|10047|202307
5511;10112;13/02/2023;202307;86;1457,70;KUPON;PARTNER;;NFK|5511|10112|202307
5511;10310;13/02/2023;202307;42;1128,75;;PARTNER;;NFK|5511|10310|202307
5511;11020;13/02/2023;202307;153;2859,19;;PARTNER;;NFK|5511|11020|202307
5511;11085;13/02/2023;202307;85;950,94;;PARTNER;;NFK|5511|11085|202307
5511;11142;13/02/2023;202307;61;1521,19;;PARTNER;;NFK|5511|11142|202307
5511;12004;13/02/2023;202307;75;3000,00;;PARTNER;;NFK|5511|12004|202307
5511;12066;13/02/2023;202307;53;3213,12;;PARTNER;;NFK|5511|12066|202307
5511;12190;13/02/2023;202307;39;877,50;;PARTNER;;NFK|5511|12190|202307
5511;20015;13/02/2023;202307;104;2645,50;;PARTNER;C;NFK|5511|20015|202307
5511;20041;13/02/2023;202307;118;1076,75;;PARTNER;A;NFK|5511|20041|202307
5511;20088;13/02/2023;202307;58;3277,00;;PARTNER;B;NFK|5511|20088|202307
5511;20131;13/02/2023;202307;48;1014,00;;PARTNER;C;NFK|5511|20131|202307
5511;30012;13/02/2023;202307;33;534,19;;PARTNER;;NFK|5511|30012|202307
5511;30077;13/02/2023;202307;49;2572,50;;PARTNER;;NFK|5511|30077|202307
5511;30154;13/02/2023;202307;41;691,88;;PARTNER;;NFK|5511|30154|202307
5511;30209;13/02/2023;202307;55;2059,06;;PARTNER;;NFK|5511|30209|202307
9001;10023;13/02/2023;202307;22;261,25;;DEPOT;;NFK|9001|10023|202307
9001;10047;13/02/2023;202307;16;180,00;;DEPOT;;NFK|9001|10047|202307
9001;10112;13/02/2023;202307;10;169,50;KUPON;DEPOT;;NFK|9001|10112|202307
9001;10310;13/02/2023;202307;6;161,25;;DEPOT;;NFK|9001|10310|202307
9001;11020;13/02/2023;202307;17;317,69;;DEPOT;;NFK|9001|11020|202307
9001;11085;13/02/2023;202307;12;134,25;;DEPOT;;NFK|9001|11085|202307
9001;11142;13/02/2023;202307;8;199,50;;DEPOT;;NFK|9001|11142|202307
9001;12004;13/02/2023;202307;11;440,00;;DEPOT;;NFK|9001|12004|202307
9001;12066;13/02/2023;202307;7;424,38;;DEPOT;;NFK|9001|12066|202307
9001;12190;13/02/2023;202307;6;135,00;;DEPOT;;NFK|9001|12190|202307
9001;20015;13/02/2023;202307;13;330,69;;DEPOT;C;NFK|9001|20015|202307
9001;20041;13/02/2023;202307;15;136,88;;DEPOT;A;NFK|9001|20041|202307
9001;20088;13/02/2023;202307;10;565,00;;DEPOT;B;NFK|9001|20088|202307
9001;20131;13/02/2023;202307;7;147,88;;DEPOT;C;NFK|9001|20131|202307
9001;30012;13/02/2023;202307;4;64,75;;DEPOT;;NFK|9001|30012|202307
9001;30077;13/02/2023;202307;9;472,50;;DEPOT;;NFK|9001|30077|202307
9001;30154;13/02/2023;202307;6;101,25;;DEPOT;;NFK|9001|30154|202307
9001;30209;13/02/2023;202307;8;299,50;;DEPOT;;NFK|9001|30209|202307
9001;99001;13/02/2023;202307;0;0,00;;DEPOT;;NFK|9001|99001|202307
1101;10023;20/02/2023;202308;508;6032,50;;SUPER;;NFK|1101|10023|202308
1101;10047;20/02/2023;202308;268;3015,00;;SUPER;;NFK|1101|10047|202308
1101;10112;20/02/2023;202308;160;3390,00;;SUPER;;NFK|1101|10112|202308
1101;10310;20/02/2023;202308;140;3762,50;;SUPER;;NFK|1101|10310|202308
1101;11020;20/02/2023;202308;442;8259,88;;SUPER;;NFK|1101|11020|202308
1101;11085;20/02/2023;202308;248;2774,50;;SUPER;;NFK|1101|11085|202308
1101;11142;20/02/2023;202308;183;4563,56;;SUPER;;NFK|1101|11142|202308
1101;12004;20/02/2023;202308;219;8760,00;;SUPER;;NFK|1101|12004|202308
1101;12066;20/02/2023;202308;153;9275,62;;SUPER;;NFK|1101|12066|202308
1101;12190;20/02/2023;202308;175;3543,75;AVIS;SUPER;;NFK|1101|12190|202308
1101;20015;20/02/2023;202308;320;8140,00;;SUPER;C;NFK|1101|20015|202308
1101;20041;20/02/2023;202308;505;4197,81;3F2;SUPER;A;NFK|1101|20041|202308
1101;20088;20/02/2023;202308;215;12147,50;;SUPER;B;NFK|1101|20088|202308
1101;20131;20/02/2023;202308;138;2915,25;;SUPER;C;NFK|1101|20131|202308
1101;30012;20/02/2023;202308;96;1554,00;;SUPER;;NFK|1101|30012|202308
1101;30077;20/02/2023;202308;173;9082,50;;SUPER;;NFK|1101|30077|202308
1101;30154;20/02/2023;202308;101;1704,38;;SUPER;;NFK|1101|30154|202308
1101;30209;20/02/2023;202308;159;5952,56;;SUPER;;NFK|1101|30209|202308
1102;10023;20/02/2023;202308;411;4880,62;;SUPER;;NFK|1102|10023|202308
1102;10047;20/02/2023;202308;290;3262,50;;SUPER;;NFK|1102|10047|202308
1102;10112;20/02/2023;202308;141;2987,44;;SUPER;;NFK|1102|10112|202308
1102;10310;20/02/2023;202308;137;3681,88;;SUPER;;NFK|1102|10310|202308
1102;11020;20/02/2023;202308;310;5793,12;;SUPER;;NFK|1102|11020|202308
1102;11085;20/02/2023;202308;195;2181,56;;SUPER;;NFK|1102|11085|202308
1102;11142;20/02/2023;202308;146;3640,88;;SUPER;;NFK|1102|11142|202308
1102;12004;20/02/2023;202308;166;6640,00;;SUPER;;NFK|1102|12004|202308
1102;12066;20/02/2023;202308;135;8184,38;;SUPER;;NFK|1102|12066|202308
1102;12190;20/02/2023;202308;140;2835,00;AVIS;SUPER;;NFK|1102|12190|202308
1102;20015;20/02/2023;202308;245;6232,19;;SUPER;C;NFK|1102|20015|202308
1102;20041;20/02/2023;202308;421;3499,56;3F2;SUPER;A;NFK|1102|20041|202308
1102;20088;20/02/2023;202308;161;9096,50;;SUPER;B;NFK|1102|20088|202308
1102;20131;20/02/2023;202308;122;2577,25;;SUPER;C;NFK|1102|20131|202308
1102;30012;20/02/2023;202308;99;1602,56;;SUPER;;NFK|1102|30012|202308
1102;30077;20/02/2023;202308;142;7455,00;;SUPER;;NFK|1102|30077|202308
1102;30154;20/02/2023;202308;107;1805,62;;SUPER;;NFK|1102|30154|202308
1102;30209;20/02/2023;202308;127;4754,56;;SUPER;;NFK|1102|30209|202308
1103;10023;20/02/2023;202308;209;2481,88;;NAER;;NFK|1103|10023|202308
1103;10047;20/02/2023;202308;143;1608,75;;NAER;;NFK|1103|10047|202308
1103;10112;20/02/2023;202308;89;1885,69;;NAER;;NFK|1103|10112|202308
1103;10310;20/02/2023;202308;61;1639,38;;NAER;;NFK|1103|10310|202308
1103;11020;20/02/2023;202308;197;3681,44;;NAER;;NFK|1103|11020|202308
1103;11085;20/02/2023;202308;102;1141,12;;NAER;;NFK|1103|11085|202308
1103;11142;20/02/2023;202308;76;1895,25;;NAER;;NFK|1103|11142|202308
1103;12004;20/02/2023;202308;111;4440,00;;NAER;;NFK|1103|12004|202308
1103;12066;20/02/2023;202308;72;4365,00;;NAER;;NFK|1103|12066|202308
1103;12190;20/02/2023;202308;76;1539,00;AVIS;NAER;;NFK|1103|12190|202308
1103;20015;20/02/2023;202308;135;3434,06;;NAER;C;NFK|1103|20015|202308
1103;20041;20/02/2023;202308;204;1695,75;3F2;NAER;A;NFK|1103|20041|202308
1103;20088;20/02/2023;202308;92;5198,00;;NAER;B;NFK|1103|20088|202308
1103;20131;20/02/2023;202308;56;1183,00;;NAER;C;NFK|1103|20131|202308
1103;30012;20/02/2023;202308;50;809,38;;NAER;;NFK|1103|30012|202308
1103;30077;20/02/2023;202308;79;4147,50;;NAER;;NFK|1103|30077|202308
1103;30154;20/02/2023;202308;50;843,75;;NAER;;NFK|1103|30154|202308
1103;30209;20/02/2023;202308;77;2882,69;;NAER;;NFK|1103|30209|202308
1108;10023;20/02/2023;202308;807;9583,12;;HYPER;;NFK|1108|10023|202308
1108;10047;20/02/2023;202308;518;5827,50;;HYPER;;NFK|1108|10047|202308
1108;10112;20/02/2023;202308;303;6419,81;;HYPER;;NFK|1108|10112|202308
1108;10310;20/02/2023;202308;264;7095,00;;HYPER;;NFK|1108|10310|202308
1108;11020;20/02/2023;202308;755;14109,06;;HYPER;;NFK|1108|11020|202308
1108;11085;20/02/2023;202308;396;4430,25;;HYPER;;NFK|1108|11085|202308
1108;11142;20/02/2023;202308;340;8478,75;;HYPER;;NFK|1108|11142|202308
1108;12004;20/02/2023;202308;370;14800,00;;HYPER;;NFK|1108|12004|202308
1108;12066;20/02/2023;202308;264;16005,00;;HYPER;;NFK|1108|12066|202308
1108;12190;20/02/2023;202308;306;6196,50;AVIS;HYPER;;NFK|1108|12190|202308
1108;20015;20/02/2023;202308;469;11930,19;;HYPER;C;NFK|1108|20015|202308
1108;20041;20/02/2023;202308;819;6807,94;3F2;HYPER;A;NFK|1108|20041|202308
1108;20088;20/02/2023;202308;353;19944,50;;HYPER;B;NFK|1108|20088|202308
1108;20131;20/02/2023;202308;273;5767,12;;HYPER;C;NFK|1108|20131|202308
1108;30012;20/02/2023;202308;186;3010,88;;HYPER;;NFK|1108|30012|202308
1108;30077;20/02/2023;202308;291;15277,50;;HYPER;;NFK|1108|30077|202308
1108;30154;20/02/2023;202308;215;3628,12;;HYPER;;NFK|1108|30154|202308
1108;30209;20/02/2023;202308;280;10482,50;;HYPER;;NFK|1108|30209|202308
3104;10023;20/02/2023;202308;421;4999,38;;SUPER;;NFK|3104|10023|202308
3104;10047;20/02/2023;202308;241;2711,25;;SUPER;;NFK|3104|10047|202308
3104;10112;20/02/2023;202308;145;3072,19;;SUPER;;NFK|3104|10112|202308
3104;10310;20/02/2023;202308;134;3601,25;;SUPER;;NFK|3104|10310|202308
3104;11020;20/02/2023;202308;325;6073,44;;SUPER;;NFK|3104|11020|202308
3104;11085;20/02/2023;202308;209;2338,19;;SUPER;;NFK|3104|11085|202308
3104;11142;20/02/2023;202308;141;3516,19;;SUPER;;NFK|3104|11142|202308
3104;12004;20/02/2023;202308;191;7640,00;;SUPER;;NFK|3104|12004|202308
3104;12066;20/02/2023;202308;133;8063,12;;SUPER;;NFK|3104|12066|202308
3104;12190;20/02/2023;202308;99;2227,50;;SUPER;;NFK|3104|12190|202308
3104;20015;20/02/2023;202308;255;6486,56;;SUPER;C;NFK|3104|20015|202308
3104;20041;20/02/2023;202308;382;3175,38;3F2;SUPER;A;NFK|3104|20041|202308
3104;20088;20/02/2023;202308;181;10226,50;;SUPER;B;NFK|3104|20088|202308
3104;20131;20/02/2023;202308;109;2302,62;;SUPER;C;NFK|3104|20131|202308
3104;30012;20/02/2023;202308;81;1311,19;;SUPER;;NFK|3104|30012|202308
3104;30077;20/02/2023;202308;146;7665,00;;SUPER;;NFK|3104|30077|202308
3104;30154;20/02/2023;202308;102;1721,25;;SUPER;;NFK|3104|30154|202308
3104;30209;20/02/2023;202308;117;4380,19;;SUPER;;NFK|3104|30209|202308
3104;99001;20/02/2023;202308;7;0,00;;SUPER;;NFK|3104|99001|202308
3117;10023;20/02/2023;202308;184;2185,00;;NAER;;NFK|3117|10023|202308
3117;10047;20/02/2023;202308;142;1597,50;;NAER;;NFK|3117|10047|202308
3117;10112;20/02/2023;202308;76;1610,25;;NAER;;NFK|3117|10112|202308
3117;10310;20/02/2023;202308;65;1746,88;;NAER;;NFK|3117|10310|202308
3117;11020;20/02/2023;202308;154;2877,87;;NAER;;NFK|3117|11020|202308
3117;11085;20/02/2023;202308;96;1074,00;;NAER;;NFK|3117|11085|202308
3117;11142;20/02/2023;202308;65;1620,94;;NAER;;NFK|3117|11142|202308
3117;12004;20/02/2023;202308;87;3480,00;;NAER;;NFK|3117|12004|202308
3117;12066;20/02/2023;202308;55;3334,38;;NAER;;NFK|3117|12066|202308
3117;12190;20/02/2023;202308;49;1102,50;;NAER;;NFK|3117|12190|202308
3117;20015;20/02/2023;202308;126;3205,12;;NAER;C;NFK|3117|20015|202308
3117;20041;20/02/2023;202308;166;1379,88;3F2;NAER;A;NFK|3117|20041|202308
3117;20088;20/02/2023;202308;82;4633,00;;NAER;B;NFK|3117|20088|202308
3117;20131;20/02/2023;202308;47;992,88;;NAER;C;NFK|3117|20131|202308
3117;30012;20/02/2023;202308;41;663,69;;NAER;;NFK|3117|30012|202308
3117;30077;20/02/2023;202308;60;3150,00;;NAER;;NFK|3117|30077|202308
3117;30154;20/02/2023;202308;42;708,75;;NAER;;NFK|3117|30154|202308
3117;30209;20/02/2023;202308;57;2133,94;;NAER;;NFK|3117|30209|202308
3117;99001;20/02/2023;202308;3;0,00;;NAER;;NFK|3117|99001|202308
3122;10023;20/02/2023;202308;164;1947,50;;FRANCHISE;;NFK|3122|10023|202308
3122;10047;20/02/2023;202308;93;1046,25;;FRANCHISE;;NFK|3122|10047|202308
3122;10112;20/02/2023;202308;47;995,81;;FRANCHISE;;NFK|3122|10112|202308
3122;10310;20/02/2023;202308;43;1155,62;;FRANCHISE;;NFK|3122|10310|202308
3122;11020;20/02/2023;202308;117;2186,44;;FRANCHISE;;NFK|3122|11020|202308
3122;11085;20/02/2023;202308;67;749,56;;FRANCHISE;;NFK|3122|11085|202308
3122;11142;20/02/2023;202308;55;1371,56;;FRANCHISE;;NFK|3122|11142|202308
3122;12004;20/02/2023;202308;57;2280,00;;FRANCHISE;;NFK|3122|12004|202308
3122;12066;20/02/2023;202308;48;2910,00;;FRANCHISE;;NFK|3122|12066|202308
3122;12190;20/02/2023;202308;33;742,50;;FRANCHISE;;NFK|3122|12190|202308
3122;20015;20/02/2023;202308;75;1907,81;;FRANCHISE;C;NFK|3122|20015|202308
3122;20041;20/02/2023;202308;150;1246,88;3F2;FRANCHISE;A;NFK|3122|20041|202308
3122;20088;20/02/2023;202308;59;3333,50;;FRANCHISE;B;NFK|3122|20088|202308
3122;20131;20/02/2023;202308;42;887,25;;FRANCHISE;C;NFK|3122|20131|202308
3122;30012;20/02/2023;202308;27;437,06;;FRANCHISE;;NFK|3122|30012|202308
3122;30077;20/02/2023;202308;49;2572,50;;FRANCHISE;;NFK|3122|30077|202308
3122;30154;20/02/2023;202308;36;607,50;;FRANCHISE;;NFK|3122|30154|202308
3122;30209;20/02/2023;202308;38;1422,62;;FRANCHISE;;NFK|3122|30209|202308
4201;10023;20/02/2023;202308;772;9167,50;;HYPER;;NFK|4201|10023|202308
4201;10047;20/02/2023;202308;452;5085,00;;HYPER;;NFK|4201|10047|202308
4201;10112;20/02/2023;202308;322;6822,38;;HYPER;;NFK|4201|10112|202308
4201;10310;20/02/2023;202308;223;5993,12;;HYPER;;NFK|4201|10310|202308
4201;11020;20/02/2023;202308;710;13268,12;;HYPER;;NFK|4201|11020|202308
4201;11085;20/02/2023;202308;381;4262,44;;HYPER;;NFK|4201|11085|202308
4201;11142;20/02/2023;202308;253;6309,19;;HYPER;;NFK|4201|11142|202308
4201;12004;20/02/2023;202308;291;11640,00;;HYPER;;NFK|4201|12004|202308
4201;12066;20/02/2023;202308;223;13519,38;;HYPER;;NFK|4201|12066|202308
4201;12190;20/02/2023;202308;249;5042,25;AVIS;HYPER;;NFK|4201|12190|202308
4201;20015;20/02/2023;202308;392;9971,50;;HYPER;C;NFK|4201|20015|202308
4201;20041;20/02/2023;202308;0;0,00;3F2;HYPER;A;NFK|4201|20041|202308
4201;20088;20/02/2023;202308;308;17402,00;;HYPER;B;NFK|4201|20088|202308
4201;20131;20/02/2023;202308;206;4351,75;;HYPER;C;NFK|4201|20131|202308
4201;30012;20/02/2023;202308;173;2800,44;;HYPER;;NFK|4201|30012|202308
4201;30077;20/02/2023;202308;267;14017,50;;HYPER;;NFK|4201|30077|202308
4201;30154;20/02/2023;202308;163;2750,62;;HYPER;;NFK|4201|30154|202308
4201;30209;20/02/2023;202308;254;9509,12;;HYPER;;NFK|4201|30209|202308
4205;10023;20/02/2023;202308;509;6044,38;;SUPER;;NFK|4205|10023|202308
4205;10047;20/02/2023;202308;332;3735,00;;SUPER;;NFK|4205|10047|202308
4205;10112;20/02/2023;202308;160;3390,00;;SUPER;;NFK|4205|10112|202308
4205;10310;20/02/2023;202308;142;3816,25;;SUPER;;NFK|4205|10310|202308
4205;11020;20/02/2023;202308;348;6503,25;;SUPER;;NFK|4205|11020|202308
4205;11085;20/02/2023;202308;220;2461,25;;SUPER;;NFK|4205|11085|202308
4205;11142;20/02/2023;202308;167;4164,56;;SUPER;;NFK|4205|11142|202308
4205;12004;20/02/2023;202308;187;7480,00;;SUPER;;NFK|4205|12004|202308
4205;12066;20/02/2023;202308;146;8851,25;;SUPER;;NFK|4205|12066|202308
4205;12190;20/02/2023;202308;168;3402,00;AVIS;SUPER;;NFK|4205|12190|202308
4205;20015;20/02/2023;202308;255;6486,56;;SUPER;C;NFK|4205|20015|202308
4205;20041;20/02/2023;202308;481;3998,31;3F2;SUPER;A;NFK|4205|20041|202308
4205;20088;20/02/2023;202308;172;9718,00;;SUPER;B;NFK|4205|20088|202308
4205;20131;20/02/2023;202308;118;2492,75;;SUPER;C;NFK|4205|20131|202308
4205;30012;20/02/2023;202308;106;1715,87;;SUPER;;NFK|4205|30012|202308
4205;30077;20/02/2023;202308;137;7192,50;;SUPER;;NFK|4205|30077|202308
4205;30154;20/02/2023;202308;110;1856,25;;SUPER;;NFK|4205|30154|202308
4205;30209;20/02/2023;202308;141;5278,69;;SUPER;;NFK|4205|30209|202308
4218;10023;20/02/2023;202308;556;6602,50;;SUPER;;NFK|4218|10023|202308
4218;10047;20/02/2023;202308;270;3037,50;;SUPER;;NFK|4218|10047|202308
4218;10112;20/02/2023;202308;158;3347,62;;SUPER;;NFK|4218|10112|202308
4218;10310;20/02/2023;202308;136;3655,00;;SUPER;;NFK|4218|10310|202308
4218;11020;20/02/2023;202308;370;6914,38;;SUPER;;NFK|4218|11020|202308
4218;11085;20/02/2023;202308;234;2617,87;;SUPER;;NFK|4218|11085|202308
4218;11142;20/02/2023;202308;154;3840,37;;SUPER;;NFK|4218|11142|202308
4218;12004;20/02/2023;202308;193;7720,00;;SUPER;;NFK|4218|12004|202308
4218;12066;20/02/2023;202308;140;8487,50;;SUPER;;NFK|4218|12066|202308
4218;12190;20/02/2023;202308;158;3199,50;AVIS;SUPER;;NFK|4218|12190|202308
4218;20015;20/02/2023;202308;320;8140,00;;SUPER;C;NFK|4218|20015|202308
4218;20041;20/02/2023;202308;428;3557,75;3F2;SUPER;A;NFK|4218|20041|202308
4218;20088;20/02/2023;202308;193;10904,50;;SUPER;B;NFK|4218|20088|202308
4218;20131;20/02/2023;202308;131;2767,38;;SUPER;C;NFK|4218|20131|202308
4218;30012;20/02/2023;202308;109;1764,44;;SUPER;;NFK|4218|30012|202308
4218;30077;20/02/2023;202308;176;9240,00;;SUPER;;NFK|4218|30077|202308
4218;30154;20/02/2023;202308;109;1839,38;;SUPER;;NFK|4218|30154|202308
4218;30209;20/02/2023;202308;147;5503,31;;SUPER;;NFK|4218|30209|202308
4218;99001;20/02/2023;202308;7;0,00;;SUPER;;NFK|4218|99001|202308
5502;10023;20/02/2023;202308;427;5070,62;;SUPER;;NFK|5502|10023|202308
5502;10047;20/02/2023;202308;268;3015,00;;SUPER;;NFK|5502|10047|202308
5502;10112;20/02/2023;202308;162;3432,38;;SUPER;;NFK|5502|10112|202308
5502;10310;20/02/2023;202308;120;3225,00;;SUPER;;NFK|5502|10310|202308
5502;11020;20/02/2023;202308;369;6895,69;;SUPER;;NFK|5502|11020|202308
5502;11085;20/02/2023;202308;209;2338,19;;SUPER;;NFK|5502|11085|202308
5502;11142;20/02/2023;202308;169;4214,44;;SUPER;;NFK|5502|11142|202308
5502;12004;20/02/2023;202308;177;7080,00;;SUPER;;NFK|5502|12004|202308
5502;12066;20/02/2023;202308;124;7517,50;;SUPER;;NFK|5502|12066|202308
5502;12190;20/02/2023;202308;101;2272,50;;SUPER;;NFK|5502|12190|202308
5502;20015;20/02/2023;202308;235;5977,81;;SUPER;C;NFK|5502|20015|202308
5502;20041;20/02/2023;202308;441;3665,81;3F2;SUPER;A;NFK|5502|20041|202308
5502;20088;20/02/2023;202308;189;10678,50;;SUPER;B;NFK|5502|20088|202308
5502;20131;20/02/2023;202308;130;2746,25;;SUPER;C;NFK|5502|20131|202308
5502;30012;20/02/2023;202308;90;1456,88;;SUPER;;NFK|5502|30012|202308
5502;30077;20/02/2023;202308;122;6405,00;;SUPER;;NFK|5502|30077|202308
5502;30154;20/02/2023;202308;107;1805,62;;SUPER;;NFK|5502|30154|202308
5502;30209;20/02/2023;202308;111;4155,56;;SUPER;;NFK|5502|30209|202308
5502;99001;20/02/2023;202308;7;0,00;;SUPER;;NFK|5502|99001|202308
5511;10023;20/02/2023;202308;180;2137,50;;PARTNER;;NFK|5511|10023|202308
5511;10047;20/02/2023;202308;99;1113,75;;PARTNER;;NFK|5511|10047|202308
5511;10112;20/02/2023;202308;56;1186,50;;PARTNER;;NFK|5511|10112|202308
5511;10310;20/02/2023;202308;54;1451,25;;PARTNER;;NFK|5511|10310|202308
5511;11020;20/02/2023;202308;131;2448,06;;PARTNER;;NFK|5511|11020|202308
5511;11085;20/02/2023;202308;74;827,88;;PARTNER;;NFK|5511|11085|202308
5511;11142;20/02/2023;202308;64;1596,00;;PARTNER;;NFK|5511|11142|202308
5511;12004;20/02/2023;202308;70;2800,00;;PARTNER;;NFK|5511|12004|202308
5511;12066;20/02/2023;202308;47;2849,38;;PARTNER;;NFK|5511|12066|202308
5511;12190;20/02/2023;202308;40;900,00;;PARTNER;;NFK|5511|12190|202308
5511;20015;20/02/2023;202308;104;2645,50;;PARTNER;C;NFK|5511|20015|202308
5511;20041;20/02/2023;202308;177;1471,31;3F2;PARTNER;A;NFK|5511|20041|202308
5511;20088;20/02/2023;202308;75;4237,50;;PARTNER;B;NFK|5511|20088|202308
5511;20131;20/02/2023;202308;43;908,38;;PARTNER;C;NFK|5511|20131|202308
5511;30012;20/02/2023;202308;36;582,75;;PARTNER;;NFK|5511|30012|202308
5511;30077;20/02/2023;202308;54;2835,00;;PARTNER;;NFK|5511|30077|202308
5511;30154;20/02/2023;202308;43;725,62;;PARTNER;;NFK|5511|30154|202308
5511;30209;20/02/2023;202308;49;1834,44;;PARTNER;;NFK|5511|30209|202308
9001;10023;20/02/2023;202308;22;261,25;;DEPOT;;NFK|9001|10023|202308
9001;10047;20/02/2023;202308;15;168,75;;DEPOT;;NFK|9001|10047|202308
9001;10112;20/02/2023;202308;9;190,69;;DEPOT;;NFK|9001|10112|202308
9001;10310;20/02/2023;202308;8;215,00;;DEPOT;;NFK|9001|10310|202308
9001;11020;20/02/2023;202308;17;317,69;;DEPOT;;NFK|9001|11020|202308
9001;11085;20/02/2023;202308;11;123,06;;DEPOT;;NFK|9001|11085|202308
9001;11142;20/02/2023;202308;7;174,56;;DEPOT;;NFK|9001|11142|202308
9001;12004;20/02/2023;202308;12;480,00;;DEPOT;;NFK|9001|12004|202308
9001;12066;20/02/2023;202308;7;424,38;;DEPOT;;NFK|9001|12066|202308
9001;12190;20/02/2023;202308;6;135,00;;DEPOT;;NFK|9001|12190|202308
9001;20015;20/02/2023;202308;15;381,56;;DEPOT;C;NFK|9001|20015|202308
9001;20041;20/02/2023;202308;23;191,19;3F2;DEPOT;A;NFK|9001|20041|202308
9001;20088;20/02/2023;202308;8;452,00;;DEPOT;B;NFK|9001|20088|202308
9001;20131;20/02/2023;202308;6;126,75;;DEPOT;C;NFK|9001|20131|202308
9001;30012;20/02/2023;202308;6;97,12;;DEPOT;;NFK|9001|30012|202308
9001;30077;20/02/2023;202308;7;367,50;;DEPOT;;NFK|9001|30077|202308
9001;30154;20/02/2023;202308;6;101,25;;DEPOT;;NFK|9001|30154|202308
9001;30209;20/02/2023;202308;8;299,50;;DEPOT;;NFK|9001|30209|202308
9001;99001;20/02/2023;202308;0;0,00;;DEPOT;;NFK|9001|99001|202308
1199;10023;20/02/2023;202308;9;106,88;;SUPER;;NFK|1199|10023|202308
1199;10047;20/02/2023;202308;6;67,50;;SUPER;;NFK|1199|10047|202308
1199;10112;20/02/2023;202308;4;84,75;;SUPER;;NFK|1199|10112|202308
1199;10310;20/02/2023;202308;3;80,62;;SUPER;;NFK|1199|10310|202308
1199;11020;20/02/2023;202308;7;130,81;;SUPER;;NFK|1199|11020|202308
1199;11085;20/02/2023;202308;5;55,94;;SUPER;;NFK|1199|11085|202308
1199;11142;20/02/2023;202308;3;74,81;;SUPER;;NFK|1199|11142|202308
1199;12004;20/02/2023;202308;4;160,00;;SUPER;;NFK|1199|12004|202308
1199;12066;20/02/2023;202308;3;181,88;;SUPER;;NFK|1199|12066|202308
1199;12190;20/02/2023;202308;3;60,75;AVIS;SUPER;;NFK|1199|12190|202308
1199;20015;20/02/2023;202308;5;127,19;;SUPER;C;NFK|1199|20015|202308
1199;20041;20/02/2023;202308;8;66,50;3F2;SUPER;A;NFK|1199|20041|202308
1199;20088;20/02/2023;202308;4;226,00;;SUPER;B;NFK|1199|20088|202308
1199;20131;20/02/2023;202308;2;42,25;;SUPER;C;NFK|1199|20131|202308
1199;30012;20/02/2023;202308;2;32,38;;SUPER;;NFK|1199|30012|202308
1199;30077;20/02/2023;202308;3;157,50;;SUPER;;NFK|1199|30077|202308
1199;30154;20/02/2023;202308;2;33,75;;SUPER;;NFK|1199|30154|202308
1199;30209;20/02/2023;202308;2;74,88;;SUPER;;NFK|1199|30209|202308
1101;10023;27/02/2023;202309;435;5165,62;;SUPER;;NFK|1101|10023|202309
1101;10047;27/02/2023;202309;312;3510,00;;SUPER;;NFK|1101|10047|202309
1101;10112;27/02/2023;202309;168;3559,50;;SUPER;;NFK|1101|10112|202309
1101;10310;27/02/2023;202309;152;4085,00;;SUPER;;NFK|1101|10310|202309
1101;11020;27/02/2023;202309;374;6989,12;;SUPER;;NFK|1101|11020|202309
1101;11085;27/02/2023;202309;228;2550,75;;SUPER;;NFK|1101|11085|202309
1101;11142;27/02/2023;202309;182;4538,62;;SUPER;;NFK|1101|11142|202309
1101;12004;27/02/2023;202309;233;9320,00;;SUPER;;NFK|1101|12004|202309
1101;12066;27/02/2023;202309;135;8184,38;;SUPER;;NFK|1101|12066|202309
1101;12190;27/02/2023;202309;106;2385,00;;SUPER;;NFK|1101|12190|202309
1101;20015;27/02/2023;202309;277;7046,19;;SUPER;C;NFK|1101|20015|202309
1101;20041;27/02/2023;202309;349;3184,62;;SUPER;A;NFK|1101|20041|202309
1101;20088;27/02/2023;202309;176;9944,00;;SUPER;B;NFK|1101|20088|202309
1101;20131;27/02/2023;202309;124;2619,50;;SUPER;C;NFK|1101|20131|202309
1101;30012;27/02/2023;202309;108;1748,25;;SUPER;;NFK|1101|30012|202309
1101;30077;27/02/2023;202309;155;8137,50;;SUPER;;NFK|1101|30077|202309
1101;30154;27/02/2023;202309;122;2058,75;;SUPER;;NFK|1101|30154|202309
1101;30209;27/02/2023;202309;164;6139,75;;SUPER;;NFK|1101|30209|202309
1102;10023;27/02/2023;202309;421;4999,38;;SUPER;;NFK|1102|10023|202309
1102;10047;27/02/2023;202309;279;3138,75;;SUPER;;NFK|1102|10047|202309
1102;10112;27/02/2023;202309;188;3983,25;;SUPER;;NFK|1102|10112|202309
1102;10310;27/02/2023;202309;127;3413,12;;SUPER;;NFK|1102|10310|202309
1102;11020;27/02/2023;202309;356;6652,75;;SUPER;;NFK|1102|11020|202309
1102;11085;27/02/2023;202309;209;2338,19;;SUPER;;NFK|1102|11085|202309
1102;11142;27/02/2023;202309;149;3715,69;;SUPER;;NFK|1102|11142|202309
1102;12004;27/02/2023;202309;178;7120,00;;SUPER;;NFK|1102|12004|202309
1102;12066;27/02/2023;202309;152;9215,00;;SUPER;;NFK|1102|12066|202309
1102;12190;27/02/2023;202309;92;2070,00;;SUPER;;NFK|1102|12190|202309
1102;20015;27/02/2023;202309;290;7376,88;;SUPER;C;NFK|1102|20015|202309
1102;20041;27/02/2023;202309;305;2783,12;;SUPER;A;NFK|1102|20041|202309
1102;20088;27/02/2023;202309;200;11300,00;;SUPER;B;NFK|1102|20088|202309
1102;20131;27/02/2023;202309;138;2915,25;;SUPER;C;NFK|1102|20131|202309
1102;30012;27/02/2023;202309;103;1667,31;;SUPER;;NFK|1102|30012|202309
1102;30077;27/02/2023;202309;149;7822,50;;SUPER;;NFK|1102|30077|202309
1102;30154;27/02/2023;202309;101;1704,38;;SUPER;;NFK|1102|30154|202309
1102;30209;27/02/2023;202309;141;5278,69;;SUPER;;NFK|1102|30209|202309
1103;10023;27/02/2023;202309;209;2481,88;;NAER;;NFK|1103|10023|202309
1103;10047;27/02/2023;202309;153;1721,25;;NAER;;NFK|1103|10047|202309
1103;10112;27/02/2023;202309;78;1652,62;;NAER;;NFK|1103|10112|202309
1103;10310;27/02/2023;202309;74;1988,75;;NAER;;NFK|1103|10310|202309
1103;11020;27/02/2023;202309;208;3887,00;;NAER;;NFK|1103|11020|202309
1103;11085;27/02/2023;202309;115;1286,56;;NAER;;NFK|1103|11085|202309
1103;11142;27/02/2023;202309;77;1920,19;;NAER;;NFK|1103|11142|202309
1103;12004;27/02/2023;202309;92;3680,00;;NAER;;NFK|1103|12004|202309
1103;12066;27/02/2023;202309;82;4971,25;;NAER;;NFK|1103|12066|202309
1103;12190;27/02/2023;202309;51;1147,50;;NAER;;NFK|1103|12190|202309
1103;20015;27/02/2023;202309;130;3306,88;;NAER;C;NFK|1103|20015|202309
1103;20041;27/02/2023;202309;178;1624,25;;NAER;A;NFK|1103|20041|202309
1103;20088;27/02/2023;202309;97;5480,50;;NAER;B;NFK|1103|20088|202309
1103;20131;27/02/2023;202309;71;1499,88;;NAER;C;NFK|1103|20131|202309
1103;30012;27/02/2023;202309;45;728,44;;NAER;;NFK|1103|30012|202309
1103;30077;27/02/2023;202309;76;3990,00;;NAER;;NFK|1103|30077|202309
1103;30154;27/02/2023;202309;53;894,38;;NAER;;NFK|1103|30154|202309
1103;30209;27/02/2023;202309;71;2658,06;;NAER;;NFK|1103|30209|202309
1108;10023;27/02/2023;202309;815;9678,12;;HYPER;;NFK|1108|10023|202309
1108;10047;27/02/2023;202309;626;7042,50;;HYPER;;NFK|1108|10047|202309
1108;10112;27/02/2023;202309;336;7119,00;;HYPER;;NFK|1108|10112|202309
1108;10310;27/02/2023;202309;303;8143,12;;HYPER;;NFK|1108|10310|202309
1108;11020;27/02/2023;202309;657;12277,69;;HYPER;;NFK|1108|11020|202309
1108;11085;27/02/2023;202309;443;4956,06;;HYPER;;NFK|1108|11085|202309
1108;11142;27/02/2023;202309;285;7107,19;;HYPER;;NFK|1108|11142|202309
1108;12004;27/02/2023;202309;437;17480,00;;HYPER;;NFK|1108|12004|202309
1108;12066;27/02/2023;202309;276;16732,50;;HYPER;;NFK|1108|12066|202309
1108;12190;27/02/2023;202309;235;5287,50;;HYPER;;NFK|1108|12190|202309
1108;20015;27/02/2023;202309;478;12159,12;;HYPER;C;NFK|1108|20015|202309
1108;20041;27/02/2023;202309;670;6113,75;;HYPER;A;NFK|1108|20041|202309
1108;20088;27/02/2023;202309;386;21809,00;;HYPER;B;NFK|1108|20088|202309
1108;20131;27/02/2023;202309;254;5365,75;;HYPER;C;NFK|1108|20131|202309
1108;30012;27/02/2023;202309;184;2978,50;;HYPER;;NFK|1108|30012|202309
1108;30077;27/02/2023;202309;328;17220,00;;HYPER;;NFK|1108|30077|202309
1108;30154;27/02/2023;202309;184;3105,00;;HYPER;;NFK|1108|30154|202309
1108;30209;27/02/2023;202309;296;11081,50;;HYPER;;NFK|1108|30209|202309
3104;10023;27/02/2023;202309;457;5426,88;;SUPER;;NFK|3104|10023|202309
3104;10047;27/02/2023;202309;244;2745,00;;SUPER;;NFK|3104|10047|202309
3104;10112;27/02/2023;202309;176;3729,00;;SUPER;;NFK|3104|10112|202309
3104;10310;27/02/2023;202309;128;3440,00;;SUPER;;NFK|3104|10310|202309
3104;11020;27/02/2023;202309;307;5737,06;;SUPER;;NFK|3104|11020|202309
3104;11085;27/02/2023;202309;199;2226,31;;SUPER;;NFK|3104|11085|202309
3104;11142;27/02/2023;202309;147;3665,81;;SUPER;;NFK|3104|11142|202309
3104;12004;27/02/2023;202309;172;6880,00;;SUPER;;NFK|3104|12004|202309
3104;12066;27/02/2023;202309;122;7396,25;;SUPER;;NFK|3104|12066|202309
3104;12190;27/02/2023;202309;106;2385,00;;SUPER;;NFK|3104|12190|202309
3104;20015;27/02/2023;202309;240;6105,00;;SUPER;C;NFK|3104|20015|202309
3104;20041;27/02/2023;202309;315;2874,38;;SUPER;A;NFK|3104|20041|202309
3104;20088;27/02/2023;202309;158;8927,00;;SUPER;B;NFK|3104|20088|202309
3104;20131;27/02/2023;202309;118;2492,75;;SUPER;C;NFK|3104|20131|202309
3104;30012;27/02/2023;202309;78;1262,62;;SUPER;;NFK|3104|30012|202309
3104;30077;27/02/2023;202309;155;8137,50;;SUPER;;NFK|3104|30077|202309
3104;30154;27/02/2023;202309;87;1468,12;;SUPER;;NFK|3104|30154|202309
3104;30209;27/02/2023;202309;128;4792,00;;SUPER;;NFK|3104|30209|202309
3117;10023;27/02/2023;202309;179;2125,62;;NAER;;NFK|3117|10023|202309
3117;10047;27/02/2023;202309;120;1350,00;;NAER;;NFK|3117|10047|202309
3117;10112;27/02/2023;202309;74;1567,88;;NAER;;NFK|3117|10112|202309
3117;10310;27/02/2023;202309;52;1397,50;;NAER;;NFK|3117|10310|202309
3117;11020;27/02/2023;202309;145;2709,69;;NAER;;NFK|3117|11020|202309
3117;11085;27/02/2023;202309;102;1141,12;;NAER;;NFK|3117|11085|202309
3117;11142;27/02/2023;202309;64;1596,00;;NAER;;NFK|3117|11142|202309
3117;12004;27/02/2023;202309;92;3680,00;;NAER;;NFK|3117|12004|202309
3117;12066;27/02/2023;202309;70;4243,75;;NAER;;NFK|3117|12066|202309
3117;12190;27/02/2023;202309;45;1012,50;;NAER;;NFK|3117|12190|202309
3117;20015;27/02/2023;202309;109;2772,69;;NAER;C;NFK|3117|20015|202309
3117;20041;27/02/2023;202309;168;1533,00;;NAER;A;NFK|3117|20041|202309
3117;20088;27/02/2023;202309;85;4802,50;;NAER;B;NFK|3117|20088|202309
3117;20131;27/02/2023;202309;47;992,88;;NAER;C;NFK|3117|20131|202309
3117;30012;27/02/2023;202309;37;598,94;;NAER;;NFK|3117|30012|202309
3117;30077;27/02/2023;202309;72;3780,00;;NAER;;NFK|3117|30077|202309
3117;30154;27/02/2023;202309;40;675,00;;NAER;;NFK|3117|30154|202309
3117;30209;27/02/2023;202309;51;1909,31;;NAER;;NFK|3117|30209|202309
3117;99001;27/02/2023;202309;3;0,00;;NAER;;NFK|3117|99001|202309
3122;10023;27/02/2023;202309;157;1864,38;;FRANCHISE;;NFK|3122|10023|202309
3122;10047;27/02/2023;202309;105;1181,25;;FRANCHISE;;NFK|3122|10047|202309
3122;10112;27/02/2023;202309;52;1101,75;;FRANCHISE;;NFK|3122|10112|202309
3122;10310;27/02/2023;202309;45;1209,38;;FRANCHISE;;NFK|3122|10310|202309
3122;11020;27/02/2023;202309;103;1924,81;;FRANCHISE;;NFK|3122|11020|202309
3122;11085;27/02/2023;202309;63;704,81;;FRANCHISE;;NFK|3122|11085|202309
3122;11142;27/02/2023;202309;51;1271,81;;FRANCHISE;;NFK|3122|11142|202309
3122;12004;27/02/2023;202309;62;2480,00;;FRANCHISE;;NFK|3122|12004|202309
3122;12066;27/02/2023;202309;46;2788,75;;FRANCHISE;;NFK|3122|12066|202309
3122;12190;27/02/2023;202309;30;675,00;;FRANCHISE;;NFK|3122|12190|202309
3122;20015;27/02/2023;202309;88;2238,50;;FRANCHISE;C;NFK|3122|20015|202309
3122;20041;27/02/2023;202309;105;958,12;;FRANCHISE;A;NFK|3122|20041|202309
3122;20088;27/02/2023;202309;54;3051,00;;FRANCHISE;B;NFK|3122|20088|202309
3122;20131;27/02/2023;202309;39;823,88;;FRANCHISE;C;NFK|3122|20131|202309
3122;30012;27/02/2023;202309;32;518,00;;FRANCHISE;;NFK|3122|30012|202309
3122;30077;27/02/2023;202309;42;2205,00;;FRANCHISE;;NFK|3122|30077|202309
3122;30154;27/02/2023;202309;34;573,75;;FRANCHISE;;NFK|3122|30154|202309
3122;30209;27/02/2023;202309;45;1684,69;;FRANCHISE;;NFK|3122|30209|202309
4201;10023;27/02/2023;202309;763;9060,62;;HYPER;;NFK|4201|10023|202309
4201;10047;27/02/2023;202309;553;6221,25;;HYPER;;NFK|4201|10047|202309
4201;10112;27/02/2023;202309;252;5339,25;;HYPER;;NFK|4201|10112|202309
4201;10310;27/02/2023;202309;205;5509,38;;HYPER;;NFK|4201|10310|202309
4201;11020;27/02/2023;202309;585;10932,19;;HYPER;;NFK|4201|11020|202309
4201;11085;27/02/2023;202309;401;4486,19;;HYPER;;NFK|4201|11085|202309
4201;11142;27/02/2023;202309;300;7481,25;;HYPER;;NFK|4201|11142|202309
4201;12004;27/02/2023;202309;356;14240,00;;HYPER;;NFK|4201|12004|202309
4201;12066;27/02/2023;202309;263;15944,38;;HYPER;;NFK|4201|12066|202309
4201;12190;27/02/2023;202309;183;4117,50;;HYPER;;NFK|4201|12190|202309
4201;20015;27/02/2023;202309;524;13329,25;;HYPER;C;NFK|4201|20015|202309
4201;20041;27/02/2023;202309;544;4964,00;;HYPER;A;NFK|4201|20041|202309
4201;20088;27/02/2023;202309;310;17515,00;;HYPER;B;NFK|4201|20088|202309
4201;20131;27/02/2023;202309;230;4858,75;;HYPER;C;NFK|4201|20131|202309
4201;30012;27/02/2023;202309;168;2719,50;;HYPER;;NFK|4201|30012|202309
4201;30077;27/02/2023;202309;217;11392,50;;HYPER;;NFK|4201|30077|202309
4201;30154;27/02/2023;202309;174;2936,25;;HYPER;;NFK|4201|30154|202309
4201;30209;27/02/2023;202309;204;7637,25;;HYPER;;NFK|4201|30209|202309
4201;99001;27/02/2023;202309;10;0,00;;HYPER;;NFK|4201|99001|202309
4205;10023;27/02/2023;202309;414;4916,25;;SUPER;;NFK|4205|10023|202309
4205;10047;27/02/2023;202309;318;3577,50;;SUPER;;NFK|4205|10047|202309
4205;10112;27/02/2023;202309;148;3135,75;;SUPER;;NFK|4205|10112|202309
4205;10310;27/02/2023;202309;142;3816,25;;SUPER;;NFK|4205|10310|202309
4205;11020;27/02/2023;202309;421;7867,44;;SUPER;;NFK|4205|11020|202309
4205;11085;27/02/2023;202309;246;2752,12;;SUPER;;NFK|4205|11085|202309
4205;11142;27/02/2023;202309;162;4039,88;;SUPER;;NFK|4205|11142|202309
4205;12004;27/02/2023;202309;194;7760,00;;SUPER;;NFK|4205|12004|202309
4205;12066;27/02/2023;202309;143;8669,38;;SUPER;;NFK|4205|12066|202309
4205;12190;27/02/2023;202309;99;2227,50;;SUPER;;NFK|4205|12190|202309
4205;20015;27/02/2023;202309;274;6969,88;;SUPER;C;NFK|4205|20015|202309
4205;20041;27/02/2023;202309;335;3056,88;;SUPER;A;NFK|4205|20041|202309
4205;20088;27/02/2023;202309;198;11187,00;;SUPER;B;NFK|4205|20088|202309
4205;20131;27/02/2023;202309;125;2640,62;;SUPER;C;NFK|4205|20131|202309
4205;30012;27/02/2023;202309;108;1748,25;;SUPER;;NFK|4205|30012|202309
4205;30077;27/02/2023;202309;137;7192,50;;SUPER;;NFK|4205|30077|202309
4205;30154;27/02/2023;202309;101;1704,38;;SUPER;;NFK|4205|30154|202309
4205;30209;27/02/2023;202309;121;4529,94;;SUPER;;NFK|4205|30209|202309
4205;99001;27/02/2023;202309;6;0,00;;SUPER;;NFK|4205|99001|202309
4218;10023;27/02/2023;202309;525;6234,38;;SUPER;;NFK|4218|10023|202309
4218;10047;27/02/2023;202309;327;3678,75;;SUPER;;NFK|4218|10047|202309
4218;10112;27/02/2023;202309;195;4131,56;;SUPER;;NFK|4218|10112|202309
4218;10310;27/02/2023;202309;160;4300,00;;SUPER;;NFK|4218|10310|202309
4218;11020;27/02/2023;202309;378;7063,87;;SUPER;;NFK|4218|11020|202309
4218;11085;27/02/2023;202309;243;2718,56;;SUPER;;NFK|4218|11085|202309
4218;11142;27/02/2023;202309;181;4513,69;;SUPER;;NFK|4218|11142|202309
4218;12004;27/02/2023;202309;197;7880,00;;SUPER;;NFK|4218|12004|202309
4218;12066;27/02/2023;202309;138;8366,25;;SUPER;;NFK|4218|12066|202309
4218;12190;27/02/2023;202309;124;2790,00;;SUPER;;NFK|4218|12190|202309
4218;20015;27/02/2023;202309;319;8114,56;;SUPER;C;NFK|4218|20015|202309
4218;20041;27/02/2023;202309;399;3640,88;;SUPER;A;NFK|4218|20041|202309
4218;20088;27/02/2023;202309;188;10622,00;;SUPER;B;NFK|4218|20088|202309
4218;20131;27/02/2023;202309;141;2978,62;;SUPER;C;NFK|4218|20131|202309
4218;30012;27/02/2023;202309;116;1877,75;;SUPER;;NFK|4218|30012|202309
4218;30077;27/02/2023;202309;178;9345,00;;SUPER;;NFK|4218|30077|202309
4218;30154;27/02/2023;202309;125;2109,38;;SUPER;;NFK|4218|30154|202309
4218;30209;27/02/2023;202309;128;4792,00;;SUPER;;NFK|4218|30209|202309
5502;10023;27/02/2023;202309;393;4666,88;;SUPER;;NFK|5502|10023|202309
5502;10047;27/02/2023;202309;287;3228,75;;SUPER;;NFK|5502|10047|202309
5502;10112;27/02/2023;202309;183;3877,31;;SUPER;;NFK|5502|10112|202309
5502;10310;27/02/2023;202309;142;3816,25;;SUPER;;NFK|5502|10310|202309
5502;11020;27/02/2023;202309;320;5980,00;;SUPER;;NFK|5502|11020|202309
5502;11085;27/02/2023;202309;229;2561,94;;SUPER;;NFK|5502|11085|202309
5502;11142;27/02/2023;202309;167;4164,56;;SUPER;;NFK|5502|11142|202309
5502;12004;27/02/2023;202309;200;8000,00;;SUPER;;NFK|5502|12004|202309
5502;12066;27/02/2023;202309;130;7881,25;;SUPER;;NFK|5502|12066|202309
5502;12190;27/02/2023;202309;97;2182,50;;SUPER;;NFK|5502|12190|202309
5502;20015;27/02/2023;202309;247;6283,06;;SUPER;C;NFK|5502|20015|202309
5502;20041;27/02/2023;202309;336;3066,00;;SUPER;A;NFK|5502|20041|202309
5502;20088;27/02/2023;202309;190;10735,00;;SUPER;B;NFK|5502|20088|202309
5502;20131;27/02/2023;202309;113;2387,12;;SUPER;C;NFK|5502|20131|202309
5502;30012;27/02/2023;202309;90;1456,88;;SUPER;;NFK|5502|30012|202309
5502;30077;27/02/2023;202309;151;7927,50;;SUPER;;NFK|5502|30077|202309
5502;30154;27/02/2023;202309;100;1687,50;;SUPER;;NFK|5502|30154|202309
5502;30209;27/02/2023;202309;127;4754,56;;SUPER;;NFK|5502|30209|202309
5511;10023;27/02/2023;202309;152;1805,00;;PARTNER;;NFK|5511|10023|202309
5511;10047;27/02/2023;202309;101;1136,25;;PARTNER;;NFK|5511|10047|202309
5511;10112;27/02/2023;202309;70;1483,12;;PARTNER;;NFK|5511|10112|202309
5511;10310;27/02/2023;202309;54;1451,25;;PARTNER;;NFK|5511|10310|202309
5511;11020;27/02/2023;202309;140;2616,25;;PARTNER;;NFK|5511|11020|202309
5511;11085;27/02/2023;202309;71;794,31;;PARTNER;;NFK|5511|11085|202309
5511;11142;27/02/2023;202309;61;1521,19;;PARTNER;;NFK|5511|11142|202309
5511;12004;27/02/2023;202309;76;3040,00;;PARTNER;;NFK|5511|12004|202309
5511;12066;27/02/2023;202309;50;3031,25;;PARTNER;;NFK|5511|12066|202309
5511;12190;27/02/2023;202309;43;967,50;;PARTNER;;NFK|5511|12190|202309
5511;20015;27/02/2023;202309;101;2569,19;;PARTNER;C;NFK|5511|20015|202309
5511;20041;27/02/2023;202309;142;1295,75;;PARTNER;A;NFK|5511|20041|202309
5511;20088;27/02/2023;202309;0;0,00;;PARTNER;B;NFK|5511|20088|202309
5511;20131;27/02/2023;202309;49;1035,12;;PARTNER;C;NFK|5511|20131|202309
5511;30012;27/02/2023;202309;40;647,50;;PARTNER;;NFK|5511|30012|202309
5511;30077;27/02/2023;202309;59;3097,50;;PARTNER;;NFK|5511|30077|202309
5511;30154;27/02/2023;202309;36;607,50;;PARTNER;;NFK|5511|30154|202309
5511;30209;27/02/2023;202309;57;2133,94;;PARTNER;;NFK|5511|30209|202309
9001;10023;27/02/2023;202309;26;308,75;;DEPOT;;NFK|9001|10023|202309
9001;10047;27/02/2023;202309;16;180,00;;DEPOT;;NFK|9001|10047|202309
9001;10112;27/02/2023;202309;10;211,88;;DEPOT;;NFK|9001|10112|202309
9001;10310;27/02/2023;202309;8;215,00;;DEPOT;;NFK|9001|10310|202309
9001;11020;27/02/2023;202309;20;373,75;;DEPOT;;NFK|9001|11020|202309
9001;11085;27/02/2023;202309;10;111,88;;DEPOT;;NFK|9001|11085|202309
9001;11142;27/02/2023;202309;-1;-24,94;;DEPOT;;NFK|9001|11142|202309
9001;12004;27/02/2023;202309;11;440,00;;DEPOT;;NFK|9001|12004|202309
9001;12066;27/02/2023;202309;8;485,00;;DEPOT;;NFK|9001|12066|202309
9001;12190;27/02/2023;202309;6;135,00;;DEPOT;;NFK|9001|12190|202309
9001;20015;27/02/2023;202309;14;356,12;;DEPOT;C;NFK|9001|20015|202309
9001;20041;27/02/2023;202309;18;164,25;;DEPOT;A;NFK|9001|20041|202309
9001;20088;27/02/2023;202309;10;565,00;;DEPOT;B;NFK|9001|20088|202309
9001;20131;27/02/2023;202309;6;126,75;;DEPOT;C;NFK|9001|20131|202309
9001;30012;27/02/2023;202309;5;80,94;;DEPOT;;NFK|9001|30012|202309
9001;30077;27/02/2023;202309;8;420,00;;DEPOT;;NFK|9001|30077|202309
9001;30154;27/02/2023;202309;5;84,38;;DEPOT;;NFK|9001|30154|202309
9001;30209;27/02/2023;202309;7;262,06;;DEPOT;;NFK|9001|30209|202309
1101;10023;06/03/2023;202310;468;5557,50;;SUPER;;NFK|1101|10023|202310
1101;10047;06/03/2023;202310;274;3082,50;;SUPER;;NFK|1101|10047|202310
1101;10112;06/03/2023;202310;175;3707,81;;SUPER;;NFK|1101|10112|202310
1101;10310;06/03/2023;202310;148;3977,50;;SUPER;;NFK|1101|10310|202310
1101;11020;06/03/2023;202310;435;8129,06;;SUPER;;NFK|1101|11020|202310
1101;11085;06/03/2023;202310;0;0,00;MP;SUPER;;NFK|1101|11085|202310
1101;11142;06/03/2023;202310;191;4763,06;;SUPER;;NFK|1101|11142|202310
1101;12004;06/03/2023;202310;235;9400,00;;SUPER;;NFK|1101|12004|202310
1101;12066;06/03/2023;202310;243;9868,84;MP;SUPER;;NFK|1101|12066|202310
1101;12190;06/03/2023;202310;104;2340,00;;SUPER;;NFK|1101|12190|202310
1101;20015;06/03/2023;202310;320;8140,00;;SUPER;C;NFK|1101|20015|202310
1101;20041;06/03/2023;202310;371;3385,38;;SUPER;A;NFK|1101|20041|202310
1101;20088;06/03/2023;202310;201;11356,50;;SUPER;B;NFK|1101|20088|202310
1101;20131;06/03/2023;202310;132;2788,50;;SUPER;C;NFK|1101|20131|202310
1101;30012;06/03/2023;202310;115;1861,56;;SUPER;;NFK|1101|30012|202310
1101;30077;06/03/2023;202310;152;7980,00;;SUPER;;NFK|1101|30077|202310
1101;30154;06/03/2023;202310;113;1906,88;;SUPER;;NFK|1101|30154|202310
1101;30209;06/03/2023;202310;140;5241,25;;SUPER;;NFK|1101|30209|202310
1102;10023;06/03/2023;202310;417;4951,88;;SUPER;;NFK|1102|10023|202310
1102;10047;06/03/2023;202310;316;3555,00;;SUPER;;NFK|1102|10047|202310
1102;10112;06/03/2023;202310;180;3813,75;;SUPER;;NFK|1102|10112|202310
1102;10310;06/03/2023;202310;143;3843,12;;SUPER;;NFK|1102|10310|202310
1102;11020;06/03/2023;202310;333;6222,94;;SUPER;;NFK|1102|11020|202310
1102;11085;06/03/2023;202310;317;2658,84;MP;SUPER;;NFK|1102|11085|202310
1102;11142;06/03/2023;202310;152;3790,50;;SUPER;;NFK|1102|11142|202310
1102;12004;06/03/2023;202310;200;8000,00;;SUPER;;NFK|1102|12004|202310
1102;12066;06/03/2023;202310;236;9584,55;MP;SUPER;;NFK|1102|12066|202310
1102;12190;06/03/2023;202310;110;2475,00;;SUPER;;NFK|1102|12190|202310
1102;20015;06/03/2023;202310;292;7427,75;;SUPER;C;NFK|1102|20015|202310
1102;20041;06/03/2023;202310;328;2993,00;;SUPER;A;NFK|1102|20041|202310
1102;20088;06/03/2023;202310;155;8757,50;;SUPER;B;NFK|1102|20088|202310
1102;20131;06/03/2023;202310;136;2873,00;;SUPER;C;NFK|1102|20131|202310
1102;30012;06/03/2023;202310;106;1715,87;;SUPER;;NFK|1102|30012|202310
1102;30077;06/03/2023;202310;140;7350,00;;SUPER;;NFK|1102|30077|202310
1102;30154;06/03/2023;202310;117;1974,38;;SUPER;;NFK|1102|30154|202310
1102;30209;06/03/2023;202310;144;5391,00;;SUPER;;NFK|1102|30209|202310
1103;10023;06/03/2023;202310;266;3158,75;;NAER;;NFK|1103|10023|202310
1103;10047;06/03/2023;202310;150;1687,50;;NAER;;NFK|1103|10047|202310
1103;10112;06/03/2023;202310;83;1758,56;;NAER;;NFK|1103|10112|202310
1103;10310;06/03/2023;202310;78;2096,25;;NAER;;NFK|1103|10310|202310
1103;11020;06/03/2023;202310;170;3176,88;;NAER;;NFK|1103|11020|202310
1103;11085;06/03/2023;202310;147;1232,96;MP;NAER;;NFK|1103|11085|202310
1103;11142;06/03/2023;202310;78;1945,12;;NAER;;NFK|1103|11142|202310
1103;12004;06/03/2023;202310;115;4600,00;;NAER;;NFK|1103|12004|202310
1103;12066;06/03/2023;202310;114;4629,82;MP;NAER;;NFK|1103|12066|202310
1103;12190;06/03/2023;202310;62;1395,00;;NAER;;NFK|1103|12190|202310
1103;20015;06/03/2023;202310;134;3408,62;;NAER;C;NFK|1103|20015|202310
1103;20041;06/03/2023;202310;195;1779,38;;NAER;A;NFK|1103|20041|202310
1103;20088;06/03/2023;202310;84;4746,00;;NAER;B;NFK|1103|20088|202310
1103;20131;06/03/2023;202310;56;1183,00;;NAER;C;NFK|1103|20131|202310
1103;30012;06/03/2023;202310;44;712,25;;NAER;;NFK|1103|30012|202310
1103;30077;06/03/2023;202310;77;4042,50;;NAER;;NFK|1103|30077|202310
1103;30154;06/03/2023;202310;52;877,50;;NAER;;NFK|1103|30154|202310
1103;30209;06/03/2023;202310;78;2920,12;;NAER;;NFK|1103|30209|202310
1108;10023;06/03/2023;202310;899;10675,62;;HYPER;;NFK|1108|10023|202310
1108;10047;06/03/2023;202310;612;6885,00;;HYPER;;NFK|1108|10047|202310
1108;10112;06/03/2023;202310;315;6674,06;;HYPER;;NFK|1108|10112|202310
1108;10310;06/03/2023;202310;292;7847,50;;HYPER;;NFK|1108|10310|202310
1108;11020;06/03/2023;202310;792;14800,50;;HYPER;;NFK|1108|11020|202310
1108;11085;06/03/2023;202310;586;4915,07;MP;HYPER;;NFK|1108|11085|202310
1108;11142;06/03/2023;202310;340;8478,75;;HYPER;;NFK|1108|11142|202310
1108;12004;06/03/2023;202310;439;17560,00;;HYPER;;NFK|1108|12004|202310
1108;12066;06/03/2023;202310;-44;-1786,95;MP;HYPER;;NFK|1108|12066|202310
1108;12190;06/03/2023;202310;185;4162,50;;HYPER;;NFK|1108|12190|202310
1108;20015;06/03/2023;202310;510;12973,12;;HYPER;C;NFK|1108|20015|202310
1108;20041;06/03/2023;202310;721;6579,12;;HYPER;A;NFK|1108|20041|202310
1108;20088;06/03/2023;202310;361;20396,50;;HYPER;B;NFK|1108|20088|202310
1108;20131;06/03/2023;202310;262;5534,75;;HYPER;C;NFK|1108|20131|202310
1108;30012;06/03/2023;202310;190;3075,62;;HYPER;;NFK|1108|30012|202310
1108;30077;06/03/2023;202310;333;17482,50;;HYPER;;NFK|1108|30077|202310
1108;30154;06/03/2023;202310;238;4016,25;;HYPER;;NFK|1108|30154|202310
1108;30209;06/03/2023;202310;240;8985,00;;HYPER;;NFK|1108|30209|202310
1108;99001;06/03/2023;202310;15;0,00;;HYPER;;NFK|1108|99001|202310
3104;10023;06/03/2023;202310;424;5035,00;;SUPER;;NFK|3104|10023|202310
3104;10047;06/03/2023;202310;301;3386,25;;SUPER;;NFK|3104|10047|202310
3104;10112;06/03/2023;202310;170;3601,88;;SUPER;;NFK|3104|10112|202310
3104;10310;06/03/2023;202310;138;3708,75;;SUPER;;NFK|3104|10310|202310
3104;11020;06/03/2023;202310;400;7475,00;;SUPER;;NFK|3104|11020|202310
3104;11085;06/03/2023;202310;284;2382,05;MP;SUPER;;NFK|3104|11085|202310
3104;11142;06/03/2023;202310;148;3690,75;;SUPER;;NFK|3104|11142|202310
3104;12004;06/03/2023;202310;188;7520,00;;SUPER;;NFK|3104|12004|202310
3104;12066;06/03/2023;202310;217;8812,91;MP;SUPER;;NFK|3104|12066|202310
3104;12190;06/03/2023;202310;114;2565,00;;SUPER;;NFK|3104|12190|202310
3104;20015;06/03/2023;202310;237;6028,69;;SUPER;C;NFK|3104|20015|202310
3104;20041;06/03/2023;202310;309;2819,62;;SUPER;A;NFK|3104|20041|202310
3104;20088;06/03/2023;202310;184;10396,00;;SUPER;B;NFK|3104|20088|202310
3104;20131;06/03/2023;202310;114;2408,25;;SUPER;C;NFK|3104|20131|202310
3104;30012;06/03/2023;202310;90;1456,88;;SUPER;;NFK|3104|30012|202310
3104;30077;06/03/2023;202310;146;7665,00;;SUPER;;NFK|3104|30077|202310
3104;30154;06/03/2023;202310;90;1518,75;;SUPER;;NFK|3104|30154|202310
3104;30209;06/03/2023;202310;112;4193,00;;SUPER;;NFK|3104|30209|202310
3104;99001;06/03/2023;202310;6;0,00;;SUPER;;NFK|3104|99001|202310
3117;10023;06/03/2023;202310;198;2351,25;;NAER;;NFK|3117|10023|202310
3117;10047;06/03/2023;202310;113;1271,25;;NAER;;NFK|3117|10047|202310
3117;10112;06/03/2023;202310;82;1737,37;;NAER;;NFK|3117|10112|202310
3117;10310;06/03/2023;202310;61;1639,38;;NAER;;NFK|3117|10310|202310
3117;11020;06/03/2023;202310;149;2784,44;;NAER;;NFK|3117|11020|202310
3117;11085;06/03/2023;202310;121;1014,89;MP;NAER;;NFK|3117|11085|202310
3117;11142;06/03/2023;202310;69;1720,69;;NAER;;NFK|3117|11142|202310
3117;12004;06/03/2023;202310;95;3800,00;;NAER;;NFK|3117|12004|202310
3117;12066;06/03/2023;202310;104;4223,70;MP;NAER;;NFK|3117|12066|202310
3117;12190;06/03/2023;202310;41;922,50;;NAER;;NFK|3117|12190|202310
3117;20015;06/03/2023;202310;107;2721,81;;NAER;C;NFK|3117|20015|202310
3117;20041;06/03/2023;202310;160;1460,00;;NAER;A;NFK|3117|20041|202310
3117;20088;06/03/2023;202310;88;4972,00;;NAER;B;NFK|3117|20088|202310
3117;20131;06/03/2023;202310;61;1288,62;;NAER;C;NFK|3117|20131|202310
3117;30012;06/03/2023;202310;48;777,00;;NAER;;NFK|3117|30012|202310
3117;30077;06/03/2023;202310;68;3570,00;;NAER;;NFK|3117|30077|202310
3117;30154;06/03/2023;202310;42;708,75;;NAER;;NFK|3117|30154|202310
3117;30209;06/03/2023;202310;64;2396,00;;NAER;;NFK|3117|30209|202310
3122;10023;06/03/2023;202310;139;1650,62;;FRANCHISE;;NFK|3122|10023|202310
3122;10047;06/03/2023;202310;96;1080,00;;FRANCHISE;;NFK|3122|10047|202310
3122;10112;06/03/2023;202310;60;1271,25;;FRANCHISE;;NFK|3122|10112|202310
3122;10310;06/03/2023;202310;39;1048,12;;FRANCHISE;;NFK|3122|10310|202310
3122;11020;06/03/2023;202310;109;2036,94;;FRANCHISE;;NFK|3122|11020|202310
3122;11085;06/03/2023;202310;101;847,14;MP;FRANCHISE;;NFK|3122|11085|202310
3122;11142;06/03/2023;202310;47;1172,06;;FRANCHISE;;NFK|3122|11142|202310
3122;12004;06/03/2023;202310;72;2880,00;;FRANCHISE;;NFK|3122|12004|202310
3122;12066;06/03/2023;202310;82;3330,23;MP;FRANCHISE;;NFK|3122|12066|202310
3122;12190;06/03/2023;202310;38;855,00;;FRANCHISE;;NFK|3122|12190|202310
3122;20015;06/03/2023;202310;90;2289,38;;FRANCHISE;C;NFK|3122|20015|202310
3122;20041;06/03/2023;202310;119;1085,88;;FRANCHISE;A;NFK|3122|20041|202310
3122;20088;06/03/2023;202310;59;3333,50;;FRANCHISE;B;NFK|3122|20088|202310
3122;20131;06/03/2023;202310;44;929,50;;FRANCHISE;C;NFK|3122|20131|202310
3122;30012;06/03/2023;202310;31;501,81;;FRANCHISE;;NFK|3122|30012|202310
3122;30077;06/03/2023;202310;47;2467,50;;FRANCHISE;;NFK|3122|30077|202310
3122;30154;06/03/2023;202310;33;556,88;;FRANCHISE;;NFK|3122|30154|202310
3122;30209;06/03/2023;202310;42;1572,37;;FRANCHISE;;NFK|3122|30209|202310
3122;99001;06/03/2023;202310;2;0,00;;FRANCHISE;;NFK|3122|99001|202310
4201;10023;06/03/2023;202310;843;10010,62;;HYPER;;NFK|4201|10023|202310
4201;10047;06/03/2023;202310;543;6108,75;;HYPER;;NFK|4201|10047|202310
4201;10112;06/03/2023;202310;276;5847,75;;HYPER;;NFK|4201|10112|202310
4201;10310;06/03/2023;202310;251;6745,62;;HYPER;;NFK|4201|10310|202310
4201;11020;06/03/2023;202310;683;12763,56;;HYPER;;NFK|4201|11020|202310
4201;11085;06/03/2023;202310;516;4327,95;MP;HYPER;;NFK|4201|11085|202310
4201;11142;06/03/2023;202310;267;6658,31;;HYPER;;NFK|4201|11142|202310
4201;12004;06/03/2023;202310;371;14840,00;;HYPER;;NFK|4201|12004|202310
4201;12066;06/03/2023;202310;368;14945,40;MP;HYPER;;NFK|4201|12066|202310
4201;12190;06/03/2023;202310;169;3802,50;;HYPER;;NFK|4201|12190|202310
4201;20015;06/03/2023;202310;466;11853,87;;HYPER;C;NFK|4201|20015|202310
4201;20041;06/03/2023;202310;612;5584,50;;HYPER;A;NFK|4201|20041|202310
4201;20088;06/03/2023;202310;291;16441,50;;HYPER;B;NFK|4201|20088|202310
4201;20131;06/03/2023;202310;229;4837,62;;HYPER;C;NFK|4201|20131|202310
4201;30012;06/03/2023;202310;169;2735,69;;HYPER;;NFK|4201|30012|202310
4201;30077;06/03/2023;202310;279;14647,50;;HYPER;;NFK|4201|30077|202310
4201;30154;06/03/2023;202310;201;3391,88;;HYPER;;NFK|4201|30154|202310
4201;30209;06/03/2023;202310;212;7936,75;;HYPER;;NFK|4201|30209|202310
4205;10023;06/03/2023;202310;430;5106,25;;SUPER;;NFK|4205|10023|202310
4205;10047;06/03/2023;202310;299;3363,75;;SUPER;;NFK|4205|10047|202310
4205;10112;06/03/2023;202310;160;3390,00;;SUPER;;NFK|4205|10112|202310
4205;10310;06/03/2023;202310;158;4246,25;;SUPER;;NFK|4205|10310|202310
4205;11020;06/03/2023;202310;417;7792,69;;SUPER;;NFK|4205|11020|202310
4205;11085;06/03/2023;202310;330;2767,88;MP;SUPER;;NFK|4205|11085|202310
4205;11142;06/03/2023;202310;151;3765,56;;SUPER;;NFK|4205|11142|202310
4205;12004;06/03/2023;202310;194;7760,00;;SUPER;;NFK|4205|12004|202310
4205;12066;06/03/2023;202310;278;11290,28;MP;SUPER;;NFK|4205|12066|202310
4205;12190;06/03/2023;202310;103;2317,50;;SUPER;;NFK|4205|12190|202310
4205;20015;06/03/2023;202310;239;6079,56;;SUPER;C;NFK|4205|20015|202310
4205;20041;06/03/2023;202310;334;3047,75;;SUPER;A;NFK|4205|20041|202310
4205;20088;06/03/2023;202310;200;11300,00;;SUPER;B;NFK|4205|20088|202310
4205;20131;06/03/2023;202310;125;2640,62;;SUPER;C;NFK|4205|20131|202310
4205;30012;06/03/2023;202310;101;1634,94;;SUPER;;NFK|4205|30012|202310
4205;30077;06/03/2023;202310;144;7560,00;;SUPER;;NFK|4205|30077|202310
4205;30154;06/03/2023;202310;104;1755,00;;SUPER;;NFK|4205|30154|202310
4205;30209;06/03/2023;202310;135;5054,06;;SUPER;;NFK|4205|30209|202310
4205;99001;06/03/2023;202310;6;0,00;;SUPER;;NFK|4205|99001|202310
4218;10023;06/03/2023;202310;523;6210,62;;SUPER;;NFK|4218|10023|202310
4218;10047;06/03/2023;202310;342;3847,50;;SUPER;;NFK|4218|10047|202310
4218;10112;06/03/2023;202310;174;3686,62;;SUPER;;NFK|4218|10112|202310
4218;10310;06/03/2023;202310;134;3601,25;;SUPER;;NFK|4218|10310|202310
4218;11020;06/03/2023;202310;406;7587,12;;SUPER;;NFK|4218|11020|202310
4218;11085;06/03/2023;202310;312;2616,90;MP;SUPER;;NFK|4218|11085|202310
4218;11142;06/03/2023;202310;159;3965,06;;SUPER;;NFK|4218|11142|202310
4218;12004;06/03/2023;202310;221;8840,00;;SUPER;;NFK|4218|12004|202310
4218;12066;06/03/2023;202310;295;11980,69;MP;SUPER;;NFK|4218|12066|202310
4218;12190;06/03/2023;202310;134;3015,00;;SUPER;;NFK|4218|12190|202310
4218;20015;06/03/2023;202310;297;7554,94;;SUPER;C;NFK|4218|20015|202310
4218;20041;06/03/2023;202310;357;3257,62;;SUPER;A;NFK|4218|20041|202310
4218;20088;06/03/2023;202310;225;12712,50;;SUPER;B;NFK|4218|20088|202310
4218;20131;06/03/2023;202310;129;2725,12;;SUPER;C;NFK|4218|20131|202310
4218;30012;06/03/2023;202310;98;1586,38;;SUPER;;NFK|4218|30012|202310
4218;30077;06/03/2023;202310;177;9292,50;;SUPER;;NFK|4218|30077|202310
4218;30154;06/03/2023;202310;118;1991,25;;SUPER;;NFK|4218|30154|202310
4218;30209;06/03/2023;202310;150;5615,62;;SUPER;;NFK|4218|30209|202310
5502;10023;06/03/2023;202310;450;5343,75;;SUPER;;NFK|5502|10023|202310
5502;10047;06/03/2023;202310;268;3015,00;;SUPER;;NFK|5502|10047|202310
5502;10112;06/03/2023;202310;146;3093,38;;SUPER;;NFK|5502|10112|202310
5502;10310;06/03/2023;202310;149;4004,38;;SUPER;;NFK|5502|10310|202310
5502;11020;06/03/2023;202310;379;7082,56;;SUPER;;NFK|5502|11020|202310
5502;11085;06/03/2023;202310;343;2876,91;MP;SUPER;;NFK|5502|11085|202310
5502;11142;06/03/2023;202310;140;3491,25;;SUPER;;NFK|5502|11142|202310
5502;12004;06/03/2023;202310;169;6760,00;;SUPER;;NFK|5502|12004|202310
5502;12066;06/03/2023;202310;211;8569,24;MP;SUPER;;NFK|5502|12066|202310
5502;12190;06/03/2023;202310;114;2565,00;;SUPER;;NFK|5502|12190|202310
5502;20015;06/03/2023;202310;269;6842,69;;SUPER;C;NFK|5502|20015|202310
5502;20041;06/03/2023;202310;323;2947,38;;SUPER;A;NFK|5502|20041|202310
5502;20088;06/03/2023;202310;167;9435,50;;SUPER;B;NFK|5502|20088|202310
5502;20131;06/03/2023;202310;133;2809,62;;SUPER;C;NFK|5502|20131|202310
5502;30012;06/03/2023;202310;101;1634,94;;SUPER;;NFK|5502|30012|202310
5502;30077;06/03/2023;202310;141;7402,50;;SUPER;;NFK|5502|30077|202310
5502;30154;06/03/2023;202310;92;1552,50;;SUPER;;NFK|5502|30154|202310
5502;30209;06/03/2023;202310;135;5054,06;;SUPER;;NFK|5502|30209|202310
5511;10023;06/03/2023;202310;167;1983,12;;PARTNER;;NFK|5511|10023|202310
5511;10047;06/03/2023;202310;109;1226,25;;PARTNER;;NFK|5511|10047|202310
5511;10112;06/03/2023;202310;57;1207,69;;PARTNER;;NFK|5511|10112|202310
5511;10310;06/03/2023;202310;55;1478,12;;PARTNER;;NFK|5511|10310|202310
5511;11020;06/03/2023;202310;123;2298,56;;PARTNER;;NFK|5511|11020|202310
5511;11085;06/03/2023;202310;116;972,95;MP;PARTNER;;NFK|5511|11085|202310
5511;11142;06/03/2023;202310;53;1321,69;;PARTNER;;NFK|5511|11142|202310
5511;12004;06/03/2023;202310;70;2800,00;;PARTNER;;NFK|5511|12004|202310
5511;12066;06/03/2023;202310;80;3249,00;MP;PARTNER;;NFK|5511|12066|202310
5511;12190;06/03/2023;202310;39;877,50;;PARTNER;;NFK|5511|12190|202310
5511;20015;06/03/2023;202310;106;2696,38;;PARTNER;C;NFK|5511|20015|202310
5511;20041;06/03/2023;202310;116;1058,50;;PARTNER;A;NFK|5511|20041|202310
5511;20088;06/03/2023;202310;66;3729,00;;PARTNER;B;NFK|5511|20088|202310
5511;20131;06/03/2023;202310;48;1014,00;;PARTNER;C;NFK|5511|20131|202310
5511;30012;06/03/2023;202310;34;550,38;;PARTNER;;NFK|5511|30012|202310
5511;30077;06/03/2023;202310;57;2992,50;;PARTNER;;NFK|5511|30077|202310
5511;30154;06/03/2023;202310;37;624,38;;PARTNER;;NFK|5511|30154|202310
5511;30209;06/03/2023;202310;46;1722,12;;PARTNER;;NFK|5511|30209|202310
5511;99001;06/03/2023;202310;3;0,00;;PARTNER;;NFK|5511|99001|202310
9001;10023;06/03/2023;202310;25;296,88;;DEPOT;;NFK|9001|10023|202310
9001;10047;06/03/2023;202310;16;180,00;;DEPOT;;NFK|9001|10047|202310
9001;10112;06/03/2023;202310;9;190,69;;DEPOT;;NFK|9001|10112|202310
9001;10310;06/03/2023;202310;8;215,00;;DEPOT;;NFK|9001|10310|202310
9001;11020;06/03/2023;202310;22;411,12;;DEPOT;;NFK|9001|11020|202310
9001;11085;06/03/2023;202310;16;134,20;MP;DEPOT;;NFK|9001|11085|202310
9001;11142;06/03/2023;202310;9;224,44;;DEPOT;;NFK|9001|11142|202310
9001;12004;06/03/2023;202310;11;440,00;;DEPOT;;NFK|9001|12004|202310
9001;12066;06/03/2023;202310;14;568,58;MP;DEPOT;;NFK|9001|12066|202310
9001;12190;06/03/2023;202310;6;135,00;;DEPOT;;NFK|9001|12190|202310
9001;20015;06/03/2023;202310;16;407,00;;DEPOT;C;NFK|9001|20015|202310
9001;20041;06/03/2023;202310;21;191,62;;DEPOT;A;NFK|9001|20041|202310
9001;20088;06/03/2023;202310;10;565,00;;DEPOT;B;NFK|9001|20088|202310
9001;20131;06/03/2023;202310;7;147,88;;DEPOT;C;NFK|9001|20131|202310
9001;30012;06/03/2023;202310;5;80,94;;DEPOT;;NFK|9001|30012|202310
9001;30077;06/03/2023;202310;7;367,50;;DEPOT;;NFK|9001|30077|202310
9001;30154;06/03/2023;202310;6;101,25;;DEPOT;;NFK|9001|30154|202310
9001;30209;06/03/2023;202310;6;224,62;;DEPOT;;NFK|9001|30209|202310
1101;10023;13/03/2023;202311;488;5795,00;;SUPER;;NFK|1101|10023|202311
1101;10047;13/03/2023;202311;331;3723,75;;SUPER;;NFK|1101|10047|202311
1101;10112;13/03/2023;202311;194;4110,38;;SUPER;;NFK|1101|10112|202311
1101;10310;13/03/2023;202311;163;4380,62;;SUPER;;NFK|1101|10310|202311
1101;11020;13/03/2023;202311;402;7512,38;;SUPER;;NFK|1101|11020|202311
1101;11085;13/03/2023;202311;253;2830,44;;SUPER;;NFK|1101|11085|202311
1101;11142;13/03/2023;202311;169;4214,44;;SUPER;;NFK|1101|11142|202311
1101;12004;13/03/2023;202311;246;8364,00;MP;SUPER;;NFK|1101|12004|202311
1101;12066;13/03/2023;202311;153;9275,62;;SUPER;;NFK|1101|12066|202311
1101;12190;13/03/2023;202311;122;2745,00;;SUPER;;NFK|1101|12190|202311
1101;20015;13/03/2023;202311;335;8521,56;;SUPER;C;NFK|1101|20015|202311
1101;20041;13/03/2023;202311;406;3704,75;;SUPER;A;NFK|1101|20041|202311
1101;20088;13/03/2023;202311;220;12430,00;;SUPER;B;NFK|1101|20088|202311
1101;20131;13/03/2023;202311;151;3189,88;;SUPER;C;NFK|1101|20131|202311
1101;30012;13/03/2023;202311;103;1667,31;;SUPER;;NFK|1101|30012|202311
1101;30077;13/03/2023;202311;145;7612,50;;SUPER;;NFK|1101|30077|202311
1101;30154;13/03/2023;202311;113;1906,88;;SUPER;;NFK|1101|30154|202311
1101;30209;13/03/2023;202311;135;5054,06;;SUPER;;NFK|1101|30209|202311
1102;10023;13/03/2023;202311;504;5985,00;;SUPER;;NFK|1102|10023|202311
1102;10047;13/03/2023;202311;285;3206,25;;SUPER;;NFK|1102|10047|202311
1102;10112;13/03/2023;202311;167;3538,31;;SUPER;;NFK|1102|10112|202311
1102;10310;13/03/2023;202311;126;3386,25;;SUPER;;NFK|1102|10310|202311
1102;11020;13/03/2023;202311;367;6858,31;;SUPER;;NFK|1102|11020|202311
1102;11085;13/03/2023;202311;241;2696,19;;SUPER;;NFK|1102|11085|202311
1102;11142;13/03/2023;202311;153;3815,44;;SUPER;;NFK|1102|11142|202311
1102;12004;13/03/2023;202311;234;7956,00;MP;SUPER;;NFK|1102|12004|202311
1102;12066;13/03/2023;202311;144;8730,00;;SUPER;;NFK|1102|12066|202311
1102;12190;13/03/2023;202311;120;2700,00;;SUPER;;NFK|1102|12190|202311
1102;20015;13/03/2023;202311;260;6613,75;;SUPER;C;NFK|1102|20015|202311
1102;20041;13/03/2023;202311;315;2874,38;;SUPER;A;NFK|1102|20041|202311
1102;20088;13/03/2023;202311;180;10170,00;;SUPER;B;NFK|1102|20088|202311
1102;20131;13/03/2023;202311;124;2619,50;;SUPER;C;NFK|1102|20131|202311
1102;30012;13/03/2023;202311;91;1473,06;;SUPER;;NFK|1102|30012|202311
1102;30077;13/03/2023;202311;134;7035,00;;SUPER;;NFK|1102|30077|202311
1102;30154;13/03/2023;202311;106;1788,75;;SUPER;;NFK|1102|30154|202311
1102;30209;13/03/2023;202311;121;4529,94;;SUPER;;NFK|1102|30209|202311
1103;10023;13/03/2023;202311;227;2695,62;;NAER;;NFK|1103|10023|202311
1103;10047;13/03/2023;202311;157;1766,25;;NAER;;NFK|1103|10047|202311
1103;10112;13/03/2023;202311;86;1822,12;;NAER;;NFK|1103|10112|202311
1103;10310;13/03/2023;202311;63;1693,12;;NAER;;NFK|1103|10310|202311
1103;11020;13/03/2023;202311;174;3251,62;;NAER;;NFK|1103|11020|202311
1103;11085;13/03/2023;202311;121;1353,69;;NAER;;NFK|1103|11085|202311
1103;11142;13/03/2023;202311;85;2119,69;;NAER;;NFK|1103|11142|202311
1103;12004;13/03/2023;202311;149;5066,00;MP;NAER;;NFK|1103|12004|202311
1103;12066;13/03/2023;202311;81;4910,62;;NAER;;NFK|1103|12066|202311
1103;12190;13/03/2023;202311;56;1260,00;;NAER;;NFK|1103|12190|202311
1103;20015;13/03/2023;202311;158;4019,12;;NAER;C;NFK|1103|20015|202311
1103;20041;13/03/2023;202311;199;1815,88;;NAER;A;NFK|1103|20041|202311
1103;20088;13/03/2023;202311;90;5085,00;;NAER;B;NFK|1103|20088|202311
1103;20131;13/03/2023;202311;66;1394,25;;NAER;C;NFK|1103|20131|202311
1103;30012;13/03/2023;202311;45;728,44;;NAER;;NFK|1103|30012|202311
1103;30077;13/03/2023;202311;68;3570,00;;NAER;;NFK|1103|30077|202311
1103;30154;13/03/2023;202311;57;961,88;;NAER;;NFK|1103|30154|202311
1103;30209;13/03/2023;202311;70;2620,62;;NAER;;NFK|1103|30209|202311
1108;10023;13/03/2023;202311;953;11316,88;;HYPER;;NFK|1108|10023|202311
1108;10047;13/03/2023;202311;604;6795,00;;HYPER;;NFK|1108|10047|202311
1108;10112;13/03/2023;202311;348;7373,25;;HYPER;;NFK|1108|10112|202311
1108;10310;13/03/2023;202311;258;6933,75;;HYPER;;NFK|1108|10310|202311
1108;11020;13/03/2023;202311;805;15043,44;;HYPER;;NFK|1108|11020|202311
1108;11085;13/03/2023;202311;405;4530,94;;HYPER;;NFK|1108|11085|202311
1108;11142;13/03/2023;202311;282;7032,38;;HYPER;;NFK|1108|11142|202311
1108;12004;13/03/2023;202311;463;15742,00;MP;HYPER;;NFK|1108|12004|202311
1108;12066;13/03/2023;202311;298;18066,25;;HYPER;;NFK|1108|12066|202311
1108;12190;13/03/2023;202311;210;4725,00;;HYPER;;NFK|1108|12190|202311
1108;20015;13/03/2023;202311;523;13303,81;;HYPER;C;NFK|1108|20015|202311
1108;20041;13/03/2023;202311;610;5566,25;;HYPER;A;NFK|1108|20041|202311
1108;20088;13/03/2023;202311;365;20622,50;;HYPER;B;NFK|1108|20088|202311
1108;20131;13/03/2023;202311;241;5091,12;;HYPER;C;NFK|1108|20131|202311
1108;30012;13/03/2023;202311;212;3431,75;;HYPER;;NFK|1108|30012|202311
1108;30077;13/03/2023;202311;325;17062,50;;HYPER;;NFK|1108|30077|202311
1108;30154;13/03/2023;202311;200;3375,00;;HYPER;;NFK|1108|30154|202311
1108;30209;13/03/2023;202311;288;10782,00;;HYPER;;NFK|1108|30209|202311
1108;99001;13/03/2023;202311;12;0,00;;HYPER;;NFK|1108|99001|202311
3104;10023;13/03/2023;202311;442;5248,75;;SUPER;;NFK|3104|10023|202311
3104;10047;13/03/2023;202311;253;2846,25;;SUPER;;NFK|3104|10047|202311
3104;10112;13/03/2023;202311;143;3029,81;;SUPER;;NFK|3104|10112|202311
3104;10310;13/03/2023;202311;144;3870,00;;SUPER;;NFK|3104|10310|202311
3104;11020;13/03/2023;202311;375;7007,81;;SUPER;;NFK|3104|11020|202311
3104;11085;13/03/2023;202311;215;2405,31;;SUPER;;NFK|3104|11085|202311
3104;11142;13/03/2023;202311;173;4314,19;;SUPER;;NFK|3104|11142|202311
3104;12004;13/03/2023;202311;275;9350,00;MP;SUPER;;NFK|3104|12004|202311
3104;12066;13/03/2023;202311;153;9275,62;;SUPER;;NFK|3104|12066|202311
3104;12190;13/03/2023;202311;101;2272,50;;SUPER;;NFK|3104|12190|202311
3104;20015;13/03/2023;202311;285;7249,69;;SUPER;C;NFK|3104|20015|202311
3104;20041;13/03/2023;202311;281;2564,12;;SUPER;A;NFK|3104|20041|202311
3104;20088;13/03/2023;202311;160;9040,00;;SUPER;B;NFK|3104|20088|202311
3104;20131;13/03/2023;202311;120;2535,00;;SUPER;C;NFK|3104|20131|202311
3104;30012;13/03/2023;202311;83;1343,56;;SUPER;;NFK|3104|30012|202311
3104;30077;13/03/2023;202311;138;7245,00;;SUPER;;NFK|3104|30077|202311
3104;30154;13/03/2023;202311;111;1873,12;;SUPER;;NFK|3104|30154|202311
3104;30209;13/03/2023;202311;138;5166,37;;SUPER;;NFK|3104|30209|202311
3104;99001;13/03/2023;202311;7;0,00;;SUPER;;NFK|3104|99001|202311
3117;10023;13/03/2023;202311;183;2173,12;;NAER;;NFK|3117|10023|202311
3117;10047;13/03/2023;202311;0;0,00;;NAER;;NFK|3117|10047|202311
3117;10112;13/03/2023;202311;70;1483,12;;NAER;;NFK|3117|10112|202311
3117;10310;13/03/2023;202311;58;1558,75;;NAER;;NFK|3117|10310|202311
3117;11020;13/03/2023;202311;145;2709,69;;NAER;;NFK|3117|11020|202311
3117;11085;13/03/2023;202311;94;1051,62;;NAER;;NFK|3117|11085|202311
3117;11142;13/03/2023;202311;63;1571,06;;NAER;;NFK|3117|11142|202311
3117;12004;13/03/2023;202311;99;3366,00;MP;NAER;;NFK|3117|12004|202311
3117;12066;13/03/2023;202311;58;3516,25;;NAER;;NFK|3117|12066|202311
3117;12190;13/03/2023;202311;55;1237,50;;NAER;;NFK|3117|12190|202311
3117;20015;13/03/2023;202311;112;2849,00;;NAER;C;NFK|3117|20015|202311
3117;20041;13/03/2023;202311;151;1377,88;;NAER;A;NFK|3117|20041|202311
3117;20088;13/03/2023;202311;91;5141,50;;NAER;B;NFK|3117|20088|202311
3117;20131;13/03/2023;202311;63;1330,88;;NAER;C;NFK|3117|20131|202311
3117;30012;13/03/2023;202311;39;631,31;;NAER;;NFK|3117|30012|202311
3117;30077;13/03/2023;202311;60;3150,00;;NAER;;NFK|3117|30077|202311
3117;30154;13/03/2023;202311;44;742,50;;NAER;;NFK|3117|30154|202311
3117;30209;13/03/2023;202311;63;2358,56;;NAER;;NFK|3117|30209|202311
3117;99001;13/03/2023;202311;3;0,00;;NAER;;NFK|3117|99001|202311
3122;10023;13/03/2023;202311;173;2054,38;;FRANCHISE;;NFK|3122|10023|202311
3122;10047;13/03/2023;202311;100;1125,00;;FRANCHISE;;NFK|3122|10047|202311
3122;10112;13/03/2023;202311;51;1080,56;;FRANCHISE;;NFK|3122|10112|202311
3122;10310;13/03/2023;202311;46;1236,25;;FRANCHISE;;NFK|3122|10310|202311
3122;11020;13/03/2023;202311;113;2111,69;;FRANCHISE;;NFK|3122|11020|202311
3122;11085;13/03/2023;202311;63;704,81;;FRANCHISE;;NFK|3122|11085|202311
3122;11142;13/03/2023;202311;55;1371,56;;FRANCHISE;;NFK|3122|11142|202311
3122;12004;13/03/2023;202311;77;2618,00;MP;FRANCHISE;;NFK|3122|12004|202311
3122;12066;13/03/2023;202311;49;2970,62;;FRANCHISE;;NFK|3122|12066|202311
3122;12190;13/03/2023;202311;34;765,00;;FRANCHISE;;NFK|3122|12190|202311
3122;20015;13/03/2023;202311;83;2111,31;;FRANCHISE;C;NFK|3122|20015|202311
3122;20041;13/03/2023;202311;103;939,88;;FRANCHISE;A;NFK|3122|20041|202311
3122;20088;13/03/2023;202311;53;2994,50;;FRANCHISE;B;NFK|3122|20088|202311
3122;20131;13/03/2023;202311;38;802,75;;FRANCHISE;C;NFK|3122|20131|202311
3122;30012;13/03/2023;202311;30;485,62;;FRANCHISE;;NFK|3122|30012|202311
3122;30077;13/03/2023;202311;43;2257,50;;FRANCHISE;;NFK|3122|30077|202311
3122;30154;13/03/2023;202311;36;607,50;;FRANCHISE;;NFK|3122|30154|202311
3122;30209;13/03/2023;202311;39;1460,06;;FRANCHISE;;NFK|3122|30209|202311
4201;10023;13/03/2023;202311;908;10782,50;;HYPER;;NFK|4201|10023|202311
4201;10047;13/03/2023;202311;523;5883,75;;HYPER;;NFK|4201|10047|202311
4201;10112;13/03/2023;202311;291;6165,56;;HYPER;;NFK|4201|10112|202311
4201;10310;13/03/2023;202311;207;5563,12;;HYPER;;NFK|4201|10310|202311
4201;11020;13/03/2023;202311;740;13828,75;;HYPER;;NFK|4201|11020|202311
4201;11085;13/03/2023;202311;422;4721,12;;HYPER;;NFK|4201|11085|202311
4201;11142;13/03/2023;202311;261;6508,69;;HYPER;;NFK|4201|11142|202311
4201;12004;13/03/2023;202311;451;15334,00;MP;HYPER;;NFK|4201|12004|202311
4201;12066;13/03/2023;202311;270;16368,75;;HYPER;;NFK|4201|12066|202311
4201;12190;13/03/2023;202311;189;4252,50;;HYPER;;NFK|4201|12190|202311
4201;20015;13/03/2023;202311;528;13431,00;;HYPER;C;NFK|4201|20015|202311
4201;20041;13/03/2023;202311;572;5219,50;;HYPER;A;NFK|4201|20041|202311
4201;20088;13/03/2023;202311;279;15763,50;;HYPER;B;NFK|4201|20088|202311
4201;20131;13/03/2023;202311;226;4774,25;;HYPER;C;NFK|4201|20131|202311
4201;30012;13/03/2023;202311;186;3010,88;;HYPER;;NFK|4201|30012|202311
4201;30077;13/03/2023;202311;249;13072,50;;HYPER;;NFK|4201|30077|202311
4201;30154;13/03/2023;202311;188;3172,50;;HYPER;;NFK|4201|30154|202311
4201;30209;13/03/2023;202311;269;10070,69;;HYPER;;NFK|4201|30209|202311
4205;10023;13/03/2023;202311;486;5771,25;;SUPER;;NFK|4205|10023|202311
4205;10047;13/03/2023;202311;348;3915,00;;SUPER;;NFK|4205|10047|202311
4205;10112;13/03/2023;202311;183;3877,31;;SUPER;;NFK|4205|10112|202311
4205;10310;13/03/2023;202311;122;3278,75;;SUPER;;NFK|4205|10310|202311
4205;11020;13/03/2023;202311;417;7792,69;;SUPER;;NFK|4205|11020|202311
4205;11085;13/03/2023;202311;254;2841,62;;SUPER;;NFK|4205|11085|202311
4205;11142;13/03/2023;202311;156;3890,25;;SUPER;;NFK|4205|11142|202311
4205;12004;13/03/2023;202311;235;7990,00;MP;SUPER;;NFK|4205|12004|202311
4205;12066;13/03/2023;202311;142;8608,75;;SUPER;;NFK|4205|12066|202311
4205;12190;13/03/2023;202311;115;2587,50;;SUPER;;NFK|4205|12190|202311
4205;20015;13/03/2023;202311;275;6995,31;;SUPER;C;NFK|4205|20015|202311
4205;20041;13/03/2023;202311;324;2956,50;;SUPER;A;NFK|4205|20041|202311
4205;20088;13/03/2023;202311;204;11526,00;;SUPER;B;NFK|4205|20088|202311
4205;20131;13/03/2023;202311;125;2640,62;;SUPER;C;NFK|4205|20131|202311
4205;30012;13/03/2023;202311;107;1732,06;;SUPER;;NFK|4205|30012|202311
4205;30077;13/03/2023;202311;173;9082,50;;SUPER;;NFK|4205|30077|202311
4205;30154;13/03/2023;202311;102;1721,25;;SUPER;;NFK|4205|30154|202311
4205;30209;13/03/2023;202311;154;5765,38;;SUPER;;NFK|4205|30209|202311
4218;10023;13/03/2023;202311;516;6127,50;;SUPER;;NFK|4218|10023|202311
4218;10047;13/03/2023;202311;289;3251,25;;SUPER;;NFK|4218|10047|202311
4218;10112;13/03/2023;202311;174;3686,62;;SUPER;;NFK|4218|10112|202311
4218;10310;13/03/2023;202311;157;4219,38;;SUPER;;NFK|4218|10310|202311
4218;11020;13/03/2023;202311;400;7475,00;;SUPER;;NFK|4218|11020|202311
4218;11085;13/03/2023;202311;220;2461,25;;SUPER;;NFK|4218|11085|202311
4218;11142;13/03/2023;202311;155;3865,31;;SUPER;;NFK|4218|11142|202311
4218;12004;13/03/2023;202311;253;8602,00;MP;SUPER;;NFK|4218|12004|202311
4218;12066;13/03/2023;202311;149;9033,12;;SUPER;;NFK|4218|12066|202311
4218;12190;13/03/2023;202311;118;2655,00;;SUPER;;NFK|4218|12190|202311
4218;20015;13/03/2023;202311;296;7529,50;;SUPER;C;NFK|4218|20015|202311
4218;20041;13/03/2023;202311;364;3321,50;;SUPER;A;NFK|4218|20041|202311
4218;20088;13/03/2023;202311;226;12769,00;;SUPER;B;NFK|4218|20088|202311
4218;20131;13/03/2023;202311;127;2682,88;;SUPER;C;NFK|4218|20131|202311
4218;30012;13/03/2023;202311;103;1667,31;;SUPER;;NFK|4218|30012|202311
4218;30077;13/03/2023;202311;164;8610,00;;SUPER;;NFK|4218|30077|202311
4218;30154;13/03/2023;202311;107;1805,62;;SUPER;;NFK|4218|30154|202311
4218;30209;13/03/2023;202311;140;5241,25;;SUPER;;NFK|4218|30209|202311
5502;10023;13/03/2023;202311;470;5581,25;;SUPER;;NFK|5502|10023|202311
5502;10047;13/03/2023;202311;314;3532,50;;SUPER;;NFK|5502|10047|202311
5502;10112;13/03/2023;202311;162;3432,38;;SUPER;;NFK|5502|10112|202311
5502;10310;13/03/2023;202311;142;3816,25;;SUPER;;NFK|5502|10310|202311
5502;11020;13/03/2023;202311;400;7475,00;;SUPER;;NFK|5502|11020|202311
5502;11085;13/03/2023;202311;236;2640,25;;SUPER;;NFK|5502|11085|202311
5502;11142;13/03/2023;202311;162;4039,88;;SUPER;;NFK|5502|11142|202311
5502;12004;13/03/2023;202311;247;8398,00;MP;SUPER;;NFK|5502|12004|202311
5502;12066;13/03/2023;202311;144;8730,00;;SUPER;;NFK|5502|12066|202311
5502;12190;13/03/2023;202311;100;2250,00;;SUPER;;NFK|5502|12190|202311
5502;20015;13/03/2023;202311;263;6690,06;;SUPER;C;NFK|5502|20015|202311
5502;20041;13/03/2023;202311;348;3175,50;;SUPER;A;NFK|5502|20041|202311
5502;20088;13/03/2023;202311;165;9322,50;;SUPER;B;NFK|5502|20088|202311
5502;20131;13/03/2023;202311;138;2915,25;;SUPER;C;NFK|5502|20131|202311
5502;30012;13/03/2023;202311;98;1586,38;;SUPER;;NFK|5502|30012|202311
5502;30077;13/03/2023;202311;127;6667,50;;SUPER;;NFK|5502|30077|202311
5502;30154;13/03/2023;202311;98;1653,75;;SUPER;;NFK|5502|30154|202311
5502;30209;13/03/2023;202311;134;5016,62;;SUPER;;NFK|5502|30209|202311
5502;99001;13/03/2023;202311;7;0,00;;SUPER;;NFK|5502|99001|202311
5511;10023;13/03/2023;202311;177;2101,88;;PARTNER;;NFK|5511|10023|202311
5511;10047;13/03/2023;202311;103;1158,75;;PARTNER;;NFK|5511|10047|202311
5511;10112;13/03/2023;202311;73;1546,69;;PARTNER;;NFK|5511|10112|202311
5511;10310;13/03/2023;202311;46;1236,25;;PARTNER;;NFK|5511|10310|202311
5511;11020;13/03/2023;202311;126;2354,62;;PARTNER;;NFK|5511|11020|202311
5511;11085;13/03/2023;202311;79;883,81;;PARTNER;;NFK|5511|11085|202311
5511;11142;13/03/2023;202311;54;1346,62;;PARTNER;;NFK|5511|11142|202311
5511;12004;13/03/2023;202311;105;3570,00;MP;PARTNER;;NFK|5511|12004|202311
5511;12066;13/03/2023;202311;58;3516,25;;PARTNER;;NFK|5511|12066|202311
5511;12190;13/03/2023;202311;43;967,50;;PARTNER;;NFK|5511|12190|202311
5511;20015;13/03/2023;202311;105;2670,94;;PARTNER;C;NFK|5511|20015|202311
5511;20041;13/03/2023;202311;134;1222,75;;PARTNER;A;NFK|5511|20041|202311
5511;20088;13/03/2023;202311;77;4350,50;;PARTNER;B;NFK|5511|20088|202311
5511;20131;13/03/2023;202311;52;1098,50;;PARTNER;C;NFK|5511|20131|202311
5511;30012;13/03/2023;202311;40;647,50;;PARTNER;;NFK|5511|30012|202311
5511;30077;13/03/2023;202311;62;3255,00;;PARTNER;;NFK|5511|30077|202311
5511;30154;13/03/2023;202311;38;641,25;;PARTNER;;NFK|5511|30154|202311
5511;30209;13/03/2023;202311;56;2096,50;;PARTNER;;NFK|5511|30209|202311
5511;99001;13/03/2023;202311;3;0,00;;PARTNER;;NFK|5511|99001|202311
9001;10023;13/03/2023;202311;26;308,75;;DEPOT;;NFK|9001|10023|202311
9001;10047;13/03/2023;202311;17;191,25;;DEPOT;;NFK|9001|10047|202311
9001;10112;13/03/2023;202311;10;211,88;;DEPOT;;NFK|9001|10112|202311
9001;10310;13/03/2023;202311;7;188,12;;DEPOT;;NFK|9001|10310|202311
9001;11020;13/03/2023;202311;19;355,06;;DEPOT;;NFK|9001|11020|202311
9001;11085;13/03/2023;202311;13;145,44;;DEPOT;;NFK|9001|11085|202311
9001;11142;13/03/2023;202311;0;0,00;;DEPOT;;NFK|9001|11142|202311
9001;12004;13/03/2023;202311;13;442,00;MP;DEPOT;;NFK|9001|12004|202311
9001;12066;13/03/2023;202311;8;485,00;;DEPOT;;NFK|9001|12066|202311
9001;12190;13/03/2023;202311;7;157,50;;DEPOT;;NFK|9001|12190|202311
9001;20015;13/03/2023;202311;15;381,56;;DEPOT;C;NFK|9001|20015|202311
9001;20041;13/03/2023;202311;19;173,38;;DEPOT;A;NFK|9001|20041|202311
9001;20088;13/03/2023;202311;11;621,50;;DEPOT;B;NFK|9001|20088|202311
9001;20131;13/03/2023;202311;0;0,00;;DEPOT;C;NFK|9001|20131|202311
9001;30012;13/03/2023;202311;6;97,12;;DEPOT;;NFK|9001|30012|202311
9001;30077;13/03/2023;202311;9;472,50;;DEPOT;;NFK|9001|30077|202311
9001;30154;13/03/2023;202311;5;84,38;;DEPOT;;NFK|9001|30154|202311
9001;30209;13/03/2023;202311;8;299,50;;DEPOT;;NFK|9001|30209|202311
1199;10023;13/03/2023;202311;12;142,50;;SUPER;;NFK|1199|10023|202311
1199;10047;13/03/2023;202311;6;67,50;;SUPER;;NFK|1199|10047|202311
1199;10112;13/03/2023;202311;4;84,75;;SUPER;;NFK|1199|10112|202311
1199;10310;13/03/2023;202311;3;80,62;;SUPER;;NFK|1199|10310|202311
1199;11020;13/03/2023;202311;7;130,81;;SUPER;;NFK|1199|11020|202311
1199;11085;13/03/2023;202311;4;44,75;;SUPER;;NFK|1199|11085|202311
1199;11142;13/03/2023;202311;4;99,75;;SUPER;;NFK|1199|11142|202311
1199;12004;13/03/2023;202311;6;204,00;MP;SUPER;;NFK|1199|12004|202311
1199;12066;13/03/2023;202311;3;181,88;;SUPER;;NFK|1199|12066|202311
1199;12190;13/03/2023;202311;2;45,00;;SUPER;;NFK|1199|12190|202311
1199;20015;13/03/2023;202311;6;152,62;;SUPER;C;NFK|1199|20015|202311
1199;20041;13/03/2023;202311;7;63,88;;SUPER;A;NFK|1199|20041|202311
1199;20088;13/03/2023;202311;4;226,00;;SUPER;B;NFK|1199|20088|202311
1199;20131;13/03/2023;202311;2;42,25;;SUPER;C;NFK|1199|20131|202311
1199;30012;13/03/2023;202311;2;32,38;;SUPER;;NFK|1199|30012|202311
1199;30077;13/03/2023;202311;3;157,50;;SUPER;;NFK|1199|30077|202311
1199;30154;13/03/2023;202311;2;33,75;;SUPER;;NFK|1199|30154|202311
1199;30209;13/03/2023;202311;3;112,31;;SUPER;;NFK|1199|30209|202311
1101;10023;20/03/2023;202312;552;6555,00;;SUPER;;NFK|1101|10023|202312
1101;10047;20/03/2023;202312;355;3993,75;;SUPER;;NFK|1101|10047|202312
1101;10112;20/03/2023;202312;205;4343,44;;SUPER;;NFK|1101|10112|202312
1101;10310;20/03/2023;202312;169;4541,88;;SUPER;;NFK|1101|10310|202312
1101;11020;20/03/2023;202312;426;7960,88;;SUPER;;NFK|1101|11020|202312
1101;11085;20/03/2023;202312;223;2494,81;;SUPER;;NFK|1101|11085|202312
1101;11142;20/03/2023;202312;172;4289,25;;SUPER;;NFK|1101|11142|202312
1101;12004;20/03/2023;202312;197;7880,00;;SUPER;;NFK|1101|12004|202312
1101;12066;20/03/2023;202312;162;9821,25;;SUPER;;NFK|1101|12066|202312
1101;12190;20/03/2023;202312;120;2700,00;;SUPER;;NFK|1101|12190|202312
1101;20015;20/03/2023;202312;262;6664,62;;SUPER;C;NFK|1101|20015|202312
1101;20041;20/03/2023;202312;367;3348,88;;SUPER;A;NFK|1101|20041|202312
1101;20088;20/03/2023;202312;204;11526,00;;SUPER;B;NFK|1101|20088|202312
1101;20131;20/03/2023;202312;136;2873,00;;SUPER;C;NFK|1101|20131|202312
1101;30012;20/03/2023;202312;112;1813,00;;SUPER;;NFK|1101|30012|202312
1101;30077;20/03/2023;202312;181;9502,50;;SUPER;;NFK|1101|30077|202312
1101;30154;20/03/2023;202312;108;1822,50;;SUPER;;NFK|1101|30154|202312
1101;30209;20/03/2023;202312;140;5241,25;;SUPER;;NFK|1101|30209|202312
1102;10023;20/03/2023;202312;417;4951,88;;SUPER;;NFK|1102|10023|202312
1102;10047;20/03/2023;202312;295;3318,75;;SUPER;;NFK|1102|10047|202312
1102;10112;20/03/2023;202312;194;4110,38;;SUPER;;NFK|1102|10112|202312
1102;10310;20/03/2023;202312;153;4111,88;;SUPER;;NFK|1102|10310|202312
1102;11020;20/03/2023;202312;366;6839,62;;SUPER;;NFK|1102|11020|202312
1102;11085;20/03/2023;202312;212;2371,75;;SUPER;;NFK|1102|11085|202312
1102;11142;20/03/2023;202312;169;4214,44;;SUPER;;NFK|1102|11142|202312
1102;12004;20/03/2023;202312;209;8360,00;;SUPER;;NFK|1102|12004|202312
1102;12066;20/03/2023;202312;148;8972,50;;SUPER;;NFK|1102|12066|202312
1102;12190;20/03/2023;202312;122;2745,00;;SUPER;;NFK|1102|12190|202312
1102;20015;20/03/2023;202312;275;6995,31;;SUPER;C;NFK|1102|20015|202312
1102;20041;20/03/2023;202312;321;2929,12;;SUPER;A;NFK|1102|20041|202312
1102;20088;20/03/2023;202312;162;9153,00;;SUPER;B;NFK|1102|20088|202312
1102;20131;20/03/2023;202312;116;2450,50;;SUPER;C;NFK|1102|20131|202312
1102;30012;20/03/2023;202312;89;1440,69;;SUPER;;NFK|1102|30012|202312
1102;30077;20/03/2023;202312;163;8557,50;;SUPER;;NFK|1102|30077|202312
1102;30154;20/03/2023;202312;117;1974,38;;SUPER;;NFK|1102|30154|202312
1102;30209;20/03/2023;202312;153;5727,94;;SUPER;;NFK|1102|30209|202312
1103;10023;20/03/2023;202312;262;3111,25;;NAER;;NFK|1103|10023|202312
1103;10047;20/03/2023;202312;170;1912,50;;NAER;;NFK|1103|10047|202312
1103;10112;20/03/2023;202312;82;1737,37;;NAER;;NFK|1103|10112|202312
1103;10310;20/03/2023;202312;65;1746,88;;NAER;;NFK|1103|10310|202312
1103;11020;20/03/2023;202312;224;4186,00;;NAER;;NFK|1103|11020|202312
1103;11085;20/03/2023;202312;108;1208,25;;NAER;;NFK|1103|11085|202312
1103;11142;20/03/2023;202312;86;2144,62;;NAER;;NFK|1103|11142|202312
1103;12004;20/03/2023;202312;118;4720,00;;NAER;;NFK|1103|12004|202312
1103;12066;20/03/2023;202312;74;4486,25;;NAER;;NFK|1103|12066|202312
1103;12190;20/03/2023;202312;0;0,00;;NAER;;NFK|1103|12190|202312
1103;20015;20/03/2023;202312;163;4146,31;;NAER;C;NFK|1103|20015|202312
1103;20041;20/03/2023;202312;174;1587,75;;NAER;A;NFK|1103|20041|202312
1103;20088;20/03/2023;202312;106;5989,00;;NAER;B;NFK|1103|20088|202312
1103;20131;20/03/2023;202312;69;1457,62;;NAER;C;NFK|1103|20131|202312
1103;30012;20/03/2023;202312;55;890,31;;NAER;;NFK|1103|30012|202312
1103;30077;20/03/2023;202312;79;4147,50;;NAER;;NFK|1103|30077|202312
1103;30154;20/03/2023;202312;62;1046,25;;NAER;;NFK|1103|30154|202312
1103;30209;20/03/2023;202312;69;2583,19;;NAER;;NFK|1103|30209|202312
1103;99001;20/03/2023;202312;4;0,00;;NAER;;NFK|1103|99001|202312
1108;10023;20/03/2023;202312;937;11126,88;;HYPER;;NFK|1108|10023|202312
1108;10047;20/03/2023;202312;600;6750,00;;HYPER;;NFK|1108|10047|202312
1108;10112;20/03/2023;202312;348;7373,25;;HYPER;;NFK|1108|10112|202312
1108;10310;20/03/2023;202312;254;6826,25;;HYPER;;NFK|1108|10310|202312
1108;11020;20/03/2023;202312;661;12352,44;;HYPER;;NFK|1108|11020|202312
1108;11085;20/03/2023;202312;393;4396,69;;HYPER;;NFK|1108|11085|202312
1108;11142;20/03/2023;202312;338;8428,88;;HYPER;;NFK|1108|11142|202312
1108;12004;20/03/2023;202312;409;16360,00;;HYPER;;NFK|1108|12004|202312
1108;12066;20/03/2023;202312;266;16126,25;;HYPER;;NFK|1108|12066|202312
1108;12190;20/03/2023;202312;220;4950,00;;HYPER;;NFK|1108|12190|202312
1108;20015;20/03/2023;202312;579;14728,31;;HYPER;C;NFK|1108|20015|202312
1108;20041;20/03/2023;202312;616;5621,00;;HYPER;A;NFK|1108|20041|202312
1108;20088;20/03/2023;202312;353;19944,50;;HYPER;B;NFK|1108|20088|202312
1108;20131;20/03/2023;202312;253;5344,62;;HYPER;C;NFK|1108|20131|202312
1108;30012;20/03/2023;202312;190;3075,62;;HYPER;;NFK|1108|30012|202312
1108;30077;20/03/2023;202312;338;17745,00;;HYPER;;NFK|1108|30077|202312
1108;30154;20/03/2023;202312;195;3290,62;;HYPER;;NFK|1108|30154|202312
1108;30209;20/03/2023;202312;267;9995,81;;HYPER;;NFK|1108|30209|202312
3104;10023;20/03/2023;202312;476;5652,50;;SUPER;;NFK|3104|10023|202312
3104;10047;20/03/2023;202312;304;3420,00;;SUPER;;NFK|3104|10047|202312
3104;10112;20/03/2023;202312;188;3983,25;;SUPER;;NFK|3104|10112|202312
3104;10310;20/03/2023;202312;118;3171,25;;SUPER;;NFK|3104|10310|202312
3104;11020;20/03/2023;202312;346;6465,88;;SUPER;;NFK|3104|11020|202312
3104;11085;20/03/2023;202312;195;2181,56;;SUPER;;NFK|3104|11085|202312
3104;11142;20/03/2023;202312;136;3391,50;;SUPER;;NFK|3104|11142|202312
3104;12004;20/03/2023;202312;0;0,00;;SUPER;;NFK|3104|12004|202312
3104;12066;20/03/2023;202312;129;7820,62;;SUPER;;NFK|3104|12066|202312
3104;12190;20/03/2023;202312;118;2655,00;;SUPER;;NFK|3104|12190|202312
3104;20015;20/03/2023;202312;232;5901,50;;SUPER;C;NFK|3104|20015|202312
3104;20041;20/03/2023;202312;350;3193,75;;SUPER;A;NFK|3104|20041|202312
3104;20088;20/03/2023;202312;199;11243,50;;SUPER;B;NFK|3104|20088|202312
3104;20131;20/03/2023;202312;106;2239,25;;SUPER;C;NFK|3104|20131|202312
3104;30012;20/03/2023;202312;92;1489,25;;SUPER;;NFK|3104|30012|202312
3104;30077;20/03/2023;202312;133;6982,50;;SUPER;;NFK|3104|30077|202312
3104;30154;20/03/2023;202312;115;1940,62;;SUPER;;NFK|3104|30154|202312
3104;30209;20/03/2023;202312;139;5203,81;;SUPER;;NFK|3104|30209|202312
3117;10023;20/03/2023;202312;222;2636,25;;NAER;;NFK|3117|10023|202312
3117;10047;20/03/2023;202312;142;1597,50;;NAER;;NFK|3117|10047|202312
3117;10112;20/03/2023;202312;82;1737,37;;NAER;;NFK|3117|10112|202312
3117;10310;20/03/2023;202312;57;1531,88;;NAER;;NFK|3117|10310|202312
3117;11020;20/03/2023;202312;157;2933,94;;NAER;;NFK|3117|11020|202312
3117;11085;20/03/2023;202312;96;1074,00;;NAER;;NFK|3117|11085|202312
3117;11142;20/03/2023;202312;74;1845,38;;NAER;;NFK|3117|11142|202312
3117;12004;20/03/2023;202312;83;3320,00;;NAER;;NFK|3117|12004|202312
3117;12066;20/03/2023;202312;60;3637,50;;NAER;;NFK|3117|12066|202312
3117;12190;20/03/2023;202312;44;990,00;;NAER;;NFK|3117|12190|202312
3117;20015;20/03/2023;202312;130;3306,88;;NAER;C;NFK|3117|20015|202312
3117;20041;20/03/2023;202312;136;1241,00;;NAER;A;NFK|3117|20041|202312
3117;20088;20/03/2023;202312;94;5311,00;;NAER;B;NFK|3117|20088|202312
3117;20131;20/03/2023;202312;50;1056,25;;NAER;C;NFK|3117|20131|202312
3117;30012;20/03/2023;202312;46;744,62;;NAER;;NFK|3117|30012|202312
3117;30077;20/03/2023;202312;66;3465,00;;NAER;;NFK|3117|30077|202312
3117;30154;20/03/2023;202312;51;860,62;;NAER;;NFK|3117|30154|202312
3117;30209;20/03/2023;202312;53;1984,19;;NAER;;NFK|3117|30209|202312
3122;10023;20/03/2023;202312;165;1959,38;;FRANCHISE;;NFK|3122|10023|202312
3122;10047;20/03/2023;202312;88;990,00;;FRANCHISE;;NFK|3122|10047|202312
3122;10112;20/03/2023;202312;55;1165,31;;FRANCHISE;;NFK|3122|10112|202312
3122;10310;20/03/2023;202312;46;1236,25;;FRANCHISE;;NFK|3122|10310|202312
3122;11020;20/03/2023;202312;128;2392,00;;FRANCHISE;;NFK|3122|11020|202312
3122;11085;20/03/2023;202312;73;816,69;;FRANCHISE;;NFK|3122|11085|202312
3122;11142;20/03/2023;202312;48;1197,00;;FRANCHISE;;NFK|3122|11142|202312
3122;12004;20/03/2023;202312;69;2760,00;;FRANCHISE;;NFK|3122|12004|202312
3122;12066;20/03/2023;202312;53;3213,12;;FRANCHISE;;NFK|3122|12066|202312
3122;12190;20/03/2023;202312;31;697,50;;FRANCHISE;;NFK|3122|12190|202312
3122;20015;20/03/2023;202312;78;1984,12;;FRANCHISE;C;NFK|3122|20015|202312
3122;20041;20/03/2023;202312;119;1085,88;;FRANCHISE;A;NFK|3122|20041|202312
3122;20088;20/03/2023;202312;57;3220,50;;FRANCHISE;B;NFK|3122|20088|202312
3122;20131;20/03/2023;202312;40;845,00;;FRANCHISE;C;NFK|3122|20131|202312
3122;30012;20/03/2023;202312;28;453,25;;FRANCHISE;;NFK|3122|30012|202312
3122;30077;20/03/2023;202312;47;2467,50;;FRANCHISE;;NFK|3122|30077|202312
3122;30154;20/03/2023;202312;38;641,25;;FRANCHISE;;NFK|3122|30154|202312
3122;30209;20/03/2023;202312;40;1497,50;;FRANCHISE;;NFK|3122|30209|202312
3122;99001;20/03/2023;202312;3;0,00;;FRANCHISE;;NFK|3122|99001|202312
4201;10023;20/03/2023;202312;874;10378,75;;HYPER;;NFK|4201|10023|202312
4201;10047;20/03/2023;202312;554;6232,50;;HYPER;;NFK|4201|10047|202312
4201;10112;20/03/2023;202312;308;6525,75;;HYPER;;NFK|4201|10112|202312
4201;10310;20/03/2023;202312;235;6315,62;;HYPER;;NFK|4201|10310|202312
4201;11020;20/03/2023;202312;685;12800,94;;HYPER;;NFK|4201|11020|202312
4201;11085;20/03/2023;202312;329;3680,69;;HYPER;;NFK|4201|11085|202312
4201;11142;20/03/2023;202312;280;6982,50;;HYPER;;NFK|4201|11142|202312
4201;12004;20/03/2023;202312;324;12960,00;;HYPER;;NFK|4201|12004|202312
4201;12066;20/03/2023;202312;285;17278,12;;HYPER;;NFK|4201|12066|202312
4201;12190;20/03/2023;202312;197;4432,50;;HYPER;;NFK|4201|12190|202312
4201;20015;20/03/2023;202312;507;12896,81;;HYPER;C;NFK|4201|20015|202312
4201;20041;20/03/2023;202312;601;5484,12;;HYPER;A;NFK|4201|20041|202312
4201;20088;20/03/2023;202312;301;17006,50;;HYPER;B;NFK|4201|20088|202312
4201;20131;20/03/2023;202312;208;4394,00;;HYPER;C;NFK|4201|20131|202312
4201;30012;20/03/2023;202312;153;2476,69;;HYPER;;NFK|4201|30012|202312
4201;30077;20/03/2023;202312;283;14857,50;;HYPER;;NFK|4201|30077|202312
4201;30154;20/03/2023;202312;176;2970,00;;HYPER;;NFK|4201|30154|202312
4201;30209;20/03/2023;202312;224;8386,00;;HYPER;;NFK|4201|30209|202312
4205;10023;20/03/2023;202312;468;5557,50;;SUPER;;NFK|4205|10023|202312
4205;10047;20/03/2023;202312;349;3926,25;;SUPER;;NFK|4205|10047|202312
4205;10112;20/03/2023;202312;168;3559,50;;SUPER;;NFK|4205|10112|202312
4205;10310;20/03/2023;202312;144;3870,00;;SUPER;;NFK|4205|10310|202312
4205;11020;20/03/2023;202312;431;8054,31;;SUPER;;NFK|4205|11020|202312
4205;11085;20/03/2023;202312;236;2640,25;;SUPER;;NFK|4205|11085|202312
4205;11142;20/03/2023;202312;167;4164,56;;SUPER;;NFK|4205|11142|202312
4205;12004;20/03/2023;202312;236;9440,00;;SUPER;;NFK|4205|12004|202312
4205;12066;20/03/2023;202312;164;9942,50;;SUPER;;NFK|4205|12066|202312
4205;12190;20/03/2023;202312;121;2722,50;;SUPER;;NFK|4205|12190|202312
4205;20015;20/03/2023;202312;306;7783,88;;SUPER;C;NFK|4205|20015|202312
4205;20041;20/03/2023;202312;361;3294,12;;SUPER;A;NFK|4205|20041|202312
4205;20088;20/03/2023;202312;198;11187,00;;SUPER;B;NFK|4205|20088|202312
4205;20131;20/03/2023;202312;149;3147,62;;SUPER;C;NFK|4205|20131|202312
4205;30012;20/03/2023;202312;97;1570,19;;SUPER;;NFK|4205|30012|202312
4205;30077;20/03/2023;202312;150;7875,00;;SUPER;;NFK|4205|30077|202312
4205;30154;20/03/2023;202312;103;1738,12;;SUPER;;NFK|4205|30154|202312
4205;30209;20/03/2023;202312;131;4904,31;;SUPER;;NFK|4205|30209|202312
4205;99001;20/03/2023;202312;7;0,00;;SUPER;;NFK|4205|99001|202312
4218;10023;20/03/2023;202312;533;6329,38;;SUPER;;NFK|4218|10023|202312
4218;10047;20/03/2023;202312;288;3240,00;;SUPER;;NFK|4218|10047|202312
4218;10112;20/03/2023;202312;177;3750,19;;SUPER;;NFK|4218|10112|202312
4218;10310;20/03/2023;202312;144;3870,00;;SUPER;;NFK|4218|10310|202312
4218;11020;20/03/2023;202312;374;6989,12;;SUPER;;NFK|4218|11020|202312
4218;11085;20/03/2023;202312;260;2908,75;;SUPER;;NFK|4218|11085|202312
4218;11142;20/03/2023;202312;179;4463,81;;SUPER;;NFK|4218|11142|202312
4218;12004;20/03/2023;202312;209;8360,00;;SUPER;;NFK|4218|12004|202312
4218;12066;20/03/2023;202312;175;10609,38;;SUPER;;NFK|4218|12066|202312
4218;12190;20/03/2023;202312;135;3037,50;;SUPER;;NFK|4218|12190|202312
4218;20015;20/03/2023;202312;326;8292,62;;SUPER;C;NFK|4218|20015|202312
4218;20041;20/03/2023;202312;357;3257,62;;SUPER;A;NFK|4218|20041|202312
4218;20088;20/03/2023;202312;232;13108,00;;SUPER;B;NFK|4218|20088|202312
4218;20131;20/03/2023;202312;158;3337,75;;SUPER;C;NFK|4218|20131|202312
4218;30012;20/03/2023;202312;115;1861,56;;SUPER;;NFK|4218|30012|202312
4218;30077;20/03/2023;202312;171;8977,50;;SUPER;;NFK|4218|30077|202312
4218;30154;20/03/2023;202312;127;2143,12;;SUPER;;NFK|4218|30154|202312
4218;30209;20/03/2023;202312;137;5128,94;;SUPER;;NFK|4218|30209|202312
5502;10023;20/03/2023;202312;509;6044,38;;SUPER;;NFK|5502|10023|202312
5502;10047;20/03/2023;202312;322;3622,50;;SUPER;;NFK|5502|10047|202312
5502;10112;20/03/2023;202312;154;3262,87;;SUPER;;NFK|5502|10112|202312
5502;10310;20/03/2023;202312;125;3359,38;;SUPER;;NFK|5502|10310|202312
5502;11020;20/03/2023;202312;404;7549,75;;SUPER;;NFK|5502|11020|202312
5502;11085;20/03/2023;202312;188;2103,25;;SUPER;;NFK|5502|11085|202312
5502;11142;20/03/2023;202312;153;3815,44;;SUPER;;NFK|5502|11142|202312
5502;12004;20/03/2023;202312;189;7560,00;;SUPER;;NFK|5502|12004|202312
5502;12066;20/03/2023;202312;154;9336,25;;SUPER;;NFK|5502|12066|202312
5502;12190;20/03/2023;202312;97;2182,50;;SUPER;;NFK|5502|12190|202312
5502;20015;20/03/2023;202312;243;6181,31;;SUPER;C;NFK|5502|20015|202312
5502;20041;20/03/2023;202312;333;3038,62;;SUPER;A;NFK|5502|20041|202312
5502;20088;20/03/2023;202312;170;9605,00;;SUPER;B;NFK|5502|20088|202312
5502;20131;20/03/2023;202312;130;2746,25;;SUPER;C;NFK|5502|20131|202312
5502;30012;20/03/2023;202312;105;1699,69;;SUPER;;NFK|5502|30012|202312
5502;30077;20/03/2023;202312;164;8610,00;;SUPER;;NFK|5502|30077|202312
5502;30154;20/03/2023;202312;121;2041,88;;SUPER;;NFK|5502|30154|202312
5502;30209;20/03/2023;202312;139;5203,81;;SUPER;;NFK|5502|30209|202312
5511;10023;20/03/2023;202312;183;2173,12;;PARTNER;;NFK|5511|10023|202312
5511;10047;20/03/2023;202312;116;1305,00;;PARTNER;;NFK|5511|10047|202312
5511;10112;20/03/2023;202312;61;1292,44;;PARTNER;;NFK|5511|10112|202312
5511;10310;20/03/2023;202312;55;1478,12;;PARTNER;;NFK|5511|10310|202312
5511;11020;20/03/2023;202312;159;2971,31;;PARTNER;;NFK|5511|11020|202312
5511;11085;20/03/2023;202312;93;1040,44;;PARTNER;;NFK|5511|11085|202312
5511;11142;20/03/2023;202312;62;1546,12;;PARTNER;;NFK|5511|11142|202312
5511;12004;20/03/2023;202312;77;3080,00;;PARTNER;;NFK|5511|12004|202312
5511;12066;20/03/2023;202312;53;3213,12;;PARTNER;;NFK|5511|12066|202312
5511;12190;20/03/2023;202312;40;900,00;;PARTNER;;NFK|5511|12190|202312
5511;20015;20/03/2023;202312;107;2721,81;;PARTNER;C;NFK|5511|20015|202312
5511;20041;20/03/2023;202312;133;1213,62;;PARTNER;A;NFK|5511|20041|202312
5511;20088;20/03/2023;202312;63;3559,50;;PARTNER;B;NFK|5511|20088|202312
5511;20131;20/03/2023;202312;45;950,62;;PARTNER;C;NFK|5511|20131|202312
5511;30012;20/03/2023;202312;41;663,69;;PARTNER;;NFK|5511|30012|202312
5511;30077;20/03/2023;202312;50;2625,00;;PARTNER;;NFK|5511|30077|202312
5511;30154;20/03/2023;202312;42;708,75;;PARTNER;;NFK|5511|30154|202312
5511;30209;20/03/2023;202312;48;1797,00;;PARTNER;;NFK|5511|30209|202312
9001;10023;20/03/2023;202312;25;296,88;;DEPOT;;NFK|9001|10023|202312
9001;10047;20/03/2023;202312;16;180,00;;DEPOT;;NFK|9001|10047|202312
9001;10112;20/03/2023;202312;9;190,69;;DEPOT;;NFK|9001|10112|202312
9001;10310;20/03/2023;202312;7;188,12;;DEPOT;;NFK|9001|10310|202312
9001;11020;20/03/2023;202312;22;411,12;;DEPOT;;NFK|9001|11020|202312
9001;11085;20/03/2023;202312;10;111,88;;DEPOT;;NFK|9001|11085|202312
9001;11142;20/03/2023;202312;8;199,50;;DEPOT;;NFK|9001|11142|202312
9001;12004;20/03/2023;202312;10;400,00;;DEPOT;;NFK|9001|12004|202312
9001;12066;20/03/2023;202312;7;424,38;;DEPOT;;NFK|9001|12066|202312
9001;12190;20/03/2023;202312;7;157,50;;DEPOT;;NFK|9001|12190|202312
9001;20015;20/03/2023;202312;13;330,69;;DEPOT;C;NFK|9001|20015|202312
9001;20041;20/03/2023;202312;20;182,50;;DEPOT;A;NFK|9001|20041|202312
9001;20088;20/03/2023;202312;10;565,00;;DEPOT;B;NFK|9001|20088|202312
9001;20131;20/03/2023;202312;7;147,88;;DEPOT;C;NFK|9001|20131|202312
9001;30012;20/03/2023;202312;5;80,94;;DEPOT;;NFK|9001|30012|202312
9001;30077;20/03/2023;202312;9;472,50;;DEPOT;;NFK|9001|30077|202312
9001;30154;20/03/2023;202312;7;118,12;;DEPOT;;NFK|9001|30154|202312
9001;30209;20/03/2023;202312;8;299,50;;DEPOT;;NFK|9001|30209|202312
1101;10023;27/03/2023;202313;475;5640,62;;SUPER;;NFK|1101|10023|202313
1101;10047;27/03/2023;202313;296;3330,00;;SUPER;;NFK|1101|10047|202313
1101;10112;27/03/2023;202313;191;4046,81;;SUPER;;NFK|1101|10112|202313
1101;10310;27/03/2023;202313;146;3923,75;;SUPER;;NFK|1101|10310|202313
1101;11020;27/03/2023;202313;376;7026,50;;SUPER;;NFK|1101|11020|202313
1101;11085;27/03/2023;202313;258;2886,38;;SUPER;;NFK|1101|11085|202313
1101;11142;27/03/2023;202313;196;4887,75;;SUPER;;NFK|1101|11142|202313
1101;12004;27/03/2023;202313;206;8240,00;;SUPER;;NFK|1101|12004|202313
1101;12066;27/03/2023;202313;152;9215,00;;SUPER;;NFK|1101|12066|202313
1101;12190;27/03/2023;202313;109;2452,50;;SUPER;;NFK|1101|12190|202313
1101;20015;27/03/2023;202313;590;12360,50;AVIS;SUPER;C;NFK|1101|20015|202313
1101;20041;27/03/2023;202313;334;3047,75;;SUPER;A;NFK|1101|20041|202313
1101;20088;27/03/2023;202313;228;12882,00;;SUPER;B;NFK|1101|20088|202313
1101;20131;27/03/2023;202313;132;2788,50;;SUPER;C;NFK|1101|20131|202313
1101;30012;27/03/2023;202313;100;1618,75;;SUPER;;NFK|1101|30012|202313
1101;30077;27/03/2023;202313;174;9135,00;;SUPER;;NFK|1101|30077|202313
1101;30154;27/03/2023;202313;133;2244,38;;SUPER;;NFK|1101|30154|202313
1101;30209;27/03/2023;202313;146;5465,88;;SUPER;;NFK|1101|30209|202313
1102;10023;27/03/2023;202313;453;5379,38;;SUPER;;NFK|1102|10023|202313
1102;10047;27/03/2023;202313;264;2970,00;;SUPER;;NFK|1102|10047|202313
1102;10112;27/03/2023;202313;170;3601,88;;SUPER;;NFK|1102|10112|202313
1102;10310;27/03/2023;202313;159;4273,12;;SUPER;;NFK|1102|10310|202313
1102;11020;27/03/2023;202313;404;7549,75;;SUPER;;NFK|1102|11020|202313
1102;11085;27/03/2023;202313;211;2360,56;;SUPER;;NFK|1102|11085|202313
1102;11142;27/03/2023;202313;157;3915,19;;SUPER;;NFK|1102|11142|202313
1102;12004;27/03/2023;202313;216;8640,00;;SUPER;;NFK|1102|12004|202313
1102;12066;27/03/2023;202313;152;9215,00;;SUPER;;NFK|1102|12066|202313
1102;12190;27/03/2023;202313;120;2700,00;;SUPER;;NFK|1102|12190|202313
1102;20015;27/03/2023;202313;586;12276,70;AVIS;SUPER;C;NFK|1102|20015|202313
1102;20041;27/03/2023;202313;366;3339,75;;SUPER;A;NFK|1102|20041|202313
1102;20088;27/03/2023;202313;204;11526,00;;SUPER;B;NFK|1102|20088|202313
1102;20131;27/03/2023;202313;113;2387,12;;SUPER;C;NFK|1102|20131|202313
1102;30012;27/03/2023;202313;98;1586,38;;SUPER;;NFK|1102|30012|202313
1102;30077;27/03/2023;202313;140;7350,00;;SUPER;;NFK|1102|30077|202313
1102;30154;27/03/2023;202313;126;2126,25;;SUPER;;NFK|1102|30154|202313
1102;30209;27/03/2023;202313;121;4529,94;;SUPER;;NFK|1102|30209|202313
1103;10023;27/03/2023;202313;225;2671,88;;NAER;;NFK|1103|10023|202313
1103;10047;27/03/2023;202313;166;1867,50;;NAER;;NFK|1103|10047|202313
1103;10112;27/03/2023;202313;86;1822,12;;NAER;;NFK|1103|10112|202313
1103;10310;27/03/2023;202313;69;1854,38;;NAER;;NFK|1103|10310|202313
1103;11020;27/03/2023;202313;179;3345,06;;NAER;;NFK|1103|11020|202313
1103;11085;27/03/2023;202313;124;1387,25;;NAER;;NFK|1103|11085|202313
1103;11142;27/03/2023;202313;85;2119,69;;NAER;;NFK|1103|11142|202313
1103;12004;27/03/2023;202313;100;4000,00;;NAER;;NFK|1103|12004|202313
1103;12066;27/03/2023;202313;78;4728,75;;NAER;;NFK|1103|12066|202313
1103;12190;27/03/2023;202313;55;1237,50;;NAER;;NFK|1103|12190|202313
1103;20015;27/03/2023;202313;260;5447,00;AVIS;NAER;C;NFK|1103|20015|202313
1103;20041;27/03/2023;202313;185;1688,12;;NAER;A;NFK|1103|20041|202313
1103;20088;27/03/2023;202313;93;5254,50;;NAER;B;NFK|1103|20088|202313
1103;20131;27/03/2023;202313;58;1225,25;;NAER;C;NFK|1103|20131|202313
1103;30012;27/03/2023;202313;54;874,12;;NAER;;NFK|1103|30012|202313
1103;30077;27/03/2023;202313;70;3675,00;;NAER;;NFK|1103|30077|202313
1103;30154;27/03/2023;202313;59;995,62;;NAER;;NFK|1103|30154|202313
1103;30209;27/03/2023;202313;73;2732,94;;NAER;;NFK|1103|30209|202313
1108;10023;27/03/2023;202313;835;9915,62;;HYPER;;NFK|1108|10023|202313
1108;10047;27/03/2023;202313;618;6952,50;;HYPER;;NFK|1108|10047|202313
1108;10112;27/03/2023;202313;348;7373,25;;HYPER;;NFK|1108|10112|202313
1108;10310;27/03/2023;202313;264;7095,00;;HYPER;;NFK|1108|10310|202313
1108;11020;27/03/2023;202313;864;16146,00;;HYPER;;NFK|1108|11020|202313
1108;11085;27/03/2023;202313;416;4654,00;;HYPER;;NFK|1108|11085|202313
1108;11142;27/03/2023;202313;365;9102,19;;HYPER;;NFK|1108|11142|202313
1108;12004;27/03/2023;202313;408;16320,00;;HYPER;;NFK|1108|12004|202313
1108;12066;27/03/2023;202313;342;20733,75;;HYPER;;NFK|1108|12066|202313
1108;12190;27/03/2023;202313;249;5602,50;;HYPER;;NFK|1108|12190|202313
1108;20015;27/03/2023;202313;1072;22458,40;AVIS;HYPER;C;NFK|1108|20015|202313
1108;20041;27/03/2023;202313;773;7053,62;;HYPER;A;NFK|1108|20041|202313
1108;20088;27/03/2023;202313;345;19492,50;;HYPER;B;NFK|1108|20088|202313
1108;20131;27/03/2023;202313;261;5513,62;;HYPER;C;NFK|1108|20131|202313
1108;30012;27/03/2023;202313;188;3043,25;;HYPER;;NFK|1108|30012|202313
1108;30077;27/03/2023;202313;338;17745,00;;HYPER;;NFK|1108|30077|202313
1108;30154;27/03/2023;202313;249;4201,88;;HYPER;;NFK|1108|30154|202313
1108;30209;27/03/2023;202313;275;10295,31;;HYPER;;NFK|1108|30209|202313
3104;10023;27/03/2023;202313;500;5937,50;;SUPER;;NFK|3104|10023|202313
3104;10047;27/03/2023;202313;251;2823,75;;SUPER;;NFK|3104|10047|202313
3104;10112;27/03/2023;202313;154;3262,87;;SUPER;;NFK|3104|10112|202313
3104;10310;27/03/2023;202313;121;3251,88;;SUPER;;NFK|3104|10310|202313
3104;11020;27/03/2023;202313;376;7026,50;;SUPER;;NFK|3104|11020|202313
3104;11085;27/03/2023;202313;203;2271,06;;SUPER;;NFK|3104|11085|202313
3104;11142;27/03/2023;202313;139;3466,31;;SUPER;;NFK|3104|11142|202313
3104;12004;27/03/2023;202313;169;6760,00;;SUPER;;NFK|3104|12004|202313
3104;12066;27/03/2023;202313;159;9639,38;;SUPER;;NFK|3104|12066|202313
3104;12190;27/03/2023;202313;115;2587,50;;SUPER;;NFK|3104|12190|202313
3104;20015;27/03/2023;202313;244;6206,75;;SUPER;C;NFK|3104|20015|202313
3104;20041;27/03/2023;202313;316;2883,50;;SUPER;A;NFK|3104|20041|202313
3104;20088;27/03/2023;202313;191;10791,50;;SUPER;B;NFK|3104|20088|202313
3104;20131;27/03/2023;202313;112;2366,00;;SUPER;C;NFK|3104|20131|202313
3104;30012;27/03/2023;202313;98;1586,38;;SUPER;;NFK|3104|30012|202313
3104;30077;27/03/2023;202313;160;8400,00;;SUPER;;NFK|3104|30077|202313
3104;30154;27/03/2023;202313;115;1940,62;;SUPER;;NFK|3104|30154|202313
3104;30209;27/03/2023;202313;122;4567,38;;SUPER;;NFK|3104|30209|202313
3104;99001;27/03/2023;202313;6;0,00;;SUPER;;NFK|3104|99001|202313
3117;10023;27/03/2023;202313;196;2327,50;;NAER;;NFK|3117|10023|202313
3117;10047;27/03/2023;202313;140;1575,00;;NAER;;NFK|3117|10047|202313
3117;10112;27/03/2023;202313;72;1525,50;;NAER;;NFK|3117|10112|202313
3117;10310;27/03/2023;202313;55;1478,12;;NAER;;NFK|3117|10310|202313
3117;11020;27/03/2023;202313;178;3326,38;;NAER;;NFK|3117|11020|202313
3117;11085;27/03/2023;202313;106;1185,88;;NAER;;NFK|3117|11085|202313
3117;11142;27/03/2023;202313;79;1970,06;;NAER;;NFK|3117|11142|202313
3117;12004;27/03/2023;202313;85;3400,00;;NAER;;NFK|3117|12004|202313
3117;12066;27/03/2023;202313;71;4304,38;;NAER;;NFK|3117|12066|202313
3117;12190;27/03/2023;202313;0;0,00;;NAER;;NFK|3117|12190|202313
3117;20015;27/03/2023;202313;116;2950,75;;NAER;C;NFK|3117|20015|202313
3117;20041;27/03/2023;202313;159;1450,88;;NAER;A;NFK|3117|20041|202313
3117;20088;27/03/2023;202313;77;4350,50;;NAER;B;NFK|3117|20088|202313
3117;20131;27/03/2023;202313;49;1035,12;;NAER;C;NFK|3117|20131|202313
3117;30012;27/03/2023;202313;48;777,00;;NAER;;NFK|3117|30012|202313
3117;30077;27/03/2023;202313;60;3150,00;;NAER;;NFK|3117|30077|202313
3117;30154;27/03/2023;202313;55;928,12;;NAER;;NFK|3117|30154|202313
3117;30209;27/03/2023;202313;69;2583,19;;NAER;;NFK|3117|30209|202313
3122;10023;27/03/2023;202313;152;1805,00;;FRANCHISE;;NFK|3122|10023|202313
3122;10047;27/03/2023;202313;103;1158,75;;FRANCHISE;;NFK|3122|10047|202313
3122;10112;27/03/2023;202313;62;1313,62;;FRANCHISE;;NFK|3122|10112|202313
3122;10310;27/03/2023;202313;42;1128,75;;FRANCHISE;;NFK|3122|10310|202313
3122;11020;27/03/2023;202313;126;2354,62;;FRANCHISE;;NFK|3122|11020|202313
3122;11085;27/03/2023;202313;64;716,00;;FRANCHISE;;NFK|3122|11085|202313
3122;11142;27/03/2023;202313;60;1496,25;;FRANCHISE;;NFK|3122|11142|202313
3122;12004;27/03/2023;202313;61;2440,00;;FRANCHISE;;NFK|3122|12004|202313
3122;12066;27/03/2023;202313;49;2970,62;;FRANCHISE;;NFK|3122|12066|202313
3122;12190;27/03/2023;202313;35;787,50;;FRANCHISE;;NFK|3122|12190|202313
3122;20015;27/03/2023;202313;81;2060,44;;FRANCHISE;C;NFK|3122|20015|202313
3122;20041;27/03/2023;202313;123;1122,38;;FRANCHISE;A;NFK|3122|20041|202313
3122;20088;27/03/2023;202313;64;3616,00;;FRANCHISE;B;NFK|3122|20088|202313
3122;20131;27/03/2023;202313;42;887,25;;FRANCHISE;C;NFK|3122|20131|202313
3122;30012;27/03/2023;202313;28;453,25;;FRANCHISE;;NFK|3122|30012|202313
3122;30077;27/03/2023;202313;47;2467,50;;FRANCHISE;;NFK|3122|30077|202313
3122;30154;27/03/2023;202313;38;641,25;;FRANCHISE;;NFK|3122|30154|202313
3122;30209;27/03/2023;202313;40;1497,50;;FRANCHISE;;NFK|3122|30209|202313
4201;10023;27/03/2023;202313;871;10343,12;;HYPER;;NFK|4201|10023|202313
4201;10047;27/03/2023;202313;524;5895,00;;HYPER;;NFK|4201|10047|202313
4201;10112;27/03/2023;202313;335;7097,81;;HYPER;;NFK|4201|10112|202313
4201;10310;27/03/2023;202313;233;6261,88;;HYPER;;NFK|4201|10310|202313
4201;11020;27/03/2023;202313;635;11866,56;;HYPER;;NFK|4201|11020|202313
4201;11085;27/03/2023;202313;433;4844,19;;HYPER;;NFK|4201|11085|202313
4201;11142;27/03/2023;202313;295;7356,56;;HYPER;;NFK|4201|11142|202313
4201;12004;27/03/2023;202313;332;13280,00;;HYPER;;NFK|4201|12004|202313
4201;12066;27/03/2023;202313;237;14368,12;;HYPER;;NFK|4201|12066|202313
4201;12190;27/03/2023;202313;216;4860,00;;HYPER;;NFK|4201|12190|202313
4201;20015;27/03/2023;202313;828;17346,60;AVIS;HYPER;C;NFK|4201|20015|202313
4201;20041;27/03/2023;202313;544;4964,00;;HYPER;A;NFK|4201|20041|202313
4201;20088;27/03/2023;202313;-33;-1815,00;;HYPER;B;NFK|4201|20088|202313
4201;20131;27/03/2023;202313;232;4901,00;;HYPER;C;NFK|4201|20131|202313
4201;30012;27/03/2023;202313;152;2460,50;;HYPER;;NFK|4201|30012|202313
4201;30077;27/03/2023;202313;247;12967,50;;HYPER;;NFK|4201|30077|202313
4201;30154;27/03/2023;202313;192;3240,00;;HYPER;;NFK|4201|30154|202313
4201;30209;27/03/2023;202313;244;9134,75;;HYPER;;NFK|4201|30209|202313
4201;99001;27/03/2023;202313;13;0,00;;HYPER;;NFK|4201|99001|202313
4205;10023;27/03/2023;202313;540;6412,50;;SUPER;;NFK|4205|10023|202313
4205;10047;27/03/2023;202313;287;3228,75;;SUPER;;NFK|4205|10047|202313
4205;10112;27/03/2023;202313;161;3411,19;;SUPER;;NFK|4205|10112|202313
4205;10310;27/03/2023;202313;137;3681,88;;SUPER;;NFK|4205|10310|202313
4205;11020;27/03/2023;202313;350;6540,62;;SUPER;;NFK|4205|11020|202313
4205;11085;27/03/2023;202313;226;2528,38;;SUPER;;NFK|4205|11085|202313
4205;11142;27/03/2023;202313;178;4438,88;;SUPER;;NFK|4205|11142|202313
4205;12004;27/03/2023;202313;232;9280,00;;SUPER;;NFK|4205|12004|202313
4205;12066;27/03/2023;202313;147;8911,88;;SUPER;;NFK|4205|12066|202313
4205;12190;27/03/2023;202313;124;2790,00;;SUPER;;NFK|4205|12190|202313
4205;20015;27/03/2023;202313;536;11229,20;AVIS;SUPER;C;NFK|4205|20015|202313
4205;20041;27/03/2023;202313;330;3011,25;;SUPER;A;NFK|4205|20041|202313
4205;20088;27/03/2023;202313;195;11017,50;;SUPER;B;NFK|4205|20088|202313
4205;20131;27/03/2023;202313;137;2894,12;;SUPER;C;NFK|4205|20131|202313
4205;30012;27/03/2023;202313;99;1602,56;;SUPER;;NFK|4205|30012|202313
4205;30077;27/03/2023;202313;164;8610,00;;SUPER;;NFK|4205|30077|202313
4205;30154;27/03/2023;202313;110;1856,25;;SUPER;;NFK|4205|30154|202313
4205;30209;27/03/2023;202313;141;5278,69;;SUPER;;NFK|4205|30209|202313
4218;10023;27/03/2023;202313;524;6222,50;;SUPER;;NFK|4218|10023|202313
4218;10047;27/03/2023;202313;366;4117,50;;SUPER;;NFK|4218|10047|202313
4218;10112;27/03/2023;202313;170;3601,88;;SUPER;;NFK|4218|10112|202313
4218;10310;27/03/2023;202313;145;3896,88;;SUPER;;NFK|4218|10310|202313
4218;11020;27/03/2023;202313;459;8577,56;;SUPER;;NFK|4218|11020|202313
4218;11085;27/03/2023;202313;267;2987,06;;SUPER;;NFK|4218|11085|202313
4218;11142;27/03/2023;202313;171;4264,31;;SUPER;;NFK|4218|11142|202313
4218;12004;27/03/2023;202313;231;9240,00;;SUPER;;NFK|4218|12004|202313
4218;12066;27/03/2023;202313;158;9578,75;;SUPER;;NFK|4218|12066|202313
4218;12190;27/03/2023;202313;127;2857,50;;SUPER;;NFK|4218|12190|202313
4218;20015;27/03/2023;202313;521;10914,95;AVIS;SUPER;C;NFK|4218|20015|202313
4218;20041;27/03/2023;202313;439;4005,88;;SUPER;A;NFK|4218|20041|202313
4218;20088;27/03/2023;202313;196;11074,00;;SUPER;B;NFK|4218|20088|202313
4218;20131;27/03/2023;202313;134;2830,75;;SUPER;C;NFK|4218|20131|202313
4218;30012;27/03/2023;202313;103;1667,31;;SUPER;;NFK|4218|30012|202313
4218;30077;27/03/2023;202313;163;8557,50;;SUPER;;NFK|4218|30077|202313
4218;30154;27/03/2023;202313;112;1890,00;;SUPER;;NFK|4218|30154|202313
4218;30209;27/03/2023;202313;134;5016,62;;SUPER;;NFK|4218|30209|202313
4218;99001;27/03/2023;202313;8;0,00;;SUPER;;NFK|4218|99001|202313
5502;10023;27/03/2023;202313;412;4892,50;;SUPER;;NFK|5502|10023|202313
5502;10047;27/03/2023;202313;282;3172,50;;SUPER;;NFK|5502|10047|202313
5502;10112;27/03/2023;202313;184;3898,50;;SUPER;;NFK|5502|10112|202313
5502;10310;27/03/2023;202313;151;4058,12;;SUPER;;NFK|5502|10310|202313
5502;11020;27/03/2023;202313;420;7848,75;;SUPER;;NFK|5502|11020|202313
5502;11085;27/03/2023;202313;214;2394,12;;SUPER;;NFK|5502|11085|202313
5502;11142;27/03/2023;202313;155;3865,31;;SUPER;;NFK|5502|11142|202313
5502;12004;27/03/2023;202313;205;8200,00;;SUPER;;NFK|5502|12004|202313
5502;12066;27/03/2023;202313;140;8487,50;;SUPER;;NFK|5502|12066|202313
5502;12190;27/03/2023;202313;116;2610,00;;SUPER;;NFK|5502|12190|202313
5502;20015;27/03/2023;202313;295;7504,06;;SUPER;C;NFK|5502|20015|202313
5502;20041;27/03/2023;202313;382;3485,75;;SUPER;A;NFK|5502|20041|202313
5502;20088;27/03/2023;202313;207;11695,50;;SUPER;B;NFK|5502|20088|202313
5502;20131;27/03/2023;202313;133;2809,62;;SUPER;C;NFK|5502|20131|202313
5502;30012;27/03/2023;202313;108;1748,25;;SUPER;;NFK|5502|30012|202313
5502;30077;27/03/2023;202313;160;8400,00;;SUPER;;NFK|5502|30077|202313
5502;30154;27/03/2023;202313;112;1890,00;;SUPER;;NFK|5502|30154|202313
5502;30209;27/03/2023;202313;156;5840,25;;SUPER;;NFK|5502|30209|202313
5511;10023;27/03/2023;202313;159;1888,12;;PARTNER;;NFK|5511|10023|202313
5511;10047;27/03/2023;202313;121;1361,25;;PARTNER;;NFK|5511|10047|202313
5511;10112;27/03/2023;202313;60;1271,25;;PARTNER;;NFK|5511|10112|202313
5511;10310;27/03/2023;202313;49;1316,88;;PARTNER;;NFK|5511|10310|202313
5511;11020;27/03/2023;202313;165;3083,44;;PARTNER;;NFK|5511|11020|202313
5511;11085;27/03/2023;202313;90;1006,87;;PARTNER;;NFK|5511|11085|202313
5511;11142;27/03/2023;202313;60;1496,25;;PARTNER;;NFK|5511|11142|202313
5511;12004;27/03/2023;202313;-7;-280,00;;PARTNER;;NFK|5511|12004|202313
5511;12066;27/03/2023;202313;57;3455,62;;PARTNER;;NFK|5511|12066|202313
5511;12190;27/03/2023;202313;42;945,00;;PARTNER;;NFK|5511|12190|202313
5511;20015;27/03/2023;202313;103;2620,06;;PARTNER;C;NFK|5511|20015|202313
5511;20041;27/03/2023;202313;138;1259,25;;PARTNER;A;NFK|5511|20041|202313
5511;20088;27/03/2023;202313;73;4124,50;;PARTNER;B;NFK|5511|20088|202313
5511;20131;27/03/2023;202313;45;950,62;;PARTNER;C;NFK|5511|20131|202313
5511;30012;27/03/2023;202313;41;663,69;;PARTNER;;NFK|5511|30012|202313
5511;30077;27/03/2023;202313;56;2940,00;;PARTNER;;NFK|5511|30077|202313
5511;30154;27/03/2023;202313;38;641,25;;PARTNER;;NFK|5511|30154|202313
5511;30209;27/03/2023;202313;50;1871,88;;PARTNER;;NFK|5511|30209|202313
9001;10023;27/03/2023;202313;23;273,12;;DEPOT;;NFK|9001|10023|202313
9001;10047;27/03/2023;202313;17;191,25;;DEPOT;;NFK|9001|10047|202313
9001;10112;27/03/2023;202313;10;211,88;;DEPOT;;NFK|9001|10112|202313
9001;10310;27/03/2023;202313;8;215,00;;DEPOT;;NFK|9001|10310|202313
9001;11020;27/03/2023;202313;23;429,81;;DEPOT;;NFK|9001|11020|202313
9001;11085;27/03/2023;202313;13;145,44;;DEPOT;;NFK|9001|11085|202313
9001;11142;27/03/2023;202313;9;224,44;;DEPOT;;NFK|9001|11142|202313
9001;12004;27/03/2023;202313;11;440,00;;DEPOT;;NFK|9001|12004|202313
9001;12066;27/03/2023;202313;7;424,38;;DEPOT;;NFK|9001|12066|202313
9001;12190;27/03/2023;202313;6;135,00;;DEPOT;;NFK|9001|12190|202313
9001;20015;27/03/2023;202313;16;407,00;;DEPOT;C;NFK|9001|20015|202313
9001;20041;27/03/2023;202313;18;164,25;;DEPOT;A;NFK|9001|20041|202313
9001;20088;27/03/2023;202313;11;621,50;;DEPOT;B;NFK|9001|20088|202313
9001;20131;27/03/2023;202313;8;169,00;;DEPOT;C;NFK|9001|20131|202313
9001;30012;27/03/2023;202313;5;80,94;;DEPOT;;NFK|9001|30012|202313
9001;30077;27/03/2023;202313;8;420,00;;DEPOT;;NFK|9001|30077|202313
9001;30154;27/03/2023;202313;6;101,25;;DEPOT;;NFK|9001|30154|202313
9001;30209;27/03/2023;202313;8;299,50;;DEPOT;;NFK|9001|30209|202313
1101;10023;03/04/2023;202314;647;7683,12;;SUPER;;NFK|1101|10023|202314
1101;10047;03/04/2023;202314;541;4869,00;MP;SUPER;;NFK|1101|10047|202314
1101;10112;03/04/2023;202314;204;4322,25;;SUPER;;NFK|1101|10112|202314
1101;10310;03/04/2023;202314;153;4111,88;;SUPER;;NFK|1101|10310|202314
1101;11020;03/04/2023;202314;518;9680,12;;SUPER;;NFK|1101|11020|202314
1101;11085;03/04/2023;202314;267;2987,06;;SUPER;;NFK|1101|11085|202314
1101;11142;03/04/2023;202314;185;4613,44;;SUPER;;NFK|1101|11142|202314
1101;12004;03/04/2023;202314;248;9920,00;;SUPER;;NFK|1101|12004|202314
1101;12066;03/04/2023;202314;167;10124,38;;SUPER;;NFK|1101|12066|202314
1101;12190;03/04/2023;202314;133;2992,50;;SUPER;;NFK|1101|12190|202314
1101;20015;03/04/2023;202314;289;7351,44;;SUPER;C;NFK|1101|20015|202314
1101;20041;03/04/2023;202314;386;3522,25;;SUPER;A;NFK|1101|20041|202314
1101;20088;03/04/2023;202314;209;11808,50;;SUPER;B;NFK|1101|20088|202314
1101;20131;03/04/2023;202314;140;2957,50;;SUPER;C;NFK|1101|20131|202314
1101;30012;03/04/2023;202314;107;1732,06;;SUPER;;NFK|1101|30012|202314
1101;30077;03/04/2023;202314;162;8505,00;;SUPER;;NFK|1101|30077|202314
1101;30154;03/04/2023;202314;114;1923,75;;SUPER;;NFK|1101|30154|202314
1101;30209;03/04/2023;202314;153;5727,94;;SUPER;;NFK|1101|30209|202314
1102;10023;03/04/2023;202314;471;5593,12;;SUPER;;NFK|1102|10023|202314
1102;10047;03/04/2023;202314;396;3564,00;MP;SUPER;;NFK|1102|10047|202314
1102;10112;03/04/2023;202314;173;3665,44;;SUPER;;NFK|1102|10112|202314
1102;10310;03/04/2023;202314;134;3601,25;;SUPER;;NFK|1102|10310|202314
1102;11020;03/04/2023;202314;446;8334,62;;SUPER;;NFK|1102|11020|202314
1102;11085;03/04/2023;202314;264;2953,50;;SUPER;;NFK|1102|11085|202314
1102;11142;03/04/2023;202314;189;4713,19;;SUPER;;NFK|1102|11142|202314
1102;12004;03/04/2023;202314;209;8360,00;;SUPER;;NFK|1102|12004|202314
1102;12066;03/04/2023;202314;175;10609,38;;SUPER;;NFK|1102|12066|202314
1102;12190;03/04/2023;202314;136;3060,00;;SUPER;;NFK|1102|12190|202314
1102;20015;03/04/2023;202314;346;8801,38;;SUPER;C;NFK|1102|20015|202314
1102;20041;03/04/2023;202314;347;3166,38;;SUPER;A;NFK|1102|20041|202314
1102;20088;03/04/2023;202314;191;10791,50;;SUPER;B;NFK|1102|20088|202314
1102;20131;03/04/2023;202314;153;3232,12;;SUPER;C;NFK|1102|20131|202314
1102;30012;03/04/2023;202314;112;1813,00;;SUPER;;NFK|1102|30012|202314
1102;30077;03/04/2023;202314;156;8190,00;;SUPER;;NFK|1102|30077|202314
1102;30154;03/04/2023;202314;136;2295,00;;SUPER;;NFK|1102|30154|202314
1102;30209;03/04/2023;202314;173;6476,69;;SUPER;;NFK|1102|30209|202314
1103;10023;03/04/2023;202314;274;3253,75;;NAER;;NFK|1103|10023|202314
1103;10047;03/04/2023;202314;231;2079,00;MP;NAER;;NFK|1103|10047|202314
1103;10112;03/04/2023;202314;109;2309,44;;NAER;;NFK|1103|10112|202314
1103;10310;03/04/2023;202314;84;2257,50;;NAER;;NFK|1103|10310|202314
1103;11020;03/04/2023;202314;199;3718,81;;NAER;;NFK|1103|11020|202314
1103;11085;03/04/2023;202314;139;1555,06;;NAER;;NFK|1103|11085|202314
1103;11142;03/04/2023;202314;86;2144,62;;NAER;;NFK|1103|11142|202314
1103;12004;03/04/2023;202314;102;4080,00;;NAER;;NFK|1103|12004|202314
1103;12066;03/04/2023;202314;81;4910,62;;NAER;;NFK|1103|12066|202314
1103;12190;03/04/2023;202314;55;1237,50;;NAER;;NFK|1103|12190|202314
1103;20015;03/04/2023;202314;148;3764,75;;NAER;C;NFK|1103|20015|202314
1103;20041;03/04/2023;202314;218;1989,25;;NAER;A;NFK|1103|20041|202314
1103;20088;03/04/2023;202314;105;5932,50;;NAER;B;NFK|1103|20088|202314
1103;20131;03/04/2023;202314;72;1521,00;;NAER;C;NFK|1103|20131|202314
1103;30012;03/04/2023;202314;53;857,94;;NAER;;NFK|1103|30012|202314
1103;30077;03/04/2023;202314;98;5145,00;;NAER;;NFK|1103|30077|202314
1103;30154;03/04/2023;202314;55;928,12;;NAER;;NFK|1103|30154|202314
1103;30209;03/04/2023;202314;90;3369,38;;NAER;;NFK|1103|30209|202314
1103;99001;03/04/2023;202314;4;0,00;;NAER;;NFK|1103|99001|202314
1108;10023;03/04/2023;202314;1129;13406,88;;HYPER;;NFK|1108|10023|202314
1108;10047;03/04/2023;202314;1052;9468,00;MP;HYPER;;NFK|1108|10047|202314
1108;10112;03/04/2023;202314;425;9004,69;;HYPER;;NFK|1108|10112|202314
1108;10310;03/04/2023;202314;312;8385,00;;HYPER;;NFK|1108|10310|202314
1108;11020;03/04/2023;202314;958;17902,62;;HYPER;;NFK|1108|11020|202314
1108;11085;03/04/2023;202314;466;5213,38;;HYPER;;NFK|1108|11085|202314
1108;11142;03/04/2023;202314;389;9700,69;;HYPER;;NFK|1108|11142|202314
1108;12004;03/04/2023;202314;463;18520,00;;HYPER;;NFK|1108|12004|202314
1108;12066;03/04/2023;202314;317;19218,12;;HYPER;;NFK|1108|12066|202314
1108;12190;03/04/2023;202314;-23;-517,50;;HYPER;;NFK|1108|12190|202314
1108;20015;03/04/2023;202314;572;14550,25;;HYPER;C;NFK|1108|20015|202314
1108;20041;03/04/2023;202314;845;7710,62;;HYPER;A;NFK|1108|20041|202314
1108;20088;03/04/2023;202314;383;21639,50;;HYPER;B;NFK|1108|20088|202314
1108;20131;03/04/2023;202314;281;5936,12;;HYPER;C;NFK|1108|20131|202314
1108;30012;03/04/2023;202314;223;3609,81;;HYPER;;NFK|1108|30012|202314
1108;30077;03/04/2023;202314;365;19162,50;;HYPER;;NFK|1108|30077|202314
1108;30154;03/04/2023;202314;256;4320,00;;HYPER;;NFK|1108|30154|202314
1108;30209;03/04/2023;202314;322;12054,88;;HYPER;;NFK|1108|30209|202314
1108;99001;03/04/2023;202314;16;0,00;;HYPER;;NFK|1108|99001|202314
3104;10023;03/04/2023;202314;554;6578,75;;SUPER;;NFK|3104|10023|202314
3104;10047;03/04/2023;202314;317;3566,25;;SUPER;;NFK|3104|10047|202314
3104;10112;03/04/2023;202314;170;3601,88;;SUPER;;NFK|3104|10112|202314
3104;10310;03/04/2023;202314;162;4353,75;;SUPER;;NFK|3104|10310|202314
3104;11020;03/04/2023;202314;431;8054,31;;SUPER;;NFK|3104|11020|202314
3104;11085;03/04/2023;202314;225;2517,19;;SUPER;;NFK|3104|11085|202314
3104;11142;03/04/2023;202314;151;3765,56;;SUPER;;NFK|3104|11142|202314
3104;12004;03/04/2023;202314;201;8040,00;;SUPER;;NFK|3104|12004|202314
3104;12066;03/04/2023;202314;160;9700,00;;SUPER;;NFK|3104|12066|202314
3104;12190;03/04/2023;202314;121;2722,50;;SUPER;;NFK|3104|12190|202314
3104;20015;03/04/2023;202314;292;7427,75;;SUPER;C;NFK|3104|20015|202314
3104;20041;03/04/2023;202314;395;3604,38;;SUPER;A;NFK|3104|20041|202314
3104;20088;03/04/2023;202314;187;10565,50;;SUPER;B;NFK|3104|20088|202314
3104;20131;03/04/2023;202314;116;2450,50;;SUPER;C;NFK|3104|20131|202314
3104;30012;03/04/2023;202314;91;1473,06;;SUPER;;NFK|3104|30012|202314
3104;30077;03/04/2023;202314;148;7770,00;;SUPER;;NFK|3104|30077|202314
3104;30154;03/04/2023;202314;103;1738,12;;SUPER;;NFK|3104|30154|202314
3104;30209;03/04/2023;202314;130;4866,88;;SUPER;;NFK|3104|30209|202314
3104;99001;03/04/2023;202314;7;0,00;;SUPER;;NFK|3104|99001|202314
3117;10023;03/04/2023;202314;208;2470,00;;NAER;;NFK|3117|10023|202314
3117;10047;03/04/2023;202314;143;1608,75;;NAER;;NFK|3117|10047|202314
3117;10112;03/04/2023;202314;85;1800,94;;NAER;;NFK|3117|10112|202314
3117;10310;03/04/2023;202314;73;1961,88;;NAER;;NFK|3117|10310|202314
3117;11020;03/04/2023;202314;171;3195,56;;NAER;;NFK|3117|11020|202314
3117;11085;03/04/2023;202314;95;1062,81;;NAER;;NFK|3117|11085|202314
3117;11142;03/04/2023;202314;69;1720,69;;NAER;;NFK|3117|11142|202314
3117;12004;03/04/2023;202314;102;4080,00;;NAER;;NFK|3117|12004|202314
3117;12066;03/04/2023;202314;78;4728,75;;NAER;;NFK|3117|12066|202314
3117;12190;03/04/2023;202314;58;1305,00;;NAER;;NFK|3117|12190|202314
3117;20015;03/04/2023;202314;155;3942,81;;NAER;C;NFK|3117|20015|202314
3117;20041;03/04/2023;202314;174;1587,75;;NAER;A;NFK|3117|20041|202314
3117;20088;03/04/2023;202314;95;5367,50;;NAER;B;NFK|3117|20088|202314
3117;20131;03/04/2023;202314;64;1352,00;;NAER;C;NFK|3117|20131|202314
3117;30012;03/04/2023;202314;54;874,12;;NAER;;NFK|3117|30012|202314
3117;30077;03/04/2023;202314;76;3990,00;;NAER;;NFK|3117|30077|202314
3117;30154;03/04/2023;202314;52;877,50;;NAER;;NFK|3117|30154|202314
3117;30209;03/04/2023;202314;60;2246,25;;NAER;;NFK|3117|30209|202314
3122;10023;03/04/2023;202314;177;2101,88;;FRANCHISE;;NFK|3122|10023|202314
3122;10047;03/04/2023;202314;96;1080,00;;FRANCHISE;;NFK|3122|10047|202314
3122;10112;03/04/2023;202314;61;1292,44;;FRANCHISE;;NFK|3122|10112|202314
3122;10310;03/04/2023;202314;52;1397,50;;FRANCHISE;;NFK|3122|10310|202314
3122;11020;03/04/2023;202314;154;2877,87;;FRANCHISE;;NFK|3122|11020|202314
3122;11085;03/04/2023;202314;79;883,81;;FRANCHISE;;NFK|3122|11085|202314
3122;11142;03/04/2023;202314;52;1296,75;;FRANCHISE;;NFK|3122|11142|202314
3122;12004;03/04/2023;202314;65;2600,00;;FRANCHISE;;NFK|3122|12004|202314
3122;12066;03/04/2023;202314;61;3698,12;;FRANCHISE;;NFK|3122|12066|202314
3122;12190;03/04/2023;202314;39;877,50;;FRANCHISE;;NFK|3122|12190|202314
3122;20015;03/04/2023;202314;88;2238,50;;FRANCHISE;C;NFK|3122|20015|202314
3122;20041;03/04/2023;202314;138;1259,25;;FRANCHISE;A;NFK|3122|20041|202314
3122;20088;03/04/2023;202314;62;3503,00;;FRANCHISE;B;NFK|3122|20088|202314
3122;20131;03/04/2023;202314;40;845,00;;FRANCHISE;C;NFK|3122|20131|202314
3122;30012;03/04/2023;202314;31;501,81;;FRANCHISE;;NFK|3122|30012|202314
3122;30077;03/04/2023;202314;54;2835,00;;FRANCHISE;;NFK|3122|30077|202314
3122;30154;03/04/2023;202314;38;641,25;;FRANCHISE;;NFK|3122|30154|202314
3122;30209;03/04/2023;202314;54;2021,62;;FRANCHISE;;NFK|3122|30209|202314
3122;99001;03/04/2023;202314;3;0,00;;FRANCHISE;;NFK|3122|99001|202314
4201;10023;03/04/2023;202314;1017;12076,88;;HYPER;;NFK|4201|10023|202314
4201;10047;03/04/2023;202314;788;7092,00;MP;HYPER;;NFK|4201|10047|202314
4201;10112;03/04/2023;202314;327;6928,31;;HYPER;;NFK|4201|10112|202314
4201;10310;03/04/2023;202314;254;6826,25;;HYPER;;NFK|4201|10310|202314
4201;11020;03/04/2023;202314;661;12352,44;;HYPER;;NFK|4201|11020|202314
4201;11085;03/04/2023;202314;467;5224,56;;HYPER;;NFK|4201|11085|202314
4201;11142;03/04/2023;202314;353;8802,94;;HYPER;;NFK|4201|11142|202314
4201;12004;03/04/2023;202314;382;15280,00;;HYPER;;NFK|4201|12004|202314
4201;12066;03/04/2023;202314;257;15580,62;;HYPER;;NFK|4201|12066|202314
4201;12190;03/04/2023;202314;235;5287,50;;HYPER;;NFK|4201|12190|202314
4201;20015;03/04/2023;202314;596;15160,75;;HYPER;C;NFK|4201|20015|202314
4201;20041;03/04/2023;202314;704;6424,00;;HYPER;A;NFK|4201|20041|202314
4201;20088;03/04/2023;202314;347;19605,50;;HYPER;B;NFK|4201|20088|202314
4201;20131;03/04/2023;202314;261;5513,62;;HYPER;C;NFK|4201|20131|202314
4201;30012;03/04/2023;202314;172;2784,25;;HYPER;;NFK|4201|30012|202314
4201;30077;03/04/2023;202314;272;14280,00;;HYPER;;NFK|4201|30077|202314
4201;30154;03/04/2023;202314;217;3661,88;;HYPER;;NFK|4201|30154|202314
4201;30209;03/04/2023;202314;279;10445,06;;HYPER;;NFK|4201|30209|202314
4201;99001;03/04/2023;202314;12;0,00;;HYPER;;NFK|4201|99001|202314
4205;10023;03/04/2023;202314;579;6875,62;;SUPER;;NFK|4205|10023|202314
4205;10047;03/04/2023;202314;460;4140,00;MP;SUPER;;NFK|4205|10047|202314
4205;10112;03/04/2023;202314;193;4089,19;;SUPER;;NFK|4205|10112|202314
4205;10310;03/04/2023;202314;162;4353,75;;SUPER;;NFK|4205|10310|202314
4205;11020;03/04/2023;202314;474;8857,88;;SUPER;;NFK|4205|11020|202314
4205;11085;03/04/2023;202314;286;3199,62;;SUPER;;NFK|4205|11085|202314
4205;11142;03/04/2023;202314;189;4713,19;;SUPER;;NFK|4205|11142|202314
4205;12004;03/04/2023;202314;248;9920,00;;SUPER;;NFK|4205|12004|202314
4205;12066;03/04/2023;202314;156;9457,50;;SUPER;;NFK|4205|12066|202314
4205;12190;03/04/2023;202314;111;2497,50;;SUPER;;NFK|4205|12190|202314
4205;20015;03/04/2023;202314;320;8140,00;;SUPER;C;NFK|4205|20015|202314
4205;20041;03/04/2023;202314;389;3549,62;;SUPER;A;NFK|4205|20041|202314
4205;20088;03/04/2023;202314;208;11752,00;;SUPER;B;NFK|4205|20088|202314
4205;20131;03/04/2023;202314;138;2915,25;;SUPER;C;NFK|4205|20131|202314
4205;30012;03/04/2023;202314;126;2039,62;;SUPER;;NFK|4205|30012|202314
4205;30077;03/04/2023;202314;160;8400,00;;SUPER;;NFK|4205|30077|202314
4205;30154;03/04/2023;202314;131;2210,62;;SUPER;;NFK|4205|30154|202314
4205;30209;03/04/2023;202314;166;6214,62;;SUPER;;NFK|4205|30209|202314
4218;10023;03/04/2023;202314;588;6982,50;;SUPER;;NFK|4218|10023|202314
4218;10047;03/04/2023;202314;564;5076,00;MP;SUPER;;NFK|4218|10047|202314
4218;10112;03/04/2023;202314;223;4724,81;;SUPER;;NFK|4218|10112|202314
4218;10310;03/04/2023;202314;172;4622,50;;SUPER;;NFK|4218|10310|202314
4218;11020;03/04/2023;202314;413;7717,94;;SUPER;;NFK|4218|11020|202314
4218;11085;03/04/2023;202314;252;2819,25;;SUPER;;NFK|4218|11085|202314
4218;11142;03/04/2023;202314;216;5386,50;;SUPER;;NFK|4218|11142|202314
4218;12004;03/04/2023;202314;270;10800,00;;SUPER;;NFK|4218|12004|202314
4218;12066;03/04/2023;202314;170;10306,25;;SUPER;;NFK|4218|12066|202314
4218;12190;03/04/2023;202314;120;2700,00;;SUPER;;NFK|4218|12190|202314
4218;20015;03/04/2023;202314;298;7580,37;;SUPER;C;NFK|4218|20015|202314
4218;20041;03/04/2023;202314;429;3914,62;;SUPER;A;NFK|4218|20041|202314
4218;20088;03/04/2023;202314;229;12938,50;;SUPER;B;NFK|4218|20088|202314
4218;20131;03/04/2023;202314;143;3020,88;;SUPER;C;NFK|4218|20131|202314
4218;30012;03/04/2023;202314;108;1748,25;;SUPER;;NFK|4218|30012|202314
4218;30077;03/04/2023;202314;181;9502,50;;SUPER;;NFK|4218|30077|202314
4218;30154;03/04/2023;202314;132;2227,50;;SUPER;;NFK|4218|30154|202314
4218;30209;03/04/2023;202314;152;5690,50;;SUPER;;NFK|4218|30209|202314
5502;10023;03/04/2023;202314;532;6317,50;;SUPER;;NFK|5502|10023|202314
5502;10047;03/04/2023;202314;357;4016,25;;SUPER;;NFK|5502|10047|202314
5502;10112;03/04/2023;202314;172;3644,25;;SUPER;;NFK|5502|10112|202314
5502;10310;03/04/2023;202314;139;3735,62;;SUPER;;NFK|5502|10310|202314
5502;11020;03/04/2023;202314;454;8484,12;;SUPER;;NFK|5502|11020|202314
5502;11085;03/04/2023;202314;232;2595,50;;SUPER;;NFK|5502|11085|202314
5502;11142;03/04/2023;202314;160;3990,00;;SUPER;;NFK|5502|11142|202314
5502;12004;03/04/2023;202314;206;8240,00;;SUPER;;NFK|5502|12004|202314
5502;12066;03/04/2023;202314;170;10306,25;;SUPER;;NFK|5502|12066|202314
5502;12190;03/04/2023;202314;103;2317,50;;SUPER;;NFK|5502|12190|202314
5502;20015;03/04/2023;202314;330;8394,38;;SUPER;C;NFK|5502|20015|202314
5502;20041;03/04/2023;202314;354;3230,25;;SUPER;A;NFK|5502|20041|202314
5502;20088;03/04/2023;202314;204;11526,00;;SUPER;B;NFK|5502|20088|202314
5502;20131;03/04/2023;202314;148;3126,50;;SUPER;C;NFK|5502|20131|202314
5502;30012;03/04/2023;202314;94;1521,62;;SUPER;;NFK|5502|30012|202314
5502;30077;03/04/2023;202314;155;8137,50;;SUPER;;NFK|5502|30077|202314
5502;30154;03/04/2023;202314;111;1873,12;;SUPER;;NFK|5502|30154|202314
5502;30209;03/04/2023;202314;165;6177,19;;SUPER;;NFK|5502|30209|202314
5511;10023;03/04/2023;202314;218;2588,75;;PARTNER;;NFK|5511|10023|202314
5511;10047;03/04/2023;202314;122;1372,50;;PARTNER;;NFK|5511|10047|202314
5511;10112;03/04/2023;202314;68;1440,75;;PARTNER;;NFK|5511|10112|202314
5511;10310;03/04/2023;202314;62;1666,25;;PARTNER;;NFK|5511|10310|202314
5511;11020;03/04/2023;202314;181;3382,44;;PARTNER;;NFK|5511|11020|202314
5511;11085;03/04/2023;202314;88;984,50;;PARTNER;;NFK|5511|11085|202314
5511;11142;03/04/2023;202314;62;1546,12;;PARTNER;;NFK|5511|11142|202314
5511;12004;03/04/2023;202314;74;2960,00;;PARTNER;;NFK|5511|12004|202314
5511;12066;03/04/2023;202314;61;3698,12;;PARTNER;;NFK|5511|12066|202314
5511;12190;03/04/2023;202314;41;922,50;;PARTNER;;NFK|5511|12190|202314
5511;20015;03/04/2023;202314;113;2874,44;;PARTNER;C;NFK|5511|20015|202314
5511;20041;03/04/2023;202314;139;1268,38;;PARTNER;A;NFK|5511|20041|202314
5511;20088;03/04/2023;202314;86;4859,00;;PARTNER;B;NFK|5511|20088|202314
5511;20131;03/04/2023;202314;54;1140,75;;PARTNER;C;NFK|5511|20131|202314
5511;30012;03/04/2023;202314;41;663,69;;PARTNER;;NFK|5511|30012|202314
5511;30077;03/04/2023;202314;63;3307,50;;PARTNER;;NFK|5511|30077|202314
5511;30154;03/04/2023;202314;50;843,75;;PARTNER;;NFK|5511|30154|202314
5511;30209;03/04/2023;202314;57;2133,94;;PARTNER;;NFK|5511|30209|202314
9001;10023;03/04/2023;202314;28;332,50;;DEPOT;;NFK|9001|10023|202314
9001;10047;03/04/2023;202314;19;213,75;;DEPOT;;NFK|9001|10047|202314
9001;10112;03/04/2023;202314;10;211,88;;DEPOT;;NFK|9001|10112|202314
9001;10310;03/04/2023;202314;9;241,88;;DEPOT;;NFK|9001|10310|202314
9001;11020;03/04/2023;202314;23;429,81;;DEPOT;;NFK|9001|11020|202314
9001;11085;03/04/2023;202314;14;156,62;;DEPOT;;NFK|9001|11085|202314
9001;11142;03/04/2023;202314;9;224,44;;DEPOT;;NFK|9001|11142|202314
9001;12004;03/04/2023;202314;13;520,00;;DEPOT;;NFK|9001|12004|202314
9001;12066;03/04/2023;202314;9;545,62;;DEPOT;;NFK|9001|12066|202314
9001;12190;03/04/2023;202314;7;157,50;;DEPOT;;NFK|9001|12190|202314
9001;20015;03/04/2023;202314;17;432,44;;DEPOT;C;NFK|9001|20015|202314
9001;20041;03/04/2023;202314;21;191,62;;DEPOT;A;NFK|9001|20041|202314
9001;20088;03/04/2023;202314;10;565,00;;DEPOT;B;NFK|9001|20088|202314
9001;20131;03/04/2023;202314;8;169,00;;DEPOT;C;NFK|9001|20131|202314
9001;30012;03/04/2023;202314;6;97,12;;DEPOT;;NFK|9001|30012|202314
9001;30077;03/04/2023;202314;9;472,50;;DEPOT;;NFK|9001|30077|202314
9001;30154;03/04/2023;202314;6;101,25;;DEPOT;;NFK|9001|30154|202314
9001;30209;03/04/2023;202314;9;336,94;;DEPOT;;NFK|9001|30209|202314
1101;10023;10/04/2023;202315;579;6875,62;;SUPER;;NFK|1101|10023|202315
1101;10047;10/04/2023;202315;386;4342,50;;SUPER;;NFK|1101|10047|202315
1101;10112;10/04/2023;202315;205;4343,44;;SUPER;;NFK|1101|10112|202315
1101;10310;10/04/2023;202315;176;4730,00;;SUPER;;NFK|1101|10310|202315
1101;11020;10/04/2023;202315;415;7755,31;;SUPER;;NFK|1101|11020|202315
1101;11085;10/04/2023;202315;245;2740,94;;SUPER;;NFK|1101|11085|202315
1101;11142;10/04/2023;202315;185;4613,44;;SUPER;;NFK|1101|11142|202315
1101;12004;10/04/2023;202315;217;8680,00;;SUPER;;NFK|1101|12004|202315
1101;12066;10/04/2023;202315;206;10616,72;MP;SUPER;;NFK|1101|12066|202315
1101;12190;10/04/2023;202315;139;3127,50;;SUPER;;NFK|1101|12190|202315
1101;20015;10/04/2023;202315;366;9310,12;;SUPER;C;NFK|1101|20015|202315
1101;20041;10/04/2023;202315;450;4106,25;;SUPER;A;NFK|1101|20041|202315
1101;20088;10/04/2023;202315;218;12317,00;;SUPER;B;NFK|1101|20088|202315
1101;20131;10/04/2023;202315;150;3168,75;;SUPER;C;NFK|1101|20131|202315
1101;30012;10/04/2023;202315;153;1981,35;MP;SUPER;;NFK|1101|30012|202315
1101;30077;10/04/2023;202315;180;9450,00;;SUPER;;NFK|1101|30077|202315
1101;30154;10/04/2023;202315;140;2362,50;;SUPER;;NFK|1101|30154|202315
1101;30209;10/04/2023;202315;180;6738,75;;SUPER;;NFK|1101|30209|202315
1102;10023;10/04/2023;202315;513;6091,88;;SUPER;;NFK|1102|10023|202315
1102;10047;10/04/2023;202315;308;3465,00;;SUPER;;NFK|1102|10047|202315
1102;10112;10/04/2023;202315;220;4661,25;;SUPER;;NFK|1102|10112|202315
1102;10310;10/04/2023;202315;155;4165,62;;SUPER;;NFK|1102|10310|202315
1102;11020;10/04/2023;202315;0;0,00;;SUPER;;NFK|1102|11020|202315
1102;11085;10/04/2023;202315;238;2662,62;;SUPER;;NFK|1102|11085|202315
1102;11142;10/04/2023;202315;172;4289,25;;SUPER;;NFK|1102|11142|202315
1102;12004;10/04/2023;202315;219;8760,00;;SUPER;;NFK|1102|12004|202315
1102;12066;10/04/2023;202315;187;9637,51;MP;SUPER;;NFK|1102|12066|202315
1102;12190;10/04/2023;202315;115;2587,50;;SUPER;;NFK|1102|12190|202315
1102;20015;10/04/2023;202315;283;7198,81;;SUPER;C;NFK|1102|20015|202315
1102;20041;10/04/2023;202315;376;3431,00;;SUPER;A;NFK|1102|20041|202315
1102;20088;10/04/2023;202315;235;13277,50;;SUPER;B;NFK|1102|20088|202315
1102;20131;10/04/2023;202315;141;2978,62;;SUPER;C;NFK|1102|20131|202315
1102;30012;10/04/2023;202315;142;1838,90;MP;SUPER;;NFK|1102|30012|202315
1102;30077;10/04/2023;202315;191;10027,50;;SUPER;;NFK|1102|30077|202315
1102;30154;10/04/2023;202315;135;2278,12;;SUPER;;NFK|1102|30154|202315
1102;30209;10/04/2023;202315;150;5615,62;;SUPER;;NFK|1102|30209|202315
1103;10023;10/04/2023;202315;293;3479,38;;NAER;;NFK|1103|10023|202315
1103;10047;10/04/2023;202315;152;1710,00;;NAER;;NFK|1103|10047|202315
1103;10112;10/04/2023;202315;91;1928,06;;NAER;;NFK|1103|10112|202315
1103;10310;10/04/2023;202315;80;2150,00;;NAER;;NFK|1103|10310|202315
1103;11020;10/04/2023;202315;198;3700,12;;NAER;;NFK|1103|11020|202315
1103;11085;10/04/2023;202315;124;1387,25;;NAER;;NFK|1103|11085|202315
1103;11142;10/04/2023;202315;91;2269,31;;NAER;;NFK|1103|11142|202315
1103;12004;10/04/2023;202315;117;4680,00;;NAER;;NFK|1103|12004|202315
1103;12066;10/04/2023;202315;113;5823,74;MP;NAER;;NFK|1103|12066|202315
1103;12190;10/04/2023;202315;61;1372,50;;NAER;;NFK|1103|12190|202315
1103;20015;10/04/2023;202315;143;3637,56;;NAER;C;NFK|1103|20015|202315
1103;20041;10/04/2023;202315;203;1852,38;;NAER;A;NFK|1103|20041|202315
1103;20088;10/04/2023;202315;114;6441,00;;NAER;B;NFK|1103|20088|202315
1103;20131;10/04/2023;202315;66;1394,25;;NAER;C;NFK|1103|20131|202315
1103;30012;10/04/2023;202315;69;893,55;MP;NAER;;NFK|1103|30012|202315
1103;30077;10/04/2023;202315;86;4515,00;;NAER;;NFK|1103|30077|202315
1103;30154;10/04/2023;202315;72;1215,00;;NAER;;NFK|1103|30154|202315
1103;30209;10/04/2023;202315;73;2732,94;;NAER;;NFK|1103|30209|202315
1108;10023;10/04/2023;202315;1082;12848,75;;HYPER;;NFK|1108|10023|202315
1108;10047;10/04/2023;202315;767;8628,75;;HYPER;;NFK|1108|10047|202315
1108;10112;10/04/2023;202315;377;7987,69;;HYPER;;NFK|1108|10112|202315
1108;10310;10/04/2023;202315;297;7981,88;;HYPER;;NFK|1108|10310|202315
1108;11020;10/04/2023;202315;755;14109,06;;HYPER;;NFK|1108|11020|202315
1108;11085;10/04/2023;202315;459;5135,06;;HYPER;;NFK|1108|11085|202315
1108;11142;10/04/2023;202315;364;9077,25;;HYPER;;NFK|1108|11142|202315
1108;12004;10/04/2023;202315;423;16920,00;;HYPER;;NFK|1108|12004|202315
1108;12066;10/04/2023;202315;400;20615,00;MP;HYPER;;NFK|1108|12066|202315
1108;12190;10/04/2023;202315;230;5175,00;;HYPER;;NFK|1108|12190|202315
1108;20015;10/04/2023;202315;656;16687,00;;HYPER;C;NFK|1108|20015|202315
1108;20041;10/04/2023;202315;829;7564,62;;HYPER;A;NFK|1108|20041|202315
1108;20088;10/04/2023;202315;455;25707,50;;HYPER;B;NFK|1108|20088|202315
1108;20131;10/04/2023;202315;273;5767,12;;HYPER;C;NFK|1108|20131|202315
1108;30012;10/04/2023;202315;316;4092,20;MP;HYPER;;NFK|1108|30012|202315
1108;30077;10/04/2023;202315;380;19950,00;;HYPER;;NFK|1108|30077|202315
1108;30154;10/04/2023;202315;229;3864,38;;HYPER;;NFK|1108|30154|202315
1108;30209;10/04/2023;202315;300;11231,25;;HYPER;;NFK|1108|30209|202315
3104;10023;10/04/2023;202315;0;0,00;;SUPER;;NFK|3104|10023|202315
3104;10047;10/04/2023;202315;335;3768,75;;SUPER;;NFK|3104|10047|202315
3104;10112;10/04/2023;202315;163;3453,56;;SUPER;;NFK|3104|10112|202315
3104;10310;10/04/2023;202315;138;3708,75;;SUPER;;NFK|3104|10310|202315
3104;11020;10/04/2023;202315;449;8390,69;;SUPER;;NFK|3104|11020|202315
3104;11085;10/04/2023;202315;210;2349,37;;SUPER;;NFK|3104|11085|202315
3104;11142;10/04/2023;202315;163;4064,81;;SUPER;;NFK|3104|11142|202315
3104;12004;10/04/2023;202315;194;7760,00;;SUPER;;NFK|3104|12004|202315
3104;12066;10/04/2023;202315;230;11853,62;MP;SUPER;;NFK|3104|12066|202315
3104;12190;10/04/2023;202315;113;2542,50;;SUPER;;NFK|3104|12190|202315
3104;20015;10/04/2023;202315;261;6639,19;;SUPER;C;NFK|3104|20015|202315
3104;20041;10/04/2023;202315;325;2965,62;;SUPER;A;NFK|3104|20041|202315
3104;20088;10/04/2023;202315;209;11808,50;;SUPER;B;NFK|3104|20088|202315
3104;20131;10/04/2023;202315;122;2577,25;;SUPER;C;NFK|3104|20131|202315
3104;30012;10/04/2023;202315;145;1877,75;MP;SUPER;;NFK|3104|30012|202315
3104;30077;10/04/2023;202315;161;8452,50;;SUPER;;NFK|3104|30077|202315
3104;30154;10/04/2023;202315;120;2025,00;;SUPER;;NFK|3104|30154|202315
3104;30209;10/04/2023;202315;156;5840,25;;SUPER;;NFK|3104|30209|202315
3117;10023;10/04/2023;202315;0;0,00;;NAER;;NFK|3117|10023|202315
3117;10047;10/04/2023;202315;131;1473,75;;NAER;;NFK|3117|10047|202315
3117;10112;10/04/2023;202315;76;1610,25;;NAER;;NFK|3117|10112|202315
3117;10310;10/04/2023;202315;63;1693,12;;NAER;;NFK|3117|10310|202315
3117;11020;10/04/2023;202315;187;3494,56;;NAER;;NFK|3117|11020|202315
3117;11085;10/04/2023;202315;102;1141,12;;NAER;;NFK|3117|11085|202315
3117;11142;10/04/2023;202315;71;1770,56;;NAER;;NFK|3117|11142|202315
3117;12004;10/04/2023;202315;89;3560,00;;NAER;;NFK|3117|12004|202315
3117;12066;10/04/2023;202315;109;5617,59;MP;NAER;;NFK|3117|12066|202315
3117;12190;10/04/2023;202315;52;1170,00;;NAER;;NFK|3117|12190|202315
3117;20015;10/04/2023;202315;142;3612,12;;NAER;C;NFK|3117|20015|202315
3117;20041;10/04/2023;202315;189;1724,62;;NAER;A;NFK|3117|20041|202315
3117;20088;10/04/2023;202315;101;5706,50;;NAER;B;NFK|3117|20088|202315
3117;20131;10/04/2023;202315;57;1204,12;;NAER;C;NFK|3117|20131|202315
3117;30012;10/04/2023;202315;69;893,55;MP;NAER;;NFK|3117|30012|202315
3117;30077;10/04/2023;202315;75;3937,50;;NAER;;NFK|3117|30077|202315
3117;30154;10/04/2023;202315;48;810,00;;NAER;;NFK|3117|30154|202315
3117;30209;10/04/2023;202315;71;2658,06;;NAER;;NFK|3117|30209|202315
3122;10023;10/04/2023;202315;166;1971,25;;FRANCHISE;;NFK|3122|10023|202315
3122;10047;10/04/2023;202315;107;1203,75;;FRANCHISE;;NFK|3122|10047|202315
3122;10112;10/04/2023;202315;72;1525,50;;FRANCHISE;;NFK|3122|10112|202315
3122;10310;10/04/2023;202315;46;1236,25;;FRANCHISE;;NFK|3122|10310|202315
3122;11020;10/04/2023;202315;154;2877,87;;FRANCHISE;;NFK|3122|11020|202315
3122;11085;10/04/2023;202315;74;827,88;;FRANCHISE;;NFK|3122|11085|202315
3122;11142;10/04/2023;202315;61;1521,19;;FRANCHISE;;NFK|3122|11142|202315
3122;12004;10/04/2023;202315;70;2800,00;;FRANCHISE;;NFK|3122|12004|202315
3122;12066;10/04/2023;202315;71;3659,16;MP;FRANCHISE;;NFK|3122|12066|202315
3122;12190;10/04/2023;202315;36;810,00;;FRANCHISE;;NFK|3122|12190|202315
3122;20015;10/04/2023;202315;93;2365,69;;FRANCHISE;C;NFK|3122|20015|202315
3122;20041;10/04/2023;202315;132;1204,50;;FRANCHISE;A;NFK|3122|20041|202315
3122;20088;10/04/2023;202315;62;3503,00;;FRANCHISE;B;NFK|3122|20088|202315
3122;20131;10/04/2023;202315;46;971,75;;FRANCHISE;C;NFK|3122|20131|202315
3122;30012;10/04/2023;202315;45;582,75;MP;FRANCHISE;;NFK|3122|30012|202315
3122;30077;10/04/2023;202315;57;2992,50;;FRANCHISE;;NFK|3122|30077|202315
3122;30154;10/04/2023;202315;39;658,12;;FRANCHISE;;NFK|3122|30154|202315
3122;30209;10/04/2023;202315;58;2171,38;;FRANCHISE;;NFK|3122|30209|202315
4201;10023;10/04/2023;202315;1003;11910,62;;HYPER;;NFK|4201|10023|202315
4201;10047;10/04/2023;202315;542;6097,50;;HYPER;;NFK|4201|10047|202315
4201;10112;10/04/2023;202315;341;7224,94;;HYPER;;NFK|4201|10112|202315
4201;10310;10/04/2023;202315;276;7417,50;;HYPER;;NFK|4201|10310|202315
4201;11020;10/04/2023;202315;830;15510,62;;HYPER;;NFK|4201|11020|202315
4201;11085;10/04/2023;202315;477;5336,44;;HYPER;;NFK|4201|11085|202315
4201;11142;10/04/2023;202315;288;7182,00;;HYPER;;NFK|4201|11142|202315
4201;12004;10/04/2023;202315;397;15880,00;;HYPER;;NFK|4201|12004|202315
4201;12066;10/04/2023;202315;370;19068,88;MP;HYPER;;NFK|4201|12066|202315
4201;12190;10/04/2023;202315;237;5332,50;;HYPER;;NFK|4201|12190|202315
4201;20015;10/04/2023;202315;468;11904,75;;HYPER;C;NFK|4201|20015|202315
4201;20041;10/04/2023;202315;768;7008,00;;HYPER;A;NFK|4201|20041|202315
4201;20088;10/04/2023;202315;402;22713,00;;HYPER;B;NFK|4201|20088|202315
4201;20131;10/04/2023;202315;228;4816,50;;HYPER;C;NFK|4201|20131|202315
4201;30012;10/04/2023;202315;261;3379,95;MP;HYPER;;NFK|4201|30012|202315
4201;30077;10/04/2023;202315;285;14962,50;;HYPER;;NFK|4201|30077|202315
4201;30154;10/04/2023;202315;230;3881,25;;HYPER;;NFK|4201|30154|202315
4201;30209;10/04/2023;202315;252;9434,25;;HYPER;;NFK|4201|30209|202315
4201;99001;10/04/2023;202315;14;0,00;;HYPER;;NFK|4201|99001|202315
4205;10023;10/04/2023;202315;601;7136,88;;SUPER;;NFK|4205|10023|202315
4205;10047;10/04/2023;202315;331;3723,75;;SUPER;;NFK|4205|10047|202315
4205;10112;10/04/2023;202315;177;3750,19;;SUPER;;NFK|4205|10112|202315
4205;10310;10/04/2023;202315;173;4649,38;;SUPER;;NFK|4205|10310|202315
4205;11020;10/04/2023;202315;485;9063,44;;SUPER;;NFK|4205|11020|202315
4205;11085;10/04/2023;202315;289;3233,19;;SUPER;;NFK|4205|11085|202315
4205;11142;10/04/2023;202315;176;4389,00;;SUPER;;NFK|4205|11142|202315
4205;12004;10/04/2023;202315;217;8680,00;;SUPER;;NFK|4205|12004|202315
4205;12066;10/04/2023;202315;248;12781,30;MP;SUPER;;NFK|4205|12066|202315
4205;12190;10/04/2023;202315;125;2812,50;;SUPER;;NFK|4205|12190|202315
4205;20015;10/04/2023;202315;280;7122,50;;SUPER;C;NFK|4205|20015|202315
4205;20041;10/04/2023;202315;392;3577,00;;SUPER;A;NFK|4205|20041|202315
4205;20088;10/04/2023;202315;220;12430,00;;SUPER;B;NFK|4205|20088|202315
4205;20131;10/04/2023;202315;147;3105,38;;SUPER;C;NFK|4205|20131|202315
4205;30012;10/04/2023;202315;153;1981,35;MP;SUPER;;NFK|4205|30012|202315
4205;30077;10/04/2023;202315;152;7980,00;;SUPER;;NFK|4205|30077|202315
4205;30154;10/04/2023;202315;114;1923,75;;SUPER;;NFK|4205|30154|202315
4205;30209;10/04/2023;202315;168;6289,50;;SUPER;;NFK|4205|30209|202315
4218;10023;10/04/2023;202315;658;7813,75;;SUPER;;NFK|4218|10023|202315
4218;10047;10/04/2023;202315;377;4241,25;;SUPER;;NFK|4218|10047|202315
4218;10112;10/04/2023;202315;193;4089,19;;SUPER;;NFK|4218|10112|202315
4218;10310;10/04/2023;202315;175;4703,12;;SUPER;;NFK|4218|10310|202315
4218;11020;10/04/2023;202315;477;8913,94;;SUPER;;NFK|4218|11020|202315
4218;11085;10/04/2023;202315;280;3132,50;;SUPER;;NFK|4218|11085|202315
4218;11142;10/04/2023;202315;214;5336,62;;SUPER;;NFK|4218|11142|202315
4218;12004;10/04/2023;202315;268;10720,00;;SUPER;;NFK|4218|12004|202315
4218;12066;10/04/2023;202315;210;10822,88;MP;SUPER;;NFK|4218|12066|202315
4218;12190;10/04/2023;202315;130;2925,00;;SUPER;;NFK|4218|12190|202315
4218;20015;10/04/2023;202315;328;8343,50;;SUPER;C;NFK|4218|20015|202315
4218;20041;10/04/2023;202315;388;3540,50;;SUPER;A;NFK|4218|20041|202315
4218;20088;10/04/2023;202315;259;14633,50;;SUPER;B;NFK|4218|20088|202315
4218;20131;10/04/2023;202315;166;3506,75;;SUPER;C;NFK|4218|20131|202315
4218;30012;10/04/2023;202315;154;1994,30;MP;SUPER;;NFK|4218|30012|202315
4218;30077;10/04/2023;202315;166;8715,00;;SUPER;;NFK|4218|30077|202315
4218;30154;10/04/2023;202315;133;2244,38;;SUPER;;NFK|4218|30154|202315
4218;30209;10/04/2023;202315;162;6064,88;;SUPER;;NFK|4218|30209|202315
4218;99001;10/04/2023;202315;9;0,00;;SUPER;;NFK|4218|99001|202315
5502;10023;10/04/2023;202315;591;7018,12;;SUPER;;NFK|5502|10023|202315
5502;10047;10/04/2023;202315;353;3971,25;;SUPER;;NFK|5502|10047|202315
5502;10112;10/04/2023;202315;198;4195,12;;SUPER;;NFK|5502|10112|202315
5502;10310;10/04/2023;202315;144;3870,00;;SUPER;;NFK|5502|10310|202315
5502;11020;10/04/2023;202315;475;8876,56;;SUPER;;NFK|5502|11020|202315
5502;11085;10/04/2023;202315;274;3065,37;;SUPER;;NFK|5502|11085|202315
5502;11142;10/04/2023;202315;155;3865,31;;SUPER;;NFK|5502|11142|202315
5502;12004;10/04/2023;202315;243;9720,00;;SUPER;;NFK|5502|12004|202315
5502;12066;10/04/2023;202315;185;9534,44;MP;SUPER;;NFK|5502|12066|202315
5502;12190;10/04/2023;202315;110;2475,00;;SUPER;;NFK|5502|12190|202315
5502;20015;10/04/2023;202315;293;7453,19;;SUPER;C;NFK|5502|20015|202315
5502;20041;10/04/2023;202315;344;3139,00;;SUPER;A;NFK|5502|20041|202315
5502;20088;10/04/2023;202315;191;10791,50;;SUPER;B;NFK|5502|20088|202315
5502;20131;10/04/2023;202315;139;2936,38;;SUPER;C;NFK|5502|20131|202315
5502;30012;10/04/2023;202315;144;1864,80;MP;SUPER;;NFK|5502|30012|202315
5502;30077;10/04/2023;202315;172;9030,00;;SUPER;;NFK|5502|30077|202315
5502;30154;10/04/2023;202315;115;1940,62;;SUPER;;NFK|5502|30154|202315
5502;30209;10/04/2023;202315;159;5952,56;;SUPER;;NFK|5502|30209|202315
5511;10023;10/04/2023;202315;216;2565,00;;PARTNER;;NFK|5511|10023|202315
5511;10047;10/04/2023;202315;117;1316,25;;PARTNER;;NFK|5511|10047|202315
5511;10112;10/04/2023;202315;65;1377,19;;PARTNER;;NFK|5511|10112|202315
5511;10310;10/04/2023;202315;58;1558,75;;PARTNER;;NFK|5511|10310|202315
5511;11020;10/04/2023;202315;154;2877,87;;PARTNER;;NFK|5511|11020|202315
5511;11085;10/04/2023;202315;85;950,94;;PARTNER;;NFK|5511|11085|202315
5511;11142;10/04/2023;202315;64;1596,00;;PARTNER;;NFK|5511|11142|202315
5511;12004;10/04/2023;202315;78;3120,00;;PARTNER;;NFK|5511|12004|202315
5511;12066;10/04/2023;202315;75;3865,31;MP;PARTNER;;NFK|5511|12066|202315
5511;12190;10/04/2023;202315;50;1125,00;;PARTNER;;NFK|5511|12190|202315
5511;20015;10/04/2023;202315;122;3103,38;;PARTNER;C;NFK|5511|20015|202315
5511;20041;10/04/2023;202315;147;1341,38;;PARTNER;A;NFK|5511|20041|202315
5511;20088;10/04/2023;202315;69;3898,50;;PARTNER;B;NFK|5511|20088|202315
5511;20131;10/04/2023;202315;48;1014,00;;PARTNER;C;NFK|5511|20131|202315
5511;30012;10/04/2023;202315;55;712,25;MP;PARTNER;;NFK|5511|30012|202315
5511;30077;10/04/2023;202315;63;3307,50;;PARTNER;;NFK|5511|30077|202315
5511;30154;10/04/2023;202315;43;725,62;;PARTNER;;NFK|5511|30154|202315
5511;30209;10/04/2023;202315;62;2321,12;;PARTNER;;NFK|5511|30209|202315
9001;10023;10/04/2023;202315;31;368,12;;DEPOT;;NFK|9001|10023|202315
9001;10047;10/04/2023;202315;19;213,75;;DEPOT;;NFK|9001|10047|202315
9001;10112;10/04/2023;202315;12;254,25;;DEPOT;;NFK|9001|10112|202315
9001;10310;10/04/2023;202315;10;268,75;;DEPOT;;NFK|9001|10310|202315
9001;11020;10/04/2023;202315;26;485,88;;DEPOT;;NFK|9001|11020|202315
9001;11085;10/04/2023;202315;13;145,44;;DEPOT;;NFK|9001|11085|202315
9001;11142;10/04/2023;202315;10;249,38;;DEPOT;;NFK|9001|11142|202315
9001;12004;10/04/2023;202315;14;560,00;;DEPOT;;NFK|9001|12004|202315
9001;12066;10/04/2023;202315;13;669,99;MP;DEPOT;;NFK|9001|12066|202315
9001;12190;10/04/2023;202315;6;135,00;;DEPOT;;NFK|9001|12190|202315
9001;20015;10/04/2023;202315;17;432,44;;DEPOT;C;NFK|9001|20015|202315
9001;20041;10/04/2023;202315;24;219,00;;DEPOT;A;NFK|9001|20041|202315
9001;20088;10/04/2023;202315;12;678,00;;DEPOT;B;NFK|9001|20088|202315
9001;20131;10/04/2023;202315;8;169,00;;DEPOT;C;NFK|9001|20131|202315
9001;30012;10/04/2023;202315;7;90,65;MP;DEPOT;;NFK|9001|30012|202315
9001;30077;10/04/2023;202315;9;472,50;;DEPOT;;NFK|9001|30077|202315
9001;30154;10/04/2023;202315;7;118,12;;DEPOT;;NFK|9001|30154|202315
9001;30209;10/04/2023;202315;8;299,50;;DEPOT;;NFK|9001|30209|202315
9001;99001;10/04/2023;202315;0;0,00;;DEPOT;;NFK|9001|99001|202315
1101;10023;17/04/2023;202316;503;5973,12;;SUPER;;NFK|1101|10023|202316
1101;10047;17/04/2023;202316;315;3543,75;;SUPER;;NFK|1101|10047|202316
1101;10112;17/04/2023;202316;200;4237,50;;SUPER;;NFK|1101|10112|202316
1101;10310;17/04/2023;202316;172;4622,50;;SUPER;;NFK|1101|10310|202316
1101;11020;17/04/2023;202316;439;8203,81;;SUPER;;NFK|1101|11020|202316
1101;11085;17/04/2023;202316;244;2729,75;;SUPER;;NFK|1101|11085|202316
1101;11142;17/04/2023;202316;190;4738,12;;SUPER;;NFK|1101|11142|202316
1101;12004;17/04/2023;202316;231;9240,00;;SUPER;;NFK|1101|12004|202316
1101;12066;17/04/2023;202316;223;12167,44;MP;SUPER;;NFK|1101|12066|202316
1101;12190;17/04/2023;202316;132;2970,00;;SUPER;;NFK|1101|12190|202316
1101;20015;17/04/2023;202316;318;8089,12;;SUPER;C;NFK|1101|20015|202316
1101;20041;17/04/2023;202316;415;3786,88;;SUPER;A;NFK|1101|20041|202316
1101;20088;17/04/2023;202316;234;13221,00;;SUPER;B;NFK|1101|20088|202316
1101;20131;17/04/2023;202316;144;3042,00;;SUPER;C;NFK|1101|20131|202316
1101;30012;17/04/2023;202316;100;1618,75;;SUPER;;NFK|1101|30012|202316
1101;30077;17/04/2023;202316;151;7927,50;;SUPER;;NFK|1101|30077|202316
1101;30154;17/04/2023;202316;135;2278,12;;SUPER;;NFK|1101|30154|202316
1101;30209;17/04/2023;202316;146;5465,88;;SUPER;;NFK|1101|30209|202316
1101;99001;17/04/2023;202316;8;0,00;;SUPER;;NFK|1101|99001|202316
1102;10023;17/04/2023;202316;496;5890,00;;SUPER;;NFK|1102|10023|202316
1102;10047;17/04/2023;202316;312;3510,00;;SUPER;;NFK|1102|10047|202316
1102;10112;17/04/2023;202316;203;4301,06;;SUPER;;NFK|1102|10112|202316
1102;10310;17/04/2023;202316;162;4353,75;;SUPER;;NFK|1102|10310|202316
1102;11020;17/04/2023;202316;423;7904,81;;SUPER;;NFK|1102|11020|202316
1102;11085;17/04/2023;202316;240;2685,00;;SUPER;;NFK|1102|11085|202316
1102;11142;17/04/2023;202316;169;4214,44;;SUPER;;NFK|1102|11142|202316
1102;12004;17/04/2023;202316;209;8360,00;;SUPER;;NFK|1102|12004|202316
1102;12066;17/04/2023;202316;166;9057,38;MP;SUPER;;NFK|1102|12066|202316
1102;12190;17/04/2023;202316;107;2407,50;;SUPER;;NFK|1102|12190|202316
1102;20015;17/04/2023;202316;315;8012,81;;SUPER;C;NFK|1102|20015|202316
1102;20041;17/04/2023;202316;316;2883,50;;SUPER;A;NFK|1102|20041|202316
1102;20088;17/04/2023;202316;209;11808,50;;SUPER;B;NFK|1102|20088|202316
1102;20131;17/04/2023;202316;142;2999,75;;SUPER;C;NFK|1102|20131|202316
1102;30012;17/04/2023;202316;98;1586,38;;SUPER;;NFK|1102|30012|202316
1102;30077;17/04/2023;202316;174;9135,00;;SUPER;;NFK|1102|30077|202316
1102;30154;17/04/2023;202316;117;1974,38;;SUPER;;NFK|1102|30154|202316
1102;30209;17/04/2023;202316;143;5353,56;;SUPER;;NFK|1102|30209|202316
1103;10023;17/04/2023;202316;257;3051,88;;NAER;;NFK|1103|10023|202316
1103;10047;17/04/2023;202316;154;1732,50;;NAER;;NFK|1103|10047|202316
1103;10112;17/04/2023;202316;95;2012,81;;NAER;;NFK|1103|10112|202316
1103;10310;17/04/2023;202316;68;1827,50;;NAER;;NFK|1103|10310|202316
1103;11020;17/04/2023;202316;225;4204,69;;NAER;;NFK|1103|11020|202316
1103;11085;17/04/2023;202316;106;1185,88;;NAER;;NFK|1103|11085|202316
1103;11142;17/04/2023;202316;96;2394,00;;NAER;;NFK|1103|11142|202316
1103;12004;17/04/2023;202316;100;4000,00;;NAER;;NFK|1103|12004|202316
1103;12066;17/04/2023;202316;104;5674,50;MP;NAER;;NFK|1103|12066|202316
1103;12190;17/04/2023;202316;60;1350,00;;NAER;;NFK|1103|12190|202316
1103;20015;17/04/2023;202316;130;3306,88;;NAER;C;NFK|1103|20015|202316
1103;20041;17/04/2023;202316;200;1825,00;;NAER;A;NFK|1103|20041|202316
1103;20088;17/04/2023;202316;89;5028,50;;NAER;B;NFK|1103|20088|202316
1103;20131;17/04/2023;202316;71;1499,88;;NAER;C;NFK|1103|20131|202316
1103;30012;17/04/2023;202316;55;890,31;;NAER;;NFK|1103|30012|202316
1103;30077;17/04/2023;202316;74;3885,00;;NAER;;NFK|1103|30077|202316
1103;30154;17/04/2023;202316;54;911,25;;NAER;;NFK|1103|30154|202316
1103;30209;17/04/2023;202316;67;2508,31;;NAER;;NFK|1103|30209|202316
1108;10023;17/04/2023;202316;1100;13062,50;;HYPER;;NFK|1108|10023|202316
1108;10047;17/04/2023;202316;600;6750,00;;HYPER;;NFK|1108|10047|202316
1108;10112;17/04/2023;202316;391;8284,31;;HYPER;;NFK|1108|10112|202316
1108;10310;17/04/2023;202316;272;7310,00;;HYPER;;NFK|1108|10310|202316
1108;11020;17/04/2023;202316;703;13137,31;;HYPER;;NFK|1108|11020|202316
1108;11085;17/04/2023;202316;422;4721,12;;HYPER;;NFK|1108|11085|202316
1108;11142;17/04/2023;202316;325;8104,69;;HYPER;;NFK|1108|11142|202316
1108;12004;17/04/2023;202316;463;18520,00;;HYPER;;NFK|1108|12004|202316
1108;12066;17/04/2023;202316;338;18442,12;MP;HYPER;;NFK|1108|12066|202316
1108;12190;17/04/2023;202316;218;4905,00;;HYPER;;NFK|1108|12190|202316
1108;20015;17/04/2023;202316;584;14855,50;;HYPER;C;NFK|1108|20015|202316
1108;20041;17/04/2023;202316;719;6560,88;;HYPER;A;NFK|1108|20041|202316
1108;20088;17/04/2023;202316;438;24747,00;;HYPER;B;NFK|1108|20088|202316
1108;20131;17/04/2023;202316;232;4901,00;;HYPER;C;NFK|1108|20131|202316
1108;30012;17/04/2023;202316;207;3350,81;;HYPER;;NFK|1108|30012|202316
1108;30077;17/04/2023;202316;344;18060,00;;HYPER;;NFK|1108|30077|202316
1108;30154;17/04/2023;202316;240;4050,00;;HYPER;;NFK|1108|30154|202316
1108;30209;17/04/2023;202316;280;10482,50;;HYPER;;NFK|1108|30209|202316
3104;10023;17/04/2023;202316;405;4809,38;;SUPER;;NFK|3104|10023|202316
3104;10047;17/04/2023;202316;336;3780,00;;SUPER;;NFK|3104|10047|202316
3104;10112;17/04/2023;202316;187;3962,06;;SUPER;;NFK|3104|10112|202316
3104;10310;17/04/2023;202316;120;3225,00;;SUPER;;NFK|3104|10310|202316
3104;11020;17/04/2023;202316;358;6690,12;;SUPER;;NFK|3104|11020|202316
3104;11085;17/04/2023;202316;239;2673,81;;SUPER;;NFK|3104|11085|202316
3104;11142;17/04/2023;202316;147;3665,81;;SUPER;;NFK|3104|11142|202316
3104;12004;17/04/2023;202316;199;7960,00;;SUPER;;NFK|3104|12004|202316
3104;12066;17/04/2023;202316;165;10003,12;;SUPER;;NFK|3104|12066|202316
3104;12190;17/04/2023;202316;122;2745,00;;SUPER;;NFK|3104|12190|202316
3104;20015;17/04/2023;202316;259;6588,31;;SUPER;C;NFK|3104|20015|202316
3104;20041;17/04/2023;202316;302;2755,75;;SUPER;A;NFK|3104|20041|202316
3104;20088;17/04/2023;202316;172;9718,00;;SUPER;B;NFK|3104|20088|202316
3104;20131;17/04/2023;202316;114;2408,25;;SUPER;C;NFK|3104|20131|202316
3104;30012;17/04/2023;202316;85;1375,94;;SUPER;;NFK|3104|30012|202316
3104;30077;17/04/2023;202316;166;8715,00;;SUPER;;NFK|3104|30077|202316
3104;30154;17/04/2023;202316;122;2058,75;;SUPER;;NFK|3104|30154|202316
3104;30209;17/04/2023;202316;151;5653,06;;SUPER;;NFK|3104|30209|202316
3117;10023;17/04/2023;202316;199;2363,12;;NAER;;NFK|3117|10023|202316
3117;10047;17/04/2023;202316;137;1541,25;;NAER;;NFK|3117|10047|202316
3117;10112;17/04/2023;202316;75;1589,06;;NAER;;NFK|3117|10112|202316
3117;10310;17/04/2023;202316;70;1881,25;;NAER;;NFK|3117|10310|202316
3117;11020;17/04/2023;202316;154;2877,87;;NAER;;NFK|3117|11020|202316
3117;11085;17/04/2023;202316;101;1129,94;;NAER;;NFK|3117|11085|202316
3117;11142;17/04/2023;202316;74;1845,38;;NAER;;NFK|3117|11142|202316
3117;12004;17/04/2023;202316;105;4200,00;;NAER;;NFK|3117|12004|202316
3117;12066;17/04/2023;202316;60;3637,50;;NAER;;NFK|3117|12066|202316
3117;12190;17/04/2023;202316;56;1260,00;;NAER;;NFK|3117|12190|202316
3117;20015;17/04/2023;202316;113;2874,44;;NAER;C;NFK|3117|20015|202316
3117;20041;17/04/2023;202316;168;1533,00;;NAER;A;NFK|3117|20041|202316
3117;20088;17/04/2023;202316;74;4181,00;;NAER;B;NFK|3117|20088|202316
3117;20131;17/04/2023;202316;66;1394,25;;NAER;C;NFK|3117|20131|202316
3117;30012;17/04/2023;202316;46;744,62;;NAER;;NFK|3117|30012|202316
3117;30077;17/04/2023;202316;67;3517,50;;NAER;;NFK|3117|30077|202316
3117;30154;17/04/2023;202316;51;860,62;;NAER;;NFK|3117|30154|202316
3117;30209;17/04/2023;202316;70;2620,62;;NAER;;NFK|3117|30209|202316
3122;10023;17/04/2023;202316;166;1971,25;;FRANCHISE;;NFK|3122|10023|202316
3122;10047;17/04/2023;202316;99;1113,75;;FRANCHISE;;NFK|3122|10047|202316
3122;10112;17/04/2023;202316;52;1101,75;;FRANCHISE;;NFK|3122|10112|202316
3122;10310;17/04/2023;202316;41;1101,88;;FRANCHISE;;NFK|3122|10310|202316
3122;11020;17/04/2023;202316;131;2448,06;;FRANCHISE;;NFK|3122|11020|202316
3122;11085;17/04/2023;202316;67;749,56;;FRANCHISE;;NFK|3122|11085|202316
3122;11142;17/04/2023;202316;58;1446,38;;FRANCHISE;;NFK|3122|11142|202316
3122;12004;17/04/2023;202316;66;2640,00;;FRANCHISE;;NFK|3122|12004|202316
3122;12066;17/04/2023;202316;46;2788,75;;FRANCHISE;;NFK|3122|12066|202316
3122;12190;17/04/2023;202316;37;832,50;;FRANCHISE;;NFK|3122|12190|202316
3122;20015;17/04/2023;202316;92;2340,25;;FRANCHISE;C;NFK|3122|20015|202316
3122;20041;17/04/2023;202316;105;958,12;;FRANCHISE;A;NFK|3122|20041|202316
3122;20088;17/04/2023;202316;70;3955,00;;FRANCHISE;B;NFK|3122|20088|202316
3122;20131;17/04/2023;202316;43;908,38;;FRANCHISE;C;NFK|3122|20131|202316
3122;30012;17/04/2023;202316;33;534,19;;FRANCHISE;;NFK|3122|30012|202316
3122;30077;17/04/2023;202316;57;2992,50;;FRANCHISE;;NFK|3122|30077|202316
3122;30154;17/04/2023;202316;34;573,75;;FRANCHISE;;NFK|3122|30154|202316
3122;30209;17/04/2023;202316;43;1609,81;;FRANCHISE;;NFK|3122|30209|202316
4201;10023;17/04/2023;202316;751;8918,12;;HYPER;;NFK|4201|10023|202316
4201;10047;17/04/2023;202316;484;5445,00;;HYPER;;NFK|4201|10047|202316
4201;10112;17/04/2023;202316;324;6864,75;;HYPER;;NFK|4201|10112|202316
4201;10310;17/04/2023;202316;252;6772,50;;HYPER;;NFK|4201|10310|202316
4201;11020;17/04/2023;202316;915;13679,25;3F2;HYPER;;NFK|4201|11020|202316
4201;11085;17/04/2023;202316;379;4240,06;;HYPER;;NFK|4201|11085|202316
4201;11142;17/04/2023;202316;295;7356,56;;HYPER;;NFK|4201|11142|202316
4201;12004;17/04/2023;202316;843;25290,00;AVIS;HYPER;;NFK|4201|12004|202316
4201;12066;17/04/2023;202316;302;16477,88;MP;HYPER;;NFK|4201|12066|202316
4201;12190;17/04/2023;202316;340;6120,00;TILBUD;HYPER;;NFK|4201|12190|202316
4201;20015;17/04/2023;202316;525;13354,69;;HYPER;C;NFK|4201|20015|202316
4201;20041;17/04/2023;202316;696;6351,00;;HYPER;A;NFK|4201|20041|202316
4201;20088;17/04/2023;202316;355;20057,50;;HYPER;B;NFK|4201|20088|202316
4201;20131;17/04/2023;202316;253;5344,62;;HYPER;C;NFK|4201|20131|202316
4201;30012;17/04/2023;202316;158;2557,62;;HYPER;;NFK|4201|30012|202316
4201;30077;17/04/2023;202316;283;14857,50;;HYPER;;NFK|4201|30077|202316
4201;30154;17/04/2023;202316;219;3695,62;;HYPER;;NFK|4201|30154|202316
4201;30209;17/04/2023;202316;267;9995,81;;HYPER;;NFK|4201|30209|202316
4201;99001;17/04/2023;202316;13;0,00;;HYPER;;NFK|4201|99001|202316
4205;10023;17/04/2023;202316;517;6139,38;;SUPER;;NFK|4205|10023|202316
4205;10047;17/04/2023;202316;-32;-360,00;;SUPER;;NFK|4205|10047|202316
4205;10112;17/04/2023;202316;185;3919,69;;SUPER;;NFK|4205|10112|202316
4205;10310;17/04/2023;202316;154;4138,75;;SUPER;;NFK|4205|10310|202316
4205;11020;17/04/2023;202316;592;8850,40;3F2;SUPER;;NFK|4205|11020|202316
4205;11085;17/04/2023;202316;207;2315,81;;SUPER;;NFK|4205|11085|202316
4205;11142;17/04/2023;202316;150;3740,62;;SUPER;;NFK|4205|11142|202316
4205;12004;17/04/2023;202316;388;11640,00;AVIS;SUPER;;NFK|4205|12004|202316
4205;12066;17/04/2023;202316;172;9384,75;MP;SUPER;;NFK|4205|12066|202316
4205;12190;17/04/2023;202316;194;3492,00;TILBUD;SUPER;;NFK|4205|12190|202316
4205;20015;17/04/2023;202316;314;7987,38;;SUPER;C;NFK|4205|20015|202316
4205;20041;17/04/2023;202316;374;3412,75;;SUPER;A;NFK|4205|20041|202316
4205;20088;17/04/2023;202316;204;11526,00;;SUPER;B;NFK|4205|20088|202316
4205;20131;17/04/2023;202316;117;2471,62;;SUPER;C;NFK|4205|20131|202316
4205;30012;17/04/2023;202316;120;1942,50;;SUPER;;NFK|4205|30012|202316
4205;30077;17/04/2023;202316;-15;-787,50;;SUPER;;NFK|4205|30077|202316
4205;30154;17/04/2023;202316;125;2109,38;;SUPER;;NFK|4205|30154|202316
4205;30209;17/04/2023;202316;145;5428,44;;SUPER;;NFK|4205|30209|202316
4218;10023;17/04/2023;202316;566;6721,25;;SUPER;;NFK|4218|10023|202316
4218;10047;17/04/2023;202316;324;3645,00;;SUPER;;NFK|4218|10047|202316
4218;10112;17/04/2023;202316;198;4195,12;;SUPER;;NFK|4218|10112|202316
4218;10310;17/04/2023;202316;157;4219,38;;SUPER;;NFK|4218|10310|202316
4218;11020;17/04/2023;202316;750;11212,50;3F2;SUPER;;NFK|4218|11020|202316
4218;11085;17/04/2023;202316;275;3076,56;;SUPER;;NFK|4218|11085|202316
4218;11142;17/04/2023;202316;175;4364,06;;SUPER;;NFK|4218|11142|202316
4218;12004;17/04/2023;202316;532;15960,00;AVIS;SUPER;;NFK|4218|12004|202316
4218;12066;17/04/2023;202316;226;12331,12;MP;SUPER;;NFK|4218|12066|202316
4218;12190;17/04/2023;202316;218;3924,00;TILBUD;SUPER;;NFK|4218|12190|202316
4218;20015;17/04/2023;202316;331;8419,81;;SUPER;C;NFK|4218|20015|202316
4218;20041;17/04/2023;202316;439;4005,88;;SUPER;A;NFK|4218|20041|202316
4218;20088;17/04/2023;202316;234;13221,00;;SUPER;B;NFK|4218|20088|202316
4218;20131;17/04/2023;202316;160;3380,00;;SUPER;C;NFK|4218|20131|202316
4218;30012;17/04/2023;202316;123;1991,06;;SUPER;;NFK|4218|30012|202316
4218;30077;17/04/2023;202316;173;9082,50;;SUPER;;NFK|4218|30077|202316
4218;30154;17/04/2023;202316;115;1940,62;;SUPER;;NFK|4218|30154|202316
4218;30209;17/04/2023;202316;154;5765,38;;SUPER;;NFK|4218|30209|202316
5502;10023;17/04/2023;202316;536;6365,00;;SUPER;;NFK|5502|10023|202316
5502;10047;17/04/2023;202316;326;3667,50;;SUPER;;NFK|5502|10047|202316
5502;10112;17/04/2023;202316;174;3686,62;;SUPER;;NFK|5502|10112|202316
5502;10310;17/04/2023;202316;129;3466,88;;SUPER;;NFK|5502|10310|202316
5502;11020;17/04/2023;202316;635;9493,25;3F2;SUPER;;NFK|5502|11020|202316
5502;11085;17/04/2023;202316;198;2215,12;;SUPER;;NFK|5502|11085|202316
5502;11142;17/04/2023;202316;150;3740,62;;SUPER;;NFK|5502|11142|202316
5502;12004;17/04/2023;202316;453;13590,00;AVIS;SUPER;;NFK|5502|12004|202316
5502;12066;17/04/2023;202316;153;9275,62;;SUPER;;NFK|5502|12066|202316
5502;12190;17/04/2023;202316;182;3276,00;TILBUD;SUPER;;NFK|5502|12190|202316
5502;20015;17/04/2023;202316;298;7580,37;;SUPER;C;NFK|5502|20015|202316
5502;20041;17/04/2023;202316;386;3522,25;;SUPER;A;NFK|5502|20041|202316
5502;20088;17/04/2023;202316;168;9492,00;;SUPER;B;NFK|5502|20088|202316
5502;20131;17/04/2023;202316;0;0,00;;SUPER;C;NFK|5502|20131|202316
5502;30012;17/04/2023;202316;111;1796,81;;SUPER;;NFK|5502|30012|202316
5502;30077;17/04/2023;202316;151;7927,50;;SUPER;;NFK|5502|30077|202316
5502;30154;17/04/2023;202316;122;2058,75;;SUPER;;NFK|5502|30154|202316
5502;30209;17/04/2023;202316;128;4792,00;;SUPER;;NFK|5502|30209|202316
5511;10023;17/04/2023;202316;211;2505,62;;PARTNER;;NFK|5511|10023|202316
5511;10047;17/04/2023;202316;103;1158,75;;PARTNER;;NFK|5511|10047|202316
5511;10112;17/04/2023;202316;67;1419,56;;PARTNER;;NFK|5511|10112|202316
5511;10310;17/04/2023;202316;48;1290,00;;PARTNER;;NFK|5511|10310|202316
5511;11020;17/04/2023;202316;259;3872,05;3F2;PARTNER;;NFK|5511|11020|202316
5511;11085;17/04/2023;202316;76;850,25;;PARTNER;;NFK|5511|11085|202316
5511;11142;17/04/2023;202316;64;1596,00;;PARTNER;;NFK|5511|11142|202316
5511;12004;17/04/2023;202316;168;5040,00;AVIS;PARTNER;;NFK|5511|12004|202316
5511;12066;17/04/2023;202316;58;3516,25;;PARTNER;;NFK|5511|12066|202316
5511;12190;17/04/2023;202316;63;1134,00;TILBUD;PARTNER;;NFK|5511|12190|202316
5511;20015;17/04/2023;202316;94;2391,12;;PARTNER;C;NFK|5511|20015|202316
5511;20041;17/04/2023;202316;126;1149,75;;PARTNER;A;NFK|5511|20041|202316
5511;20088;17/04/2023;202316;70;3955,00;;PARTNER;B;NFK|5511|20088|202316
5511;20131;17/04/2023;202316;56;1183,00;;PARTNER;C;NFK|5511|20131|202316
5511;30012;17/04/2023;202316;36;582,75;;PARTNER;;NFK|5511|30012|202316
5511;30077;17/04/2023;202316;65;3412,50;;PARTNER;;NFK|5511|30077|202316
5511;30154;17/04/2023;202316;46;776,25;;PARTNER;;NFK|5511|30154|202316
5511;30209;17/04/2023;202316;56;2096,50;;PARTNER;;NFK|5511|30209|202316
9001;10023;17/04/2023;202316;23;273,12;;DEPOT;;NFK|9001|10023|202316
9001;10047;17/04/2023;202316;16;180,00;;DEPOT;;NFK|9001|10047|202316
9001;10112;17/04/2023;202316;10;211,88;;DEPOT;;NFK|9001|10112|202316
9001;10310;17/04/2023;202316;8;215,00;;DEPOT;;NFK|9001|10310|202316
9001;11020;17/04/2023;202316;19;355,06;;DEPOT;;NFK|9001|11020|202316
9001;11085;17/04/2023;202316;12;134,25;;DEPOT;;NFK|9001|11085|202316
9001;11142;17/04/2023;202316;9;224,44;;DEPOT;;NFK|9001|11142|202316
9001;12004;17/04/2023;202316;10;400,00;;DEPOT;;NFK|9001|12004|202316
9001;12066;17/04/2023;202316;8;485,00;;DEPOT;;NFK|9001|12066|202316
9001;12190;17/04/2023;202316;6;135,00;;DEPOT;;NFK|9001|12190|202316
9001;20015;17/04/2023;202316;16;407,00;;DEPOT;C;NFK|9001|20015|202316
9001;20041;17/04/2023;202316;20;182,50;;DEPOT;A;NFK|9001|20041|202316
9001;20088;17/04/2023;202316;11;621,50;;DEPOT;B;NFK|9001|20088|202316
9001;20131;17/04/2023;202316;6;126,75;;DEPOT;C;NFK|9001|20131|202316
9001;30012;17/04/2023;202316;6;97,12;;DEPOT;;NFK|9001|30012|202316
9001;30077;17/04/2023;202316;7;367,50;;DEPOT;;NFK|9001|30077|202316
9001;30154;17/04/2023;202316;7;118,12;;DEPOT;;NFK|9001|30154|202316
9001;30209;17/04/2023;202316;8;299,50;;DEPOT;;NFK|9001|30209|202316
1199;10023;17/04/2023;202316;11;130,62;;SUPER;;NFK|1199|10023|202316
1199;10047;17/04/2023;202316;8;90,00;;SUPER;;NFK|1199|10047|202316
1199;10112;17/04/2023;202316;4;84,75;;SUPER;;NFK|1199|10112|202316
1199;10310;17/04/2023;202316;3;80,62;;SUPER;;NFK|1199|10310|202316
1199;11020;17/04/2023;202316;9;168,19;;SUPER;;NFK|1199|11020|202316
1199;11085;17/04/2023;202316;5;55,94;;SUPER;;NFK|1199|11085|202316
1199;11142;17/04/2023;202316;3;74,81;;SUPER;;NFK|1199|11142|202316
1199;12004;17/04/2023;202316;4;160,00;;SUPER;;NFK|1199|12004|202316
1199;12066;17/04/2023;202316;5;272,81;MP;SUPER;;NFK|1199|12066|202316
1199;12190;17/04/2023;202316;3;67,50;;SUPER;;NFK|1199|12190|202316
1199;20015;17/04/2023;202316;5;127,19;;SUPER;C;NFK|1199|20015|202316
1199;20041;17/04/2023;202316;8;73,00;;SUPER;A;NFK|1199|20041|202316
1199;20088;17/04/2023;202316;4;226,00;;SUPER;B;NFK|1199|20088|202316
1199;20131;17/04/2023;202316;3;63,38;;SUPER;C;NFK|1199|20131|202316
1199;30012;17/04/2023;202316;2;32,38;;SUPER;;NFK|1199|30012|202316
1199;30077;17/04/2023;202316;3;157,50;;SUPER;;NFK|1199|30077|202316
1199;30154;17/04/2023;202316;2;33,75;;SUPER;;NFK|1199|30154|202316
1199;30209;17/04/2023;202316;3;112,31;;SUPER;;NFK|1199|30209|202316
1101;10023;24/04/2023;202317;467;5545,62;;SUPER;;NFK|1101|10023|202317
1101;10047;24/04/2023;202317;348;3915,00;;SUPER;;NFK|1101|10047|202317
1101;10112;24/04/2023;202317;205;4343,44;;SUPER;;NFK|1101|10112|202317
1101;10310;24/04/2023;202317;147;3950,62;;SUPER;;NFK|1101|10310|202317
1101;11020;24/04/2023;202317;423;7904,81;;SUPER;;NFK|1101|11020|202317
1101;11085;24/04/2023;202317;302;3038,88;MP;SUPER;;NFK|1101|11085|202317
1101;11142;24/04/2023;202317;162;4039,88;;SUPER;;NFK|1101|11142|202317
1101;12004;24/04/2023;202317;203;8120,00;;SUPER;;NFK|1101|12004|202317
1101;12066;24/04/2023;202317;161;9760,62;;SUPER;;NFK|1101|12066|202317
1101;12190;24/04/2023;202317;125;2812,50;;SUPER;;NFK|1101|12190|202317
1101;20015;24/04/2023;202317;348;8852,25;;SUPER;C;NFK|1101|20015|202317
1101;20041;24/04/2023;202317;437;3987,62;;SUPER;A;NFK|1101|20041|202317
1101;20088;24/04/2023;202317;200;11300,00;;SUPER;B;NFK|1101|20088|202317
1101;20131;24/04/2023;202317;124;2619,50;;SUPER;C;NFK|1101|20131|202317
1101;30012;24/04/2023;202317;119;1926,31;;SUPER;;NFK|1101|30012|202317
1101;30077;24/04/2023;202317;191;10027,50;;SUPER;;NFK|1101|30077|202317
1101;30154;24/04/2023;202317;129;2176,88;;SUPER;;NFK|1101|30154|202317
1101;30209;24/04/2023;202317;170;6364,38;;SUPER;;NFK|1101|30209|202317
1101;99001;24/04/2023;202317;8;0,00;;SUPER;;NFK|1101|99001|202317
1102;10023;24/04/2023;202317;429;5094,38;;SUPER;;NFK|1102|10023|202317
1102;10047;24/04/2023;202317;289;3251,25;;SUPER;;NFK|1102|10047|202317
1102;10112;24/04/2023;202317;191;4046,81;;SUPER;;NFK|1102|10112|202317
1102;10310;24/04/2023;202317;141;3789,38;;SUPER;;NFK|1102|10310|202317
1102;11020;24/04/2023;202317;407;7605,81;;SUPER;;NFK|1102|11020|202317
1102;11085;24/04/2023;202317;302;3038,88;MP;SUPER;;NFK|1102|11085|202317
1102;11142;24/04/2023;202317;159;3965,06;;SUPER;;NFK|1102|11142|202317
1102;12004;24/04/2023;202317;199;7960,00;;SUPER;;NFK|1102|12004|202317
1102;12066;24/04/2023;202317;165;10003,12;;SUPER;;NFK|1102|12066|202317
1102;12190;24/04/2023;202317;114;2565,00;;SUPER;;NFK|1102|12190|202317
1102;20015;24/04/2023;202317;315;8012,81;;SUPER;C;NFK|1102|20015|202317
1102;20041;24/04/2023;202317;398;3631,75;;SUPER;A;NFK|1102|20041|202317
1102;20088;24/04/2023;202317;167;9435,50;;SUPER;B;NFK|1102|20088|202317
1102;20131;24/04/2023;202317;139;2936,38;;SUPER;C;NFK|1102|20131|202317
1102;30012;24/04/2023;202317;114;1845,38;;SUPER;;NFK|1102|30012|202317
1102;30077;24/04/2023;202317;138;7245,00;;SUPER;;NFK|1102|30077|202317
1102;30154;24/04/2023;202317;109;1839,38;;SUPER;;NFK|1102|30154|202317
1102;30209;24/04/2023;202317;143;5353,56;;SUPER;;NFK|1102|30209|202317
1102;99001;24/04/2023;202317;8;0,00;;SUPER;;NFK|1102|99001|202317
1103;10023;24/04/2023;202317;236;2802,50;;NAER;;NFK|1103|10023|202317
1103;10047;24/04/2023;202317;169;1901,25;;NAER;;NFK|1103|10047|202317
1103;10112;24/04/2023;202317;106;2245,88;;NAER;;NFK|1103|10112|202317
1103;10310;24/04/2023;202317;69;1854,38;;NAER;;NFK|1103|10310|202317
1103;11020;24/04/2023;202317;205;3830,94;;NAER;;NFK|1103|11020|202317
1103;11085;24/04/2023;202317;136;1368,50;MP;NAER;;NFK|1103|11085|202317
1103;11142;24/04/2023;202317;87;2169,56;;NAER;;NFK|1103|11142|202317
1103;12004;24/04/2023;202317;106;4240,00;;NAER;;NFK|1103|12004|202317
1103;12066;24/04/2023;202317;76;4607,50;;NAER;;NFK|1103|12066|202317
1103;12190;24/04/2023;202317;66;1485,00;;NAER;;NFK|1103|12190|202317
1103;20015;24/04/2023;202317;162;4120,88;;NAER;C;NFK|1103|20015|202317
1103;20041;24/04/2023;202317;205;1870,62;;NAER;A;NFK|1103|20041|202317
1103;20088;24/04/2023;202317;93;5254,50;;NAER;B;NFK|1103|20088|202317
1103;20131;24/04/2023;202317;62;1309,75;;NAER;C;NFK|1103|20131|202317
1103;30012;24/04/2023;202317;46;744,62;;NAER;;NFK|1103|30012|202317
1103;30077;24/04/2023;202317;89;4672,50;;NAER;;NFK|1103|30077|202317
1103;30154;24/04/2023;202317;65;1096,88;;NAER;;NFK|1103|30154|202317
1103;30209;24/04/2023;202317;83;3107,31;;NAER;;NFK|1103|30209|202317
1108;10023;24/04/2023;202317;1058;12563,75;;HYPER;;NFK|1108|10023|202317
1108;10047;24/04/2023;202317;634;7132,50;;HYPER;;NFK|1108|10047|202317
1108;10112;24/04/2023;202317;337;7140,19;;HYPER;;NFK|1108|10112|202317
1108;10310;24/04/2023;202317;319;8573,12;;HYPER;;NFK|1108|10310|202317
1108;11020;24/04/2023;202317;772;14426,75;;HYPER;;NFK|1108|11020|202317
1108;11085;24/04/2023;202317;471;4739,44;MP;HYPER;;NFK|1108|11085|202317
1108;11142;24/04/2023;202317;311;7755,56;;HYPER;;NFK|1108|11142|202317
1108;12004;24/04/2023;202317;402;16080,00;;HYPER;;NFK|1108|12004|202317
1108;12066;24/04/2023;202317;335;20309,38;;HYPER;;NFK|1108|12066|202317
1108;12190;24/04/2023;202317;249;5602,50;;HYPER;;NFK|1108|12190|202317
1108;20015;24/04/2023;202317;581;14779,19;;HYPER;C;NFK|1108|20015|202317
1108;20041;24/04/2023;202317;761;6944,12;;HYPER;A;NFK|1108|20041|202317
1108;20088;24/04/2023;202317;397;22430,50;;HYPER;B;NFK|1108|20088|202317
1108;20131;24/04/2023;202317;231;4879,88;;HYPER;C;NFK|1108|20131|202317
1108;30012;24/04/2023;202317;198;3205,12;;HYPER;;NFK|1108|30012|202317
1108;30077;24/04/2023;202317;328;17220,00;;HYPER;;NFK|1108|30077|202317
1108;30154;24/04/2023;202317;238;4016,25;;HYPER;;NFK|1108|30154|202317
1108;30209;24/04/2023;202317;320;11980,00;;HYPER;;NFK|1108|30209|202317
3104;10023;24/04/2023;202317;473;5616,88;;SUPER;;NFK|3104|10023|202317
3104;10047;24/04/2023;202317;318;3577,50;;SUPER;;NFK|3104|10047|202317
3104;10112;24/04/2023;202317;162;3432,38;;SUPER;;NFK|3104|10112|202317
3104;10310;24/04/2023;202317;137;3681,88;;SUPER;;NFK|3104|10310|202317
3104;11020;24/04/2023;202317;364;6802,25;;SUPER;;NFK|3104|11020|202317
3104;11085;24/04/2023;202317;195;2181,56;;SUPER;;NFK|3104|11085|202317
3104;11142;24/04/2023;202317;139;3466,31;;SUPER;;NFK|3104|11142|202317
3104;12004;24/04/2023;202317;189;7560,00;;SUPER;;NFK|3104|12004|202317
3104;12066;24/04/2023;202317;159;9639,38;;SUPER;;NFK|3104|12066|202317
3104;12190;24/04/2023;202317;121;2722,50;;SUPER;;NFK|3104|12190|202317
3104;20015;24/04/2023;202317;276;7020,75;;SUPER;C;NFK|3104|20015|202317
3104;20041;24/04/2023;202317;315;2874,38;;SUPER;A;NFK|3104|20041|202317
3104;20088;24/04/2023;202317;205;11582,50;;SUPER;B;NFK|3104|20088|202317
3104;20131;24/04/2023;202317;131;2767,38;;SUPER;C;NFK|3104|20131|202317
3104;30012;24/04/2023;202317;94;1521,62;;SUPER;;NFK|3104|30012|202317
3104;30077;24/04/2023;202317;159;8347,50;;SUPER;;NFK|3104|30077|202317
3104;30154;24/04/2023;202317;108;1822,50;;SUPER;;NFK|3104|30154|202317
3104;30209;24/04/2023;202317;148;5540,75;;SUPER;;NFK|3104|30209|202317
3117;10023;24/04/2023;202317;190;2256,25;;NAER;;NFK|3117|10023|202317
3117;10047;24/04/2023;202317;129;1451,25;;NAER;;NFK|3117|10047|202317
3117;10112;24/04/2023;202317;82;1737,37;;NAER;;NFK|3117|10112|202317
3117;10310;24/04/2023;202317;62;1666,25;;NAER;;NFK|3117|10310|202317
3117;11020;24/04/2023;202317;169;3158,19;;NAER;;NFK|3117|11020|202317
3117;11085;24/04/2023;202317;95;1062,81;;NAER;;NFK|3117|11085|202317
3117;11142;24/04/2023;202317;82;2044,87;;NAER;;NFK|3117|11142|202317
3117;12004;24/04/2023;202317;97;3880,00;;NAER;;NFK|3117|12004|202317
3117;12066;24/04/2023;202317;62;3758,75;;NAER;;NFK|3117|12066|202317
3117;12190;24/04/2023;202317;47;1057,50;;NAER;;NFK|3117|12190|202317
3117;20015;24/04/2023;202317;132;3357,75;;NAER;C;NFK|3117|20015|202317
3117;20041;24/04/2023;202317;153;1396,12;;NAER;A;NFK|3117|20041|202317
3117;20088;24/04/2023;202317;82;4633,00;;NAER;B;NFK|3117|20088|202317
3117;20131;24/04/2023;202317;54;1140,75;;NAER;C;NFK|3117|20131|202317
3117;30012;24/04/2023;202317;44;712,25;;NAER;;NFK|3117|30012|202317
3117;30077;24/04/2023;202317;79;4147,50;;NAER;;NFK|3117|30077|202317
3117;30154;24/04/2023;202317;50;843,75;;NAER;;NFK|3117|30154|202317
3117;30209;24/04/2023;202317;71;2658,06;;NAER;;NFK|3117|30209|202317
3122;10023;24/04/2023;202317;154;1828,75;;FRANCHISE;;NFK|3122|10023|202317
3122;10047;24/04/2023;202317;96;1080,00;;FRANCHISE;;NFK|3122|10047|202317
3122;10112;24/04/2023;202317;57;1207,69;;FRANCHISE;;NFK|3122|10112|202317
3122;10310;24/04/2023;202317;52;1397,50;;FRANCHISE;;NFK|3122|10310|202317
3122;11020;24/04/2023;202317;124;2317,25;;FRANCHISE;;NFK|3122|11020|202317
3122;11085;24/04/2023;202317;84;939,75;;FRANCHISE;;NFK|3122|11085|202317
3122;11142;24/04/2023;202317;50;1246,88;;FRANCHISE;;NFK|3122|11142|202317
3122;12004;24/04/2023;202317;72;2880,00;;FRANCHISE;;NFK|3122|12004|202317
3122;12066;24/04/2023;202317;58;3516,25;;FRANCHISE;;NFK|3122|12066|202317
3122;12190;24/04/2023;202317;36;810,00;;FRANCHISE;;NFK|3122|12190|202317
3122;20015;24/04/2023;202317;88;2238,50;;FRANCHISE;C;NFK|3122|20015|202317
3122;20041;24/04/2023;202317;120;1095,00;;FRANCHISE;A;NFK|3122|20041|202317
3122;20088;24/04/2023;202317;71;4011,50;;FRANCHISE;B;NFK|3122|20088|202317
3122;20131;24/04/2023;202317;47;992,88;;FRANCHISE;C;NFK|3122|20131|202317
3122;30012;24/04/2023;202317;37;598,94;;FRANCHISE;;NFK|3122|30012|202317
3122;30077;24/04/2023;202317;56;2940,00;;FRANCHISE;;NFK|3122|30077|202317
3122;30154;24/04/2023;202317;38;641,25;;FRANCHISE;;NFK|3122|30154|202317
3122;30209;24/04/2023;202317;50;1871,88;;FRANCHISE;;NFK|3122|30209|202317
3122;99001;24/04/2023;202317;2;0,00;;FRANCHISE;;NFK|3122|99001|202317
4201;10023;24/04/2023;202317;871;10343,12;;HYPER;;NFK|4201|10023|202317
4201;10047;24/04/2023;202317;570;6412,50;;HYPER;;NFK|4201|10047|202317
4201;10112;24/04/2023;202317;293;6207,94;;HYPER;;NFK|4201|10112|202317
4201;10310;24/04/2023;202317;264;7095,00;;HYPER;;NFK|4201|10310|202317
4201;11020;24/04/2023;202317;782;14613,62;;HYPER;;NFK|4201|11020|202317
4201;11085;24/04/2023;202317;459;4618,69;MP;HYPER;;NFK|4201|11085|202317
4201;11142;24/04/2023;202317;444;8302,80;MP;HYPER;;NFK|4201|11142|202317
4201;12004;24/04/2023;202317;369;14760,00;;HYPER;;NFK|4201|12004|202317
4201;12066;24/04/2023;202317;266;16126,25;;HYPER;;NFK|4201|12066|202317
4201;12190;24/04/2023;202317;207;4657,50;;HYPER;;NFK|4201|12190|202317
4201;20015;24/04/2023;202317;521;13252,94;;HYPER;C;NFK|4201|20015|202317
4201;20041;24/04/2023;202317;701;6396,62;;HYPER;A;NFK|4201|20041|202317
4201;20088;24/04/2023;202317;367;20735,50;;HYPER;B;NFK|4201|20088|202317
4201;20131;24/04/2023;202317;232;4901,00;;HYPER;C;NFK|4201|20131|202317
4201;30012;24/04/2023;202317;178;2881,38;;HYPER;;NFK|4201|30012|202317
4201;30077;24/04/2023;202317;250;13125,00;;HYPER;;NFK|4201|30077|202317
4201;30154;24/04/2023;202317;172;2902,50;;HYPER;;NFK|4201|30154|202317
4201;30209;24/04/2023;202317;241;9022,44;;HYPER;;NFK|4201|30209|202317
4205;10023;24/04/2023;202317;549;6519,38;;SUPER;;NFK|4205|10023|202317
4205;10047;24/04/2023;202317;354;3982,50;;SUPER;;NFK|4205|10047|202317
4205;10112;24/04/2023;202317;201;4258,69;;SUPER;;NFK|4205|10112|202317
4205;10310;24/04/2023;202317;156;4192,50;;SUPER;;NFK|4205|10310|202317
4205;11020;24/04/2023;202317;395;7381,56;;SUPER;;NFK|4205|11020|202317
4205;11085;24/04/2023;202317;299;3008,69;MP;SUPER;;NFK|4205|11085|202317
4205;11142;24/04/2023;202317;254;4749,80;MP;SUPER;;NFK|4205|11142|202317
4205;12004;24/04/2023;202317;219;8760,00;;SUPER;;NFK|4205|12004|202317
4205;12066;24/04/2023;202317;169;10245,62;;SUPER;;NFK|4205|12066|202317
4205;12190;24/04/2023;202317;131;2947,50;;SUPER;;NFK|4205|12190|202317
4205;20015;24/04/2023;202317;320;8140,00;;SUPER;C;NFK|4205|20015|202317
4205;20041;24/04/2023;202317;422;3850,75;;SUPER;A;NFK|4205|20041|202317
4205;20088;24/04/2023;202317;205;11582,50;;SUPER;B;NFK|4205|20088|202317
4205;20131;24/04/2023;202317;134;2830,75;;SUPER;C;NFK|4205|20131|202317
4205;30012;24/04/2023;202317;98;1586,38;;SUPER;;NFK|4205|30012|202317
4205;30077;24/04/2023;202317;160;8400,00;;SUPER;;NFK|4205|30077|202317
4205;30154;24/04/2023;202317;125;2109,38;;SUPER;;NFK|4205|30154|202317
4205;30209;24/04/2023;202317;157;5877,69;;SUPER;;NFK|4205|30209|202317
4218;10023;24/04/2023;202317;471;5593,12;;SUPER;;NFK|4218|10023|202317
4218;10047;24/04/2023;202317;384;4320,00;;SUPER;;NFK|4218|10047|202317
4218;10112;24/04/2023;202317;183;3877,31;;SUPER;;NFK|4218|10112|202317
4218;10310;24/04/2023;202317;160;4300,00;;SUPER;;NFK|4218|10310|202317
4218;11020;24/04/2023;202317;417;7792,69;;SUPER;;NFK|4218|11020|202317
4218;11085;24/04/2023;202317;270;2716,88;MP;SUPER;;NFK|4218|11085|202317
4218;11142;24/04/2023;202317;254;4749,80;MP;SUPER;;NFK|4218|11142|202317
4218;12004;24/04/2023;202317;252;10080,00;;SUPER;;NFK|4218|12004|202317
4218;12066;24/04/2023;202317;155;9396,88;;SUPER;;NFK|4218|12066|202317
4218;12190;24/04/2023;202317;118;2655,00;;SUPER;;NFK|4218|12190|202317
4218;20015;24/04/2023;202317;334;8496,12;;SUPER;C;NFK|4218|20015|202317
4218;20041;24/04/2023;202317;412;3759,50;;SUPER;A;NFK|4218|20041|202317
4218;20088;24/04/2023;202317;236;13334,00;;SUPER;B;NFK|4218|20088|202317
4218;20131;24/04/2023;202317;164;3464,50;;SUPER;C;NFK|4218|20131|202317
4218;30012;24/04/2023;202317;114;1845,38;;SUPER;;NFK|4218|30012|202317
4218;30077;24/04/2023;202317;184;9660,00;;SUPER;;NFK|4218|30077|202317
4218;30154;24/04/2023;202317;112;1890,00;;SUPER;;NFK|4218|30154|202317
4218;30209;24/04/2023;202317;149;5578,19;;SUPER;;NFK|4218|30209|202317
4218;99001;24/04/2023;202317;9;0,00;;SUPER;;NFK|4218|99001|202317
5502;10023;24/04/2023;202317;542;6436,25;;SUPER;;NFK|5502|10023|202317
5502;10047;24/04/2023;202317;283;3183,75;;SUPER;;NFK|5502|10047|202317
5502;10112;24/04/2023;202317;194;4110,38;;SUPER;;NFK|5502|10112|202317
5502;10310;24/04/2023;202317;150;4031,25;;SUPER;;NFK|5502|10310|202317
5502;11020;24/04/2023;202317;347;6484,56;;SUPER;;NFK|5502|11020|202317
5502;11085;24/04/2023;202317;234;2617,87;;SUPER;;NFK|5502|11085|202317
5502;11142;24/04/2023;202317;238;4450,60;MP;SUPER;;NFK|5502|11142|202317
5502;12004;24/04/2023;202317;229;9160,00;;SUPER;;NFK|5502|12004|202317
5502;12066;24/04/2023;202317;163;9881,88;;SUPER;;NFK|5502|12066|202317
5502;12190;24/04/2023;202317;115;2587,50;;SUPER;;NFK|5502|12190|202317
5502;20015;24/04/2023;202317;245;6232,19;;SUPER;C;NFK|5502|20015|202317
5502;20041;24/04/2023;202317;396;3613,50;;SUPER;A;NFK|5502|20041|202317
5502;20088;24/04/2023;202317;214;12091,00;;SUPER;B;NFK|5502|20088|202317
5502;20131;24/04/2023;202317;125;2640,62;;SUPER;C;NFK|5502|20131|202317
5502;30012;24/04/2023;202317;103;1667,31;;SUPER;;NFK|5502|30012|202317
5502;30077;24/04/2023;202317;158;8295,00;;SUPER;;NFK|5502|30077|202317
5502;30154;24/04/2023;202317;113;1906,88;;SUPER;;NFK|5502|30154|202317
5502;30209;24/04/2023;202317;150;5615,62;;SUPER;;NFK|5502|30209|202317
5511;10023;24/04/2023;202317;206;2446,25;;PARTNER;;NFK|5511|10023|202317
5511;10047;24/04/2023;202317;124;1395,00;;PARTNER;;NFK|5511|10047|202317
5511;10112;24/04/2023;202317;78;1652,62;;PARTNER;;NFK|5511|10112|202317
5511;10310;24/04/2023;202317;57;1531,88;;PARTNER;;NFK|5511|10310|202317
5511;11020;24/04/2023;202317;167;3120,81;;PARTNER;;NFK|5511|11020|202317
5511;11085;24/04/2023;202317;89;995,69;;PARTNER;;NFK|5511|11085|202317
5511;11142;24/04/2023;202317;93;1739,10;MP;PARTNER;;NFK|5511|11142|202317
5511;12004;24/04/2023;202317;83;3320,00;;PARTNER;;NFK|5511|12004|202317
5511;12066;24/04/2023;202317;62;3758,75;;PARTNER;;NFK|5511|12066|202317
5511;12190;24/04/2023;202317;40;900,00;;PARTNER;;NFK|5511|12190|202317
5511;20015;24/04/2023;202317;104;2645,50;;PARTNER;C;NFK|5511|20015|202317
5511;20041;24/04/2023;202317;119;1085,88;;PARTNER;A;NFK|5511|20041|202317
5511;20088;24/04/2023;202317;64;3616,00;;PARTNER;B;NFK|5511|20088|202317
5511;20131;24/04/2023;202317;52;1098,50;;PARTNER;C;NFK|5511|20131|202317
5511;30012;24/04/2023;202317;42;679,88;;PARTNER;;NFK|5511|30012|202317
5511;30077;24/04/2023;202317;53;2782,50;;PARTNER;;NFK|5511|30077|202317
5511;30154;24/04/2023;202317;41;691,88;;PARTNER;;NFK|5511|30154|202317
5511;30209;24/04/2023;202317;51;1909,31;;PARTNER;;NFK|5511|30209|202317
5511;99001;24/04/2023;202317;3;0,00;;PARTNER;;NFK|5511|99001|202317
9001;10023;24/04/2023;202317;26;308,75;;DEPOT;;NFK|9001|10023|202317
9001;10047;24/04/2023;202317;16;180,00;;DEPOT;;NFK|9001|10047|202317
9001;10112;24/04/2023;202317;9;190,69;;DEPOT;;NFK|9001|10112|202317
9001;10310;24/04/2023;202317;8;215,00;;DEPOT;;NFK|9001|10310|202317
9001;11020;24/04/2023;202317;24;448,50;;DEPOT;;NFK|9001|11020|202317
9001;11085;24/04/2023;202317;13;145,44;;DEPOT;;NFK|9001|11085|202317
9001;11142;24/04/2023;202317;9;224,44;;DEPOT;;NFK|9001|11142|202317
9001;12004;24/04/2023;202317;10;400,00;;DEPOT;;NFK|9001|12004|202317
9001;12066;24/04/2023;202317;9;545,62;;DEPOT;;NFK|9001|12066|202317
9001;12190;24/04/2023;202317;6;135,00;;DEPOT;;NFK|9001|12190|202317
9001;20015;24/04/2023;202317;18;457,87;;DEPOT;C;NFK|9001|20015|202317
9001;20041;24/04/2023;202317;22;200,75;;DEPOT;A;NFK|9001|20041|202317
9001;20088;24/04/2023;202317;10;565,00;;DEPOT;B;NFK|9001|20088|202317
9001;20131;24/04/2023;202317;8;169,00;;DEPOT;C;NFK|9001|20131|202317
9001;30012;24/04/2023;202317;5;80,94;;DEPOT;;NFK|9001|30012|202317
9001;30077;24/04/2023;202317;8;420,00;;DEPOT;;NFK|9001|30077|202317
9001;30154;24/04/2023;202317;6;101,25;;DEPOT;;NFK|9001|30154|202317
9001;30209;24/04/2023;202317;9;336,94;;DEPOT;;NFK|9001|30209|202317
1101;10023;01/05/2023;202318;552;6555,00;;SUPER;;NFK|1101|10023|202318
1101;10047;01/05/2023;202318;357;4016,25;;SUPER;;NFK|1101|10047|202318
1101;10112;01/05/2023;202318;197;4173,94;;SUPER;;NFK|1101|10112|202318
1101;10310;01/05/2023;202318;168;4515,00;;SUPER;;NFK|1101|10310|202318
1101;11020;01/05/2023;202318;495;9250,31;;SUPER;;NFK|1101|11020|202318
1101;11085;01/05/2023;202318;440;3938,00;AVIS;SUPER;;NFK|1101|11085|202318
1101;11142;01/05/2023;202318;185;4613,44;;SUPER;;NFK|1101|11142|202318
1101;12004;01/05/2023;202318;263;10520,00;;SUPER;;NFK|1101|12004|202318
1101;12066;01/05/2023;202318;194;11761,25;;SUPER;;NFK|1101|12066|202318
1101;12190;01/05/2023;202318;183;3088,12;KUPON;SUPER;;NFK|1101|12190|202318
1101;20015;01/05/2023;202318;0;0,00;;SUPER;C;NFK|1101|20015|202318
1101;20041;01/05/2023;202318;413;3768,62;;SUPER;A;NFK|1101|20041|202318
1101;20088;01/05/2023;202318;375;14381,25;KUPON;SUPER;B;NFK|1101|20088|202318
1101;20131;01/05/2023;202318;168;3549,00;;SUPER;C;NFK|1101|20131|202318
1101;30012;01/05/2023;202318;123;1991,06;;SUPER;;NFK|1101|30012|202318
1101;30077;01/05/2023;202318;195;10237,50;;SUPER;;NFK|1101|30077|202318
1101;30154;01/05/2023;202318;125;2109,38;;SUPER;;NFK|1101|30154|202318
1101;30209;01/05/2023;202318;177;6626,44;;SUPER;;NFK|1101|30209|202318
1101;99001;01/05/2023;202318;9;0,00;;SUPER;;NFK|1101|99001|202318
1102;10023;01/05/2023;202318;547;6495,62;;SUPER;;NFK|1102|10023|202318
1102;10047;01/05/2023;202318;373;4196,25;;SUPER;;NFK|1102|10047|202318
1102;10112;01/05/2023;202318;208;4407,00;;SUPER;;NFK|1102|10112|202318
1102;10310;01/05/2023;202318;160;4300,00;;SUPER;;NFK|1102|10310|202318
1102;11020;01/05/2023;202318;382;7138,62;;SUPER;;NFK|1102|11020|202318
1102;11085;01/05/2023;202318;403;3606,85;AVIS;SUPER;;NFK|1102|11085|202318
1102;11142;01/05/2023;202318;179;4463,81;;SUPER;;NFK|1102|11142|202318
1102;12004;01/05/2023;202318;254;10160,00;;SUPER;;NFK|1102|12004|202318
1102;12066;01/05/2023;202318;185;11215,62;;SUPER;;NFK|1102|12066|202318
1102;12190;01/05/2023;202318;177;2986,88;KUPON;SUPER;;NFK|1102|12190|202318
1102;20015;01/05/2023;202318;317;8063,69;;SUPER;C;NFK|1102|20015|202318
1102;20041;01/05/2023;202318;447;4078,88;;SUPER;A;NFK|1102|20041|202318
1102;20088;01/05/2023;202318;307;11773,45;KUPON;SUPER;B;NFK|1102|20088|202318
1102;20131;01/05/2023;202318;149;3147,62;;SUPER;C;NFK|1102|20131|202318
1102;30012;01/05/2023;202318;111;1796,81;;SUPER;;NFK|1102|30012|202318
1102;30077;01/05/2023;202318;192;10080,00;;SUPER;;NFK|1102|30077|202318
1102;30154;01/05/2023;202318;124;2092,50;;SUPER;;NFK|1102|30154|202318
1102;30209;01/05/2023;202318;168;6289,50;;SUPER;;NFK|1102|30209|202318
1103;10023;01/05/2023;202318;259;3075,62;;NAER;;NFK|1103|10023|202318
1103;10047;01/05/2023;202318;197;2216,25;;NAER;;NFK|1103|10047|202318
1103;10112;01/05/2023;202318;102;2161,12;;NAER;;NFK|1103|10112|202318
1103;10310;01/05/2023;202318;87;2338,12;;NAER;;NFK|1103|10310|202318
1103;11020;01/05/2023;202318;257;4802,69;;NAER;;NFK|1103|11020|202318
1103;11085;01/05/2023;202318;240;2148,00;AVIS;NAER;;NFK|1103|11085|202318
1103;11142;01/05/2023;202318;94;2344,12;;NAER;;NFK|1103|11142|202318
1103;12004;01/05/2023;202318;119;4760,00;;NAER;;NFK|1103|12004|202318
1103;12066;01/05/2023;202318;87;5274,38;;NAER;;NFK|1103|12066|202318
1103;12190;01/05/2023;202318;76;1282,50;KUPON;NAER;;NFK|1103|12190|202318
1103;20015;01/05/2023;202318;186;4731,38;;NAER;C;NFK|1103|20015|202318
1103;20041;01/05/2023;202318;187;1706,38;;NAER;A;NFK|1103|20041|202318
1103;20088;01/05/2023;202318;142;5445,70;KUPON;NAER;B;NFK|1103|20088|202318
1103;20131;01/05/2023;202318;79;1668,88;;NAER;C;NFK|1103|20131|202318
1103;30012;01/05/2023;202318;59;955,06;;NAER;;NFK|1103|30012|202318
1103;30077;01/05/2023;202318;79;4147,50;;NAER;;NFK|1103|30077|202318
1103;30154;01/05/2023;202318;74;1248,75;;NAER;;NFK|1103|30154|202318
1103;30209;01/05/2023;202318;72;2695,50;;NAER;;NFK|1103|30209|202318
1108;10023;01/05/2023;202318;1121;13311,88;;HYPER;;NFK|1108|10023|202318
1108;10047;01/05/2023;202318;654;7357,50;;HYPER;;NFK|1108|10047|202318
1108;10112;01/05/2023;202318;362;7669,88;;HYPER;;NFK|1108|10112|202318
1108;10310;01/05/2023;202318;357;9594,38;;HYPER;;NFK|1108|10310|202318
1108;11020;01/05/2023;202318;952;17790,50;;HYPER;;NFK|1108|11020|202318
1108;11085;01/05/2023;202318;814;7285,30;AVIS;HYPER;;NFK|1108|11085|202318
1108;11142;01/05/2023;202318;402;10024,88;;HYPER;;NFK|1108|11142|202318
1108;12004;01/05/2023;202318;456;18240,00;;HYPER;;NFK|1108|12004|202318
1108;12066;01/05/2023;202318;386;23401,25;;HYPER;;NFK|1108|12066|202318
1108;12190;01/05/2023;202318;330;5568,75;KUPON;HYPER;;NFK|1108|12190|202318
1108;20015;01/05/2023;202318;667;16966,81;;HYPER;C;NFK|1108|20015|202318
1108;20041;01/05/2023;202318;896;8176,00;;HYPER;A;NFK|1108|20041|202318
1108;20088;01/05/2023;202318;602;23086,70;KUPON;HYPER;B;NFK|1108|20088|202318
1108;20131;01/05/2023;202318;262;5534,75;;HYPER;C;NFK|1108|20131|202318
1108;30012;01/05/2023;202318;252;4079,25;;HYPER;;NFK|1108|30012|202318
1108;30077;01/05/2023;202318;310;16275,00;;HYPER;;NFK|1108|30077|202318
1108;30154;01/05/2023;202318;235;3965,62;;HYPER;;NFK|1108|30154|202318
1108;30209;01/05/2023;202318;291;10894,31;;HYPER;;NFK|1108|30209|202318
3104;10023;01/05/2023;202318;575;6828,12;;SUPER;;NFK|3104|10023|202318
3104;10047;01/05/2023;202318;314;3532,50;;SUPER;;NFK|3104|10047|202318
3104;10112;01/05/2023;202318;165;3495,94;;SUPER;;NFK|3104|10112|202318
3104;10310;01/05/2023;202318;131;3520,62;;SUPER;;NFK|3104|10310|202318
3104;11020;01/05/2023;202318;379;7082,56;;SUPER;;NFK|3104|11020|202318
3104;11085;01/05/2023;202318;414;3705,30;AVIS;SUPER;;NFK|3104|11085|202318
3104;11142;01/05/2023;202318;158;3940,12;;SUPER;;NFK|3104|11142|202318
3104;12004;01/05/2023;202318;230;9200,00;;SUPER;;NFK|3104|12004|202318
3104;12066;01/05/2023;202318;163;9881,88;;SUPER;;NFK|3104|12066|202318
3104;12190;01/05/2023;202318;179;3020,62;KUPON;SUPER;;NFK|3104|12190|202318
3104;20015;01/05/2023;202318;316;8038,25;;SUPER;C;NFK|3104|20015|202318
3104;20041;01/05/2023;202318;409;3732,12;;SUPER;A;NFK|3104|20041|202318
3104;20088;01/05/2023;202318;262;10047,70;KUPON;SUPER;B;NFK|3104|20088|202318
3104;20131;01/05/2023;202318;139;2936,38;;SUPER;C;NFK|3104|20131|202318
3104;30012;01/05/2023;202318;109;1764,44;;SUPER;;NFK|3104|30012|202318
3104;30077;01/05/2023;202318;145;7612,50;;SUPER;;NFK|3104|30077|202318
3104;30154;01/05/2023;202318;117;1974,38;;SUPER;;NFK|3104|30154|202318
3104;30209;01/05/2023;202318;140;5241,25;;SUPER;;NFK|3104|30209|202318
3117;10023;01/05/2023;202318;212;2517,50;;NAER;;NFK|3117|10023|202318
3117;10047;01/05/2023;202318;149;1676,25;;NAER;;NFK|3117|10047|202318
3117;10112;01/05/2023;202318;79;1673,81;;NAER;;NFK|3117|10112|202318
3117;10310;01/05/2023;202318;74;1988,75;;NAER;;NFK|3117|10310|202318
3117;11020;01/05/2023;202318;167;3120,81;;NAER;;NFK|3117|11020|202318
3117;11085;01/05/2023;202318;202;1807,90;AVIS;NAER;;NFK|3117|11085|202318
3117;11142;01/05/2023;202318;79;1970,06;;NAER;;NFK|3117|11142|202318
3117;12004;01/05/2023;202318;115;4600,00;;NAER;;NFK|3117|12004|202318
3117;12066;01/05/2023;202318;85;5153,12;;NAER;;NFK|3117|12066|202318
3117;12190;01/05/2023;202318;66;1113,75;KUPON;NAER;;NFK|3117|12190|202318
3117;20015;01/05/2023;202318;127;3230,56;;NAER;C;NFK|3117|20015|202318
3117;20041;01/05/2023;202318;184;1679,00;;NAER;A;NFK|3117|20041|202318
3117;20088;01/05/2023;202318;128;4908,80;KUPON;NAER;B;NFK|3117|20088|202318
3117;20131;01/05/2023;202318;56;1183,00;;NAER;C;NFK|3117|20131|202318
3117;30012;01/05/2023;202318;44;712,25;;NAER;;NFK|3117|30012|202318
3117;30077;01/05/2023;202318;-9;-472,50;;NAER;;NFK|3117|30077|202318
3117;30154;01/05/2023;202318;55;928,12;;NAER;;NFK|3117|30154|202318
3117;30209;01/05/2023;202318;65;2433,44;;NAER;;NFK|3117|30209|202318
3122;10023;01/05/2023;202318;200;2375,00;;FRANCHISE;;NFK|3122|10023|202318
3122;10047;01/05/2023;202318;123;1383,75;;FRANCHISE;;NFK|3122|10047|202318
3122;10112;01/05/2023;202318;67;1419,56;;FRANCHISE;;NFK|3122|10112|202318
3122;10310;01/05/2023;202318;53;1424,38;;FRANCHISE;;NFK|3122|10310|202318
3122;11020;01/05/2023;202318;156;2915,25;;FRANCHISE;;NFK|3122|11020|202318
3122;11085;01/05/2023;202318;149;1333,55;AVIS;FRANCHISE;;NFK|3122|11085|202318
3122;11142;01/05/2023;202318;62;1546,12;;FRANCHISE;;NFK|3122|11142|202318
3122;12004;01/05/2023;202318;79;3160,00;;FRANCHISE;;NFK|3122|12004|202318
3122;12066;01/05/2023;202318;58;3516,25;;FRANCHISE;;NFK|3122|12066|202318
3122;12190;01/05/2023;202318;55;928,12;KUPON;FRANCHISE;;NFK|3122|12190|202318
3122;20015;01/05/2023;202318;100;2543,75;;FRANCHISE;C;NFK|3122|20015|202318
3122;20041;01/05/2023;202318;143;1304,88;;FRANCHISE;A;NFK|3122|20041|202318
3122;20088;01/05/2023;202318;106;4065,10;KUPON;FRANCHISE;B;NFK|3122|20088|202318
3122;20131;01/05/2023;202318;43;908,38;;FRANCHISE;C;NFK|3122|20131|202318
3122;30012;01/05/2023;202318;34;550,38;;FRANCHISE;;NFK|3122|30012|202318
3122;30077;01/05/2023;202318;50;2625,00;;FRANCHISE;;NFK|3122|30077|202318
3122;30154;01/05/2023;202318;43;725,62;;FRANCHISE;;NFK|3122|30154|202318
3122;30209;01/05/2023;202318;51;1909,31;;FRANCHISE;;NFK|3122|30209|202318
4201;10023;01/05/2023;202318;884;10497,50;;HYPER;;NFK|4201|10023|202318
4201;10047;01/05/2023;202318;653;7346,25;;HYPER;;NFK|4201|10047|202318
4201;10112;01/05/2023;202318;378;8008,87;;HYPER;;NFK|4201|10112|202318
4201;10310;01/05/2023;202318;259;6960,62;;HYPER;;NFK|4201|10310|202318
4201;11020;01/05/2023;202318;657;12277,69;;HYPER;;NFK|4201|11020|202318
4201;11085;01/05/2023;202318;820;7339,00;AVIS;HYPER;;NFK|4201|11085|202318
4201;11142;01/05/2023;202318;291;7256,81;;HYPER;;NFK|4201|11142|202318
4201;12004;01/05/2023;202318;395;15800,00;;HYPER;;NFK|4201|12004|202318
4201;12066;01/05/2023;202318;339;20551,88;;HYPER;;NFK|4201|12066|202318
4201;12190;01/05/2023;202318;310;5231,25;KUPON;HYPER;;NFK|4201|12190|202318
4201;20015;01/05/2023;202318;546;13888,87;;HYPER;C;NFK|4201|20015|202318
4201;20041;01/05/2023;202318;620;5657,50;;HYPER;A;NFK|4201|20041|202318
4201;20088;01/05/2023;202318;570;21859,50;KUPON;HYPER;B;NFK|4201|20088|202318
4201;20131;01/05/2023;202318;262;5534,75;;HYPER;C;NFK|4201|20131|202318
4201;30012;01/05/2023;202318;169;2735,69;;HYPER;;NFK|4201|30012|202318
4201;30077;01/05/2023;202318;296;15540,00;;HYPER;;NFK|4201|30077|202318
4201;30154;01/05/2023;202318;191;3223,12;;HYPER;;NFK|4201|30154|202318
4201;30209;01/05/2023;202318;251;9396,81;;HYPER;;NFK|4201|30209|202318
4205;10023;01/05/2023;202318;494;5866,25;;SUPER;;NFK|4205|10023|202318
4205;10047;01/05/2023;202318;379;4263,75;;SUPER;;NFK|4205|10047|202318
4205;10112;01/05/2023;202318;208;4407,00;;SUPER;;NFK|4205|10112|202318
4205;10310;01/05/2023;202318;151;4058,12;;SUPER;;NFK|4205|10310|202318
4205;11020;01/05/2023;202318;394;7362,87;;SUPER;;NFK|4205|11020|202318
4205;11085;01/05/2023;202318;530;4743,50;AVIS;SUPER;;NFK|4205|11085|202318
4205;11142;01/05/2023;202318;202;5037,38;;SUPER;;NFK|4205|11142|202318
4205;12004;01/05/2023;202318;261;10440,00;;SUPER;;NFK|4205|12004|202318
4205;12066;01/05/2023;202318;186;11276,25;;SUPER;;NFK|4205|12066|202318
4205;12190;01/05/2023;202318;172;2902,50;KUPON;SUPER;;NFK|4205|12190|202318
4205;20015;01/05/2023;202318;343;8725,06;;SUPER;C;NFK|4205|20015|202318
4205;20041;01/05/2023;202318;-36;-292,50;;SUPER;A;NFK|4205|20041|202318
4205;20088;01/05/2023;202318;329;12617,15;KUPON;SUPER;B;NFK|4205|20088|202318
4205;20131;01/05/2023;202318;165;3485,62;;SUPER;C;NFK|4205|20131|202318
4205;30012;01/05/2023;202318;112;1813,00;;SUPER;;NFK|4205|30012|202318
4205;30077;01/05/2023;202318;160;8400,00;;SUPER;;NFK|4205|30077|202318
4205;30154;01/05/2023;202318;115;1940,62;;SUPER;;NFK|4205|30154|202318
4205;30209;01/05/2023;202318;178;6663,87;;SUPER;;NFK|4205|30209|202318
4205;99001;01/05/2023;202318;8;0,00;;SUPER;;NFK|4205|99001|202318
4218;10023;01/05/2023;202318;603;7160,62;;SUPER;;NFK|4218|10023|202318
4218;10047;01/05/2023;202318;355;3993,75;;SUPER;;NFK|4218|10047|202318
4218;10112;01/05/2023;202318;197;4173,94;;SUPER;;NFK|4218|10112|202318
4218;10310;01/05/2023;202318;164;4407,50;;SUPER;;NFK|4218|10310|202318
4218;11020;01/05/2023;202318;533;9960,44;;SUPER;;NFK|4218|11020|202318
4218;11085;01/05/2023;202318;523;4680,85;AVIS;SUPER;;NFK|4218|11085|202318
4218;11142;01/05/2023;202318;193;4812,94;;SUPER;;NFK|4218|11142|202318
4218;12004;01/05/2023;202318;226;9040,00;;SUPER;;NFK|4218|12004|202318
4218;12066;01/05/2023;202318;196;11882,50;;SUPER;;NFK|4218|12066|202318
4218;12190;01/05/2023;202318;184;3105,00;KUPON;SUPER;;NFK|4218|12190|202318
4218;20015;01/05/2023;202318;353;8979,44;;SUPER;C;NFK|4218|20015|202318
4218;20041;01/05/2023;202318;387;3531,38;;SUPER;A;NFK|4218|20041|202318
4218;20088;01/05/2023;202318;386;14803,10;KUPON;SUPER;B;NFK|4218|20088|202318
4218;20131;01/05/2023;202318;152;3211,00;;SUPER;C;NFK|4218|20131|202318
4218;30012;01/05/2023;202318;113;1829,19;;SUPER;;NFK|4218|30012|202318
4218;30077;01/05/2023;202318;208;10920,00;;SUPER;;NFK|4218|30077|202318
4218;30154;01/05/2023;202318;128;2160,00;;SUPER;;NFK|4218|30154|202318
4218;30209;01/05/2023;202318;177;6626,44;;SUPER;;NFK|4218|30209|202318
5502;10023;01/05/2023;202318;583;6923,12;;SUPER;;NFK|5502|10023|202318
5502;10047;01/05/2023;202318;344;3870,00;;SUPER;;NFK|5502|10047|202318
5502;10112;01/05/2023;202318;203;4301,06;;SUPER;;NFK|5502|10112|202318
5502;10310;01/05/2023;202318;158;4246,25;;SUPER;;NFK|5502|10310|202318
5502;11020;01/05/2023;202318;462;8633,62;;SUPER;;NFK|5502|11020|202318
5502;11085;01/05/2023;202318;483;4322,85;AVIS;SUPER;;NFK|5502|11085|202318
5502;11142;01/05/2023;202318;191;4763,06;;SUPER;;NFK|5502|11142|202318
5502;12004;01/05/2023;202318;257;10280,00;;SUPER;;NFK|5502|12004|202318
5502;12066;01/05/2023;202318;180;10912,50;;SUPER;;NFK|5502|12066|202318
5502;12190;01/05/2023;202318;145;2446,88;KUPON;SUPER;;NFK|5502|12190|202318
5502;20015;01/05/2023;202318;340;8648,75;;SUPER;C;NFK|5502|20015|202318
5502;20041;01/05/2023;202318;349;3184,62;;SUPER;A;NFK|5502|20041|202318
5502;20088;01/05/2023;202318;295;11313,25;KUPON;SUPER;B;NFK|5502|20088|202318
5502;20131;01/05/2023;202318;142;2999,75;;SUPER;C;NFK|5502|20131|202318
5502;30012;01/05/2023;202318;105;1699,69;;SUPER;;NFK|5502|30012|202318
5502;30077;01/05/2023;202318;157;8242,50;;SUPER;;NFK|5502|30077|202318
5502;30154;01/05/2023;202318;122;2058,75;;SUPER;;NFK|5502|30154|202318
5502;30209;01/05/2023;202318;148;5540,75;;SUPER;;NFK|5502|30209|202318
5502;99001;01/05/2023;202318;8;0,00;;SUPER;;NFK|5502|99001|202318
5511;10023;01/05/2023;202318;194;2303,75;;PARTNER;;NFK|5511|10023|202318
5511;10047;01/05/2023;202318;115;1293,75;;PARTNER;;NFK|5511|10047|202318
5511;10112;01/05/2023;202318;82;1737,37;;PARTNER;;NFK|5511|10112|202318
5511;10310;01/05/2023;202318;58;1558,75;;PARTNER;;NFK|5511|10310|202318
5511;11020;01/05/2023;202318;156;2915,25;;PARTNER;;NFK|5511|11020|202318
5511;11085;01/05/2023;202318;193;1727,35;AVIS;PARTNER;;NFK|5511|11085|202318
5511;11142;01/05/2023;202318;77;1920,19;;PARTNER;;NFK|5511|11142|202318
5511;12004;01/05/2023;202318;77;3080,00;;PARTNER;;NFK|5511|12004|202318
5511;12066;01/05/2023;202318;57;3455,62;;PARTNER;;NFK|5511|12066|202318
5511;12190;01/05/2023;202318;72;1215,00;KUPON;PARTNER;;NFK|5511|12190|202318
5511;20015;01/05/2023;202318;115;2925,31;;PARTNER;C;NFK|5511|20015|202318
5511;20041;01/05/2023;202318;151;1377,88;;PARTNER;A;NFK|5511|20041|202318
5511;20088;01/05/2023;202318;121;4640,35;KUPON;PARTNER;B;NFK|5511|20088|202318
5511;20131;01/05/2023;202318;59;1246,38;;PARTNER;C;NFK|5511|20131|202318
5511;30012;01/05/2023;202318;41;663,69;;PARTNER;;NFK|5511|30012|202318
5511;30077;01/05/2023;202318;70;3675,00;;PARTNER;;NFK|5511|30077|202318
5511;30154;01/05/2023;202318;45;759,38;;PARTNER;;NFK|5511|30154|202318
5511;30209;01/05/2023;202318;68;2545,75;;PARTNER;;NFK|5511|30209|202318
9001;10023;01/05/2023;202318;26;308,75;;DEPOT;;NFK|9001|10023|202318
9001;10047;01/05/2023;202318;19;213,75;;DEPOT;;NFK|9001|10047|202318
9001;10112;01/05/2023;202318;12;254,25;;DEPOT;;NFK|9001|10112|202318
9001;10310;01/05/2023;202318;10;268,75;;DEPOT;;NFK|9001|10310|202318
9001;11020;01/05/2023;202318;27;504,56;;DEPOT;;NFK|9001|11020|202318
9001;11085;01/05/2023;202318;23;205,85;AVIS;DEPOT;;NFK|9001|11085|202318
9001;11142;01/05/2023;202318;11;274,31;;DEPOT;;NFK|9001|11142|202318
9001;12004;01/05/2023;202318;11;440,00;;DEPOT;;NFK|9001|12004|202318
9001;12066;01/05/2023;202318;9;545,62;;DEPOT;;NFK|9001|12066|202318
9001;12190;01/05/2023;202318;8;135,00;KUPON;DEPOT;;NFK|9001|12190|202318
9001;20015;01/05/2023;202318;19;483,31;;DEPOT;C;NFK|9001|20015|202318
9001;20041;01/05/2023;202318;21;191,62;;DEPOT;A;NFK|9001|20041|202318
9001;20088;01/05/2023;202318;16;613,60;KUPON;DEPOT;B;NFK|9001|20088|202318
9001;20131;01/05/2023;202318;8;169,00;;DEPOT;C;NFK|9001|20131|202318
9001;30012;01/05/2023;202318;7;113,31;;DEPOT;;NFK|9001|30012|202318
9001;30077;01/05/2023;202318;9;472,50;;DEPOT;;NFK|9001|30077|202318
9001;30154;01/05/2023;202318;6;101,25;;DEPOT;;NFK|9001|30154|202318
9001;30209;01/05/2023;202318;8;299,50;;DEPOT;;NFK|9001|30209|202318
9001;99001;01/05/2023;202318;0;0,00;;DEPOT;;NFK|9001|99001|202318
1101;10023;08/05/2023;202319;536;6365,00;;SUPER;;NFK|1101|10023|202319
1101;10047;08/05/2023;202319;345;3881,25;;SUPER;;NFK|1101|10047|202319
1101;10112;08/05/2023;202319;185;3919,69;;SUPER;;NFK|1101|10112|202319
1101;10310;08/05/2023;202319;177;4756,88;;SUPER;;NFK|1101|10310|202319
1101;11020;08/05/2023;202319;494;9231,62;;SUPER;;NFK|1101|11020|202319
1101;11085;08/05/2023;202319;230;2573,12;;SUPER;;NFK|1101|11085|202319
1101;11142;08/05/2023;202319;194;4837,88;;SUPER;;NFK|1101|11142|202319
1101;12004;08/05/2023;202319;261;10440,00;;SUPER;;NFK|1101|12004|202319
1101;12066;08/05/2023;202319;181;10973,12;;SUPER;;NFK|1101|12066|202319
1101;12190;08/05/2023;202319;126;2835,00;;SUPER;;NFK|1101|12190|202319
1101;20015;08/05/2023;202319;352;8954,00;;SUPER;C;NFK|1101|20015|202319
1101;20041;08/05/2023;202319;447;4078,88;;SUPER;A;NFK|1101|20041|202319
1101;20088;08/05/2023;202319;214;12091,00;;SUPER;B;NFK|1101|20088|202319
1101;20131;08/05/2023;202319;141;2978,62;;SUPER;C;NFK|1101|20131|202319
1101;30012;08/05/2023;202319;123;1991,06;;SUPER;;NFK|1101|30012|202319
1101;30077;08/05/2023;202319;192;10080,00;;SUPER;;NFK|1101|30077|202319
1101;30154;08/05/2023;202319;119;2008,12;;SUPER;;NFK|1101|30154|202319
1101;30209;08/05/2023;202319;154;5765,38;;SUPER;;NFK|1101|30209|202319
1101;99001;08/05/2023;202319;7;0,00;;SUPER;;NFK|1101|99001|202319
1102;10023;08/05/2023;202319;444;5272,50;;SUPER;;NFK|1102|10023|202319
1102;10047;08/05/2023;202319;307;3453,75;;SUPER;;NFK|1102|10047|202319
1102;10112;08/05/2023;202319;159;3368,81;;SUPER;;NFK|1102|10112|202319
1102;10310;08/05/2023;202319;148;3977,50;;SUPER;;NFK|1102|10310|202319
1102;11020;08/05/2023;202319;430;8035,62;;SUPER;;NFK|1102|11020|202319
1102;11085;08/05/2023;202319;201;2248,69;;SUPER;;NFK|1102|11085|202319
1102;11142;08/05/2023;202319;163;4064,81;;SUPER;;NFK|1102|11142|202319
1102;12004;08/05/2023;202319;234;9360,00;;SUPER;;NFK|1102|12004|202319
1102;12066;08/05/2023;202319;157;9518,12;;SUPER;;NFK|1102|12066|202319
1102;12190;08/05/2023;202319;100;2250,00;;SUPER;;NFK|1102|12190|202319
1102;20015;08/05/2023;202319;265;6740,94;;SUPER;C;NFK|1102|20015|202319
1102;20041;08/05/2023;202319;371;3385,38;;SUPER;A;NFK|1102|20041|202319
1102;20088;08/05/2023;202319;200;11300,00;;SUPER;B;NFK|1102|20088|202319
1102;20131;08/05/2023;202319;126;2661,75;;SUPER;C;NFK|1102|20131|202319
1102;30012;08/05/2023;202319;95;1537,81;;SUPER;;NFK|1102|30012|202319
1102;30077;08/05/2023;202319;145;7612,50;;SUPER;;NFK|1102|30077|202319
1102;30154;08/05/2023;202319;109;1839,38;;SUPER;;NFK|1102|30154|202319
1102;30209;08/05/2023;202319;150;5615,62;;SUPER;;NFK|1102|30209|202319
1103;10023;08/05/2023;202319;236;2802,50;;NAER;;NFK|1103|10023|202319
1103;10047;08/05/2023;202319;152;1710,00;;NAER;;NFK|1103|10047|202319
1103;10112;08/05/2023;202319;92;1949,25;;NAER;;NFK|1103|10112|202319
1103;10310;08/05/2023;202319;83;2230,62;;NAER;;NFK|1103|10310|202319
1103;11020;08/05/2023;202319;185;3457,19;;NAER;;NFK|1103|11020|202319
1103;11085;08/05/2023;202319;-13;-145,44;;NAER;;NFK|1103|11085|202319
1103;11142;08/05/2023;202319;99;2468,81;;NAER;;NFK|1103|11142|202319
1103;12004;08/05/2023;202319;97;3880,00;;NAER;;NFK|1103|12004|202319
1103;12066;08/05/2023;202319;78;4728,75;;NAER;;NFK|1103|12066|202319
1103;12190;08/05/2023;202319;57;1282,50;;NAER;;NFK|1103|12190|202319
1103;20015;08/05/2023;202319;146;3713,88;;NAER;C;NFK|1103|20015|202319
1103;20041;08/05/2023;202319;187;1706,38;;NAER;A;NFK|1103|20041|202319
1103;20088;08/05/2023;202319;87;4915,50;;NAER;B;NFK|1103|20088|202319
1103;20131;08/05/2023;202319;78;1647,75;;NAER;C;NFK|1103|20131|202319
1103;30012;08/05/2023;202319;57;922,69;;NAER;;NFK|1103|30012|202319
1103;30077;08/05/2023;202319;90;4725,00;;NAER;;NFK|1103|30077|202319
1103;30154;08/05/2023;202319;53;894,38;;NAER;;NFK|1103|30154|202319
1103;30209;08/05/2023;202319;73;2732,94;;NAER;;NFK|1103|30209|202319
1103;99001;08/05/2023;202319;4;0,00;;NAER;;NFK|1103|99001|202319
1108;10023;08/05/2023;202319;1015;12053,12;;HYPER;;NFK|1108|10023|202319
1108;10047;08/05/2023;202319;562;6322,50;;HYPER;;NFK|1108|10047|202319
1108;10112;08/05/2023;202319;322;6822,38;;HYPER;;NFK|1108|10112|202319
1108;10310;08/05/2023;202319;278;7471,25;;HYPER;;NFK|1108|10310|202319
1108;11020;08/05/2023;202319;905;16912,19;;HYPER;;NFK|1108|11020|202319
1108;11085;08/05/2023;202319;513;5739,19;;HYPER;;NFK|1108|11085|202319
1108;11142;08/05/2023;202319;352;8778,00;;HYPER;;NFK|1108|11142|202319
1108;12004;08/05/2023;202319;418;16720,00;;HYPER;;NFK|1108|12004|202319
1108;12066;08/05/2023;202319;287;17399,38;;HYPER;;NFK|1108|12066|202319
1108;12190;08/05/2023;202319;241;5422,50;;HYPER;;NFK|1108|12190|202319
1108;20015;08/05/2023;202319;566;14397,62;;HYPER;C;NFK|1108|20015|202319
1108;20041;08/05/2023;202319;733;6688,62;;HYPER;A;NFK|1108|20041|202319
1108;20088;08/05/2023;202319;413;23334,50;;HYPER;B;NFK|1108|20088|202319
1108;20131;08/05/2023;202319;270;5703,75;;HYPER;C;NFK|1108|20131|202319
1108;30012;08/05/2023;202319;190;3075,62;;HYPER;;NFK|1108|30012|202319
1108;30077;08/05/2023;202319;361;18952,50;;HYPER;;NFK|1108|30077|202319
1108;30154;08/05/2023;202319;245;4134,38;;HYPER;;NFK|1108|30154|202319
1108;30209;08/05/2023;202319;322;12054,88;;HYPER;;NFK|1108|30209|202319
3104;10023;08/05/2023;202319;508;6032,50;;SUPER;;NFK|3104|10023|202319
3104;10047;08/05/2023;202319;304;3420,00;;SUPER;;NFK|3104|10047|202319
3104;10112;08/05/2023;202319;188;3983,25;;SUPER;;NFK|3104|10112|202319
3104;10310;08/05/2023;202319;151;4058,12;;SUPER;;NFK|3104|10310|202319
3104;11020;08/05/2023;202319;344;6428,50;;SUPER;;NFK|3104|11020|202319
3104;11085;08/05/2023;202319;226;2528,38;;SUPER;;NFK|3104|11085|202319
3104;11142;08/05/2023;202319;157;3915,19;;SUPER;;NFK|3104|11142|202319
3104;12004;08/05/2023;202319;190;7600,00;;SUPER;;NFK|3104|12004|202319
3104;12066;08/05/2023;202319;171;10366,88;;SUPER;;NFK|3104|12066|202319
3104;12190;08/05/2023;202319;122;2745,00;;SUPER;;NFK|3104|12190|202319
3104;20015;08/05/2023;202319;288;7326,00;;SUPER;C;NFK|3104|20015|202319
3104;20041;08/05/2023;202319;389;3549,62;;SUPER;A;NFK|3104|20041|202319
3104;20088;08/05/2023;202319;186;10509,00;;SUPER;B;NFK|3104|20088|202319
3104;20131;08/05/2023;202319;134;2830,75;;SUPER;C;NFK|3104|20131|202319
3104;30012;08/05/2023;202319;92;1489,25;;SUPER;;NFK|3104|30012|202319
3104;30077;08/05/2023;202319;162;8505,00;;SUPER;;NFK|3104|30077|202319
3104;30154;08/05/2023;202319;115;1940,62;;SUPER;;NFK|3104|30154|202319
3104;30209;08/05/2023;202319;152;5690,50;;SUPER;;NFK|3104|30209|202319
3117;10023;08/05/2023;202319;238;2826,25;;NAER;;NFK|3117|10023|202319
3117;10047;08/05/2023;202319;134;1507,50;;NAER;;NFK|3117|10047|202319
3117;10112;08/05/2023;202319;75;1589,06;;NAER;;NFK|3117|10112|202319
3117;10310;08/05/2023;202319;61;1639,38;;NAER;;NFK|3117|10310|202319
3117;11020;08/05/2023;202319;175;3270,31;;NAER;;NFK|3117|11020|202319
3117;11085;08/05/2023;202319;90;1006,87;;NAER;;NFK|3117|11085|202319
3117;11142;08/05/2023;202319;70;1745,62;;NAER;;NFK|3117|11142|202319
3117;12004;08/05/2023;202319;87;3480,00;;NAER;;NFK|3117|12004|202319
3117;12066;08/05/2023;202319;76;4607,50;;NAER;;NFK|3117|12066|202319
3117;12190;08/05/2023;202319;51;1147,50;;NAER;;NFK|3117|12190|202319
3117;20015;08/05/2023;202319;133;3383,19;;NAER;C;NFK|3117|20015|202319
3117;20041;08/05/2023;202319;185;1688,12;;NAER;A;NFK|3117|20041|202319
3117;20088;08/05/2023;202319;80;4520,00;;NAER;B;NFK|3117|20088|202319
3117;20131;08/05/2023;202319;54;1140,75;;NAER;C;NFK|3117|20131|202319
3117;30012;08/05/2023;202319;42;679,88;;NAER;;NFK|3117|30012|202319
3117;30077;08/05/2023;202319;74;3885,00;;NAER;;NFK|3117|30077|202319
3117;30154;08/05/2023;202319;49;826,88;;NAER;;NFK|3117|30154|202319
3117;30209;08/05/2023;202319;72;2695,50;;NAER;;NFK|3117|30209|202319
3117;99001;08/05/2023;202319;3;0,00;;NAER;;NFK|3117|99001|202319
3122;10023;08/05/2023;202319;178;2113,75;;FRANCHISE;;NFK|3122|10023|202319
3122;10047;08/05/2023;202319;101;1136,25;;FRANCHISE;;NFK|3122|10047|202319
3122;10112;08/05/2023;202319;61;1292,44;;FRANCHISE;;NFK|3122|10112|202319
3122;10310;08/05/2023;202319;47;1263,12;;FRANCHISE;;NFK|3122|10310|202319
3122;11020;08/05/2023;202319;142;2653,62;;FRANCHISE;;NFK|3122|11020|202319
3122;11085;08/05/2023;202319;71;794,31;;FRANCHISE;;NFK|3122|11085|202319
3122;11142;08/05/2023;202319;58;1446,38;;FRANCHISE;;NFK|3122|11142|202319
3122;12004;08/05/2023;202319;69;2760,00;;FRANCHISE;;NFK|3122|12004|202319
3122;12066;08/05/2023;202319;58;3516,25;;FRANCHISE;;NFK|3122|12066|202319
3122;12190;08/05/2023;202319;41;922,50;;FRANCHISE;;NFK|3122|12190|202319
3122;20015;08/05/2023;202319;100;2543,75;;FRANCHISE;C;NFK|3122|20015|202319
3122;20041;08/05/2023;202319;127;1158,88;;FRANCHISE;A;NFK|3122|20041|202319
3122;20088;08/05/2023;202319;62;3503,00;;FRANCHISE;B;NFK|3122|20088|202319
3122;20131;08/05/2023;202319;43;908,38;;FRANCHISE;C;NFK|3122|20131|202319
3122;30012;08/05/2023;202319;32;518,00;;FRANCHISE;;NFK|3122|30012|202319
3122;30077;08/05/2023;202319;56;2940,00;;FRANCHISE;;NFK|3122|30077|202319
3122;30154;08/05/2023;202319;39;658,12;;FRANCHISE;;NFK|3122|30154|202319
3122;30209;08/05/2023;202319;41;1534,94;;FRANCHISE;;NFK|3122|30209|202319
4201;10023;08/05/2023;202319;844;10022,50;;HYPER;;NFK|4201|10023|202319
4201;10047;08/05/2023;202319;588;6615,00;;HYPER;;NFK|4201|10047|202319
4201;10112;08/05/2023;202319;361;7648,69;;HYPER;;NFK|4201|10112|202319
4201;10310;08/05/2023;202319;232;6235,00;;HYPER;;NFK|4201|10310|202319
4201;11020;08/05/2023;202319;679;12688,81;;HYPER;;NFK|4201|11020|202319
4201;11085;08/05/2023;202319;363;4061,06;;HYPER;;NFK|4201|11085|202319
4201;11142;08/05/2023;202319;272;6783,00;;HYPER;;NFK|4201|11142|202319
4201;12004;08/05/2023;202319;348;13920,00;;HYPER;;NFK|4201|12004|202319
4201;12066;08/05/2023;202319;299;18126,88;;HYPER;;NFK|4201|12066|202319
4201;12190;08/05/2023;202319;219;4927,50;;HYPER;;NFK|4201|12190|202319
4201;20015;08/05/2023;202319;512;13024,00;;HYPER;C;NFK|4201|20015|202319
4201;20041;08/05/2023;202319;555;5064,38;;HYPER;A;NFK|4201|20041|202319
4201;20088;08/05/2023;202319;379;21413,50;;HYPER;B;NFK|4201|20088|202319
4201;20131;08/05/2023;202319;258;5450,25;;HYPER;C;NFK|4201|20131|202319
4201;30012;08/05/2023;202319;189;3059,44;;HYPER;;NFK|4201|30012|202319
4201;30077;08/05/2023;202319;267;14017,50;;HYPER;;NFK|4201|30077|202319
4201;30154;08/05/2023;202319;196;3307,50;;HYPER;;NFK|4201|30154|202319
4201;30209;08/05/2023;202319;220;8236,25;;HYPER;;NFK|4201|30209|202319
4205;10023;08/05/2023;202319;539;6400,62;;SUPER;;NFK|4205|10023|202319
4205;10047;08/05/2023;202319;315;3543,75;;SUPER;;NFK|4205|10047|202319
4205;10112;08/05/2023;202319;167;3538,31;;SUPER;;NFK|4205|10112|202319
4205;10310;08/05/2023;202319;165;4434,38;;SUPER;;NFK|4205|10310|202319
4205;11020;08/05/2023;202319;457;8540,19;;SUPER;;NFK|4205|11020|202319
4205;11085;08/05/2023;202319;215;2405,31;;SUPER;;NFK|4205|11085|202319
4205;11142;08/05/2023;202319;161;4014,94;;SUPER;;NFK|4205|11142|202319
4205;12004;08/05/2023;202319;247;9880,00;;SUPER;;NFK|4205|12004|202319
4205;12066;08/05/2023;202319;170;10306,25;;SUPER;;NFK|4205|12066|202319
4205;12190;08/05/2023;202319;133;2992,50;;SUPER;;NFK|4205|12190|202319
4205;20015;08/05/2023;202319;261;6639,19;;SUPER;C;NFK|4205|20015|202319
4205;20041;08/05/2023;202319;358;3266,75;;SUPER;A;NFK|4205|20041|202319
4205;20088;08/05/2023;202319;207;11695,50;;SUPER;B;NFK|4205|20088|202319
4205;20131;08/05/2023;202319;121;2556,12;;SUPER;C;NFK|4205|20131|202319
4205;30012;08/05/2023;202319;108;1748,25;;SUPER;;NFK|4205|30012|202319
4205;30077;08/05/2023;202319;151;7927,50;;SUPER;;NFK|4205|30077|202319
4205;30154;08/05/2023;202319;132;2227,50;;SUPER;;NFK|4205|30154|202319
4205;30209;08/05/2023;202319;146;5465,88;;SUPER;;NFK|4205|30209|202319
4205;99001;08/05/2023;202319;6;0,00;;SUPER;;NFK|4205|99001|202319
4218;10023;08/05/2023;202319;615;7303,12;;SUPER;;NFK|4218|10023|202319
4218;10047;08/05/2023;202319;314;3532,50;;SUPER;;NFK|4218|10047|202319
4218;10112;08/05/2023;202319;222;4703,62;;SUPER;;NFK|4218|10112|202319
4218;10310;08/05/2023;202319;154;4138,75;;SUPER;;NFK|4218|10310|202319
4218;11020;08/05/2023;202319;443;8278,56;;SUPER;;NFK|4218|11020|202319
4218;11085;08/05/2023;202319;267;2987,06;;SUPER;;NFK|4218|11085|202319
4218;11142;08/05/2023;202319;187;4663,31;;SUPER;;NFK|4218|11142|202319
4218;12004;08/05/2023;202319;213;8520,00;;SUPER;;NFK|4218|12004|202319
4218;12066;08/05/2023;202319;175;10609,38;;SUPER;;NFK|4218|12066|202319
4218;12190;08/05/2023;202319;123;2767,50;;SUPER;;NFK|4218|12190|202319
4218;20015;08/05/2023;202319;282;7173,38;;SUPER;C;NFK|4218|20015|202319
4218;20041;08/05/2023;202319;433;3951,12;;SUPER;A;NFK|4218|20041|202319
4218;20088;08/05/2023;202319;193;10904,50;;SUPER;B;NFK|4218|20088|202319
4218;20131;08/05/2023;202319;147;3105,38;;SUPER;C;NFK|4218|20131|202319
4218;30012;08/05/2023;202319;121;1958,69;;SUPER;;NFK|4218|30012|202319
4218;30077;08/05/2023;202319;192;10080,00;;SUPER;;NFK|4218|30077|202319
4218;30154;08/05/2023;202319;121;2041,88;;SUPER;;NFK|4218|30154|202319
4218;30209;08/05/2023;202319;168;6289,50;;SUPER;;NFK|4218|30209|202319
5502;10023;08/05/2023;202319;550;6531,25;;SUPER;;NFK|5502|10023|202319
5502;10047;08/05/2023;202319;337;3791,25;;SUPER;;NFK|5502|10047|202319
5502;10112;08/05/2023;202319;176;3729,00;;SUPER;;NFK|5502|10112|202319
5502;10310;08/05/2023;202319;152;4085,00;;SUPER;;NFK|5502|10310|202319
5502;11020;08/05/2023;202319;405;7568,44;;SUPER;;NFK|5502|11020|202319
5502;11085;08/05/2023;202319;196;2192,75;;SUPER;;NFK|5502|11085|202319
5502;11142;08/05/2023;202319;175;4364,06;;SUPER;;NFK|5502|11142|202319
5502;12004;08/05/2023;202319;225;9000,00;;SUPER;;NFK|5502|12004|202319
5502;12066;08/05/2023;202319;142;8608,75;;SUPER;;NFK|5502|12066|202319
5502;12190;08/05/2023;202319;114;2565,00;;SUPER;;NFK|5502|12190|202319
5502;20015;08/05/2023;202319;290;7376,88;;SUPER;C;NFK|5502|20015|202319
5502;20041;08/05/2023;202319;396;3613,50;;SUPER;A;NFK|5502|20041|202319
5502;20088;08/05/2023;202319;169;9548,50;;SUPER;B;NFK|5502|20088|202319
5502;20131;08/05/2023;202319;137;2894,12;;SUPER;C;NFK|5502|20131|202319
5502;30012;08/05/2023;202319;102;1651,12;;SUPER;;NFK|5502|30012|202319
5502;30077;08/05/2023;202319;148;7770,00;;SUPER;;NFK|5502|30077|202319
5502;30154;08/05/2023;202319;100;1687,50;;SUPER;;NFK|5502|30154|202319
5502;30209;08/05/2023;202319;136;5091,50;;SUPER;;NFK|5502|30209|202319
5502;99001;08/05/2023;202319;8;0,00;;SUPER;;NFK|5502|99001|202319
5511;10023;08/05/2023;202319;215;2553,12;;PARTNER;;NFK|5511|10023|202319
5511;10047;08/05/2023;202319;112;1260,00;;PARTNER;;NFK|5511|10047|202319
5511;10112;08/05/2023;202319;63;1334,81;;PARTNER;;NFK|5511|10112|202319
5511;10310;08/05/2023;202319;60;1612,50;;PARTNER;;NFK|5511|10310|202319
5511;11020;08/05/2023;202319;148;2765,75;;PARTNER;;NFK|5511|11020|202319
5511;11085;08/05/2023;202319;98;1096,38;;PARTNER;;NFK|5511|11085|202319
5511;11142;08/05/2023;202319;63;1571,06;;PARTNER;;NFK|5511|11142|202319
5511;12004;08/05/2023;202319;70;2800,00;;PARTNER;;NFK|5511|12004|202319
5511;12066;08/05/2023;202319;67;4061,88;;PARTNER;;NFK|5511|12066|202319
5511;12190;08/05/2023;202319;38;855,00;;PARTNER;;NFK|5511|12190|202319
5511;20015;08/05/2023;202319;118;3001,62;;PARTNER;C;NFK|5511|20015|202319
5511;20041;08/05/2023;202319;135;1231,88;;PARTNER;A;NFK|5511|20041|202319
5511;20088;08/05/2023;202319;80;4520,00;;PARTNER;B;NFK|5511|20088|202319
5511;20131;08/05/2023;202319;52;1098,50;;PARTNER;C;NFK|5511|20131|202319
5511;30012;08/05/2023;202319;38;615,12;;PARTNER;;NFK|5511|30012|202319
5511;30077;08/05/2023;202319;68;3570,00;;PARTNER;;NFK|5511|30077|202319
5511;30154;08/05/2023;202319;45;759,38;;PARTNER;;NFK|5511|30154|202319
5511;30209;08/05/2023;202319;56;2096,50;;PARTNER;;NFK|5511|30209|202319
5511;99001;08/05/2023;202319;3;0,00;;PARTNER;;NFK|5511|99001|202319
9001;10023;08/05/2023;202319;24;285,00;;DEPOT;;NFK|9001|10023|202319
9001;10047;08/05/2023;202319;16;180,00;;DEPOT;;NFK|9001|10047|202319
9001;10112;08/05/2023;202319;10;211,88;;DEPOT;;NFK|9001|10112|202319
9001;10310;08/05/2023;202319;8;215,00;;DEPOT;;NFK|9001|10310|202319
9001;11020;08/05/2023;202319;22;411,12;;DEPOT;;NFK|9001|11020|202319
9001;11085;08/05/2023;202319;13;145,44;;DEPOT;;NFK|9001|11085|202319
9001;11142;08/05/2023;202319;10;249,38;;DEPOT;;NFK|9001|11142|202319
9001;12004;08/05/2023;202319;13;520,00;;DEPOT;;NFK|9001|12004|202319
9001;12066;08/05/2023;202319;8;485,00;;DEPOT;;NFK|9001|12066|202319
9001;12190;08/05/2023;202319;5;112,50;;DEPOT;;NFK|9001|12190|202319
9001;20015;08/05/2023;202319;0;0,00;;DEPOT;C;NFK|9001|20015|202319
9001;20041;08/05/2023;202319;22;200,75;;DEPOT;A;NFK|9001|20041|202319
9001;20088;08/05/2023;202319;12;678,00;;DEPOT;B;NFK|9001|20088|202319
9001;20131;08/05/2023;202319;7;147,88;;DEPOT;C;NFK|9001|20131|202319
9001;30012;08/05/2023;202319;6;97,12;;DEPOT;;NFK|9001|30012|202319
9001;30077;08/05/2023;202319;9;472,50;;DEPOT;;NFK|9001|30077|202319
9001;30154;08/05/2023;202319;6;101,25;;DEPOT;;NFK|9001|30154|202319
9001;30209;08/05/2023;202319;8;299,50;;DEPOT;;NFK|9001|30209|202319
9001;99001;08/05/2023;202319;0;0,00;;DEPOT;;NFK|9001|99001|202319
1101;10023;15/05/2023;202320;509;6044,38;;SUPER;;NFK|1101|10023|202320
1101;10047;15/05/2023;202320;388;4365,00;;SUPER;;NFK|1101|10047|202320
1101;10112;15/05/2023;202320;217;4597,69;;SUPER;;NFK|1101|10112|202320
1101;10310;15/05/2023;202320;179;4810,62;;SUPER;;NFK|1101|10310|202320
1101;11020;15/05/2023;202320;473;8839,19;;SUPER;;NFK|1101|11020|202320
1101;11085;15/05/2023;202320;280;3132,50;;SUPER;;NFK|1101|11085|202320
1101;11142;15/05/2023;202320;218;5436,37;;SUPER;;NFK|1101|11142|202320
1101;12004;15/05/2023;202320;227;9080,00;;SUPER;;NFK|1101|12004|202320
1101;12066;15/05/2023;202320;166;10063,75;;SUPER;;NFK|1101|12066|202320
1101;12190;15/05/2023;202320;142;3195,00;;SUPER;;NFK|1101|12190|202320
1101;20015;15/05/2023;202320;380;9666,25;;SUPER;C;NFK|1101|20015|202320
1101;20041;15/05/2023;202320;439;4005,88;;SUPER;A;NFK|1101|20041|202320
1101;20088;15/05/2023;202320;249;14068,50;;SUPER;B;NFK|1101|20088|202320
1101;20131;15/05/2023;202320;138;2915,25;;SUPER;C;NFK|1101|20131|202320
1101;30012;15/05/2023;202320;145;1995,56;KUPON;SUPER;;NFK|1101|30012|202320
1101;30077;15/05/2023;202320;212;11130,00;;SUPER;;NFK|1101|30077|202320
1101;30154;15/05/2023;202320;137;2311,88;;SUPER;;NFK|1101|30154|202320
1101;30209;15/05/2023;202320;152;5690,50;;SUPER;;NFK|1101|30209|202320
1101;99001;15/05/2023;202320;10;0,00;;SUPER;;NFK|1101|99001|202320
1102;10023;15/05/2023;202320;591;7018,12;;SUPER;;NFK|1102|10023|202320
1102;10047;15/05/2023;202320;302;3397,50;;SUPER;;NFK|1102|10047|202320
1102;10112;15/05/2023;202320;188;3983,25;;SUPER;;NFK|1102|10112|202320
1102;10310;15/05/2023;202320;175;4703,12;;SUPER;;NFK|1102|10310|202320
1102;11020;15/05/2023;202320;484;9044,75;;SUPER;;NFK|1102|11020|202320
1102;11085;15/05/2023;202320;233;2606,69;;SUPER;;NFK|1102|11085|202320
1102;11142;15/05/2023;202320;196;4887,75;;SUPER;;NFK|1102|11142|202320
1102;12004;15/05/2023;202320;253;10120,00;;SUPER;;NFK|1102|12004|202320
1102;12066;15/05/2023;202320;169;10245,62;;SUPER;;NFK|1102|12066|202320
1102;12190;15/05/2023;202320;117;2632,50;;SUPER;;NFK|1102|12190|202320
1102;20015;15/05/2023;202320;304;7733,00;;SUPER;C;NFK|1102|20015|202320
1102;20041;15/05/2023;202320;436;3978,50;;SUPER;A;NFK|1102|20041|202320
1102;20088;15/05/2023;202320;199;11243,50;;SUPER;B;NFK|1102|20088|202320
1102;20131;15/05/2023;202320;154;3253,25;;SUPER;C;NFK|1102|20131|202320
1102;30012;15/05/2023;202320;150;2064,38;KUPON;SUPER;;NFK|1102|30012|202320
1102;30077;15/05/2023;202320;159;8347,50;;SUPER;;NFK|1102|30077|202320
1102;30154;15/05/2023;202320;140;2362,50;;SUPER;;NFK|1102|30154|202320
1102;30209;15/05/2023;202320;173;6476,69;;SUPER;;NFK|1102|30209|202320
1102;99001;15/05/2023;202320;8;0,00;;SUPER;;NFK|1102|99001|202320
1103;10023;15/05/2023;202320;299;3550,62;;NAER;;NFK|1103|10023|202320
1103;10047;15/05/2023;202320;190;2137,50;;NAER;;NFK|1103|10047|202320
1103;10112;15/05/2023;202320;103;2182,31;;NAER;;NFK|1103|10112|202320
1103;10310;15/05/2023;202320;72;1935,00;;NAER;;NFK|1103|10310|202320
1103;11020;15/05/2023;202320;245;4578,44;;NAER;;NFK|1103|11020|202320
1103;11085;15/05/2023;202320;147;1644,56;;NAER;;NFK|1103|11085|202320
1103;11142;15/05/2023;202320;93;2319,19;;NAER;;NFK|1103|11142|202320
1103;12004;15/05/2023;202320;114;4560,00;;NAER;;NFK|1103|12004|202320
1103;12066;15/05/2023;202320;94;5698,75;;NAER;;NFK|1103|12066|202320
1103;12190;15/05/2023;202320;61;1372,50;;NAER;;NFK|1103|12190|202320
1103;20015;15/05/2023;202320;169;4298,94;;NAER;C;NFK|1103|20015|202320
1103;20041;15/05/2023;202320;221;2016,62;;NAER;A;NFK|1103|20041|202320
1103;20088;15/05/2023;202320;96;5424,00;;NAER;B;NFK|1103|20088|202320
1103;20131;15/05/2023;202320;78;1647,75;;NAER;C;NFK|1103|20131|202320
1103;30012;15/05/2023;202320;81;1114,76;KUPON;NAER;;NFK|1103|30012|202320
1103;30077;15/05/2023;202320;80;4200,00;;NAER;;NFK|1103|30077|202320
1103;30154;15/05/2023;202320;72;1215,00;;NAER;;NFK|1103|30154|202320
1103;30209;15/05/2023;202320;91;3406,81;;NAER;;NFK|1103|30209|202320
1103;99001;15/05/2023;202320;4;0,00;;NAER;;NFK|1103|99001|202320
1108;10023;15/05/2023;202320;1006;11946,25;;HYPER;;NFK|1108|10023|202320
1108;10047;15/05/2023;202320;651;7323,75;;HYPER;;NFK|1108|10047|202320
1108;10112;15/05/2023;202320;398;8432,62;;HYPER;;NFK|1108|10112|202320
1108;10310;15/05/2023;202320;312;8385,00;;HYPER;;NFK|1108|10310|202320
1108;11020;15/05/2023;202320;914;17080,38;;HYPER;;NFK|1108|11020|202320
1108;11085;15/05/2023;202320;470;5258,12;;HYPER;;NFK|1108|11085|202320
1108;11142;15/05/2023;202320;342;8528,62;;HYPER;;NFK|1108|11142|202320
1108;12004;15/05/2023;202320;529;21160,00;;HYPER;;NFK|1108|12004|202320
1108;12066;15/05/2023;202320;345;20915,62;;HYPER;;NFK|1108|12066|202320
1108;12190;15/05/2023;202320;275;6187,50;;HYPER;;NFK|1108|12190|202320
1108;20015;15/05/2023;202320;604;15364,25;;HYPER;C;NFK|1108|20015|202320
1108;20041;15/05/2023;202320;705;6433,12;;HYPER;A;NFK|1108|20041|202320
1108;20088;15/05/2023;202320;457;25820,50;;HYPER;B;NFK|1108|20088|202320
1108;20131;15/05/2023;202320;321;6781,12;;HYPER;C;NFK|1108|20131|202320
1108;30012;15/05/2023;202320;273;3757,16;KUPON;HYPER;;NFK|1108|30012|202320
1108;30077;15/05/2023;202320;311;16327,50;;HYPER;;NFK|1108|30077|202320
1108;30154;15/05/2023;202320;245;4134,38;;HYPER;;NFK|1108|30154|202320
1108;30209;15/05/2023;202320;299;11193,81;;HYPER;;NFK|1108|30209|202320
1108;99001;15/05/2023;202320;17;0,00;;HYPER;;NFK|1108|99001|202320
3104;10023;15/05/2023;202320;460;5462,50;;SUPER;;NFK|3104|10023|202320
3104;10047;15/05/2023;202320;327;3678,75;;SUPER;;NFK|3104|10047|202320
3104;10112;15/05/2023;202320;176;3729,00;;SUPER;;NFK|3104|10112|202320
3104;10310;15/05/2023;202320;169;4541,88;;SUPER;;NFK|3104|10310|202320
3104;11020;15/05/2023;202320;403;7531,06;;SUPER;;NFK|3104|11020|202320
3104;11085;15/05/2023;202320;233;2606,69;;SUPER;;NFK|3104|11085|202320
3104;11142;15/05/2023;202320;175;4364,06;;SUPER;;NFK|3104|11142|202320
3104;12004;15/05/2023;202320;229;9160,00;;SUPER;;NFK|3104|12004|202320
3104;12066;15/05/2023;202320;144;8730,00;;SUPER;;NFK|3104|12066|202320
3104;12190;15/05/2023;202320;128;2880,00;;SUPER;;NFK|3104|12190|202320
3104;20015;15/05/2023;202320;261;6639,19;;SUPER;C;NFK|3104|20015|202320
3104;20041;15/05/2023;202320;412;3759,50;;SUPER;A;NFK|3104|20041|202320
3104;20088;15/05/2023;202320;192;10848,00;;SUPER;B;NFK|3104|20088|202320
3104;20131;15/05/2023;202320;137;2894,12;;SUPER;C;NFK|3104|20131|202320
3104;30012;15/05/2023;202320;144;1981,80;KUPON;SUPER;;NFK|3104|30012|202320
3104;30077;15/05/2023;202320;142;7455,00;;SUPER;;NFK|3104|30077|202320
3104;30154;15/05/2023;202320;106;1788,75;;SUPER;;NFK|3104|30154|202320
3104;30209;15/05/2023;202320;140;5241,25;;SUPER;;NFK|3104|30209|202320
3104;99001;15/05/2023;202320;7;0,00;;SUPER;;NFK|3104|99001|202320
3117;10023;15/05/2023;202320;268;3182,50;;NAER;;NFK|3117|10023|202320
3117;10047;15/05/2023;202320;175;1968,75;;NAER;;NFK|3117|10047|202320
3117;10112;15/05/2023;202320;92;1949,25;;NAER;;NFK|3117|10112|202320
3117;10310;15/05/2023;202320;62;1666,25;;NAER;;NFK|3117|10310|202320
3117;11020;15/05/2023;202320;189;3531,94;;NAER;;NFK|3117|11020|202320
3117;11085;15/05/2023;202320;118;1320,12;;NAER;;NFK|3117|11085|202320
3117;11142;15/05/2023;202320;85;2119,69;;NAER;;NFK|3117|11142|202320
3117;12004;15/05/2023;202320;108;4320,00;;NAER;;NFK|3117|12004|202320
3117;12066;15/05/2023;202320;87;5274,38;;NAER;;NFK|3117|12066|202320
3117;12190;15/05/2023;202320;51;1147,50;;NAER;;NFK|3117|12190|202320
3117;20015;15/05/2023;202320;155;3942,81;;NAER;C;NFK|3117|20015|202320
3117;20041;15/05/2023;202320;166;1514,75;;NAER;A;NFK|3117|20041|202320
3117;20088;15/05/2023;202320;86;4859,00;;NAER;B;NFK|3117|20088|202320
3117;20131;15/05/2023;202320;56;1183,00;;NAER;C;NFK|3117|20131|202320
3117;30012;15/05/2023;202320;54;743,17;KUPON;NAER;;NFK|3117|30012|202320
3117;30077;15/05/2023;202320;74;3885,00;;NAER;;NFK|3117|30077|202320
3117;30154;15/05/2023;202320;58;978,75;;NAER;;NFK|3117|30154|202320
3117;30209;15/05/2023;202320;74;2770,37;;NAER;;NFK|3117|30209|202320
3122;10023;15/05/2023;202320;193;2291,88;;FRANCHISE;;NFK|3122|10023|202320
3122;10047;15/05/2023;202320;116;1305,00;;FRANCHISE;;NFK|3122|10047|202320
3122;10112;15/05/2023;202320;65;1377,19;;FRANCHISE;;NFK|3122|10112|202320
3122;10310;15/05/2023;202320;45;1209,38;;FRANCHISE;;NFK|3122|10310|202320
3122;11020;15/05/2023;202320;154;2877,87;;FRANCHISE;;NFK|3122|11020|202320
3122;11085;15/05/2023;202320;91;1018,06;;FRANCHISE;;NFK|3122|11085|202320
3122;11142;15/05/2023;202320;60;1496,25;;FRANCHISE;;NFK|3122|11142|202320
3122;12004;15/05/2023;202320;83;3320,00;;FRANCHISE;;NFK|3122|12004|202320
3122;12066;15/05/2023;202320;57;3455,62;;FRANCHISE;;NFK|3122|12066|202320
3122;12190;15/05/2023;202320;41;922,50;;FRANCHISE;;NFK|3122|12190|202320
3122;20015;15/05/2023;202320;109;2772,69;;FRANCHISE;C;NFK|3122|20015|202320
3122;20041;15/05/2023;202320;138;1259,25;;FRANCHISE;A;NFK|3122|20041|202320
3122;20088;15/05/2023;202320;66;3729,00;;FRANCHISE;B;NFK|3122|20088|202320
3122;20131;15/05/2023;202320;52;1098,50;;FRANCHISE;C;NFK|3122|20131|202320
3122;30012;15/05/2023;202320;50;688,12;KUPON;FRANCHISE;;NFK|3122|30012|202320
3122;30077;15/05/2023;202320;59;3097,50;;FRANCHISE;;NFK|3122|30077|202320
3122;30154;15/05/2023;202320;37;624,38;;FRANCHISE;;NFK|3122|30154|202320
3122;30209;15/05/2023;202320;58;2171,38;;FRANCHISE;;NFK|3122|30209|202320
3122;99001;15/05/2023;202320;3;0,00;;FRANCHISE;;NFK|3122|99001|202320
4201;10023;15/05/2023;202320;952;11305,00;;HYPER;;NFK|4201|10023|202320
4201;10047;15/05/2023;202320;593;6671,25;;HYPER;;NFK|4201|10047|202320
4201;10112;15/05/2023;202320;355;7521,56;;HYPER;;NFK|4201|10112|202320
4201;10310;15/05/2023;202320;271;7283,12;;HYPER;;NFK|4201|10310|202320
4201;11020;15/05/2023;202320;707;13212,06;;HYPER;;NFK|4201|11020|202320
4201;11085;15/05/2023;202320;449;5023,19;;HYPER;;NFK|4201|11085|202320
4201;11142;15/05/2023;202320;280;6982,50;;HYPER;;NFK|4201|11142|202320
4201;12004;15/05/2023;202320;438;17520,00;;HYPER;;NFK|4201|12004|202320
4201;12066;15/05/2023;202320;258;15641,25;;HYPER;;NFK|4201|12066|202320
4201;12190;15/05/2023;202320;203;4567,50;;HYPER;;NFK|4201|12190|202320
4201;20015;15/05/2023;202320;569;14473,94;;HYPER;C;NFK|4201|20015|202320
4201;20041;15/05/2023;202320;722;6588,25;;HYPER;A;NFK|4201|20041|202320
4201;20088;15/05/2023;202320;386;21809,00;;HYPER;B;NFK|4201|20088|202320
4201;20131;15/05/2023;202320;277;5851,62;;HYPER;C;NFK|4201|20131|202320
4201;30012;15/05/2023;202320;242;3330,53;KUPON;HYPER;;NFK|4201|30012|202320
4201;30077;15/05/2023;202320;261;13702,50;;HYPER;;NFK|4201|30077|202320
4201;30154;15/05/2023;202320;244;4117,50;;HYPER;;NFK|4201|30154|202320
4201;30209;15/05/2023;202320;274;10257,88;;HYPER;;NFK|4201|30209|202320
4205;10023;15/05/2023;202320;600;7125,00;;SUPER;;NFK|4205|10023|202320
4205;10047;15/05/2023;202320;328;3690,00;;SUPER;;NFK|4205|10047|202320
4205;10112;15/05/2023;202320;231;4894,31;;SUPER;;NFK|4205|10112|202320
4205;10310;15/05/2023;202320;186;4998,75;;SUPER;;NFK|4205|10310|202320
4205;11020;15/05/2023;202320;414;7736,62;;SUPER;;NFK|4205|11020|202320
4205;11085;15/05/2023;202320;272;3043,00;;SUPER;;NFK|4205|11085|202320
4205;11142;15/05/2023;202320;203;5062,31;;SUPER;;NFK|4205|11142|202320
4205;12004;15/05/2023;202320;232;9280,00;;SUPER;;NFK|4205|12004|202320
4205;12066;15/05/2023;202320;174;10548,75;;SUPER;;NFK|4205|12066|202320
4205;12190;15/05/2023;202320;140;3150,00;;SUPER;;NFK|4205|12190|202320
4205;20015;15/05/2023;202320;353;8979,44;;SUPER;C;NFK|4205|20015|202320
4205;20041;15/05/2023;202320;380;3467,50;;SUPER;A;NFK|4205|20041|202320
4205;20088;15/05/2023;202320;231;13051,50;;SUPER;B;NFK|4205|20088|202320
4205;20131;15/05/2023;202320;135;2851,88;;SUPER;C;NFK|4205|20131|202320
4205;30012;15/05/2023;202320;159;2188,24;KUPON;SUPER;;NFK|4205|30012|202320
4205;30077;15/05/2023;202320;199;10447,50;;SUPER;;NFK|4205|30077|202320
4205;30154;15/05/2023;202320;117;1974,38;;SUPER;;NFK|4205|30154|202320
4205;30209;15/05/2023;202320;150;5615,62;;SUPER;;NFK|4205|30209|202320
4218;10023;15/05/2023;202320;602;7148,75;;SUPER;;NFK|4218|10023|202320
4218;10047;15/05/2023;202320;429;4826,25;;SUPER;;NFK|4218|10047|202320
4218;10112;15/05/2023;202320;194;4110,38;;SUPER;;NFK|4218|10112|202320
4218;10310;15/05/2023;202320;180;4837,50;;SUPER;;NFK|4218|10310|202320
4218;11020;15/05/2023;202320;467;8727,06;;SUPER;;NFK|4218|11020|202320
4218;11085;15/05/2023;202320;275;3076,56;;SUPER;;NFK|4218|11085|202320
4218;11142;15/05/2023;202320;228;5685,75;;SUPER;;NFK|4218|11142|202320
4218;12004;15/05/2023;202320;222;8880,00;;SUPER;;NFK|4218|12004|202320
4218;12066;15/05/2023;202320;185;11215,62;;SUPER;;NFK|4218|12066|202320
4218;12190;15/05/2023;202320;136;3060,00;;SUPER;;NFK|4218|12190|202320
4218;20015;15/05/2023;202320;321;8165,44;;SUPER;C;NFK|4218|20015|202320
4218;20041;15/05/2023;202320;432;3942,00;;SUPER;A;NFK|4218|20041|202320
4218;20088;15/05/2023;202320;267;15085,50;;SUPER;B;NFK|4218|20088|202320
4218;20131;15/05/2023;202320;182;3844,75;;SUPER;C;NFK|4218|20131|202320
4218;30012;15/05/2023;202320;168;2312,10;KUPON;SUPER;;NFK|4218|30012|202320
4218;30077;15/05/2023;202320;216;11340,00;;SUPER;;NFK|4218|30077|202320
4218;30154;15/05/2023;202320;122;2058,75;;SUPER;;NFK|4218|30154|202320
4218;30209;15/05/2023;202320;156;5840,25;;SUPER;;NFK|4218|30209|202320
5502;10023;15/05/2023;202320;546;6483,75;;SUPER;;NFK|5502|10023|202320
5502;10047;15/05/2023;202320;371;4173,75;;SUPER;;NFK|5502|10047|202320
5502;10112;15/05/2023;202320;176;3729,00;;SUPER;;NFK|5502|10112|202320
5502;10310;15/05/2023;202320;144;3870,00;;SUPER;;NFK|5502|10310|202320
5502;11020;15/05/2023;202320;463;8652,31;;SUPER;;NFK|5502|11020|202320
5502;11085;15/05/2023;202320;258;2886,38;;SUPER;;NFK|5502|11085|202320
5502;11142;15/05/2023;202320;156;3890,25;;SUPER;;NFK|5502|11142|202320
5502;12004;15/05/2023;202320;238;9520,00;;SUPER;;NFK|5502|12004|202320
5502;12066;15/05/2023;202320;147;8911,88;;SUPER;;NFK|5502|12066|202320
5502;12190;15/05/2023;202320;134;3015,00;;SUPER;;NFK|5502|12190|202320
5502;20015;15/05/2023;202320;321;8165,44;;SUPER;C;NFK|5502|20015|202320
5502;20041;15/05/2023;202320;390;3558,75;;SUPER;A;NFK|5502|20041|202320
5502;20088;15/05/2023;202320;187;10565,50;;SUPER;B;NFK|5502|20088|202320
5502;20131;15/05/2023;202320;145;3063,12;;SUPER;C;NFK|5502|20131|202320
5502;30012;15/05/2023;202320;135;1857,94;KUPON;SUPER;;NFK|5502|30012|202320
5502;30077;15/05/2023;202320;178;9345,00;;SUPER;;NFK|5502|30077|202320
5502;30154;15/05/2023;202320;128;2160,00;;SUPER;;NFK|5502|30154|202320
5502;30209;15/05/2023;202320;136;5091,50;;SUPER;;NFK|5502|30209|202320
5511;10023;15/05/2023;202320;198;2351,25;;PARTNER;;NFK|5511|10023|202320
5511;10047;15/05/2023;202320;126;1417,50;;PARTNER;;NFK|5511|10047|202320
5511;10112;15/05/2023;202320;67;1419,56;;PARTNER;;NFK|5511|10112|202320
5511;10310;15/05/2023;202320;58;1558,75;;PARTNER;;NFK|5511|10310|202320
5511;11020;15/05/2023;202320;151;2821,81;;PARTNER;;NFK|5511|11020|202320
5511;11085;15/05/2023;202320;95;1062,81;;PARTNER;;NFK|5511|11085|202320
5511;11142;15/05/2023;202320;77;1920,19;;PARTNER;;NFK|5511|11142|202320
5511;12004;15/05/2023;202320;100;4000,00;;PARTNER;;NFK|5511|12004|202320
5511;12066;15/05/2023;202320;67;4061,88;;PARTNER;;NFK|5511|12066|202320
5511;12190;15/05/2023;202320;53;1192,50;;PARTNER;;NFK|5511|12190|202320
5511;20015;15/05/2023;202320;110;2798,12;;PARTNER;C;NFK|5511|20015|202320
5511;20041;15/05/2023;202320;164;1496,50;;PARTNER;A;NFK|5511|20041|202320
5511;20088;15/05/2023;202320;86;4859,00;;PARTNER;B;NFK|5511|20088|202320
5511;20131;15/05/2023;202320;55;1161,88;;PARTNER;C;NFK|5511|20131|202320
5511;30012;15/05/2023;202320;57;784,46;KUPON;PARTNER;;NFK|5511|30012|202320
5511;30077;15/05/2023;202320;63;3307,50;;PARTNER;;NFK|5511|30077|202320
5511;30154;15/05/2023;202320;44;742,50;;PARTNER;;NFK|5511|30154|202320
5511;30209;15/05/2023;202320;68;2545,75;;PARTNER;;NFK|5511|30209|202320
9001;10023;15/05/2023;202320;28;332,50;;DEPOT;;NFK|9001|10023|202320
9001;10047;15/05/2023;202320;19;213,75;;DEPOT;;NFK|9001|10047|202320
9001;10112;15/05/2023;202320;12;254,25;;DEPOT;;NFK|9001|10112|202320
9001;10310;15/05/2023;202320;8;215,00;;DEPOT;;NFK|9001|10310|202320
9001;11020;15/05/2023;202320;25;467,19;;DEPOT;;NFK|9001|11020|202320
9001;11085;15/05/2023;202320;12;134,25;;DEPOT;;NFK|9001|11085|202320
9001;11142;15/05/2023;202320;9;224,44;;DEPOT;;NFK|9001|11142|202320
9001;12004;15/05/2023;202320;14;560,00;;DEPOT;;NFK|9001|12004|202320
9001;12066;15/05/2023;202320;9;545,62;;DEPOT;;NFK|9001|12066|202320
9001;12190;15/05/2023;202320;8;180,00;;DEPOT;;NFK|9001|12190|202320
9001;20015;15/05/2023;202320;18;457,87;;DEPOT;C;NFK|9001|20015|202320
9001;20041;15/05/2023;202320;19;173,38;;DEPOT;A;NFK|9001|20041|202320
9001;20088;15/05/2023;202320;10;565,00;;DEPOT;B;NFK|9001|20088|202320
9001;20131;15/05/2023;202320;7;147,88;;DEPOT;C;NFK|9001|20131|202320
9001;30012;15/05/2023;202320;7;96,34;KUPON;DEPOT;;NFK|9001|30012|202320
9001;30077;15/05/2023;202320;8;420,00;;DEPOT;;NFK|9001|30077|202320
9001;30154;15/05/2023;202320;6;101,25;;DEPOT;;NFK|9001|30154|202320
9001;30209;15/05/2023;202320;8;299,50;;DEPOT;;NFK|9001|30209|202320
1101;10023;22/05/2023;202321;479;5688,12;;SUPER;;NFK|1101|10023|202321
1101;10047;22/05/2023;202321;375;4218,75;;SUPER;;NFK|1101|10047|202321
1101;10112;22/05/2023;202321;190;4025,62;;SUPER;;NFK|1101|10112|202321
1101;10310;22/05/2023;202321;161;4326,88;;SUPER;;NFK|1101|10310|202321
1101;11020;22/05/2023;202321;460;8596,25;;SUPER;;NFK|1101|11020|202321
1101;11085;22/05/2023;202321;268;2998,25;;SUPER;;NFK|1101|11085|202321
1101;11142;22/05/2023;202321;161;4014,94;;SUPER;;NFK|1101|11142|202321
1101;12004;22/05/2023;202321;203;8120,00;;SUPER;;NFK|1101|12004|202321
1101;12066;22/05/2023;202321;153;9275,62;;SUPER;;NFK|1101|12066|202321
1101;12190;22/05/2023;202321;112;2520,00;;SUPER;;NFK|1101|12190|202321
1101;20015;22/05/2023;202321;348;8852,25;;SUPER;C;NFK|1101|20015|202321
1101;20041;22/05/2023;202321;366;3339,75;;SUPER;A;NFK|1101|20041|202321
1101;20088;22/05/2023;202321;228;12882,00;;SUPER;B;NFK|1101|20088|202321
1101;20131;22/05/2023;202321;127;2682,88;;SUPER;C;NFK|1101|20131|202321
1101;30012;22/05/2023;202321;115;1861,56;;SUPER;;NFK|1101|30012|202321
1101;30077;22/05/2023;202321;149;7822,50;;SUPER;;NFK|1101|30077|202321
1101;30154;22/05/2023;202321;113;1906,88;;SUPER;;NFK|1101|30154|202321
1101;30209;22/05/2023;202321;147;5503,31;;SUPER;;NFK|1101|30209|202321
1102;10023;22/05/2023;202321;488;5795,00;;SUPER;;NFK|1102|10023|202321
1102;10047;22/05/2023;202321;286;3217,50;;SUPER;;NFK|1102|10047|202321
1102;10112;22/05/2023;202321;182;3856,12;;SUPER;;NFK|1102|10112|202321
1102;10310;22/05/2023;202321;127;3413,12;;SUPER;;NFK|1102|10310|202321
1102;11020;22/05/2023;202321;420;7848,75;;SUPER;;NFK|1102|11020|202321
1102;11085;22/05/2023;202321;242;2707,37;;SUPER;;NFK|1102|11085|202321
1102;11142;22/05/2023;202321;170;4239,38;;SUPER;;NFK|1102|11142|202321
1102;12004;22/05/2023;202321;231;9240,00;;SUPER;;NFK|1102|12004|202321
1102;12066;22/05/2023;202321;161;9760,62;;SUPER;;NFK|1102|12066|202321
1102;12190;22/05/2023;202321;100;2250,00;;SUPER;;NFK|1102|12190|202321
1102;20015;22/05/2023;202321;324;8241,75;;SUPER;C;NFK|1102|20015|202321
1102;20041;22/05/2023;202321;325;2965,62;;SUPER;A;NFK|1102|20041|202321
1102;20088;22/05/2023;202321;167;9435,50;;SUPER;B;NFK|1102|20088|202321
1102;20131;22/05/2023;202321;151;3189,88;;SUPER;C;NFK|1102|20131|202321
1102;30012;22/05/2023;202321;95;1537,81;;SUPER;;NFK|1102|30012|202321
1102;30077;22/05/2023;202321;177;9292,50;;SUPER;;NFK|1102|30077|202321
1102;30154;22/05/2023;202321;110;1856,25;;SUPER;;NFK|1102|30154|202321
1102;30209;22/05/2023;202321;141;5278,69;;SUPER;;NFK|1102|30209|202321
1103;10023;22/05/2023;202321;228;2707,50;;NAER;;NFK|1103|10023|202321
1103;10047;22/05/2023;202321;154;1732,50;;NAER;;NFK|1103|10047|202321
1103;10112;22/05/2023;202321;88;1864,50;;NAER;;NFK|1103|10112|202321
1103;10310;22/05/2023;202321;74;1988,75;;NAER;;NFK|1103|10310|202321
1103;11020;22/05/2023;202321;185;3457,19;;NAER;;NFK|1103|11020|202321
1103;11085;22/05/2023;202321;129;1443,19;;NAER;;NFK|1103|11085|202321
1103;11142;22/05/2023;202321;90;2244,38;;NAER;;NFK|1103|11142|202321
1103;12004;22/05/2023;202321;101;4040,00;;NAER;;NFK|1103|12004|202321
1103;12066;22/05/2023;202321;93;5638,12;;NAER;;NFK|1103|12066|202321
1103;12190;22/05/2023;202321;65;1462,50;;NAER;;NFK|1103|12190|202321
1103;20015;22/05/2023;202321;159;4044,56;;NAER;C;NFK|1103|20015|202321
1103;20041;22/05/2023;202321;204;1861,50;;NAER;A;NFK|1103|20041|202321
1103;20088;22/05/2023;202321;93;5254,50;;NAER;B;NFK|1103|20088|202321
1103;20131;22/05/2023;202321;74;1563,25;;NAER;C;NFK|1103|20131|202321
1103;30012;22/05/2023;202321;55;890,31;;NAER;;NFK|1103|30012|202321
1103;30077;22/05/2023;202321;86;4515,00;;NAER;;NFK|1103|30077|202321
1103;30154;22/05/2023;202321;67;1130,62;;NAER;;NFK|1103|30154|202321
1103;30209;22/05/2023;202321;67;2508,31;;NAER;;NFK|1103|30209|202321
1103;99001;22/05/2023;202321;4;0,00;;NAER;;NFK|1103|99001|202321
1108;10023;22/05/2023;202321;869;10319,38;;HYPER;;NFK|1108|10023|202321
1108;10047;22/05/2023;202321;632;7110,00;;HYPER;;NFK|1108|10047|202321
1108;10112;22/05/2023;202321;382;8093,62;;HYPER;;NFK|1108|10112|202321
1108;10310;22/05/2023;202321;317;8519,38;;HYPER;;NFK|1108|10310|202321
1108;11020;22/05/2023;202321;904;16893,50;;HYPER;;NFK|1108|11020|202321
1108;11085;22/05/2023;202321;426;4765,88;;HYPER;;NFK|1108|11085|202321
1108;11142;22/05/2023;202321;389;9700,69;;HYPER;;NFK|1108|11142|202321
1108;12004;22/05/2023;202321;424;16960,00;;HYPER;;NFK|1108|12004|202321
1108;12066;22/05/2023;202321;291;17641,88;;HYPER;;NFK|1108|12066|202321
1108;12190;22/05/2023;202321;211;4747,50;;HYPER;;NFK|1108|12190|202321
1108;20015;22/05/2023;202321;520;13227,50;;HYPER;C;NFK|1108|20015|202321
1108;20041;22/05/2023;202321;688;6278,00;;HYPER;A;NFK|1108|20041|202321
1108;20088;22/05/2023;202321;417;23560,50;;HYPER;B;NFK|1108|20088|202321
1108;20131;22/05/2023;202321;277;5851,62;;HYPER;C;NFK|1108|20131|202321
1108;30012;22/05/2023;202321;180;2913,75;;HYPER;;NFK|1108|30012|202321
1108;30077;22/05/2023;202321;280;14700,00;;HYPER;;NFK|1108|30077|202321
1108;30154;22/05/2023;202321;203;3425,62;;HYPER;;NFK|1108|30154|202321
1108;30209;22/05/2023;202321;307;11493,31;;HYPER;;NFK|1108|30209|202321
1108;99001;22/05/2023;202321;13;0,00;;HYPER;;NFK|1108|99001|202321
3104;10023;22/05/2023;202321;477;5664,38;;SUPER;;NFK|3104|10023|202321
3104;10047;22/05/2023;202321;269;3026,25;;SUPER;;NFK|3104|10047|202321
3104;10112;22/05/2023;202321;198;4195,12;;SUPER;;NFK|3104|10112|202321
3104;10310;22/05/2023;202321;125;3359,38;;SUPER;;NFK|3104|10310|202321
3104;11020;22/05/2023;202321;406;7587,12;;SUPER;;NFK|3104|11020|202321
3104;11085;22/05/2023;202321;241;2696,19;;SUPER;;NFK|3104|11085|202321
3104;11142;22/05/2023;202321;172;4289,25;;SUPER;;NFK|3104|11142|202321
3104;12004;22/05/2023;202321;186;7440,00;;SUPER;;NFK|3104|12004|202321
3104;12066;22/05/2023;202321;142;8608,75;;SUPER;;NFK|3104|12066|202321
3104;12190;22/05/2023;202321;109;2452,50;;SUPER;;NFK|3104|12190|202321
3104;20015;22/05/2023;202321;257;6537,44;;SUPER;C;NFK|3104|20015|202321
3104;20041;22/05/2023;202321;359;3275,88;;SUPER;A;NFK|3104|20041|202321
3104;20088;22/05/2023;202321;209;11808,50;;SUPER;B;NFK|3104|20088|202321
3104;20131;22/05/2023;202321;134;2830,75;;SUPER;C;NFK|3104|20131|202321
3104;30012;22/05/2023;202321;87;1408,31;;SUPER;;NFK|3104|30012|202321
3104;30077;22/05/2023;202321;168;8820,00;;SUPER;;NFK|3104|30077|202321
3104;30154;22/05/2023;202321;126;2126,25;;SUPER;;NFK|3104|30154|202321
3104;30209;22/05/2023;202321;127;4754,56;;SUPER;;NFK|3104|30209|202321
3117;10023;22/05/2023;202321;216;2565,00;;NAER;;NFK|3117|10023|202321
3117;10047;22/05/2023;202321;139;1563,75;;NAER;;NFK|3117|10047|202321
3117;10112;22/05/2023;202321;75;1589,06;;NAER;;NFK|3117|10112|202321
3117;10310;22/05/2023;202321;73;1961,88;;NAER;;NFK|3117|10310|202321
3117;11020;22/05/2023;202321;157;2933,94;;NAER;;NFK|3117|11020|202321
3117;11085;22/05/2023;202321;92;1029,25;;NAER;;NFK|3117|11085|202321
3117;11142;22/05/2023;202321;72;1795,50;;NAER;;NFK|3117|11142|202321
3117;12004;22/05/2023;202321;87;3480,00;;NAER;;NFK|3117|12004|202321
3117;12066;22/05/2023;202321;77;4668,12;;NAER;;NFK|3117|12066|202321
3117;12190;22/05/2023;202321;47;1057,50;;NAER;;NFK|3117|12190|202321
3117;20015;22/05/2023;202321;128;3256,00;;NAER;C;NFK|3117|20015|202321
3117;20041;22/05/2023;202321;148;1350,50;;NAER;A;NFK|3117|20041|202321
3117;20088;22/05/2023;202321;94;5311,00;;NAER;B;NFK|3117|20088|202321
3117;20131;22/05/2023;202321;52;1098,50;;NAER;C;NFK|3117|20131|202321
3117;30012;22/05/2023;202321;44;712,25;;NAER;;NFK|3117|30012|202321
3117;30077;22/05/2023;202321;69;3622,50;;NAER;;NFK|3117|30077|202321
3117;30154;22/05/2023;202321;48;810,00;;NAER;;NFK|3117|30154|202321
3117;30209;22/05/2023;202321;59;2208,81;;NAER;;NFK|3117|30209|202321
3117;99001;22/05/2023;202321;4;0,00;;NAER;;NFK|3117|99001|202321
3122;10023;22/05/2023;202321;151;1793,12;;FRANCHISE;;NFK|3122|10023|202321
3122;10047;22/05/2023;202321;97;1091,25;;FRANCHISE;;NFK|3122|10047|202321
3122;10112;22/05/2023;202321;54;1144,12;;FRANCHISE;;NFK|3122|10112|202321
3122;10310;22/05/2023;202321;0;0,00;;FRANCHISE;;NFK|3122|10310|202321
3122;11020;22/05/2023;202321;138;2578,88;;FRANCHISE;;NFK|3122|11020|202321
3122;11085;22/05/2023;202321;84;939,75;;FRANCHISE;;NFK|3122|11085|202321
3122;11142;22/05/2023;202321;55;1371,56;;FRANCHISE;;NFK|3122|11142|202321
3122;12004;22/05/2023;202321;71;2840,00;;FRANCHISE;;NFK|3122|12004|202321
3122;12066;22/05/2023;202321;46;2788,75;;FRANCHISE;;NFK|3122|12066|202321
3122;12190;22/05/2023;202321;42;945,00;;FRANCHISE;;NFK|3122|12190|202321
3122;20015;22/05/2023;202321;100;2543,75;;FRANCHISE;C;NFK|3122|20015|202321
3122;20041;22/05/2023;202321;119;1085,88;;FRANCHISE;A;NFK|3122|20041|202321
3122;20088;22/05/2023;202321;63;3559,50;;FRANCHISE;B;NFK|3122|20088|202321
3122;20131;22/05/2023;202321;38;802,75;;FRANCHISE;C;NFK|3122|20131|202321
3122;30012;22/05/2023;202321;37;598,94;;FRANCHISE;;NFK|3122|30012|202321
3122;30077;22/05/2023;202321;58;3045,00;;FRANCHISE;;NFK|3122|30077|202321
3122;30154;22/05/2023;202321;39;658,12;;FRANCHISE;;NFK|3122|30154|202321
3122;30209;22/05/2023;202321;41;1534,94;;FRANCHISE;;NFK|3122|30209|202321
4201;10023;22/05/2023;202321;0;0,00;;HYPER;;NFK|4201|10023|202321
4201;10047;22/05/2023;202321;550;6187,50;;HYPER;;NFK|4201|10047|202321
4201;10112;22/05/2023;202321;359;7606,31;;HYPER;;NFK|4201|10112|202321
4201;10310;22/05/2023;202321;279;7498,12;;HYPER;;NFK|4201|10310|202321
4201;11020;22/05/2023;202321;643;12016,06;;HYPER;;NFK|4201|11020|202321
4201;11085;22/05/2023;202321;450;5034,37;;HYPER;;NFK|4201|11085|202321
4201;11142;22/05/2023;202321;334;8329,12;;HYPER;;NFK|4201|11142|202321
4201;12004;22/05/2023;202321;397;15880,00;;HYPER;;NFK|4201|12004|202321
4201;12066;22/05/2023;202321;285;17278,12;;HYPER;;NFK|4201|12066|202321
4201;12190;22/05/2023;202321;211;4747,50;;HYPER;;NFK|4201|12190|202321
4201;20015;22/05/2023;202321;444;11294,25;;HYPER;C;NFK|4201|20015|202321
4201;20041;22/05/2023;202321;623;5684,88;;HYPER;A;NFK|4201|20041|202321
4201;20088;22/05/2023;202321;346;19549,00;;HYPER;B;NFK|4201|20088|202321
4201;20131;22/05/2023;202321;260;5492,50;;HYPER;C;NFK|4201|20131|202321
4201;30012;22/05/2023;202321;190;3075,62;;HYPER;;NFK|4201|30012|202321
4201;30077;22/05/2023;202321;279;14647,50;;HYPER;;NFK|4201|30077|202321
4201;30154;22/05/2023;202321;179;3020,62;;HYPER;;NFK|4201|30154|202321
4201;30209;22/05/2023;202321;241;9022,44;;HYPER;;NFK|4201|30209|202321
4205;10023;22/05/2023;202321;463;5498,12;;SUPER;;NFK|4205|10023|202321
4205;10047;22/05/2023;202321;339;3813,75;;SUPER;;NFK|4205|10047|202321
4205;10112;22/05/2023;202321;166;3517,12;;SUPER;;NFK|4205|10112|202321
4205;10310;22/05/2023;202321;154;4138,75;;SUPER;;NFK|4205|10310|202321
4205;11020;22/05/2023;202321;384;7176,00;;SUPER;;NFK|4205|11020|202321
4205;11085;22/05/2023;202321;270;3020,62;;SUPER;;NFK|4205|11085|202321
4205;11142;22/05/2023;202321;173;4314,19;;SUPER;;NFK|4205|11142|202321
4205;12004;22/05/2023;202321;246;9840,00;;SUPER;;NFK|4205|12004|202321
4205;12066;22/05/2023;202321;145;8790,62;;SUPER;;NFK|4205|12066|202321
4205;12190;22/05/2023;202321;104;2340,00;;SUPER;;NFK|4205|12190|202321
4205;20015;22/05/2023;202321;277;7046,19;;SUPER;C;NFK|4205|20015|202321
4205;20041;22/05/2023;202321;400;3650,00;;SUPER;A;NFK|4205|20041|202321
4205;20088;22/05/2023;202321;199;11243,50;;SUPER;B;NFK|4205|20088|202321
4205;20131;22/05/2023;202321;132;2788,50;;SUPER;C;NFK|4205|20131|202321
4205;30012;22/05/2023;202321;99;1602,56;;SUPER;;NFK|4205|30012|202321
4205;30077;22/05/2023;202321;168;8820,00;;SUPER;;NFK|4205|30077|202321
4205;30154;22/05/2023;202321;129;2176,88;;SUPER;;NFK|4205|30154|202321
4205;30209;22/05/2023;202321;158;5915,12;;SUPER;;NFK|4205|30209|202321
4218;10023;22/05/2023;202321;622;7386,25;;SUPER;;NFK|4218|10023|202321
4218;10047;22/05/2023;202321;362;4072,50;;SUPER;;NFK|4218|10047|202321
4218;10112;22/05/2023;202321;210;4449,38;;SUPER;;NFK|4218|10112|202321
4218;10310;22/05/2023;202321;153;4111,88;;SUPER;;NFK|4218|10310|202321
4218;11020;22/05/2023;202321;418;7811,37;;SUPER;;NFK|4218|11020|202321
4218;11085;22/05/2023;202321;262;2931,12;;SUPER;;NFK|4218|11085|202321
4218;11142;22/05/2023;202321;168;4189,50;;SUPER;;NFK|4218|11142|202321
4218;12004;22/05/2023;202321;251;10040,00;;SUPER;;NFK|4218|12004|202321
4218;12066;22/05/2023;202321;180;10912,50;;SUPER;;NFK|4218|12066|202321
4218;12190;22/05/2023;202321;129;2902,50;;SUPER;;NFK|4218|12190|202321
4218;20015;22/05/2023;202321;291;7402,31;;SUPER;C;NFK|4218|20015|202321
4218;20041;22/05/2023;202321;381;3476,62;;SUPER;A;NFK|4218|20041|202321
4218;20088;22/05/2023;202321;206;11639,00;;SUPER;B;NFK|4218|20088|202321
4218;20131;22/05/2023;202321;143;3020,88;;SUPER;C;NFK|4218|20131|202321
4218;30012;22/05/2023;202321;112;1813,00;;SUPER;;NFK|4218|30012|202321
4218;30077;22/05/2023;202321;167;8767,50;;SUPER;;NFK|4218|30077|202321
4218;30154;22/05/2023;202321;112;1890,00;;SUPER;;NFK|4218|30154|202321
4218;30209;22/05/2023;202321;142;5316,12;;SUPER;;NFK|4218|30209|202321
5502;10023;22/05/2023;202321;453;5379,38;;SUPER;;NFK|5502|10023|202321
5502;10047;22/05/2023;202321;345;3881,25;;SUPER;;NFK|5502|10047|202321
5502;10112;22/05/2023;202321;154;3262,87;;SUPER;;NFK|5502|10112|202321
5502;10310;22/05/2023;202321;157;4219,38;;SUPER;;NFK|5502|10310|202321
5502;11020;22/05/2023;202321;350;6540,62;;SUPER;;NFK|5502|11020|202321
5502;11085;22/05/2023;202321;213;2382,94;;SUPER;;NFK|5502|11085|202321
5502;11142;22/05/2023;202321;151;3765,56;;SUPER;;NFK|5502|11142|202321
5502;12004;22/05/2023;202321;227;9080,00;;SUPER;;NFK|5502|12004|202321
5502;12066;22/05/2023;202321;147;8911,88;;SUPER;;NFK|5502|12066|202321
5502;12190;22/05/2023;202321;107;2407,50;;SUPER;;NFK|5502|12190|202321
5502;20015;22/05/2023;202321;285;7249,69;;SUPER;C;NFK|5502|20015|202321
5502;20041;22/05/2023;202321;339;3093,38;;SUPER;A;NFK|5502|20041|202321
5502;20088;22/05/2023;202321;172;9718,00;;SUPER;B;NFK|5502|20088|202321
5502;20131;22/05/2023;202321;146;3084,25;;SUPER;C;NFK|5502|20131|202321
5502;30012;22/05/2023;202321;105;1699,69;;SUPER;;NFK|5502|30012|202321
5502;30077;22/05/2023;202321;175;9187,50;;SUPER;;NFK|5502|30077|202321
5502;30154;22/05/2023;202321;124;2092,50;;SUPER;;NFK|5502|30154|202321
5502;30209;22/05/2023;202321;146;5465,88;;SUPER;;NFK|5502|30209|202321
5511;10023;22/05/2023;202321;193;2291,88;;PARTNER;;NFK|5511|10023|202321
5511;10047;22/05/2023;202321;120;1350,00;;PARTNER;;NFK|5511|10047|202321
5511;10112;22/05/2023;202321;60;1271,25;;PARTNER;;NFK|5511|10112|202321
5511;10310;22/05/2023;202321;56;1505,00;;PARTNER;;NFK|5511|10310|202321
5511;11020;22/05/2023;202321;151;2821,81;;PARTNER;;NFK|5511|11020|202321
5511;11085;22/05/2023;202321;81;906,19;;PARTNER;;NFK|5511|11085|202321
5511;11142;22/05/2023;202321;57;1421,44;;PARTNER;;NFK|5511|11142|202321
5511;12004;22/05/2023;202321;82;3280,00;;PARTNER;;NFK|5511|12004|202321
5511;12066;22/05/2023;202321;68;4122,50;;PARTNER;;NFK|5511|12066|202321
5511;12190;22/05/2023;202321;47;1057,50;;PARTNER;;NFK|5511|12190|202321
5511;20015;22/05/2023;202321;110;2798,12;;PARTNER;C;NFK|5511|20015|202321
5511;20041;22/05/2023;202321;133;1213,62;;PARTNER;A;NFK|5511|20041|202321
5511;20088;22/05/2023;202321;75;4237,50;;PARTNER;B;NFK|5511|20088|202321
5511;20131;22/05/2023;202321;47;992,88;;PARTNER;C;NFK|5511|20131|202321
5511;30012;22/05/2023;202321;44;712,25;;PARTNER;;NFK|5511|30012|202321
5511;30077;22/05/2023;202321;55;2887,50;;PARTNER;;NFK|5511|30077|202321
5511;30154;22/05/2023;202321;50;843,75;;PARTNER;;NFK|5511|30154|202321
5511;30209;22/05/2023;202321;48;1797,00;;PARTNER;;NFK|5511|30209|202321
5511;99001;22/05/2023;202321;3;0,00;;PARTNER;;NFK|5511|99001|202321
9001;10023;22/05/2023;202321;23;273,12;;DEPOT;;NFK|9001|10023|202321
9001;10047;22/05/2023;202321;16;180,00;;DEPOT;;NFK|9001|10047|202321
9001;10112;22/05/2023;202321;10;211,88;;DEPOT;;NFK|9001|10112|202321
9001;10310;22/05/2023;202321;8;215,00;;DEPOT;;NFK|9001|10310|202321
9001;11020;22/05/2023;202321;20;373,75;;DEPOT;;NFK|9001|11020|202321
9001;11085;22/05/2023;202321;13;145,44;;DEPOT;;NFK|9001|11085|202321
9001;11142;22/05/2023;202321;9;224,44;;DEPOT;;NFK|9001|11142|202321
9001;12004;22/05/2023;202321;11;440,00;;DEPOT;;NFK|9001|12004|202321
9001;12066;22/05/2023;202321;10;606,25;;DEPOT;;NFK|9001|12066|202321
9001;12190;22/05/2023;202321;6;135,00;;DEPOT;;NFK|9001|12190|202321
9001;20015;22/05/2023;202321;14;356,12;;DEPOT;C;NFK|9001|20015|202321
9001;20041;22/05/2023;202321;20;182,50;;DEPOT;A;NFK|9001|20041|202321
9001;20088;22/05/2023;202321;11;621,50;;DEPOT;B;NFK|9001|20088|202321
9001;20131;22/05/2023;202321;8;169,00;;DEPOT;C;NFK|9001|20131|202321
9001;30012;22/05/2023;202321;6;97,12;;DEPOT;;NFK|9001|30012|202321
9001;30077;22/05/2023;202321;9;472,50;;DEPOT;;NFK|9001|30077|202321
9001;30154;22/05/2023;202321;6;101,25;;DEPOT;;NFK|9001|30154|202321
9001;30209;22/05/2023;202321;7;262,06;;DEPOT;;NFK|9001|30209|202321
9001;99001;22/05/2023;202321;0;0,00;;DEPOT;;NFK|9001|99001|202321
1101;10023;29/05/2023;202322;666;7908,75;;SUPER;;NFK|1101|10023|202322
1101;10047;29/05/2023;202322;418;4702,50;;SUPER;;NFK|1101|10047|202322
1101;10112;29/05/2023;202322;195;4131,56;;SUPER;;NFK|1101|10112|202322
1101;10310;29/05/2023;202322;187;5025,62;;SUPER;;NFK|1101|10310|202322
1101;11020;29/05/2023;202322;627;9961,46;KUPON;SUPER;;NFK|1101|11020|202322
1101;11085;29/05/2023;202322;249;2785,69;;SUPER;;NFK|1101|11085|202322
1101;11142;29/05/2023;202322;199;4962,56;;SUPER;;NFK|1101|11142|202322
1101;12004;29/05/2023;202322;222;8880,00;;SUPER;;NFK|1101|12004|202322
1101;12066;29/05/2023;202322;169;10245,62;;SUPER;;NFK|1101|12066|202322
1101;12190;29/05/2023;202322;214;3226,05;MP;SUPER;;NFK|1101|12190|202322
1101;20015;29/05/2023;202322;380;9666,25;;SUPER;C;NFK|1101|20015|202322
1101;20041;29/05/2023;202322;466;4252,25;;SUPER;A;NFK|1101|20041|202322
1101;20088;29/05/2023;202322;245;13842,50;;SUPER;B;NFK|1101|20088|202322
1101;20131;29/05/2023;202322;250;4375,00;TILBUD;SUPER;C;NFK|1101|20131|202322
1101;30012;29/05/2023;202322;137;2217,69;;SUPER;;NFK|1101|30012|202322
1101;30077;29/05/2023;202322;164;8610,00;;SUPER;;NFK|1101|30077|202322
1101;30154;29/05/2023;202322;129;2176,88;;SUPER;;NFK|1101|30154|202322
1101;30209;29/05/2023;202322;174;6514,12;;SUPER;;NFK|1101|30209|202322
1101;99001;29/05/2023;202322;9;0,00;;SUPER;;NFK|1101|99001|202322
1102;10023;29/05/2023;202322;566;6721,25;;SUPER;;NFK|1102|10023|202322
1102;10047;29/05/2023;202322;378;4252,50;;SUPER;;NFK|1102|10047|202322
1102;10112;29/05/2023;202322;212;4491,75;;SUPER;;NFK|1102|10112|202322
1102;10310;29/05/2023;202322;155;4165,62;;SUPER;;NFK|1102|10310|202322
1102;11020;29/05/2023;202322;459;7292,36;KUPON;SUPER;;NFK|1102|11020|202322
1102;11085;29/05/2023;202322;236;2640,25;;SUPER;;NFK|1102|11085|202322
1102;11142;29/05/2023;202322;167;4164,56;;SUPER;;NFK|1102|11142|202322
1102;12004;29/05/2023;202322;230;9200,00;;SUPER;;NFK|1102|12004|202322
1102;12066;29/05/2023;202322;164;9942,50;;SUPER;;NFK|1102|12066|202322
1102;12190;29/05/2023;202322;209;3150,68;MP;SUPER;;NFK|1102|12190|202322
1102;20015;29/05/2023;202322;303;7707,56;;SUPER;C;NFK|1102|20015|202322
1102;20041;29/05/2023;202322;450;4106,25;;SUPER;A;NFK|1102|20041|202322
1102;20088;29/05/2023;202322;217;12260,50;;SUPER;B;NFK|1102|20088|202322
1102;20131;29/05/2023;202322;221;3867,50;TILBUD;SUPER;C;NFK|1102|20131|202322
1102;30012;29/05/2023;202322;121;1958,69;;SUPER;;NFK|1102|30012|202322
1102;30077;29/05/2023;202322;163;8557,50;;SUPER;;NFK|1102|30077|202322
1102;30154;29/05/2023;202322;130;2193,75;;SUPER;;NFK|1102|30154|202322
1102;30209;29/05/2023;202322;180;6738,75;;SUPER;;NFK|1102|30209|202322
1103;10023;29/05/2023;202322;302;3586,25;;NAER;;NFK|1103|10023|202322
1103;10047;29/05/2023;202322;174;1957,50;;NAER;;NFK|1103|10047|202322
1103;10112;29/05/2023;202322;97;2055,19;;NAER;;NFK|1103|10112|202322
1103;10310;29/05/2023;202322;85;2284,38;;NAER;;NFK|1103|10310|202322
1103;11020;29/05/2023;202322;301;4782,14;KUPON;NAER;;NFK|1103|11020|202322
1103;11085;29/05/2023;202322;121;1353,69;;NAER;;NFK|1103|11085|202322
1103;11142;29/05/2023;202322;93;2319,19;;NAER;;NFK|1103|11142|202322
1103;12004;29/05/2023;202322;115;4600,00;;NAER;;NFK|1103|12004|202322
1103;12066;29/05/2023;202322;91;5516,88;;NAER;;NFK|1103|12066|202322
1103;12190;29/05/2023;202322;111;1673,33;MP;NAER;;NFK|1103|12190|202322
1103;20015;29/05/2023;202322;183;4655,06;;NAER;C;NFK|1103|20015|202322
1103;20041;29/05/2023;202322;221;2016,62;;NAER;A;NFK|1103|20041|202322
1103;20088;29/05/2023;202322;106;5989,00;;NAER;B;NFK|1103|20088|202322
1103;20131;29/05/2023;202322;130;2275,00;TILBUD;NAER;C;NFK|1103|20131|202322
1103;30012;29/05/2023;202322;64;1036,00;;NAER;;NFK|1103|30012|202322
1103;30077;29/05/2023;202322;89;4672,50;;NAER;;NFK|1103|30077|202322
1103;30154;29/05/2023;202322;71;1198,12;;NAER;;NFK|1103|30154|202322
1103;30209;29/05/2023;202322;88;3294,50;;NAER;;NFK|1103|30209|202322
1108;10023;29/05/2023;202322;1077;12789,38;;HYPER;;NFK|1108|10023|202322
1108;10047;29/05/2023;202322;608;6840,00;;HYPER;;NFK|1108|10047|202322
1108;10112;29/05/2023;202322;0;0,00;;HYPER;;NFK|1108|10112|202322
1108;10310;29/05/2023;202322;338;9083,75;;HYPER;;NFK|1108|10310|202322
1108;11020;29/05/2023;202322;1147;18222,96;KUPON;HYPER;;NFK|1108|11020|202322
1108;11085;29/05/2023;202322;459;5135,06;;HYPER;;NFK|1108|11085|202322
1108;11142;29/05/2023;202322;421;10498,69;;HYPER;;NFK|1108|11142|202322
1108;12004;29/05/2023;202322;440;17600,00;;HYPER;;NFK|1108|12004|202322
1108;12066;29/05/2023;202322;301;18248,12;;HYPER;;NFK|1108|12066|202322
1108;12190;29/05/2023;202322;398;5999,85;MP;HYPER;;NFK|1108|12190|202322
1108;20015;29/05/2023;202322;602;15313,38;;HYPER;C;NFK|1108|20015|202322
1108;20041;29/05/2023;202322;788;7190,50;;HYPER;A;NFK|1108|20041|202322
1108;20088;29/05/2023;202322;379;21413,50;;HYPER;B;NFK|1108|20088|202322
1108;20131;29/05/2023;202322;519;9082,50;TILBUD;HYPER;C;NFK|1108|20131|202322
1108;30012;29/05/2023;202322;252;4079,25;;HYPER;;NFK|1108|30012|202322
1108;30077;29/05/2023;202322;0;0,00;;HYPER;;NFK|1108|30077|202322
1108;30154;29/05/2023;202322;236;3982,50;;HYPER;;NFK|1108|30154|202322
1108;30209;29/05/2023;202322;338;12653,88;;HYPER;;NFK|1108|30209|202322
3104;10023;29/05/2023;202322;463;5498,12;;SUPER;;NFK|3104|10023|202322
3104;10047;29/05/2023;202322;369;4151,25;;SUPER;;NFK|3104|10047|202322
3104;10112;29/05/2023;202322;173;3665,44;;SUPER;;NFK|3104|10112|202322
3104;10310;29/05/2023;202322;135;3628,12;;SUPER;;NFK|3104|10310|202322
3104;11020;29/05/2023;202322;542;8611,03;KUPON;SUPER;;NFK|3104|11020|202322
3104;11085;29/05/2023;202322;238;2662,62;;SUPER;;NFK|3104|11085|202322
3104;11142;29/05/2023;202322;197;4912,69;;SUPER;;NFK|3104|11142|202322
3104;12004;29/05/2023;202322;195;7800,00;;SUPER;;NFK|3104|12004|202322
3104;12066;29/05/2023;202322;166;10063,75;;SUPER;;NFK|3104|12066|202322
3104;12190;29/05/2023;202322;187;2819,03;MP;SUPER;;NFK|3104|12190|202322
3104;20015;29/05/2023;202322;270;6868,12;;SUPER;C;NFK|3104|20015|202322
3104;20041;29/05/2023;202322;425;3878,12;;SUPER;A;NFK|3104|20041|202322
3104;20088;29/05/2023;202322;180;10170,00;;SUPER;B;NFK|3104|20088|202322
3104;20131;29/05/2023;202322;125;2640,62;;SUPER;C;NFK|3104|20131|202322
3104;30012;29/05/2023;202322;108;1748,25;;SUPER;;NFK|3104|30012|202322
3104;30077;29/05/2023;202322;180;9450,00;;SUPER;;NFK|3104|30077|202322
3104;30154;29/05/2023;202322;107;1805,62;;SUPER;;NFK|3104|30154|202322
3104;30209;29/05/2023;202322;132;4941,75;;SUPER;;NFK|3104|30209|202322
3117;10023;29/05/2023;202322;242;2873,75;;NAER;;NFK|3117|10023|202322
3117;10047;29/05/2023;202322;153;1721,25;;NAER;;NFK|3117|10047|202322
3117;10112;29/05/2023;202322;99;2097,56;;NAER;;NFK|3117|10112|202322
3117;10310;29/05/2023;202322;74;1988,75;;NAER;;NFK|3117|10310|202322
3117;11020;29/05/2023;202322;242;3844,78;KUPON;NAER;;NFK|3117|11020|202322
3117;11085;29/05/2023;202322;110;1230,62;;NAER;;NFK|3117|11085|202322
3117;11142;29/05/2023;202322;72;1795,50;;NAER;;NFK|3117|11142|202322
3117;12004;29/05/2023;202322;117;4680,00;;NAER;;NFK|3117|12004|202322
3117;12066;29/05/2023;202322;69;4183,12;;NAER;;NFK|3117|12066|202322
3117;12190;29/05/2023;202322;85;1281,38;MP;NAER;;NFK|3117|12190|202322
3117;20015;29/05/2023;202322;136;3459,50;;NAER;C;NFK|3117|20015|202322
3117;20041;29/05/2023;202322;200;1825,00;;NAER;A;NFK|3117|20041|202322
3117;20088;29/05/2023;202322;93;5254,50;;NAER;B;NFK|3117|20088|202322
3117;20131;29/05/2023;202322;57;1204,12;;NAER;C;NFK|3117|20131|202322
3117;30012;29/05/2023;202322;51;825,56;;NAER;;NFK|3117|30012|202322
3117;30077;29/05/2023;202322;70;3675,00;;NAER;;NFK|3117|30077|202322
3117;30154;29/05/2023;202322;51;860,62;;NAER;;NFK|3117|30154|202322
3117;30209;29/05/2023;202322;78;2920,12;;NAER;;NFK|3117|30209|202322
3117;99001;29/05/2023;202322;4;0,00;;NAER;;NFK|3117|99001|202322
3122;10023;29/05/2023;202322;166;1971,25;;FRANCHISE;;NFK|3122|10023|202322
3122;10047;29/05/2023;202322;108;1215,00;;FRANCHISE;;NFK|3122|10047|202322
3122;10112;29/05/2023;202322;68;1440,75;;FRANCHISE;;NFK|3122|10112|202322
3122;10310;29/05/2023;202322;45;1209,38;;FRANCHISE;;NFK|3122|10310|202322
3122;11020;29/05/2023;202322;166;2637,33;KUPON;FRANCHISE;;NFK|3122|11020|202322
3122;11085;29/05/2023;202322;86;962,12;;FRANCHISE;;NFK|3122|11085|202322
3122;11142;29/05/2023;202322;55;1371,56;;FRANCHISE;;NFK|3122|11142|202322
3122;12004;29/05/2023;202322;79;3160,00;;FRANCHISE;;NFK|3122|12004|202322
3122;12066;29/05/2023;202322;55;3334,38;;FRANCHISE;;NFK|3122|12066|202322
3122;12190;29/05/2023;202322;64;964,80;MP;FRANCHISE;;NFK|3122|12190|202322
3122;20015;29/05/2023;202322;104;2645,50;;FRANCHISE;C;NFK|3122|20015|202322
3122;20041;29/05/2023;202322;128;1168,00;;FRANCHISE;A;NFK|3122|20041|202322
3122;20088;29/05/2023;202322;77;4350,50;;FRANCHISE;B;NFK|3122|20088|202322
3122;20131;29/05/2023;202322;52;1098,50;;FRANCHISE;C;NFK|3122|20131|202322
3122;30012;29/05/2023;202322;41;663,69;;FRANCHISE;;NFK|3122|30012|202322
3122;30077;29/05/2023;202322;51;2677,50;;FRANCHISE;;NFK|3122|30077|202322
3122;30154;29/05/2023;202322;41;691,88;;FRANCHISE;;NFK|3122|30154|202322
3122;30209;29/05/2023;202322;54;2021,62;;FRANCHISE;;NFK|3122|30209|202322
4201;10023;29/05/2023;202322;847;10058,12;;HYPER;;NFK|4201|10023|202322
4201;10047;29/05/2023;202322;627;7053,75;;HYPER;;NFK|4201|10047|202322
4201;10112;29/05/2023;202322;382;8093,62;;HYPER;;NFK|4201|10112|202322
4201;10310;29/05/2023;202322;278;7471,25;;HYPER;;NFK|4201|10310|202322
4201;11020;29/05/2023;202322;835;13266,06;KUPON;HYPER;;NFK|4201|11020|202322
4201;11085;29/05/2023;202322;472;5280,50;;HYPER;;NFK|4201|11085|202322
4201;11142;29/05/2023;202322;349;8703,19;;HYPER;;NFK|4201|11142|202322
4201;12004;29/05/2023;202322;394;15760,00;;HYPER;;NFK|4201|12004|202322
4201;12066;29/05/2023;202322;337;20430,62;;HYPER;;NFK|4201|12066|202322
4201;12190;29/05/2023;202322;399;6014,93;MP;HYPER;;NFK|4201|12190|202322
4201;20015;29/05/2023;202322;477;12133,69;;HYPER;C;NFK|4201|20015|202322
4201;20041;29/05/2023;202322;736;6716,00;;HYPER;A;NFK|4201|20041|202322
4201;20088;29/05/2023;202322;376;21244,00;;HYPER;B;NFK|4201|20088|202322
4201;20131;29/05/2023;202322;389;6807,50;TILBUD;HYPER;C;NFK|4201|20131|202322
4201;30012;29/05/2023;202322;190;3075,62;;HYPER;;NFK|4201|30012|202322
4201;30077;29/05/2023;202322;330;17325,00;;HYPER;;NFK|4201|30077|202322
4201;30154;29/05/2023;202322;205;3459,38;;HYPER;;NFK|4201|30154|202322
4201;30209;29/05/2023;202322;300;11231,25;;HYPER;;NFK|4201|30209|202322
4205;10023;29/05/2023;202322;533;6329,38;;SUPER;;NFK|4205|10023|202322
4205;10047;29/05/2023;202322;389;4376,25;;SUPER;;NFK|4205|10047|202322
4205;10112;29/05/2023;202322;217;4597,69;;SUPER;;NFK|4205|10112|202322
4205;10310;29/05/2023;202322;153;4111,88;;SUPER;;NFK|4205|10310|202322
4205;11020;29/05/2023;202322;484;7689,55;KUPON;SUPER;;NFK|4205|11020|202322
4205;11085;29/05/2023;202322;279;3121,31;;SUPER;;NFK|4205|11085|202322
4205;11142;29/05/2023;202322;170;4239,38;;SUPER;;NFK|4205|11142|202322
4205;12004;29/05/2023;202322;236;9440,00;;SUPER;;NFK|4205|12004|202322
4205;12066;29/05/2023;202322;188;11397,50;;SUPER;;NFK|4205|12066|202322
4205;12190;29/05/2023;202322;217;3271,28;MP;SUPER;;NFK|4205|12190|202322
4205;20015;29/05/2023;202322;296;7529,50;;SUPER;C;NFK|4205|20015|202322
4205;20041;29/05/2023;202322;367;3348,88;;SUPER;A;NFK|4205|20041|202322
4205;20088;29/05/2023;202322;230;12995,00;;SUPER;B;NFK|4205|20088|202322
4205;20131;29/05/2023;202322;264;4620,00;TILBUD;SUPER;C;NFK|4205|20131|202322
4205;30012;29/05/2023;202322;118;1910,12;;SUPER;;NFK|4205|30012|202322
4205;30077;29/05/2023;202322;196;10290,00;;SUPER;;NFK|4205|30077|202322
4205;30154;29/05/2023;202322;118;1991,25;;SUPER;;NFK|4205|30154|202322
4205;30209;29/05/2023;202322;159;5952,56;;SUPER;;NFK|4205|30209|202322
4218;10023;29/05/2023;202322;664;7885,00;;SUPER;;NFK|4218|10023|202322
4218;10047;29/05/2023;202322;417;4691,25;;SUPER;;NFK|4218|10047|202322
4218;10112;29/05/2023;202322;241;5106,19;;SUPER;;NFK|4218|10112|202322
4218;10310;29/05/2023;202322;189;5079,38;;SUPER;;NFK|4218|10310|202322
4218;11020;29/05/2023;202322;635;10088,56;KUPON;SUPER;;NFK|4218|11020|202322
4218;11085;29/05/2023;202322;272;3043,00;;SUPER;;NFK|4218|11085|202322
4218;11142;29/05/2023;202322;193;4812,94;;SUPER;;NFK|4218|11142|202322
4218;12004;29/05/2023;202322;283;11320,00;;SUPER;;NFK|4218|12004|202322
4218;12066;29/05/2023;202322;214;12973,75;;SUPER;;NFK|4218|12066|202322
4218;12190;29/05/2023;202322;228;3437,10;MP;SUPER;;NFK|4218|12190|202322
4218;20015;29/05/2023;202322;322;8190,88;;SUPER;C;NFK|4218|20015|202322
4218;20041;29/05/2023;202322;453;4133,62;;SUPER;A;NFK|4218|20041|202322
4218;20088;29/05/2023;202322;216;12204,00;;SUPER;B;NFK|4218|20088|202322
4218;20131;29/05/2023;202322;280;4900,00;TILBUD;SUPER;C;NFK|4218|20131|202322
4218;30012;29/05/2023;202322;133;2152,94;;SUPER;;NFK|4218|30012|202322
4218;30077;29/05/2023;202322;176;9240,00;;SUPER;;NFK|4218|30077|202322
4218;30154;29/05/2023;202322;135;2278,12;;SUPER;;NFK|4218|30154|202322
4218;30209;29/05/2023;202322;188;7038,25;;SUPER;;NFK|4218|30209|202322
5502;10023;29/05/2023;202322;563;6685,62;;SUPER;;NFK|5502|10023|202322
5502;10047;29/05/2023;202322;362;4072,50;;SUPER;;NFK|5502|10047|202322
5502;10112;29/05/2023;202322;212;4491,75;;SUPER;;NFK|5502|10112|202322
5502;10310;29/05/2023;202322;170;4568,75;;SUPER;;NFK|5502|10310|202322
5502;11020;29/05/2023;202322;580;9214,75;KUPON;SUPER;;NFK|5502|11020|202322
5502;11085;29/05/2023;202322;269;3009,44;;SUPER;;NFK|5502|11085|202322
5502;11142;29/05/2023;202322;194;4837,88;;SUPER;;NFK|5502|11142|202322
5502;12004;29/05/2023;202322;250;10000,00;;SUPER;;NFK|5502|12004|202322
5502;12066;29/05/2023;202322;169;10245,62;;SUPER;;NFK|5502|12066|202322
5502;12190;29/05/2023;202322;185;2788,88;MP;SUPER;;NFK|5502|12190|202322
5502;20015;29/05/2023;202322;326;8292,62;;SUPER;C;NFK|5502|20015|202322
5502;20041;29/05/2023;202322;394;3595,25;;SUPER;A;NFK|5502|20041|202322
5502;20088;29/05/2023;202322;198;11187,00;;SUPER;B;NFK|5502|20088|202322
5502;20131;29/05/2023;202322;130;2746,25;;SUPER;C;NFK|5502|20131|202322
5502;30012;29/05/2023;202322;96;1554,00;;SUPER;;NFK|5502|30012|202322
5502;30077;29/05/2023;202322;156;8190,00;;SUPER;;NFK|5502|30077|202322
5502;30154;29/05/2023;202322;124;2092,50;;SUPER;;NFK|5502|30154|202322
5502;30209;29/05/2023;202322;160;5990,00;;SUPER;;NFK|5502|30209|202322
5502;99001;29/05/2023;202322;8;0,00;;SUPER;;NFK|5502|99001|202322
5511;10023;29/05/2023;202322;200;2375,00;;PARTNER;;NFK|5511|10023|202322
5511;10047;29/05/2023;202322;118;1327,50;;PARTNER;;NFK|5511|10047|202322
5511;10112;29/05/2023;202322;69;1461,94;;PARTNER;;NFK|5511|10112|202322
5511;10310;29/05/2023;202322;68;1827,50;;PARTNER;;NFK|5511|10310|202322
5511;11020;29/05/2023;202322;182;2891,53;KUPON;PARTNER;;NFK|5511|11020|202322
5511;11085;29/05/2023;202322;94;1051,62;;PARTNER;;NFK|5511|11085|202322
5511;11142;29/05/2023;202322;63;1571,06;;PARTNER;;NFK|5511|11142|202322
5511;12004;29/05/2023;202322;89;3560,00;;PARTNER;;NFK|5511|12004|202322
5511;12066;29/05/2023;202322;65;3940,62;;PARTNER;;NFK|5511|12066|202322
5511;12190;29/05/2023;202322;79;1190,92;MP;PARTNER;;NFK|5511|12190|202322
5511;20015;29/05/2023;202322;106;2696,38;;PARTNER;C;NFK|5511|20015|202322
5511;20041;29/05/2023;202322;162;1478,25;;PARTNER;A;NFK|5511|20041|202322
5511;20088;29/05/2023;202322;76;4294,00;;PARTNER;B;NFK|5511|20088|202322
5511;20131;29/05/2023;202322;57;1204,12;;PARTNER;C;NFK|5511|20131|202322
5511;30012;29/05/2023;202322;38;615,12;;PARTNER;;NFK|5511|30012|202322
5511;30077;29/05/2023;202322;58;3045,00;;PARTNER;;NFK|5511|30077|202322
5511;30154;29/05/2023;202322;44;742,50;;PARTNER;;NFK|5511|30154|202322
5511;30209;29/05/2023;202322;64;2396,00;;PARTNER;;NFK|5511|30209|202322
5511;99001;29/05/2023;202322;3;0,00;;PARTNER;;NFK|5511|99001|202322
9001;10023;29/05/2023;202322;33;391,88;;DEPOT;;NFK|9001|10023|202322
9001;10047;29/05/2023;202322;16;180,00;;DEPOT;;NFK|9001|10047|202322
9001;10112;29/05/2023;202322;10;211,88;;DEPOT;;NFK|9001|10112|202322
9001;10310;29/05/2023;202322;9;241,88;;DEPOT;;NFK|9001|10310|202322
9001;11020;29/05/2023;202322;28;444,85;KUPON;DEPOT;;NFK|9001|11020|202322
9001;11085;29/05/2023;202322;15;167,81;;DEPOT;;NFK|9001|11085|202322
9001;11142;29/05/2023;202322;11;274,31;;DEPOT;;NFK|9001|11142|202322
9001;12004;29/05/2023;202322;11;440,00;;DEPOT;;NFK|9001|12004|202322
9001;12066;29/05/2023;202322;9;545,62;;DEPOT;;NFK|9001|12066|202322
9001;12190;29/05/2023;202322;10;150,75;MP;DEPOT;;NFK|9001|12190|202322
9001;20015;29/05/2023;202322;17;432,44;;DEPOT;C;NFK|9001|20015|202322
9001;20041;29/05/2023;202322;19;173,38;;DEPOT;A;NFK|9001|20041|202322
9001;20088;29/05/2023;202322;11;621,50;;DEPOT;B;NFK|9001|20088|202322
9001;20131;29/05/2023;202322;9;190,12;;DEPOT;C;NFK|9001|20131|202322
9001;30012;29/05/2023;202322;7;113,31;;DEPOT;;NFK|9001|30012|202322
9001;30077;29/05/2023;202322;10;525,00;;DEPOT;;NFK|9001|30077|202322
9001;30154;29/05/2023;202322;8;135,00;;DEPOT;;NFK|9001|30154|202322
9001;30209;29/05/2023;202322;9;336,94;;DEPOT;;NFK|9001|30209|202322
1101;10023;05/06/2023;202323;618;7338,75;;SUPER;;NFK|1101|10023|202323
1101;10047;05/06/2023;202323;368;4140,00;;SUPER;;NFK|1101|10047|202323
1101;10112;05/06/2023;202323;185;3919,69;;SUPER;;NFK|1101|10112|202323
1101;10310;05/06/2023;202323;152;4085,00;;SUPER;;NFK|1101|10310|202323
1101;11020;05/06/2023;202323;447;8353,31;;SUPER;;NFK|1101|11020|202323
1101;11085;05/06/2023;202323;288;3222,00;;SUPER;;NFK|1101|11085|202323
1101;11142;05/06/2023;202323;225;5610,94;;SUPER;;NFK|1101|11142|202323
1101;12004;05/06/2023;202323;243;9720,00;;SUPER;;NFK|1101|12004|202323
1101;12066;05/06/2023;202323;259;13348,21;3F2;SUPER;;NFK|1101|12066|202323
1101;12190;05/06/2023;202323;152;3420,00;;SUPER;;NFK|1101|12190|202323
1101;20015;05/06/2023;202323;386;9818,88;;SUPER;C;NFK|1101|20015|202323
1101;20041;05/06/2023;202323;457;4170,12;;SUPER;A;NFK|1101|20041|202323
1101;20088;05/06/2023;202323;219;12373,50;;SUPER;B;NFK|1101|20088|202323
1101;20131;05/06/2023;202323;206;3790,40;MP;SUPER;C;NFK|1101|20131|202323
1101;30012;05/06/2023;202323;139;2250,06;;SUPER;;NFK|1101|30012|202323
1101;30077;05/06/2023;202323;175;9187,50;;SUPER;;NFK|1101|30077|202323
1101;30154;05/06/2023;202323;149;2514,38;;SUPER;;NFK|1101|30154|202323
1101;30209;05/06/2023;202323;182;6813,62;;SUPER;;NFK|1101|30209|202323
1102;10023;05/06/2023;202323;612;7267,50;;SUPER;;NFK|1102|10023|202323
1102;10047;05/06/2023;202323;295;3318,75;;SUPER;;NFK|1102|10047|202323
1102;10112;05/06/2023;202323;185;3919,69;;SUPER;;NFK|1102|10112|202323
1102;10310;05/06/2023;202323;155;4165,62;;SUPER;;NFK|1102|10310|202323
1102;11020;05/06/2023;202323;449;8390,69;;SUPER;;NFK|1102|11020|202323
1102;11085;05/06/2023;202323;0;0,00;;SUPER;;NFK|1102|11085|202323
1102;11142;05/06/2023;202323;168;4189,50;;SUPER;;NFK|1102|11142|202323
1102;12004;05/06/2023;202323;224;8960,00;;SUPER;;NFK|1102|12004|202323
1102;12066;05/06/2023;202323;267;13760,51;3F2;SUPER;;NFK|1102|12066|202323
1102;12190;05/06/2023;202323;114;2565,00;;SUPER;;NFK|1102|12190|202323
1102;20015;05/06/2023;202323;355;9030,31;;SUPER;C;NFK|1102|20015|202323
1102;20041;05/06/2023;202323;361;3294,12;;SUPER;A;NFK|1102|20041|202323
1102;20088;05/06/2023;202323;212;11978,00;;SUPER;B;NFK|1102|20088|202323
1102;20131;05/06/2023;202323;200;3680,00;MP;SUPER;C;NFK|1102|20131|202323
1102;30012;05/06/2023;202323;122;1974,87;;SUPER;;NFK|1102|30012|202323
1102;30077;05/06/2023;202323;152;7980,00;;SUPER;;NFK|1102|30077|202323
1102;30154;05/06/2023;202323;132;2227,50;;SUPER;;NFK|1102|30154|202323
1102;30209;05/06/2023;202323;178;6663,87;;SUPER;;NFK|1102|30209|202323
1103;10023;05/06/2023;202323;283;3360,62;;NAER;;NFK|1103|10023|202323
1103;10047;05/06/2023;202323;186;2092,50;;NAER;;NFK|1103|10047|202323
1103;10112;05/06/2023;202323;115;2436,56;;NAER;;NFK|1103|10112|202323
1103;10310;05/06/2023;202323;83;2230,62;;NAER;;NFK|1103|10310|202323
1103;11020;05/06/2023;202323;207;3868,31;;NAER;;NFK|1103|11020|202323
1103;11085;05/06/2023;202323;140;1566,25;;NAER;;NFK|1103|11085|202323
1103;11142;05/06/2023;202323;102;2543,62;;NAER;;NFK|1103|11142|202323
1103;12004;05/06/2023;202323;113;4520,00;;NAER;;NFK|1103|12004|202323
1103;12066;05/06/2023;202323;139;7163,71;3F2;NAER;;NFK|1103|12066|202323
1103;12190;05/06/2023;202323;74;1665,00;;NAER;;NFK|1103|12190|202323
1103;20015;05/06/2023;202323;177;4502,44;;NAER;C;NFK|1103|20015|202323
1103;20041;05/06/2023;202323;229;2089,62;;NAER;A;NFK|1103|20041|202323
1103;20088;05/06/2023;202323;119;6723,50;;NAER;B;NFK|1103|20088|202323
1103;20131;05/06/2023;202323;110;2024,00;MP;NAER;C;NFK|1103|20131|202323
1103;30012;05/06/2023;202323;60;971,25;;NAER;;NFK|1103|30012|202323
1103;30077;05/06/2023;202323;93;4882,50;;NAER;;NFK|1103|30077|202323
1103;30154;05/06/2023;202323;63;1063,12;;NAER;;NFK|1103|30154|202323
1103;30209;05/06/2023;202323;73;2732,94;;NAER;;NFK|1103|30209|202323
1103;99001;05/06/2023;202323;4;0,00;;NAER;;NFK|1103|99001|202323
1108;10023;05/06/2023;202323;1197;14214,38;;HYPER;;NFK|1108|10023|202323
1108;10047;05/06/2023;202323;755;8493,75;;HYPER;;NFK|1108|10047|202323
1108;10112;05/06/2023;202323;380;8051,25;;HYPER;;NFK|1108|10112|202323
1108;10310;05/06/2023;202323;309;8304,38;;HYPER;;NFK|1108|10310|202323
1108;11020;05/06/2023;202323;963;17996,06;;HYPER;;NFK|1108|11020|202323
1108;11085;05/06/2023;202323;461;5157,44;;HYPER;;NFK|1108|11085|202323
1108;11142;05/06/2023;202323;384;9576,00;;HYPER;;NFK|1108|11142|202323
1108;12004;05/06/2023;202323;430;17200,00;;HYPER;;NFK|1108|12004|202323
1108;12066;05/06/2023;202323;419;21594,21;3F2;HYPER;;NFK|1108|12066|202323
1108;12190;05/06/2023;202323;256;5760,00;;HYPER;;NFK|1108|12190|202323
1108;20015;05/06/2023;202323;583;14830,06;;HYPER;C;NFK|1108|20015|202323
1108;20041;05/06/2023;202323;865;7893,12;;HYPER;A;NFK|1108|20041|202323
1108;20088;05/06/2023;202323;385;21752,50;;HYPER;B;NFK|1108|20088|202323
1108;20131;05/06/2023;202323;363;6679,20;MP;HYPER;C;NFK|1108|20131|202323
1108;30012;05/06/2023;202323;207;3350,81;;HYPER;;NFK|1108|30012|202323
1108;30077;05/06/2023;202323;317;16642,50;;HYPER;;NFK|1108|30077|202323
1108;30154;05/06/2023;202323;232;3915,00;;HYPER;;NFK|1108|30154|202323
1108;30209;05/06/2023;202323;353;13215,44;;HYPER;;NFK|1108|30209|202323
3104;10023;05/06/2023;202323;549;6519,38;;SUPER;;NFK|3104|10023|202323
3104;10047;05/06/2023;202323;322;3622,50;;SUPER;;NFK|3104|10047|202323
3104;10112;05/06/2023;202323;164;3474,75;;SUPER;;NFK|3104|10112|202323
3104;10310;05/06/2023;202323;158;4246,25;;SUPER;;NFK|3104|10310|202323
3104;11020;05/06/2023;202323;366;6839,62;;SUPER;;NFK|3104|11020|202323
3104;11085;05/06/2023;202323;221;2472,44;;SUPER;;NFK|3104|11085|202323
3104;11142;05/06/2023;202323;160;3990,00;;SUPER;;NFK|3104|11142|202323
3104;12004;05/06/2023;202323;243;9720,00;;SUPER;;NFK|3104|12004|202323
3104;12066;05/06/2023;202323;219;11286,71;3F2;SUPER;;NFK|3104|12066|202323
3104;12190;05/06/2023;202323;115;2587,50;;SUPER;;NFK|3104|12190|202323
3104;20015;05/06/2023;202323;289;7351,44;;SUPER;C;NFK|3104|20015|202323
3104;20041;05/06/2023;202323;361;3294,12;;SUPER;A;NFK|3104|20041|202323
3104;20088;05/06/2023;202323;203;11469,50;;SUPER;B;NFK|3104|20088|202323
3104;20131;05/06/2023;202323;164;3017,60;MP;SUPER;C;NFK|3104|20131|202323
3104;30012;05/06/2023;202323;109;1764,44;;SUPER;;NFK|3104|30012|202323
3104;30077;05/06/2023;202323;153;8032,50;;SUPER;;NFK|3104|30077|202323
3104;30154;05/06/2023;202323;133;2244,38;;SUPER;;NFK|3104|30154|202323
3104;30209;05/06/2023;202323;163;6102,31;;SUPER;;NFK|3104|30209|202323
3117;10023;05/06/2023;202323;237;2814,38;;NAER;;NFK|3117|10023|202323
3117;10047;05/06/2023;202323;169;1901,25;;NAER;;NFK|3117|10047|202323
3117;10112;05/06/2023;202323;92;1949,25;;NAER;;NFK|3117|10112|202323
3117;10310;05/06/2023;202323;76;2042,50;;NAER;;NFK|3117|10310|202323
3117;11020;05/06/2023;202323;168;3139,50;;NAER;;NFK|3117|11020|202323
3117;11085;05/06/2023;202323;121;1353,69;;NAER;;NFK|3117|11085|202323
3117;11142;05/06/2023;202323;87;2169,56;;NAER;;NFK|3117|11142|202323
3117;12004;05/06/2023;202323;89;3560,00;;NAER;;NFK|3117|12004|202323
3117;12066;05/06/2023;202323;97;4999,14;3F2;NAER;;NFK|3117|12066|202323
3117;12190;05/06/2023;202323;54;1215,00;;NAER;;NFK|3117|12190|202323
3117;20015;05/06/2023;202323;144;3663,00;;NAER;C;NFK|3117|20015|202323
3117;20041;05/06/2023;202323;168;1533,00;;NAER;A;NFK|3117|20041|202323
3117;20088;05/06/2023;202323;89;5028,50;;NAER;B;NFK|3117|20088|202323
3117;20131;05/06/2023;202323;81;1490,40;MP;NAER;C;NFK|3117|20131|202323
3117;30012;05/06/2023;202323;52;841,75;;NAER;;NFK|3117|30012|202323
3117;30077;05/06/2023;202323;82;4305,00;;NAER;;NFK|3117|30077|202323
3117;30154;05/06/2023;202323;49;826,88;;NAER;;NFK|3117|30154|202323
3117;30209;05/06/2023;202323;74;2770,37;;NAER;;NFK|3117|30209|202323
3122;10023;05/06/2023;202323;167;1983,12;;FRANCHISE;;NFK|3122|10023|202323
3122;10047;05/06/2023;202323;113;1271,25;;FRANCHISE;;NFK|3122|10047|202323
3122;10112;05/06/2023;202323;62;1313,62;;FRANCHISE;;NFK|3122|10112|202323
3122;10310;05/06/2023;202323;49;1316,88;;FRANCHISE;;NFK|3122|10310|202323
3122;11020;05/06/2023;202323;157;2933,94;;FRANCHISE;;NFK|3122|11020|202323
3122;11085;05/06/2023;202323;83;928,56;;FRANCHISE;;NFK|3122|11085|202323
3122;11142;05/06/2023;202323;55;1371,56;;FRANCHISE;;NFK|3122|11142|202323
3122;12004;05/06/2023;202323;71;2840,00;;FRANCHISE;;NFK|3122|12004|202323
3122;12066;05/06/2023;202323;83;4277,61;3F2;FRANCHISE;;NFK|3122|12066|202323
3122;12190;05/06/2023;202323;46;1035,00;;FRANCHISE;;NFK|3122|12190|202323
3122;20015;05/06/2023;202323;100;2543,75;;FRANCHISE;C;NFK|3122|20015|202323
3122;20041;05/06/2023;202323;131;1195,38;;FRANCHISE;A;NFK|3122|20041|202323
3122;20088;05/06/2023;202323;0;0,00;;FRANCHISE;B;NFK|3122|20088|202323
3122;20131;05/06/2023;202323;57;1048,80;MP;FRANCHISE;C;NFK|3122|20131|202323
3122;30012;05/06/2023;202323;35;566,56;;FRANCHISE;;NFK|3122|30012|202323
3122;30077;05/06/2023;202323;51;2677,50;;FRANCHISE;;NFK|3122|30077|202323
3122;30154;05/06/2023;202323;47;793,12;;FRANCHISE;;NFK|3122|30154|202323
3122;30209;05/06/2023;202323;57;2133,94;;FRANCHISE;;NFK|3122|30209|202323
4201;10023;05/06/2023;202323;819;9725,62;;HYPER;;NFK|4201|10023|202323
4201;10047;05/06/2023;202323;595;6693,75;;HYPER;;NFK|4201|10047|202323
4201;10112;05/06/2023;202323;331;7013,06;;HYPER;;NFK|4201|10112|202323
4201;10310;05/06/2023;202323;356;8610,75;AVIS;HYPER;;NFK|4201|10310|202323
4201;11020;05/06/2023;202323;836;15622,75;;HYPER;;NFK|4201|11020|202323
4201;11085;05/06/2023;202323;427;4777,06;;HYPER;;NFK|4201|11085|202323
4201;11142;05/06/2023;202323;344;8578,50;;HYPER;;NFK|4201|11142|202323
4201;12004;05/06/2023;202323;431;17240,00;;HYPER;;NFK|4201|12004|202323
4201;12066;05/06/2023;202323;432;22264,20;3F2;HYPER;;NFK|4201|12066|202323
4201;12190;05/06/2023;202323;198;4455,00;;HYPER;;NFK|4201|12190|202323
4201;20015;05/06/2023;202323;539;13710,81;;HYPER;C;NFK|4201|20015|202323
4201;20041;05/06/2023;202323;747;6816,38;;HYPER;A;NFK|4201|20041|202323
4201;20088;05/06/2023;202323;344;19436,00;;HYPER;B;NFK|4201|20088|202323
4201;20131;05/06/2023;202323;349;6421,60;MP;HYPER;C;NFK|4201|20131|202323
4201;30012;05/06/2023;202323;336;4078,20;3F2;HYPER;;NFK|4201|30012|202323
4201;30077;05/06/2023;202323;302;15855,00;;HYPER;;NFK|4201|30077|202323
4201;30154;05/06/2023;202323;199;3358,12;;HYPER;;NFK|4201|30154|202323
4201;30209;05/06/2023;202323;292;10931,75;;HYPER;;NFK|4201|30209|202323
4205;10023;05/06/2023;202323;541;6424,38;;SUPER;;NFK|4205|10023|202323
4205;10047;05/06/2023;202323;402;4522,50;;SUPER;;NFK|4205|10047|202323
4205;10112;05/06/2023;202323;214;4534,12;;SUPER;;NFK|4205|10112|202323
4205;10310;05/06/2023;202323;264;6385,50;AVIS;SUPER;;NFK|4205|10310|202323
4205;11020;05/06/2023;202323;464;8671,00;;SUPER;;NFK|4205|11020|202323
4205;11085;05/06/2023;202323;292;3266,75;;SUPER;;NFK|4205|11085|202323
4205;11142;05/06/2023;202323;184;4588,50;;SUPER;;NFK|4205|11142|202323
4205;12004;05/06/2023;202323;259;10360,00;;SUPER;;NFK|4205|12004|202323
4205;12066;05/06/2023;202323;277;14275,89;3F2;SUPER;;NFK|4205|12066|202323
4205;12190;05/06/2023;202323;126;2835,00;;SUPER;;NFK|4205|12190|202323
4205;20015;05/06/2023;202323;282;7173,38;;SUPER;C;NFK|4205|20015|202323
4205;20041;05/06/2023;202323;407;3713,88;;SUPER;A;NFK|4205|20041|202323
4205;20088;05/06/2023;202323;245;13842,50;;SUPER;B;NFK|4205|20088|202323
4205;20131;05/06/2023;202323;184;3385,60;MP;SUPER;C;NFK|4205|20131|202323
4205;30012;05/06/2023;202323;208;2524,60;3F2;SUPER;;NFK|4205|30012|202323
4205;30077;05/06/2023;202323;175;9187,50;;SUPER;;NFK|4205|30077|202323
4205;30154;05/06/2023;202323;141;2379,38;;SUPER;;NFK|4205|30154|202323
4205;30209;05/06/2023;202323;182;6813,62;;SUPER;;NFK|4205|30209|202323
4218;10023;05/06/2023;202323;521;6186,88;;SUPER;;NFK|4218|10023|202323
4218;10047;05/06/2023;202323;374;4207,50;;SUPER;;NFK|4218|10047|202323
4218;10112;05/06/2023;202323;231;4894,31;;SUPER;;NFK|4218|10112|202323
4218;10310;05/06/2023;202323;279;6748,31;AVIS;SUPER;;NFK|4218|10310|202323
4218;11020;05/06/2023;202323;489;9138,19;;SUPER;;NFK|4218|11020|202323
4218;11085;05/06/2023;202323;285;3188,44;;SUPER;;NFK|4218|11085|202323
4218;11142;05/06/2023;202323;219;5461,31;;SUPER;;NFK|4218|11142|202323
4218;12004;05/06/2023;202323;248;9920,00;;SUPER;;NFK|4218|12004|202323
4218;12066;05/06/2023;202323;278;14327,42;3F2;SUPER;;NFK|4218|12066|202323
4218;12190;05/06/2023;202323;153;3442,50;;SUPER;;NFK|4218|12190|202323
4218;20015;05/06/2023;202323;367;9335,56;;SUPER;C;NFK|4218|20015|202323
4218;20041;05/06/2023;202323;412;3759,50;;SUPER;A;NFK|4218|20041|202323
4218;20088;05/06/2023;202323;251;14181,50;;SUPER;B;NFK|4218|20088|202323
4218;20131;05/06/2023;202323;197;3624,80;MP;SUPER;C;NFK|4218|20131|202323
4218;30012;05/06/2023;202323;192;2330,40;3F2;SUPER;;NFK|4218|30012|202323
4218;30077;05/06/2023;202323;206;10815,00;;SUPER;;NFK|4218|30077|202323
4218;30154;05/06/2023;202323;134;2261,25;;SUPER;;NFK|4218|30154|202323
4218;30209;05/06/2023;202323;164;6139,75;;SUPER;;NFK|4218|30209|202323
4218;99001;05/06/2023;202323;10;0,00;;SUPER;;NFK|4218|99001|202323
5502;10023;05/06/2023;202323;578;6863,75;;SUPER;;NFK|5502|10023|202323
5502;10047;05/06/2023;202323;371;4173,75;;SUPER;;NFK|5502|10047|202323
5502;10112;05/06/2023;202323;201;4258,69;;SUPER;;NFK|5502|10112|202323
5502;10310;05/06/2023;202323;244;5901,75;AVIS;SUPER;;NFK|5502|10310|202323
5502;11020;05/06/2023;202323;368;6877,00;;SUPER;;NFK|5502|11020|202323
5502;11085;05/06/2023;202323;215;2405,31;;SUPER;;NFK|5502|11085|202323
5502;11142;05/06/2023;202323;195;4862,81;;SUPER;;NFK|5502|11142|202323
5502;12004;05/06/2023;202323;224;8960,00;;SUPER;;NFK|5502|12004|202323
5502;12066;05/06/2023;202323;223;11492,86;3F2;SUPER;;NFK|5502|12066|202323
5502;12190;05/06/2023;202323;137;3082,50;;SUPER;;NFK|5502|12190|202323
5502;20015;05/06/2023;202323;295;7504,06;;SUPER;C;NFK|5502|20015|202323
5502;20041;05/06/2023;202323;367;3348,88;;SUPER;A;NFK|5502|20041|202323
5502;20088;05/06/2023;202323;184;10396,00;;SUPER;B;NFK|5502|20088|202323
5502;20131;05/06/2023;202323;186;3422,40;MP;SUPER;C;NFK|5502|20131|202323
5502;30012;05/06/2023;202323;164;1990,55;3F2;SUPER;;NFK|5502|30012|202323
5502;30077;05/06/2023;202323;156;8190,00;;SUPER;;NFK|5502|30077|202323
5502;30154;05/06/2023;202323;128;2160,00;;SUPER;;NFK|5502|30154|202323
5502;30209;05/06/2023;202323;171;6401,81;;SUPER;;NFK|5502|30209|202323
5502;99001;05/06/2023;202323;7;0,00;;SUPER;;NFK|5502|99001|202323
5511;10023;05/06/2023;202323;190;2256,25;;PARTNER;;NFK|5511|10023|202323
5511;10047;05/06/2023;202323;127;1428,75;;PARTNER;;NFK|5511|10047|202323
5511;10112;05/06/2023;202323;85;1800,94;;PARTNER;;NFK|5511|10112|202323
5511;10310;05/06/2023;202323;93;2249,44;AVIS;PARTNER;;NFK|5511|10310|202323
5511;11020;05/06/2023;202323;164;3064,75;;PARTNER;;NFK|5511|11020|202323
5511;11085;05/06/2023;202323;84;939,75;;PARTNER;;NFK|5511|11085|202323
5511;11142;05/06/2023;202323;78;1945,12;;PARTNER;;NFK|5511|11142|202323
5511;12004;05/06/2023;202323;98;3920,00;;PARTNER;;NFK|5511|12004|202323
5511;12066;05/06/2023;202323;101;5205,29;3F2;PARTNER;;NFK|5511|12066|202323
5511;12190;05/06/2023;202323;47;1057,50;;PARTNER;;NFK|5511|12190|202323
5511;20015;05/06/2023;202323;131;3332,31;;PARTNER;C;NFK|5511|20015|202323
5511;20041;05/06/2023;202323;160;1460,00;;PARTNER;A;NFK|5511|20041|202323
5511;20088;05/06/2023;202323;69;3898,50;;PARTNER;B;NFK|5511|20088|202323
5511;20131;05/06/2023;202323;78;1435,20;MP;PARTNER;C;NFK|5511|20131|202323
5511;30012;05/06/2023;202323;62;752,53;3F2;PARTNER;;NFK|5511|30012|202323
5511;30077;05/06/2023;202323;72;3780,00;;PARTNER;;NFK|5511|30077|202323
5511;30154;05/06/2023;202323;50;843,75;;PARTNER;;NFK|5511|30154|202323
5511;30209;05/06/2023;202323;63;2358,56;;PARTNER;;NFK|5511|30209|202323
9001;10023;05/06/2023;202323;30;356,25;;DEPOT;;NFK|9001|10023|202323
9001;10047;05/06/2023;202323;20;225,00;;DEPOT;;NFK|9001|10047|202323
9001;10112;05/06/2023;202323;10;211,88;;DEPOT;;NFK|9001|10112|202323
9001;10310;05/06/2023;202323;9;241,88;;DEPOT;;NFK|9001|10310|202323
9001;11020;05/06/2023;202323;21;392,44;;DEPOT;;NFK|9001|11020|202323
9001;11085;05/06/2023;202323;13;145,44;;DEPOT;;NFK|9001|11085|202323
9001;11142;05/06/2023;202323;9;224,44;;DEPOT;;NFK|9001|11142|202323
9001;12004;05/06/2023;202323;13;520,00;;DEPOT;;NFK|9001|12004|202323
9001;12066;05/06/2023;202323;14;721,52;3F2;DEPOT;;NFK|9001|12066|202323
9001;12190;05/06/2023;202323;7;157,50;;DEPOT;;NFK|9001|12190|202323
9001;20015;05/06/2023;202323;16;407,00;;DEPOT;C;NFK|9001|20015|202323
9001;20041;05/06/2023;202323;-2;-16,25;;DEPOT;A;NFK|9001|20041|202323
9001;20088;05/06/2023;202323;10;565,00;;DEPOT;B;NFK|9001|20088|202323
9001;20131;05/06/2023;202323;10;184,00;MP;DEPOT;C;NFK|9001|20131|202323
9001;30012;05/06/2023;202323;6;97,12;;DEPOT;;NFK|9001|30012|202323
9001;30077;05/06/2023;202323;10;525,00;;DEPOT;;NFK|9001|30077|202323
9001;30154;05/06/2023;202323;8;135,00;;DEPOT;;NFK|9001|30154|202323
9001;30209;05/06/2023;202323;7;262,06;;DEPOT;;NFK|9001|30209|202323
9001;99001;05/06/2023;202323;0;0,00;;DEPOT;;NFK|9001|99001|202323
1199;10023;05/06/2023;202323;11;130,62;;SUPER;;NFK|1199|10023|202323
1199;10047;05/06/2023;202323;7;78,75;;SUPER;;NFK|1199|10047|202323
1199;10112;05/06/2023;202323;4;84,75;;SUPER;;NFK|1199|10112|202323
1199;10310;05/06/2023;202323;3;80,62;;SUPER;;NFK|1199|10310|202323
1199;11020;05/06/2023;202323;11;205,56;;SUPER;;NFK|1199|11020|202323
1199;11085;05/06/2023;202323;6;67,12;;SUPER;;NFK|1199|11085|202323
1199;11142;05/06/2023;202323;4;99,75;;SUPER;;NFK|1199|11142|202323
1199;12004;05/06/2023;202323;5;200,00;;SUPER;;NFK|1199|12004|202323
1199;12066;05/06/2023;202323;5;257,69;3F2;SUPER;;NFK|1199|12066|202323
1199;12190;05/06/2023;202323;3;67,50;;SUPER;;NFK|1199|12190|202323
1199;20015;05/06/2023;202323;6;152,62;;SUPER;C;NFK|1199|20015|202323
1199;20041;05/06/2023;202323;8;73,00;;SUPER;A;NFK|1199|20041|202323
1199;20088;05/06/2023;202323;4;226,00;;SUPER;B;NFK|1199|20088|202323
1199;20131;05/06/2023;202323;4;73,60;MP;SUPER;C;NFK|1199|20131|202323
1199;30012;05/06/2023;202323;3;48,56;;SUPER;;NFK|1199|30012|202323
1199;30077;05/06/2023;202323;4;210,00;;SUPER;;NFK|1199|30077|202323
1199;30154;05/06/2023;202323;2;33,75;;SUPER;;NFK|1199|30154|202323
1199;30209;05/06/2023;202323;3;112,31;;SUPER;;NFK|1199|30209|202323
1101;10023;12/06/2023;202324;594;7053,75;;SUPER;;NFK|1101|10023|202324
1101;10047;12/06/2023;202324;317;3566,25;;SUPER;;NFK|1101|10047|202324
1101;10112;12/06/2023;202324;222;4703,62;;SUPER;;NFK|1101|10112|202324
1101;10310;12/06/2023;202324;228;5206,95;AVIS;SUPER;;NFK|1101|10310|202324
1101;11020;12/06/2023;202324;409;7643,19;;SUPER;;NFK|1101|11020|202324
1101;11085;12/06/2023;202324;236;2640,25;;SUPER;;NFK|1101|11085|202324
1101;11142;12/06/2023;202324;159;3965,06;;SUPER;;NFK|1101|11142|202324
1101;12004;12/06/2023;202324;235;9400,00;;SUPER;;NFK|1101|12004|202324
1101;12066;12/06/2023;202324;190;11518,75;;SUPER;;NFK|1101|12066|202324
1101;12190;12/06/2023;202324;111;2497,50;;SUPER;;NFK|1101|12190|202324
1101;20015;12/06/2023;202324;329;8368,94;;SUPER;C;NFK|1101|20015|202324
1101;20041;12/06/2023;202324;417;3805,12;;SUPER;A;NFK|1101|20041|202324
1101;20088;12/06/2023;202324;231;13051,50;;SUPER;B;NFK|1101|20088|202324
1101;20131;12/06/2023;202324;259;3920,61;3F2;SUPER;C;NFK|1101|20131|202324
1101;30012;12/06/2023;202324;120;1942,50;;SUPER;;NFK|1101|30012|202324
1101;30077;12/06/2023;202324;169;8872,50;;SUPER;;NFK|1101|30077|202324
1101;30154;12/06/2023;202324;116;1957,50;;SUPER;;NFK|1101|30154|202324
1101;30209;12/06/2023;202324;159;5952,56;;SUPER;;NFK|1101|30209|202324
1102;10023;12/06/2023;202324;505;5996,88;;SUPER;;NFK|1102|10023|202324
1102;10047;12/06/2023;202324;286;3217,50;;SUPER;;NFK|1102|10047|202324
1102;10112;12/06/2023;202324;179;3792,56;;SUPER;;NFK|1102|10112|202324
1102;10310;12/06/2023;202324;202;4613,18;AVIS;SUPER;;NFK|1102|10310|202324
1102;11020;12/06/2023;202324;407;7605,81;;SUPER;;NFK|1102|11020|202324
1102;11085;12/06/2023;202324;252;2819,25;;SUPER;;NFK|1102|11085|202324
1102;11142;12/06/2023;202324;171;4264,31;;SUPER;;NFK|1102|11142|202324
1102;12004;12/06/2023;202324;218;8720,00;;SUPER;;NFK|1102|12004|202324
1102;12066;12/06/2023;202324;157;9518,12;;SUPER;;NFK|1102|12066|202324
1102;12190;12/06/2023;202324;99;2227,50;;SUPER;;NFK|1102|12190|202324
1102;20015;12/06/2023;202324;266;6766,38;;SUPER;C;NFK|1102|20015|202324
1102;20041;12/06/2023;202324;409;3732,12;;SUPER;A;NFK|1102|20041|202324
1102;20088;12/06/2023;202324;203;11469,50;;SUPER;B;NFK|1102|20088|202324
1102;20131;12/06/2023;202324;244;3693,55;3F2;SUPER;C;NFK|1102|20131|202324
1102;30012;12/06/2023;202324;99;1602,56;;SUPER;;NFK|1102|30012|202324
1102;30077;12/06/2023;202324;157;8242,50;;SUPER;;NFK|1102|30077|202324
1102;30154;12/06/2023;202324;105;1771,88;;SUPER;;NFK|1102|30154|202324
1102;30209;12/06/2023;202324;139;5203,81;;SUPER;;NFK|1102|30209|202324
1103;10023;12/06/2023;202324;276;3277,50;;NAER;;NFK|1103|10023|202324
1103;10047;12/06/2023;202324;148;1665,00;;NAER;;NFK|1103|10047|202324
1103;10112;12/06/2023;202324;84;1779,75;;NAER;;NFK|1103|10112|202324
1103;10310;12/06/2023;202324;113;2580,64;AVIS;NAER;;NFK|1103|10310|202324
1103;11020;12/06/2023;202324;188;3513,25;;NAER;;NFK|1103|11020|202324
1103;11085;12/06/2023;202324;129;1443,19;;NAER;;NFK|1103|11085|202324
1103;11142;12/06/2023;202324;92;2294,25;;NAER;;NFK|1103|11142|202324
1103;12004;12/06/2023;202324;105;4200,00;;NAER;;NFK|1103|12004|202324
1103;12066;12/06/2023;202324;85;5153,12;;NAER;;NFK|1103|12066|202324
1103;12190;12/06/2023;202324;61;1372,50;;NAER;;NFK|1103|12190|202324
1103;20015;12/06/2023;202324;168;4273,50;;NAER;C;NFK|1103|20015|202324
1103;20041;12/06/2023;202324;0;0,00;;NAER;A;NFK|1103|20041|202324
1103;20088;12/06/2023;202324;105;5932,50;;NAER;B;NFK|1103|20088|202324
1103;20131;12/06/2023;202324;0;0,00;3F2;NAER;C;NFK|1103|20131|202324
1103;30012;12/06/2023;202324;53;857,94;;NAER;;NFK|1103|30012|202324
1103;30077;12/06/2023;202324;88;4620,00;;NAER;;NFK|1103|30077|202324
1103;30154;12/06/2023;202324;64;1080,00;;NAER;;NFK|1103|30154|202324
1103;30209;12/06/2023;202324;83;3107,31;;NAER;;NFK|1103|30209|202324
1108;10023;12/06/2023;202324;981;11649,38;;HYPER;;NFK|1108|10023|202324
1108;10047;12/06/2023;202324;702;7897,50;;HYPER;;NFK|1108|10047|202324
1108;10112;12/06/2023;202324;353;7479,19;;HYPER;;NFK|1108|10112|202324
1108;10310;12/06/2023;202324;525;11989,69;AVIS;HYPER;;NFK|1108|10310|202324
1108;11020;12/06/2023;202324;803;15006,06;;HYPER;;NFK|1108|11020|202324
1108;11085;12/06/2023;202324;403;4508,56;;HYPER;;NFK|1108|11085|202324
1108;11142;12/06/2023;202324;348;8678,25;;HYPER;;NFK|1108|11142|202324
1108;12004;12/06/2023;202324;417;16680,00;;HYPER;;NFK|1108|12004|202324
1108;12066;12/06/2023;202324;295;17884,38;;HYPER;;NFK|1108|12066|202324
1108;12190;12/06/2023;202324;232;5220,00;;HYPER;;NFK|1108|12190|202324
1108;20015;12/06/2023;202324;657;16712,44;;HYPER;C;NFK|1108|20015|202324
1108;20041;12/06/2023;202324;672;6132,00;;HYPER;A;NFK|1108|20041|202324
1108;20088;12/06/2023;202324;371;20961,50;;HYPER;B;NFK|1108|20088|202324
1108;20131;12/06/2023;202324;460;6963,25;3F2;HYPER;C;NFK|1108|20131|202324
1108;30012;12/06/2023;202324;232;3755,50;;HYPER;;NFK|1108|30012|202324
1108;30077;12/06/2023;202324;301;15802,50;;HYPER;;NFK|1108|30077|202324
1108;30154;12/06/2023;202324;258;4353,75;;HYPER;;NFK|1108|30154|202324
1108;30209;12/06/2023;202324;283;10594,81;;HYPER;;NFK|1108|30209|202324
3104;10023;12/06/2023;202324;436;5177,50;;SUPER;;NFK|3104|10023|202324
3104;10047;12/06/2023;202324;276;3105,00;;SUPER;;NFK|3104|10047|202324
3104;10112;12/06/2023;202324;165;3495,94;;SUPER;;NFK|3104|10112|202324
3104;10310;12/06/2023;202324;229;5229,79;AVIS;SUPER;;NFK|3104|10310|202324
3104;11020;12/06/2023;202324;424;7923,50;;SUPER;;NFK|3104|11020|202324
3104;11085;12/06/2023;202324;203;2271,06;;SUPER;;NFK|3104|11085|202324
3104;11142;12/06/2023;202324;161;4014,94;;SUPER;;NFK|3104|11142|202324
3104;12004;12/06/2023;202324;205;8200,00;;SUPER;;NFK|3104|12004|202324
3104;12066;12/06/2023;202324;131;7941,88;;SUPER;;NFK|3104|12066|202324
3104;12190;12/06/2023;202324;121;2722,50;;SUPER;;NFK|3104|12190|202324
3104;20015;12/06/2023;202324;270;6868,12;;SUPER;C;NFK|3104|20015|202324
3104;20041;12/06/2023;202324;392;3577,00;;SUPER;A;NFK|3104|20041|202324
3104;20088;12/06/2023;202324;190;10735,00;;SUPER;B;NFK|3104|20088|202324
3104;20131;12/06/2023;202324;116;2450,50;;SUPER;C;NFK|3104|20131|202324
3104;30012;12/06/2023;202324;107;1732,06;;SUPER;;NFK|3104|30012|202324
3104;30077;12/06/2023;202324;149;7822,50;;SUPER;;NFK|3104|30077|202324
3104;30154;12/06/2023;202324;117;1974,38;;SUPER;;NFK|3104|30154|202324
3104;30209;12/06/2023;202324;125;4679,69;;SUPER;;NFK|3104|30209|202324
3117;10023;12/06/2023;202324;236;2802,50;;NAER;;NFK|3117|10023|202324
3117;10047;12/06/2023;202324;141;1586,25;;NAER;;NFK|3117|10047|202324
3117;10112;12/06/2023;202324;70;1483,12;;NAER;;NFK|3117|10112|202324
3117;10310;12/06/2023;202324;100;2283,75;AVIS;NAER;;NFK|3117|10310|202324
3117;11020;12/06/2023;202324;195;3644,06;;NAER;;NFK|3117|11020|202324
3117;11085;12/06/2023;202324;108;1208,25;;NAER;;NFK|3117|11085|202324
3117;11142;12/06/2023;202324;75;1870,31;;NAER;;NFK|3117|11142|202324
3117;12004;12/06/2023;202324;0;0,00;;NAER;;NFK|3117|12004|202324
3117;12066;12/06/2023;202324;77;4668,12;;NAER;;NFK|3117|12066|202324
3117;12190;12/06/2023;202324;56;1260,00;;NAER;;NFK|3117|12190|202324
3117;20015;12/06/2023;202324;121;3077,94;;NAER;C;NFK|3117|20015|202324
3117;20041;12/06/2023;202324;139;1268,38;;NAER;A;NFK|3117|20041|202324
3117;20088;12/06/2023;202324;81;4576,50;;NAER;B;NFK|3117|20088|202324
3117;20131;12/06/2023;202324;59;1246,38;;NAER;C;NFK|3117|20131|202324
3117;30012;12/06/2023;202324;46;744,62;;NAER;;NFK|3117|30012|202324
3117;30077;12/06/2023;202324;61;3202,50;;NAER;;NFK|3117|30077|202324
3117;30154;12/06/2023;202324;55;928,12;;NAER;;NFK|3117|30154|202324
3117;30209;12/06/2023;202324;58;2171,38;;NAER;;NFK|3117|30209|202324
3117;99001;12/06/2023;202324;3;0,00;;NAER;;NFK|3117|99001|202324
3122;10023;12/06/2023;202324;177;2101,88;;FRANCHISE;;NFK|3122|10023|202324
3122;10047;12/06/2023;202324;103;1158,75;;FRANCHISE;;NFK|3122|10047|202324
3122;10112;12/06/2023;202324;67;1419,56;;FRANCHISE;;NFK|3122|10112|202324
3122;10310;12/06/2023;202324;78;1781,32;AVIS;FRANCHISE;;NFK|3122|10310|202324
3122;11020;12/06/2023;202324;144;2691,00;;FRANCHISE;;NFK|3122|11020|202324
3122;11085;12/06/2023;202324;73;816,69;;FRANCHISE;;NFK|3122|11085|202324
3122;11142;12/06/2023;202324;50;1246,88;;FRANCHISE;;NFK|3122|11142|202324
3122;12004;12/06/2023;202324;68;2720,00;;FRANCHISE;;NFK|3122|12004|202324
3122;12066;12/06/2023;202324;52;3152,50;;FRANCHISE;;NFK|3122|12066|202324
3122;12190;12/06/2023;202324;36;810,00;;FRANCHISE;;NFK|3122|12190|202324
3122;20015;12/06/2023;202324;94;2391,12;;FRANCHISE;C;NFK|3122|20015|202324
3122;20041;12/06/2023;202324;124;1131,50;;FRANCHISE;A;NFK|3122|20041|202324
3122;20088;12/06/2023;202324;59;3333,50;;FRANCHISE;B;NFK|3122|20088|202324
3122;20131;12/06/2023;202324;39;823,88;;FRANCHISE;C;NFK|3122|20131|202324
3122;30012;12/06/2023;202324;36;582,75;;FRANCHISE;;NFK|3122|30012|202324
3122;30077;12/06/2023;202324;49;2572,50;;FRANCHISE;;NFK|3122|30077|202324
3122;30154;12/06/2023;202324;42;708,75;;FRANCHISE;;NFK|3122|30154|202324
3122;30209;12/06/2023;202324;41;1534,94;;FRANCHISE;;NFK|3122|30209|202324
4201;10023;12/06/2023;202324;845;10034,38;;HYPER;;NFK|4201|10023|202324
4201;10047;12/06/2023;202324;478;5377,50;;HYPER;;NFK|4201|10047|202324
4201;10112;12/06/2023;202324;298;6313,87;;HYPER;;NFK|4201|10112|202324
4201;10310;12/06/2023;202324;398;9089,33;AVIS;HYPER;;NFK|4201|10310|202324
4201;11020;12/06/2023;202324;669;12501,94;;HYPER;;NFK|4201|11020|202324
4201;11085;12/06/2023;202324;412;4609,25;;HYPER;;NFK|4201|11085|202324
4201;11142;12/06/2023;202324;313;7805,44;;HYPER;;NFK|4201|11142|202324
4201;12004;12/06/2023;202324;407;16280,00;;HYPER;;NFK|4201|12004|202324
4201;12066;12/06/2023;202324;308;18672,50;;HYPER;;NFK|4201|12066|202324
4201;12190;12/06/2023;202324;203;4567,50;;HYPER;;NFK|4201|12190|202324
4201;20015;12/06/2023;202324;435;11065,31;;HYPER;C;NFK|4201|20015|202324
4201;20041;12/06/2023;202324;543;4954,88;;HYPER;A;NFK|4201|20041|202324
4201;20088;12/06/2023;202324;311;17571,50;;HYPER;B;NFK|4201|20088|202324
4201;20131;12/06/2023;202324;371;5616,01;3F2;HYPER;C;NFK|4201|20131|202324
4201;30012;12/06/2023;202324;179;2897,56;;HYPER;;NFK|4201|30012|202324
4201;30077;12/06/2023;202324;237;12442,50;;HYPER;;NFK|4201|30077|202324
4201;30154;12/06/2023;202324;182;3071,25;;HYPER;;NFK|4201|30154|202324
4201;30209;12/06/2023;202324;243;9097,31;;HYPER;;NFK|4201|30209|202324
4205;10023;12/06/2023;202324;452;5367,50;;SUPER;;NFK|4205|10023|202324
4205;10047;12/06/2023;202324;309;3476,25;;SUPER;;NFK|4205|10047|202324
4205;10112;12/06/2023;202324;181;3834,94;;SUPER;;NFK|4205|10112|202324
4205;10310;12/06/2023;202324;216;4932,90;AVIS;SUPER;;NFK|4205|10310|202324
4205;11020;12/06/2023;202324;372;6951,75;;SUPER;;NFK|4205|11020|202324
4205;11085;12/06/2023;202324;247;2763,31;;SUPER;;NFK|4205|11085|202324
4205;11142;12/06/2023;202324;197;4912,69;;SUPER;;NFK|4205|11142|202324
4205;12004;12/06/2023;202324;246;9840,00;;SUPER;;NFK|4205|12004|202324
4205;12066;12/06/2023;202324;178;10791,25;;SUPER;;NFK|4205|12066|202324
4205;12190;12/06/2023;202324;114;2565,00;;SUPER;;NFK|4205|12190|202324
4205;20015;12/06/2023;202324;269;6842,69;;SUPER;C;NFK|4205|20015|202324
4205;20041;12/06/2023;202324;423;3859,88;;SUPER;A;NFK|4205|20041|202324
4205;20088;12/06/2023;202324;194;10961,00;;SUPER;B;NFK|4205|20088|202324
4205;20131;12/06/2023;202324;254;3844,93;3F2;SUPER;C;NFK|4205|20131|202324
4205;30012;12/06/2023;202324;105;1699,69;;SUPER;;NFK|4205|30012|202324
4205;30077;12/06/2023;202324;176;9240,00;;SUPER;;NFK|4205|30077|202324
4205;30154;12/06/2023;202324;129;2176,88;;SUPER;;NFK|4205|30154|202324
4205;30209;12/06/2023;202324;131;4904,31;;SUPER;;NFK|4205|30209|202324
4218;10023;12/06/2023;202324;601;7136,88;;SUPER;;NFK|4218|10023|202324
4218;10047;12/06/2023;202324;314;3532,50;;SUPER;;NFK|4218|10047|202324
4218;10112;12/06/2023;202324;197;4173,94;;SUPER;;NFK|4218|10112|202324
4218;10310;12/06/2023;202324;275;6280,31;AVIS;SUPER;;NFK|4218|10310|202324
4218;11020;12/06/2023;202324;476;8895,25;;SUPER;;NFK|4218|11020|202324
4218;11085;12/06/2023;202324;219;2450,06;;SUPER;;NFK|4218|11085|202324
4218;11142;12/06/2023;202324;212;5286,75;;SUPER;;NFK|4218|11142|202324
4218;12004;12/06/2023;202324;212;8480,00;;SUPER;;NFK|4218|12004|202324
4218;12066;12/06/2023;202324;161;9760,62;;SUPER;;NFK|4218|12066|202324
4218;12190;12/06/2023;202324;133;2992,50;;SUPER;;NFK|4218|12190|202324
4218;20015;12/06/2023;202324;317;8063,69;;SUPER;C;NFK|4218|20015|202324
4218;20041;12/06/2023;202324;410;3741,25;;SUPER;A;NFK|4218|20041|202324
4218;20088;12/06/2023;202324;188;10622,00;;SUPER;B;NFK|4218|20088|202324
4218;20131;12/06/2023;202324;278;4208,23;3F2;SUPER;C;NFK|4218|20131|202324
4218;30012;12/06/2023;202324;108;1748,25;;SUPER;;NFK|4218|30012|202324
4218;30077;12/06/2023;202324;163;8557,50;;SUPER;;NFK|4218|30077|202324
4218;30154;12/06/2023;202324;0;0,00;;SUPER;;NFK|4218|30154|202324
4218;30209;12/06/2023;202324;172;6439,25;;SUPER;;NFK|4218|30209|202324
5502;10023;12/06/2023;202324;488;5795,00;;SUPER;;NFK|5502|10023|202324
5502;10047;12/06/2023;202324;323;3633,75;;SUPER;;NFK|5502|10047|202324
5502;10112;12/06/2023;202324;155;3284,06;;SUPER;;NFK|5502|10112|202324
5502;10310;12/06/2023;202324;219;5001,41;AVIS;SUPER;;NFK|5502|10310|202324
5502;11020;12/06/2023;202324;362;6764,88;;SUPER;;NFK|5502|11020|202324
5502;11085;12/06/2023;202324;212;2371,75;;SUPER;;NFK|5502|11085|202324
5502;11142;12/06/2023;202324;150;3740,62;;SUPER;;NFK|5502|11142|202324
5502;12004;12/06/2023;202324;213;8520,00;;SUPER;;NFK|5502|12004|202324
5502;12066;12/06/2023;202324;148;8972,50;;SUPER;;NFK|5502|12066|202324
5502;12190;12/06/2023;202324;104;2340,00;;SUPER;;NFK|5502|12190|202324
5502;20015;12/06/2023;202324;291;7402,31;;SUPER;C;NFK|5502|20015|202324
5502;20041;12/06/2023;202324;360;3285,00;;SUPER;A;NFK|5502|20041|202324
5502;20088;12/06/2023;202324;186;10509,00;;SUPER;B;NFK|5502|20088|202324
5502;20131;12/06/2023;202324;128;2704,00;;SUPER;C;NFK|5502|20131|202324
5502;30012;12/06/2023;202324;104;1683,50;;SUPER;;NFK|5502|30012|202324
5502;30077;12/06/2023;202324;158;8295,00;;SUPER;;NFK|5502|30077|202324
5502;30154;12/06/2023;202324;105;1771,88;;SUPER;;NFK|5502|30154|202324
5502;30209;12/06/2023;202324;145;5428,44;;SUPER;;NFK|5502|30209|202324
5511;10023;12/06/2023;202324;181;2149,38;;PARTNER;;NFK|5511|10023|202324
5511;10047;12/06/2023;202324;123;1383,75;;PARTNER;;NFK|5511|10047|202324
5511;10112;12/06/2023;202324;69;1461,94;;PARTNER;;NFK|5511|10112|202324
5511;10310;12/06/2023;202324;88;2009,70;AVIS;PARTNER;;NFK|5511|10310|202324
5511;11020;12/06/2023;202324;144;2691,00;;PARTNER;;NFK|5511|11020|202324
5511;11085;12/06/2023;202324;88;984,50;;PARTNER;;NFK|5511|11085|202324
5511;11142;12/06/2023;202324;67;1670,81;;PARTNER;;NFK|5511|11142|202324
5511;12004;12/06/2023;202324;84;3360,00;;PARTNER;;NFK|5511|12004|202324
5511;12066;12/06/2023;202324;64;3880,00;;PARTNER;;NFK|5511|12066|202324
5511;12190;12/06/2023;202324;42;945,00;;PARTNER;;NFK|5511|12190|202324
5511;20015;12/06/2023;202324;97;2467,44;;PARTNER;C;NFK|5511|20015|202324
5511;20041;12/06/2023;202324;148;1350,50;;PARTNER;A;NFK|5511|20041|202324
5511;20088;12/06/2023;202324;71;4011,50;;PARTNER;B;NFK|5511|20088|202324
5511;20131;12/06/2023;202324;48;1014,00;;PARTNER;C;NFK|5511|20131|202324
5511;30012;12/06/2023;202324;40;647,50;;PARTNER;;NFK|5511|30012|202324
5511;30077;12/06/2023;202324;59;3097,50;;PARTNER;;NFK|5511|30077|202324
5511;30154;12/06/2023;202324;39;658,12;;PARTNER;;NFK|5511|30154|202324
5511;30209;12/06/2023;202324;56;2096,50;;PARTNER;;NFK|5511|30209|202324
5511;99001;12/06/2023;202324;2;0,00;;PARTNER;;NFK|5511|99001|202324
9001;10023;12/06/2023;202324;29;344,38;;DEPOT;;NFK|9001|10023|202324
9001;10047;12/06/2023;202324;19;213,75;;DEPOT;;NFK|9001|10047|202324
9001;10112;12/06/2023;202324;9;190,69;;DEPOT;;NFK|9001|10112|202324
9001;10310;12/06/2023;202324;13;296,89;AVIS;DEPOT;;NFK|9001|10310|202324
9001;11020;12/06/2023;202324;22;411,12;;DEPOT;;NFK|9001|11020|202324
9001;11085;12/06/2023;202324;11;123,06;;DEPOT;;NFK|9001|11085|202324
9001;11142;12/06/2023;202324;9;224,44;;DEPOT;;NFK|9001|11142|202324
9001;12004;12/06/2023;202324;12;480,00;;DEPOT;;NFK|9001|12004|202324
9001;12066;12/06/2023;202324;8;485,00;;DEPOT;;NFK|9001|12066|202324
9001;12190;12/06/2023;202324;6;135,00;;DEPOT;;NFK|9001|12190|202324
9001;20015;12/06/2023;202324;15;381,56;;DEPOT;C;NFK|9001|20015|202324
9001;20041;12/06/2023;202324;17;155,12;;DEPOT;A;NFK|9001|20041|202324
9001;20088;12/06/2023;202324;10;565,00;;DEPOT;B;NFK|9001|20088|202324
9001;20131;12/06/2023;202324;7;147,88;;DEPOT;C;NFK|9001|20131|202324
9001;30012;12/06/2023;202324;6;97,12;;DEPOT;;NFK|9001|30012|202324
9001;30077;12/06/2023;202324;9;472,50;;DEPOT;;NFK|9001|30077|202324
9001;30154;12/06/2023;202324;7;118,12;;DEPOT;;NFK|9001|30154|202324
9001;30209;12/06/2023;202324;8;299,50;;DEPOT;;NFK|9001|30209|202324
1101;10023;19/06/2023;202325;508;6032,50;;SUPER;;NFK|1101|10023|202325
1101;10047;19/06/2023;202325;383;4308,75;;SUPER;;NFK|1101|10047|202325
1101;10112;19/06/2023;202325;183;3877,31;;SUPER;;NFK|1101|10112|202325
1101;10310;19/06/2023;202325;163;4380,62;;SUPER;;NFK|1101|10310|202325
1101;11020;19/06/2023;202325;418;7811,37;;SUPER;;NFK|1101|11020|202325
1101;11085;19/06/2023;202325;220;2461,25;;SUPER;;NFK|1101|11085|202325
1101;11142;19/06/2023;202325;159;3965,06;;SUPER;;NFK|1101|11142|202325
1101;12004;19/06/2023;202325;213;8520,00;;SUPER;;NFK|1101|12004|202325
1101;12066;19/06/2023;202325;157;9518,12;;SUPER;;NFK|1101|12066|202325
1101;12190;19/06/2023;202325;107;2407,50;;SUPER;;NFK|1101|12190|202325
1101;20015;19/06/2023;202325;287;7300,56;;SUPER;C;NFK|1101|20015|202325
1101;20041;19/06/2023;202325;355;3239,38;;SUPER;A;NFK|1101|20041|202325
1101;20088;19/06/2023;202325;218;12317,00;;SUPER;B;NFK|1101|20088|202325
1101;20131;19/06/2023;202325;162;3422,25;;SUPER;C;NFK|1101|20131|202325
1101;30012;19/06/2023;202325;107;1732,06;;SUPER;;NFK|1101|30012|202325
1101;30077;19/06/2023;202325;228;10773,00;MP;SUPER;;NFK|1101|30077|202325
1101;30154;19/06/2023;202325;138;2328,75;;SUPER;;NFK|1101|30154|202325
1101;30209;19/06/2023;202325;167;6252,06;;SUPER;;NFK|1101|30209|202325
1102;10023;19/06/2023;202325;497;5901,88;;SUPER;;NFK|1102|10023|202325
1102;10047;19/06/2023;202325;317;3566,25;;SUPER;;NFK|1102|10047|202325
1102;10112;19/06/2023;202325;193;4089,19;;SUPER;;NFK|1102|10112|202325
1102;10310;19/06/2023;202325;137;3681,88;;SUPER;;NFK|1102|10310|202325
1102;11020;19/06/2023;202325;439;8203,81;;SUPER;;NFK|1102|11020|202325
1102;11085;19/06/2023;202325;249;2785,69;;SUPER;;NFK|1102|11085|202325
1102;11142;19/06/2023;202325;147;3665,81;;SUPER;;NFK|1102|11142|202325
1102;12004;19/06/2023;202325;205;8200,00;;SUPER;;NFK|1102|12004|202325
1102;12066;19/06/2023;202325;172;10427,50;;SUPER;;NFK|1102|12066|202325
1102;12190;19/06/2023;202325;111;2497,50;;SUPER;;NFK|1102|12190|202325
1102;20015;19/06/2023;202325;290;7376,88;;SUPER;C;NFK|1102|20015|202325
1102;20041;19/06/2023;202325;310;2828,75;;SUPER;A;NFK|1102|20041|202325
1102;20088;19/06/2023;202325;218;12317,00;;SUPER;B;NFK|1102|20088|202325
1102;20131;19/06/2023;202325;148;3126,50;;SUPER;C;NFK|1102|20131|202325
1102;30012;19/06/2023;202325;107;1732,06;;SUPER;;NFK|1102|30012|202325
1102;30077;19/06/2023;202325;193;9119,25;MP;SUPER;;NFK|1102|30077|202325
1102;30154;19/06/2023;202325;115;1940,62;;SUPER;;NFK|1102|30154|202325
1102;30209;19/06/2023;202325;124;4642,25;;SUPER;;NFK|1102|30209|202325
1103;10023;19/06/2023;202325;283;3360,62;;NAER;;NFK|1103|10023|202325
1103;10047;19/06/2023;202325;172;1935,00;;NAER;;NFK|1103|10047|202325
1103;10112;19/06/2023;202325;92;1949,25;;NAER;;NFK|1103|10112|202325
1103;10310;19/06/2023;202325;84;2257,50;;NAER;;NFK|1103|10310|202325
1103;11020;19/06/2023;202325;225;4204,69;;NAER;;NFK|1103|11020|202325
1103;11085;19/06/2023;202325;112;1253,00;;NAER;;NFK|1103|11085|202325
1103;11142;19/06/2023;202325;94;2344,12;;NAER;;NFK|1103|11142|202325
1103;12004;19/06/2023;202325;118;4720,00;;NAER;;NFK|1103|12004|202325
1103;12066;19/06/2023;202325;74;4486,25;;NAER;;NFK|1103|12066|202325
1103;12190;19/06/2023;202325;54;1215,00;;NAER;;NFK|1103|12190|202325
1103;20015;19/06/2023;202325;162;4120,88;;NAER;C;NFK|1103|20015|202325
1103;20041;19/06/2023;202325;166;1514,75;;NAER;A;NFK|1103|20041|202325
1103;20088;19/06/2023;202325;113;6384,50;;NAER;B;NFK|1103|20088|202325
1103;20131;19/06/2023;202325;74;1563,25;;NAER;C;NFK|1103|20131|202325
1103;30012;19/06/2023;202325;59;955,06;;NAER;;NFK|1103|30012|202325
1103;30077;19/06/2023;202325;106;5008,50;MP;NAER;;NFK|1103|30077|202325
1103;30154;19/06/2023;202325;64;1080,00;;NAER;;NFK|1103|30154|202325
1103;30209;19/06/2023;202325;73;2732,94;;NAER;;NFK|1103|30209|202325
1108;10023;19/06/2023;202325;1073;12741,88;;HYPER;;NFK|1108|10023|202325
1108;10047;19/06/2023;202325;685;7706,25;;HYPER;;NFK|1108|10047|202325
1108;10112;19/06/2023;202325;359;7606,31;;HYPER;;NFK|1108|10112|202325
1108;10310;19/06/2023;202325;293;7874,38;;HYPER;;NFK|1108|10310|202325
1108;11020;19/06/2023;202325;773;14445,44;;HYPER;;NFK|1108|11020|202325
1108;11085;19/06/2023;202325;460;5146,25;;HYPER;;NFK|1108|11085|202325
1108;11142;19/06/2023;202325;318;7930,12;;HYPER;;NFK|1108|11142|202325
1108;12004;19/06/2023;202325;407;16280,00;;HYPER;;NFK|1108|12004|202325
1108;12066;19/06/2023;202325;318;19278,75;;HYPER;;NFK|1108|12066|202325
1108;12190;19/06/2023;202325;231;5197,50;;HYPER;;NFK|1108|12190|202325
1108;20015;19/06/2023;202325;558;14194,12;;HYPER;C;NFK|1108|20015|202325
1108;20041;19/06/2023;202325;713;6506,12;;HYPER;A;NFK|1108|20041|202325
1108;20088;19/06/2023;202325;384;21696,00;;HYPER;B;NFK|1108|20088|202325
1108;20131;19/06/2023;202325;228;4816,50;;HYPER;C;NFK|1108|20131|202325
1108;30012;19/06/2023;202325;200;3237,50;;HYPER;;NFK|1108|30012|202325
1108;30077;19/06/2023;202325;409;19325,25;MP;HYPER;;NFK|1108|30077|202325
1108;30154;19/06/2023;202325;247;4168,12;;HYPER;;NFK|1108|30154|202325
1108;30209;19/06/2023;202325;271;10145,56;;HYPER;;NFK|1108|30209|202325
3104;10023;19/06/2023;202325;469;5569,38;;SUPER;;NFK|3104|10023|202325
3104;10047;19/06/2023;202325;276;3105,00;;SUPER;;NFK|3104|10047|202325
3104;10112;19/06/2023;202325;158;3347,62;;SUPER;;NFK|3104|10112|202325
3104;10310;19/06/2023;202325;118;3171,25;;SUPER;;NFK|3104|10310|202325
3104;11020;19/06/2023;202325;375;7007,81;;SUPER;;NFK|3104|11020|202325
3104;11085;19/06/2023;202325;200;2237,50;;SUPER;;NFK|3104|11085|202325
3104;11142;19/06/2023;202325;139;3466,31;;SUPER;;NFK|3104|11142|202325
3104;12004;19/06/2023;202325;219;8760,00;;SUPER;;NFK|3104|12004|202325
3104;12066;19/06/2023;202325;155;9396,88;;SUPER;;NFK|3104|12066|202325
3104;12190;19/06/2023;202325;105;2362,50;;SUPER;;NFK|3104|12190|202325
3104;20015;19/06/2023;202325;254;6461,12;;SUPER;C;NFK|3104|20015|202325
3104;20041;19/06/2023;202325;353;3221,12;;SUPER;A;NFK|3104|20041|202325
3104;20088;19/06/2023;202325;200;11300,00;;SUPER;B;NFK|3104|20088|202325
3104;20131;19/06/2023;202325;112;2366,00;;SUPER;C;NFK|3104|20131|202325
3104;30012;19/06/2023;202325;104;1683,50;;SUPER;;NFK|3104|30012|202325
3104;30077;19/06/2023;202325;153;7229,25;MP;SUPER;;NFK|3104|30077|202325
3104;30154;19/06/2023;202325;101;1704,38;;SUPER;;NFK|3104|30154|202325
3104;30209;19/06/2023;202325;153;5727,94;;SUPER;;NFK|3104|30209|202325
3104;99001;19/06/2023;202325;8;0,00;;SUPER;;NFK|3104|99001|202325
3117;10023;19/06/2023;202325;190;2256,25;;NAER;;NFK|3117|10023|202325
3117;10047;19/06/2023;202325;150;1687,50;;NAER;;NFK|3117|10047|202325
3117;10112;19/06/2023;202325;82;1737,37;;NAER;;NFK|3117|10112|202325
3117;10310;19/06/2023;202325;57;1531,88;;NAER;;NFK|3117|10310|202325
3117;11020;19/06/2023;202325;174;3251,62;;NAER;;NFK|3117|11020|202325
3117;11085;19/06/2023;202325;100;1118,75;;NAER;;NFK|3117|11085|202325
3117;11142;19/06/2023;202325;69;1720,69;;NAER;;NFK|3117|11142|202325
3117;12004;19/06/2023;202325;93;3720,00;;NAER;;NFK|3117|12004|202325
3117;12066;19/06/2023;202325;71;4304,38;;NAER;;NFK|3117|12066|202325
3117;12190;19/06/2023;202325;54;1215,00;;NAER;;NFK|3117|12190|202325
3117;20015;19/06/2023;202325;133;3383,19;;NAER;C;NFK|3117|20015|202325
3117;20041;19/06/2023;202325;167;1523,88;;NAER;A;NFK|3117|20041|202325
3117;20088;19/06/2023;202325;86;4859,00;;NAER;B;NFK|3117|20088|202325
3117;20131;19/06/2023;202325;61;1288,62;;NAER;C;NFK|3117|20131|202325
3117;30012;19/06/2023;202325;47;760,81;;NAER;;NFK|3117|30012|202325
3117;30077;19/06/2023;202325;91;4299,75;MP;NAER;;NFK|3117|30077|202325
3117;30154;19/06/2023;202325;49;826,88;;NAER;;NFK|3117|30154|202325
3117;30209;19/06/2023;202325;65;2433,44;;NAER;;NFK|3117|30209|202325
3122;10023;19/06/2023;202325;153;1816,88;;FRANCHISE;;NFK|3122|10023|202325
3122;10047;19/06/2023;202325;98;1102,50;;FRANCHISE;;NFK|3122|10047|202325
3122;10112;19/06/2023;202325;57;1207,69;;FRANCHISE;;NFK|3122|10112|202325
3122;10310;19/06/2023;202325;45;1209,38;;FRANCHISE;;NFK|3122|10310|202325
3122;11020;19/06/2023;202325;145;2709,69;;FRANCHISE;;NFK|3122|11020|202325
3122;11085;19/06/2023;202325;65;727,19;;FRANCHISE;;NFK|3122|11085|202325
3122;11142;19/06/2023;202325;48;1197,00;;FRANCHISE;;NFK|3122|11142|202325
3122;12004;19/06/2023;202325;65;2600,00;;FRANCHISE;;NFK|3122|12004|202325
3122;12066;19/06/2023;202325;52;3152,50;;FRANCHISE;;NFK|3122|12066|202325
3122;12190;19/06/2023;202325;36;810,00;;FRANCHISE;;NFK|3122|12190|202325
3122;20015;19/06/2023;202325;106;2696,38;;FRANCHISE;C;NFK|3122|20015|202325
3122;20041;19/06/2023;202325;105;958,12;;FRANCHISE;A;NFK|3122|20041|202325
3122;20088;19/06/2023;202325;58;3277,00;;FRANCHISE;B;NFK|3122|20088|202325
3122;20131;19/06/2023;202325;47;992,88;;FRANCHISE;C;NFK|3122|20131|202325
3122;30012;19/06/2023;202325;34;550,38;;FRANCHISE;;NFK|3122|30012|202325
3122;30077;19/06/2023;202325;68;3213,00;MP;FRANCHISE;;NFK|3122|30077|202325
3122;30154;19/06/2023;202325;41;691,88;;FRANCHISE;;NFK|3122|30154|202325
3122;30209;19/06/2023;202325;48;1797,00;;FRANCHISE;;NFK|3122|30209|202325
4201;10023;19/06/2023;202325;811;9630,62;;HYPER;;NFK|4201|10023|202325
4201;10047;19/06/2023;202325;514;5782,50;;HYPER;;NFK|4201|10047|202325
4201;10112;19/06/2023;202325;274;5805,38;;HYPER;;NFK|4201|10112|202325
4201;10310;19/06/2023;202325;224;6020,00;;HYPER;;NFK|4201|10310|202325
4201;11020;19/06/2023;202325;716;13380,25;;HYPER;;NFK|4201|11020|202325
4201;11085;19/06/2023;202325;370;4139,37;;HYPER;;NFK|4201|11085|202325
4201;11142;19/06/2023;202325;306;7630,88;;HYPER;;NFK|4201|11142|202325
4201;12004;19/06/2023;202325;320;12800,00;;HYPER;;NFK|4201|12004|202325
4201;12066;19/06/2023;202325;251;15216,88;;HYPER;;NFK|4201|12066|202325
4201;12190;19/06/2023;202325;197;4432,50;;HYPER;;NFK|4201|12190|202325
4201;20015;19/06/2023;202325;444;11294,25;;HYPER;C;NFK|4201|20015|202325
4201;20041;19/06/2023;202325;553;5046,12;;HYPER;A;NFK|4201|20041|202325
4201;20088;19/06/2023;202325;307;17345,50;;HYPER;B;NFK|4201|20088|202325
4201;20131;19/06/2023;202325;211;4457,38;;HYPER;C;NFK|4201|20131|202325
4201;30012;19/06/2023;202325;156;2525,25;;HYPER;;NFK|4201|30012|202325
4201;30077;19/06/2023;202325;312;14742,00;MP;HYPER;;NFK|4201|30077|202325
4201;30154;19/06/2023;202325;182;3071,25;;HYPER;;NFK|4201|30154|202325
4201;30209;19/06/2023;202325;279;10445,06;;HYPER;;NFK|4201|30209|202325
4205;10023;19/06/2023;202325;573;6804,38;;SUPER;;NFK|4205|10023|202325
4205;10047;19/06/2023;202325;285;3206,25;;SUPER;;NFK|4205|10047|202325
4205;10112;19/06/2023;202325;168;3559,50;;SUPER;;NFK|4205|10112|202325
4205;10310;19/06/2023;202325;130;3493,75;;SUPER;;NFK|4205|10310|202325
4205;11020;19/06/2023;202325;432;8073,00;;SUPER;;NFK|4205|11020|202325
4205;11085;19/06/2023;202325;255;2852,81;;SUPER;;NFK|4205|11085|202325
4205;11142;19/06/2023;202325;191;4763,06;;SUPER;;NFK|4205|11142|202325
4205;12004;19/06/2023;202325;228;9120,00;;SUPER;;NFK|4205|12004|202325
4205;12066;19/06/2023;202325;160;9700,00;;SUPER;;NFK|4205|12066|202325
4205;12190;19/06/2023;202325;113;2542,50;;SUPER;;NFK|4205|12190|202325
4205;20015;19/06/2023;202325;319;8114,56;;SUPER;C;NFK|4205|20015|202325
4205;20041;19/06/2023;202325;328;2993,00;;SUPER;A;NFK|4205|20041|202325
4205;20088;19/06/2023;202325;204;11526,00;;SUPER;B;NFK|4205|20088|202325
4205;20131;19/06/2023;202325;130;2746,25;;SUPER;C;NFK|4205|20131|202325
4205;30012;19/06/2023;202325;104;1683,50;;SUPER;;NFK|4205|30012|202325
4205;30077;19/06/2023;202325;165;7796,25;MP;SUPER;;NFK|4205|30077|202325
4205;30154;19/06/2023;202325;101;1704,38;;SUPER;;NFK|4205|30154|202325
4205;30209;19/06/2023;202325;153;5727,94;;SUPER;;NFK|4205|30209|202325
4218;10023;19/06/2023;202325;616;7315,00;;SUPER;;NFK|4218|10023|202325
4218;10047;19/06/2023;202325;327;3678,75;;SUPER;;NFK|4218|10047|202325
4218;10112;19/06/2023;202325;174;3686,62;;SUPER;;NFK|4218|10112|202325
4218;10310;19/06/2023;202325;137;3681,88;;SUPER;;NFK|4218|10310|202325
4218;11020;19/06/2023;202325;496;9269,00;;SUPER;;NFK|4218|11020|202325
4218;11085;19/06/2023;202325;258;2886,38;;SUPER;;NFK|4218|11085|202325
4218;11142;19/06/2023;202325;200;4987,50;;SUPER;;NFK|4218|11142|202325
4218;12004;19/06/2023;202325;237;9480,00;;SUPER;;NFK|4218|12004|202325
4218;12066;19/06/2023;202325;165;10003,12;;SUPER;;NFK|4218|12066|202325
4218;12190;19/06/2023;202325;139;3127,50;;SUPER;;NFK|4218|12190|202325
4218;20015;19/06/2023;202325;326;8292,62;;SUPER;C;NFK|4218|20015|202325
4218;20041;19/06/2023;202325;342;3120,75;;SUPER;A;NFK|4218|20041|202325
4218;20088;19/06/2023;202325;185;10452,50;;SUPER;B;NFK|4218|20088|202325
4218;20131;19/06/2023;202325;133;2809,62;;SUPER;C;NFK|4218|20131|202325
4218;30012;19/06/2023;202325;125;2023,44;;SUPER;;NFK|4218|30012|202325
4218;30077;19/06/2023;202325;200;9450,00;MP;SUPER;;NFK|4218|30077|202325
4218;30154;19/06/2023;202325;125;2109,38;;SUPER;;NFK|4218|30154|202325
4218;30209;19/06/2023;202325;144;5391,00;;SUPER;;NFK|4218|30209|202325
4218;99001;19/06/2023;202325;8;0,00;;SUPER;;NFK|4218|99001|202325
5502;10023;19/06/2023;202325;423;5023,12;;SUPER;;NFK|5502|10023|202325
5502;10047;19/06/2023;202325;346;3892,50;;SUPER;;NFK|5502|10047|202325
5502;10112;19/06/2023;202325;194;4110,38;;SUPER;;NFK|5502|10112|202325
5502;10310;19/06/2023;202325;138;3708,75;;SUPER;;NFK|5502|10310|202325
5502;11020;19/06/2023;202325;364;6802,25;;SUPER;;NFK|5502|11020|202325
5502;11085;19/06/2023;202325;221;2472,44;;SUPER;;NFK|5502|11085|202325
5502;11142;19/06/2023;202325;167;4164,56;;SUPER;;NFK|5502|11142|202325
5502;12004;19/06/2023;202325;211;8440,00;;SUPER;;NFK|5502|12004|202325
5502;12066;19/06/2023;202325;148;8972,50;;SUPER;;NFK|5502|12066|202325
5502;12190;19/06/2023;202325;119;2677,50;;SUPER;;NFK|5502|12190|202325
5502;20015;19/06/2023;202325;279;7097,06;;SUPER;C;NFK|5502|20015|202325
5502;20041;19/06/2023;202325;365;3330,62;;SUPER;A;NFK|5502|20041|202325
5502;20088;19/06/2023;202325;186;10509,00;;SUPER;B;NFK|5502|20088|202325
5502;20131;19/06/2023;202325;130;2746,25;;SUPER;C;NFK|5502|20131|202325
5502;30012;19/06/2023;202325;113;1829,19;;SUPER;;NFK|5502|30012|202325
5502;30077;19/06/2023;202325;175;8268,75;MP;SUPER;;NFK|5502|30077|202325
5502;30154;19/06/2023;202325;109;1839,38;;SUPER;;NFK|5502|30154|202325
5502;30209;19/06/2023;202325;124;4642,25;;SUPER;;NFK|5502|30209|202325
5511;10023;19/06/2023;202325;196;2327,50;;PARTNER;;NFK|5511|10023|202325
5511;10047;19/06/2023;202325;110;1237,50;;PARTNER;;NFK|5511|10047|202325
5511;10112;19/06/2023;202325;62;1313,62;;PARTNER;;NFK|5511|10112|202325
5511;10310;19/06/2023;202325;62;1666,25;;PARTNER;;NFK|5511|10310|202325
5511;11020;19/06/2023;202325;139;2597,56;;PARTNER;;NFK|5511|11020|202325
5511;11085;19/06/2023;202325;94;1051,62;;PARTNER;;NFK|5511|11085|202325
5511;11142;19/06/2023;202325;56;1396,50;;PARTNER;;NFK|5511|11142|202325
5511;12004;19/06/2023;202325;86;3440,00;;PARTNER;;NFK|5511|12004|202325
5511;12066;19/06/2023;202325;53;3213,12;;PARTNER;;NFK|5511|12066|202325
5511;12190;19/06/2023;202325;38;855,00;;PARTNER;;NFK|5511|12190|202325
5511;20015;19/06/2023;202325;99;2518,31;;PARTNER;C;NFK|5511|20015|202325
5511;20041;19/06/2023;202325;154;1405,25;;PARTNER;A;NFK|5511|20041|202325
5511;20088;19/06/2023;202325;66;3729,00;;PARTNER;B;NFK|5511|20088|202325
5511;20131;19/06/2023;202325;54;1140,75;;PARTNER;C;NFK|5511|20131|202325
5511;30012;19/06/2023;202325;43;696,06;;PARTNER;;NFK|5511|30012|202325
5511;30077;19/06/2023;202325;80;3780,00;MP;PARTNER;;NFK|5511|30077|202325
5511;30154;19/06/2023;202325;39;658,12;;PARTNER;;NFK|5511|30154|202325
5511;30209;19/06/2023;202325;48;1797,00;;PARTNER;;NFK|5511|30209|202325
9001;10023;19/06/2023;202325;28;332,50;;DEPOT;;NFK|9001|10023|202325
9001;10047;19/06/2023;202325;15;168,75;;DEPOT;;NFK|9001|10047|202325
9001;10112;19/06/2023;202325;9;190,69;;DEPOT;;NFK|9001|10112|202325
9001;10310;19/06/2023;202325;7;188,12;;DEPOT;;NFK|9001|10310|202325
9001;11020;19/06/2023;202325;23;429,81;;DEPOT;;NFK|9001|11020|202325
9001;11085;19/06/2023;202325;11;123,06;;DEPOT;;NFK|9001|11085|202325
9001;11142;19/06/2023;202325;9;224,44;;DEPOT;;NFK|9001|11142|202325
9001;12004;19/06/2023;202325;11;440,00;;DEPOT;;NFK|9001|12004|202325
9001;12066;19/06/2023;202325;9;545,62;;DEPOT;;NFK|9001|12066|202325
9001;12190;19/06/2023;202325;6;135,00;;DEPOT;;NFK|9001|12190|202325
9001;20015;19/06/2023;202325;17;432,44;;DEPOT;C;NFK|9001|20015|202325
9001;20041;19/06/2023;202325;22;200,75;;DEPOT;A;NFK|9001|20041|202325
9001;20088;19/06/2023;202325;11;621,50;;DEPOT;B;NFK|9001|20088|202325
9001;20131;19/06/2023;202325;7;147,88;;DEPOT;C;NFK|9001|20131|202325
9001;30012;19/06/2023;202325;5;80,94;;DEPOT;;NFK|9001|30012|202325
9001;30077;19/06/2023;202325;9;425,25;MP;DEPOT;;NFK|9001|30077|202325
9001;30154;19/06/2023;202325;7;118,12;;DEPOT;;NFK|9001|30154|202325
9001;30209;19/06/2023;202325;7;262,06;;DEPOT;;NFK|9001|30209|202325
1199;10023;19/06/2023;202325;12;142,50;;SUPER;;NFK|1199|10023|202325
1199;10047;19/06/2023;202325;8;90,00;;SUPER;;NFK|1199|10047|202325
1199;10112;19/06/2023;202325;4;84,75;;SUPER;;NFK|1199|10112|202325
1199;10310;19/06/2023;202325;3;80,62;;SUPER;;NFK|1199|10310|202325
1199;11020;19/06/2023;202325;8;149,50;;SUPER;;NFK|1199|11020|202325
1199;11085;19/06/2023;202325;5;55,94;;SUPER;;NFK|1199|11085|202325
1199;11142;19/06/2023;202325;4;99,75;;SUPER;;NFK|1199|11142|202325
1199;12004;19/06/2023;202325;4;160,00;;SUPER;;NFK|1199|12004|202325
1199;12066;19/06/2023;202325;3;181,88;;SUPER;;NFK|1199|12066|202325
1199;12190;19/06/2023;202325;3;67,50;;SUPER;;NFK|1199|12190|202325
1199;20015;19/06/2023;202325;6;152,62;;SUPER;C;NFK|1199|20015|202325
1199;20041;19/06/2023;202325;7;63,88;;SUPER;A;NFK|1199|20041|202325
1199;20088;19/06/2023;202325;4;226,00;;SUPER;B;NFK|1199|20088|202325
1199;20131;19/06/2023;202325;3;63,38;;SUPER;C;NFK|1199|20131|202325
1199;30012;19/06/2023;202325;3;48,56;;SUPER;;NFK|1199|30012|202325
1199;30077;19/06/2023;202325;4;189,00;MP;SUPER;;NFK|1199|30077|202325
1199;30154;19/06/2023;202325;2;33,75;;SUPER;;NFK|1199|30154|202325
1199;30209;19/06/2023;202325;3;112,31;;SUPER;;NFK|1199|30209|202325
1199;99001;19/06/2023;202325;0;0,00;;SUPER;;NFK|1199|99001|202325
1101;10023;26/06/2023;202326;580;6887,50;;SUPER;;NFK|1101|10023|202326
1101;10047;26/06/2023;202326;370;4162,50;;SUPER;;NFK|1101|10047|202326
1101;10112;26/06/2023;202326;201;4258,69;;SUPER;;NFK|1101|10112|202326
1101;10310;26/06/2023;202326;172;4622,50;;SUPER;;NFK|1101|10310|202326
1101;11020;26/06/2023;202326;473;8839,19;;SUPER;;NFK|1101|11020|202326
1101;11085;26/06/2023;202326;211;2360,56;;SUPER;;NFK|1101|11085|202326
1101;11142;26/06/2023;202326;181;4513,69;;SUPER;;NFK|1101|11142|202326
1101;12004;26/06/2023;202326;242;9680,00;;SUPER;;NFK|1101|12004|202326
1101;12066;26/06/2023;202326;147;8911,88;;SUPER;;NFK|1101|12066|202326
1101;12190;26/06/2023;202326;140;3150,00;;SUPER;;NFK|1101|12190|202326
1101;20015;26/06/2023;202326;355;9030,31;;SUPER;C;NFK|1101|20015|202326
1101;20041;26/06/2023;202326;498;4544,25;;SUPER;A;NFK|1101|20041|202326
1101;20088;26/06/2023;202326;282;15933,00;;SUPER;B;NFK|1101|20088|202326
1101;20131;26/06/2023;202326;179;3781,38;;SUPER;C;NFK|1101|20131|202326
1101;30012;26/06/2023;202326;111;1796,81;;SUPER;;NFK|1101|30012|202326
1101;30077;26/06/2023;202326;169;8872,50;;SUPER;;NFK|1101|30077|202326
1101;30154;26/06/2023;202326;136;2295,00;;SUPER;;NFK|1101|30154|202326
1101;30209;26/06/2023;202326;137;5128,94;;SUPER;;NFK|1101|30209|202326
1102;10023;26/06/2023;202326;468;5557,50;;SUPER;;NFK|1102|10023|202326
1102;10047;26/06/2023;202326;343;3858,75;;SUPER;;NFK|1102|10047|202326
1102;10112;26/06/2023;202326;171;3623,06;;SUPER;;NFK|1102|10112|202326
1102;10310;26/06/2023;202326;133;3574,38;;SUPER;;NFK|1102|10310|202326
1102;11020;26/06/2023;202326;416;7774,00;;SUPER;;NFK|1102|11020|202326
1102;11085;26/06/2023;202326;202;2259,88;;SUPER;;NFK|1102|11085|202326
1102;11142;26/06/2023;202326;183;4563,56;;SUPER;;NFK|1102|11142|202326
1102;12004;26/06/2023;202326;227;9080,00;;SUPER;;NFK|1102|12004|202326
1102;12066;26/06/2023;202326;157;9518,12;;SUPER;;NFK|1102|12066|202326
1102;12190;26/06/2023;202326;108;2430,00;;SUPER;;NFK|1102|12190|202326
1102;20015;26/06/2023;202326;417;10607,44;;SUPER;C;NFK|1102|20015|202326
1102;20041;26/06/2023;202326;465;4243,12;;SUPER;A;NFK|1102|20041|202326
1102;20088;26/06/2023;202326;226;12769,00;;SUPER;B;NFK|1102|20088|202326
1102;20131;26/06/2023;202326;168;3549,00;;SUPER;C;NFK|1102|20131|202326
1102;30012;26/06/2023;202326;114;1845,38;;SUPER;;NFK|1102|30012|202326
1102;30077;26/06/2023;202326;162;8505,00;;SUPER;;NFK|1102|30077|202326
1102;30154;26/06/2023;202326;97;1636,88;;SUPER;;NFK|1102|30154|202326
1102;30209;26/06/2023;202326;123;4604,81;;SUPER;;NFK|1102|30209|202326
1102;99001;26/06/2023;202326;7;0,00;;SUPER;;NFK|1102|99001|202326
1103;10023;26/06/2023;202326;235;2790,62;;NAER;;NFK|1103|10023|202326
1103;10047;26/06/2023;202326;172;1935,00;;NAER;;NFK|1103|10047|202326
1103;10112;26/06/2023;202326;94;1991,62;;NAER;;NFK|1103|10112|202326
1103;10310;26/06/2023;202326;79;2123,12;;NAER;;NFK|1103|10310|202326
1103;11020;26/06/2023;202326;232;4335,50;;NAER;;NFK|1103|11020|202326
1103;11085;26/06/2023;202326;110;1230,62;;NAER;;NFK|1103|11085|202326
1103;11142;26/06/2023;202326;89;2219,44;;NAER;;NFK|1103|11142|202326
1103;12004;26/06/2023;202326;121;4840,00;;NAER;;NFK|1103|12004|202326
1103;12066;26/06/2023;202326;75;4546,88;;NAER;;NFK|1103|12066|202326
1103;12190;26/06/2023;202326;63;1417,50;;NAER;;NFK|1103|12190|202326
1103;20015;26/06/2023;202326;170;4324,38;;NAER;C;NFK|1103|20015|202326
1103;20041;26/06/2023;202326;262;2390,75;;NAER;A;NFK|1103|20041|202326
1103;20088;26/06/2023;202326;141;7966,50;;NAER;B;NFK|1103|20088|202326
1103;20131;26/06/2023;202326;85;1795,62;;NAER;C;NFK|1103|20131|202326
1103;30012;26/06/2023;202326;54;874,12;;NAER;;NFK|1103|30012|202326
1103;30077;26/06/2023;202326;81;4252,50;;NAER;;NFK|1103|30077|202326
1103;30154;26/06/2023;202326;59;995,62;;NAER;;NFK|1103|30154|202326
1103;30209;26/06/2023;202326;69;2583,19;;NAER;;NFK|1103|30209|202326
1108;10023;26/06/2023;202326;941;11174,38;;HYPER;;NFK|1108|10023|202326
1108;10047;26/06/2023;202326;621;6986,25;;HYPER;;NFK|1108|10047|202326
1108;10112;26/06/2023;202326;328;6949,50;;HYPER;;NFK|1108|10112|202326
1108;10310;26/06/2023;202326;258;6933,75;;HYPER;;NFK|1108|10310|202326
1108;11020;26/06/2023;202326;842;15734,88;;HYPER;;NFK|1108|11020|202326
1108;11085;26/06/2023;202326;416;4654,00;;HYPER;;NFK|1108|11085|202326
1108;11142;26/06/2023;202326;333;8304,19;;HYPER;;NFK|1108|11142|202326
1108;12004;26/06/2023;202326;414;16560,00;;HYPER;;NFK|1108|12004|202326
1108;12066;26/06/2023;202326;319;19339,38;;HYPER;;NFK|1108|12066|202326
1108;12190;26/06/2023;202326;212;4770,00;;HYPER;;NFK|1108|12190|202326
1108;20015;26/06/2023;202326;722;18365,88;;HYPER;C;NFK|1108|20015|202326
1108;20041;26/06/2023;202326;998;9106,75;;HYPER;A;NFK|1108|20041|202326
1108;20088;26/06/2023;202326;436;24634,00;;HYPER;B;NFK|1108|20088|202326
1108;20131;26/06/2023;202326;326;6886,75;;HYPER;C;NFK|1108|20131|202326
1108;30012;26/06/2023;202326;189;3059,44;;HYPER;;NFK|1108|30012|202326
1108;30077;26/06/2023;202326;325;17062,50;;HYPER;;NFK|1108|30077|202326
1108;30154;26/06/2023;202326;256;4320,00;;HYPER;;NFK|1108|30154|202326
1108;30209;26/06/2023;202326;277;10370,19;;HYPER;;NFK|1108|30209|202326
1108;99001;26/06/2023;202326;13;0,00;;HYPER;;NFK|1108|99001|202326
3104;10023;26/06/2023;202326;459;5450,62;;SUPER;;NFK|3104|10023|202326
3104;10047;26/06/2023;202326;330;3712,50;;SUPER;;NFK|3104|10047|202326
3104;10112;26/06/2023;202326;153;3241,69;;SUPER;;NFK|3104|10112|202326
3104;10310;26/06/2023;202326;150;4031,25;;SUPER;;NFK|3104|10310|202326
3104;11020;26/06/2023;202326;395;7381,56;;SUPER;;NFK|3104|11020|202326
3104;11085;26/06/2023;202326;190;2125,62;;SUPER;;NFK|3104|11085|202326
3104;11142;26/06/2023;202326;156;3890,25;;SUPER;;NFK|3104|11142|202326
3104;12004;26/06/2023;202326;196;7840,00;;SUPER;;NFK|3104|12004|202326
3104;12066;26/06/2023;202326;167;10124,38;;SUPER;;NFK|3104|12066|202326
3104;12190;26/06/2023;202326;102;2295,00;;SUPER;;NFK|3104|12190|202326
3104;20015;26/06/2023;202326;334;8496,12;;SUPER;C;NFK|3104|20015|202326
3104;20041;26/06/2023;202326;457;4170,12;;SUPER;A;NFK|3104|20041|202326
3104;20088;26/06/2023;202326;204;11526,00;;SUPER;B;NFK|3104|20088|202326
3104;20131;26/06/2023;202326;148;3126,50;;SUPER;C;NFK|3104|20131|202326
3104;30012;26/06/2023;202326;105;1699,69;;SUPER;;NFK|3104|30012|202326
3104;30077;26/06/2023;202326;141;7402,50;;SUPER;;NFK|3104|30077|202326
3104;30154;26/06/2023;202326;95;1603,12;;SUPER;;NFK|3104|30154|202326
3104;30209;26/06/2023;202326;153;5727,94;;SUPER;;NFK|3104|30209|202326
3117;10023;26/06/2023;202326;0;0,00;;NAER;;NFK|3117|10023|202326
3117;10047;26/06/2023;202326;147;1653,75;;NAER;;NFK|3117|10047|202326
3117;10112;26/06/2023;202326;82;1737,37;;NAER;;NFK|3117|10112|202326
3117;10310;26/06/2023;202326;69;1854,38;;NAER;;NFK|3117|10310|202326
3117;11020;26/06/2023;202326;181;3382,44;;NAER;;NFK|3117|11020|202326
3117;11085;26/06/2023;202326;94;1051,62;;NAER;;NFK|3117|11085|202326
3117;11142;26/06/2023;202326;64;1596,00;;NAER;;NFK|3117|11142|202326
3117;12004;26/06/2023;202326;81;3240,00;;NAER;;NFK|3117|12004|202326
3117;12066;26/06/2023;202326;66;4001,25;;NAER;;NFK|3117|12066|202326
3117;12190;26/06/2023;202326;51;1147,50;;NAER;;NFK|3117|12190|202326
3117;20015;26/06/2023;202326;160;4070,00;;NAER;C;NFK|3117|20015|202326
3117;20041;26/06/2023;202326;183;1669,88;;NAER;A;NFK|3117|20041|202326
3117;20088;26/06/2023;202326;104;5876,00;;NAER;B;NFK|3117|20088|202326
3117;20131;26/06/2023;202326;66;1394,25;;NAER;C;NFK|3117|20131|202326
3117;30012;26/06/2023;202326;48;777,00;;NAER;;NFK|3117|30012|202326
3117;30077;26/06/2023;202326;73;3832,50;;NAER;;NFK|3117|30077|202326
3117;30154;26/06/2023;202326;47;793,12;;NAER;;NFK|3117|30154|202326
3117;30209;26/06/2023;202326;57;2133,94;;NAER;;NFK|3117|30209|202326
3122;10023;26/06/2023;202326;170;2018,75;;FRANCHISE;;NFK|3122|10023|202326
3122;10047;26/06/2023;202326;88;990,00;;FRANCHISE;;NFK|3122|10047|202326
3122;10112;26/06/2023;202326;60;1271,25;;FRANCHISE;;NFK|3122|10112|202326
3122;10310;26/06/2023;202326;52;1397,50;;FRANCHISE;;NFK|3122|10310|202326
3122;11020;26/06/2023;202326;143;2672,31;;FRANCHISE;;NFK|3122|11020|202326
3122;11085;26/06/2023;202326;73;816,69;;FRANCHISE;;NFK|3122|11085|202326
3122;11142;26/06/2023;202326;61;1521,19;;FRANCHISE;;NFK|3122|11142|202326
3122;12004;26/06/2023;202326;75;3000,00;;FRANCHISE;;NFK|3122|12004|202326
3122;12066;26/06/2023;202326;48;2910,00;;FRANCHISE;;NFK|3122|12066|202326
3122;12190;26/06/2023;202326;35;787,50;;FRANCHISE;;NFK|3122|12190|202326
3122;20015;26/06/2023;202326;133;3383,19;;FRANCHISE;C;NFK|3122|20015|202326
3122;20041;26/06/2023;202326;162;1478,25;;FRANCHISE;A;NFK|3122|20041|202326
3122;20088;26/06/2023;202326;72;4068,00;;FRANCHISE;B;NFK|3122|20088|202326
3122;20131;26/06/2023;202326;60;1267,50;;FRANCHISE;C;NFK|3122|20131|202326
3122;30012;26/06/2023;202326;29;469,44;;FRANCHISE;;NFK|3122|30012|202326
3122;30077;26/06/2023;202326;57;2992,50;;FRANCHISE;;NFK|3122|30077|202326
3122;30154;26/06/2023;202326;35;590,62;;FRANCHISE;;NFK|3122|30154|202326
3122;30209;26/06/2023;202326;44;1647,25;;FRANCHISE;;NFK|3122|30209|202326
4201;10023;26/06/2023;202326;735;8728,12;;HYPER;;NFK|4201|10023|202326
4201;10047;26/06/2023;202326;535;6018,75;;HYPER;;NFK|4201|10047|202326
4201;10112;26/06/2023;202326;324;6864,75;;HYPER;;NFK|4201|10112|202326
4201;10310;26/06/2023;202326;280;7525,00;;HYPER;;NFK|4201|10310|202326
4201;11020;26/06/2023;202326;718;13417,62;;HYPER;;NFK|4201|11020|202326
4201;11085;26/06/2023;202326;474;3975,68;KUPON;HYPER;;NFK|4201|11085|202326
4201;11142;26/06/2023;202326;257;6408,94;;HYPER;;NFK|4201|11142|202326
4201;12004;26/06/2023;202326;354;14160,00;;HYPER;;NFK|4201|12004|202326
4201;12066;26/06/2023;202326;256;15520,00;;HYPER;;NFK|4201|12066|202326
4201;12190;26/06/2023;202326;207;4657,50;;HYPER;;NFK|4201|12190|202326
4201;20015;26/06/2023;202326;566;14397,62;;HYPER;C;NFK|4201|20015|202326
4201;20041;26/06/2023;202326;715;6524,38;;HYPER;A;NFK|4201|20041|202326
4201;20088;26/06/2023;202326;435;24577,50;;HYPER;B;NFK|4201|20088|202326
4201;20131;26/06/2023;202326;306;6464,25;;HYPER;C;NFK|4201|20131|202326
4201;30012;26/06/2023;202326;185;2994,69;;HYPER;;NFK|4201|30012|202326
4201;30077;26/06/2023;202326;294;15435,00;;HYPER;;NFK|4201|30077|202326
4201;30154;26/06/2023;202326;186;3138,75;;HYPER;;NFK|4201|30154|202326
4201;30209;26/06/2023;202326;214;8011,62;;HYPER;;NFK|4201|30209|202326
4205;10023;26/06/2023;202326;517;6139,38;;SUPER;;NFK|4205|10023|202326
4205;10047;26/06/2023;202326;339;3813,75;;SUPER;;NFK|4205|10047|202326
4205;10112;26/06/2023;202326;197;4173,94;;SUPER;;NFK|4205|10112|202326
4205;10310;26/06/2023;202326;159;4273,12;;SUPER;;NFK|4205|10310|202326
4205;11020;26/06/2023;202326;454;8484,12;;SUPER;;NFK|4205|11020|202326
4205;11085;26/06/2023;202326;333;2793,04;KUPON;SUPER;;NFK|4205|11085|202326
4205;11142;26/06/2023;202326;165;4114,69;;SUPER;;NFK|4205|11142|202326
4205;12004;26/06/2023;202326;225;9000,00;;SUPER;;NFK|4205|12004|202326
4205;12066;26/06/2023;202326;163;9881,88;;SUPER;;NFK|4205|12066|202326
4205;12190;26/06/2023;202326;119;2677,50;;SUPER;;NFK|4205|12190|202326
4205;20015;26/06/2023;202326;409;10403,94;;SUPER;C;NFK|4205|20015|202326
4205;20041;26/06/2023;202326;416;3796,00;;SUPER;A;NFK|4205|20041|202326
4205;20088;26/06/2023;202326;280;15820,00;;SUPER;B;NFK|4205|20088|202326
4205;20131;26/06/2023;202326;158;3337,75;;SUPER;C;NFK|4205|20131|202326
4205;30012;26/06/2023;202326;99;1602,56;;SUPER;;NFK|4205|30012|202326
4205;30077;26/06/2023;202326;174;9135,00;;SUPER;;NFK|4205|30077|202326
4205;30154;26/06/2023;202326;108;1822,50;;SUPER;;NFK|4205|30154|202326
4205;30209;26/06/2023;202326;145;5428,44;;SUPER;;NFK|4205|30209|202326
4205;99001;26/06/2023;202326;7;0,00;;SUPER;;NFK|4205|99001|202326
4218;10023;26/06/2023;202326;570;6768,75;;SUPER;;NFK|4218|10023|202326
4218;10047;26/06/2023;202326;374;4207,50;;SUPER;;NFK|4218|10047|202326
4218;10112;26/06/2023;202326;185;3919,69;;SUPER;;NFK|4218|10112|202326
4218;10310;26/06/2023;202326;166;4461,25;;SUPER;;NFK|4218|10310|202326
4218;11020;26/06/2023;202326;403;7531,06;;SUPER;;NFK|4218|11020|202326
4218;11085;26/06/2023;202326;381;3195,64;KUPON;SUPER;;NFK|4218|11085|202326
4218;11142;26/06/2023;202326;200;4987,50;;SUPER;;NFK|4218|11142|202326
4218;12004;26/06/2023;202326;254;10160,00;;SUPER;;NFK|4218|12004|202326
4218;12066;26/06/2023;202326;188;11397,50;;SUPER;;NFK|4218|12066|202326
4218;12190;26/06/2023;202326;109;2452,50;;SUPER;;NFK|4218|12190|202326
4218;20015;26/06/2023;202326;353;8979,44;;SUPER;C;NFK|4218|20015|202326
4218;20041;26/06/2023;202326;577;5265,12;;SUPER;A;NFK|4218|20041|202326
4218;20088;26/06/2023;202326;300;16950,00;;SUPER;B;NFK|4218|20088|202326
4218;20131;26/06/2023;202326;205;4330,62;;SUPER;C;NFK|4218|20131|202326
4218;30012;26/06/2023;202326;105;1699,69;;SUPER;;NFK|4218|30012|202326
4218;30077;26/06/2023;202326;158;8295,00;;SUPER;;NFK|4218|30077|202326
4218;30154;26/06/2023;202326;116;1957,50;;SUPER;;NFK|4218|30154|202326
4218;30209;26/06/2023;202326;160;5990,00;;SUPER;;NFK|4218|30209|202326
5502;10023;26/06/2023;202326;488;5795,00;;SUPER;;NFK|5502|10023|202326
5502;10047;26/06/2023;202326;312;3510,00;;SUPER;;NFK|5502|10047|202326
5502;10112;26/06/2023;202326;185;3919,69;;SUPER;;NFK|5502|10112|202326
5502;10310;26/06/2023;202326;126;3386,25;;SUPER;;NFK|5502|10310|202326
5502;11020;26/06/2023;202326;414;7736,62;;SUPER;;NFK|5502|11020|202326
5502;11085;26/06/2023;202326;289;2423,99;KUPON;SUPER;;NFK|5502|11085|202326
5502;11142;26/06/2023;202326;150;3740,62;;SUPER;;NFK|5502|11142|202326
5502;12004;26/06/2023;202326;212;8480,00;;SUPER;;NFK|5502|12004|202326
5502;12066;26/06/2023;202326;171;10366,88;;SUPER;;NFK|5502|12066|202326
5502;12190;26/06/2023;202326;98;2205,00;;SUPER;;NFK|5502|12190|202326
5502;20015;26/06/2023;202326;338;8597,88;;SUPER;C;NFK|5502|20015|202326
5502;20041;26/06/2023;202326;450;4106,25;;SUPER;A;NFK|5502|20041|202326
5502;20088;26/06/2023;202326;257;14520,50;;SUPER;B;NFK|5502|20088|202326
5502;20131;26/06/2023;202326;177;3739,12;;SUPER;C;NFK|5502|20131|202326
5502;30012;26/06/2023;202326;112;1813,00;;SUPER;;NFK|5502|30012|202326
5502;30077;26/06/2023;202326;134;7035,00;;SUPER;;NFK|5502|30077|202326
5502;30154;26/06/2023;202326;103;1738,12;;SUPER;;NFK|5502|30154|202326
5502;30209;26/06/2023;202326;126;4717,12;;SUPER;;NFK|5502|30209|202326
5511;10023;26/06/2023;202326;207;2458,12;;PARTNER;;NFK|5511|10023|202326
5511;10047;26/06/2023;202326;104;1170,00;;PARTNER;;NFK|5511|10047|202326
5511;10112;26/06/2023;202326;75;1589,06;;PARTNER;;NFK|5511|10112|202326
5511;10310;26/06/2023;202326;50;1343,75;;PARTNER;;NFK|5511|10310|202326
5511;11020;26/06/2023;202326;169;3158,19;;PARTNER;;NFK|5511|11020|202326
5511;11085;26/06/2023;202326;132;1107,15;KUPON;PARTNER;;NFK|5511|11085|202326
5511;11142;26/06/2023;202326;55;1371,56;;PARTNER;;NFK|5511|11142|202326
5511;12004;26/06/2023;202326;83;3320,00;;PARTNER;;NFK|5511|12004|202326
5511;12066;26/06/2023;202326;55;3334,38;;PARTNER;;NFK|5511|12066|202326
5511;12190;26/06/2023;202326;42;945,00;;PARTNER;;NFK|5511|12190|202326
5511;20015;26/06/2023;202326;121;3077,94;;PARTNER;C;NFK|5511|20015|202326
5511;20041;26/06/2023;202326;158;1441,75;;PARTNER;A;NFK|5511|20041|202326
5511;20088;26/06/2023;202326;84;4746,00;;PARTNER;B;NFK|5511|20088|202326
5511;20131;26/06/2023;202326;61;1288,62;;PARTNER;C;NFK|5511|20131|202326
5511;30012;26/06/2023;202326;43;696,06;;PARTNER;;NFK|5511|30012|202326
5511;30077;26/06/2023;202326;57;2992,50;;PARTNER;;NFK|5511|30077|202326
5511;30154;26/06/2023;202326;47;793,12;;PARTNER;;NFK|5511|30154|202326
5511;30209;26/06/2023;202326;60;2246,25;;PARTNER;;NFK|5511|30209|202326
9001;10023;26/06/2023;202326;25;296,88;;DEPOT;;NFK|9001|10023|202326
9001;10047;26/06/2023;202326;17;191,25;;DEPOT;;NFK|9001|10047|202326
9001;10112;26/06/2023;202326;10;211,88;;DEPOT;;NFK|9001|10112|202326
9001;10310;26/06/2023;202326;8;215,00;;DEPOT;;NFK|9001|10310|202326
9001;11020;26/06/2023;202326;20;373,75;;DEPOT;;NFK|9001|11020|202326
9001;11085;26/06/2023;202326;14;156,62;;DEPOT;;NFK|9001|11085|202326
9001;11142;26/06/2023;202326;10;249,38;;DEPOT;;NFK|9001|11142|202326
9001;12004;26/06/2023;202326;10;400,00;;DEPOT;;NFK|9001|12004|202326
9001;12066;26/06/2023;202326;9;545,62;;DEPOT;;NFK|9001|12066|202326
9001;12190;26/06/2023;202326;5;112,50;;DEPOT;;NFK|9001|12190|202326
9001;20015;26/06/2023;202326;18;457,87;;DEPOT;C;NFK|9001|20015|202326
9001;20041;26/06/2023;202326;25;228,12;;DEPOT;A;NFK|9001|20041|202326
9001;20088;26/06/2023;202326;13;734,50;;DEPOT;B;NFK|9001|20088|202326
9001;20131;26/06/2023;202326;8;169,00;;DEPOT;C;NFK|9001|20131|202326
9001;30012;26/06/2023;202326;5;80,94;;DEPOT;;NFK|9001|30012|202326
9001;30077;26/06/2023;202326;8;420,00;;DEPOT;;NFK|9001|30077|202326
9001;30154;26/06/2023;202326;6;101,25;;DEPOT;;NFK|9001|30154|202326
9001;30209;26/06/2023;202326;8;299,50;;DEPOT;;NFK|9001|30209|202326
1199;10023;26/06/2023;202326;9;106,88;;SUPER;;NFK|1199|10023|202326
1199;10047;26/06/2023;202326;6;67,50;;SUPER;;NFK|1199|10047|202326
1199;10112;26/06/2023;202326;4;84,75;;SUPER;;NFK|1199|10112|202326
1199;10310;26/06/2023;202326;3;80,62;;SUPER;;NFK|1199|10310|202326
1199;11020;26/06/2023;202326;8;149,50;;SUPER;;NFK|1199|11020|202326
1199;11085;26/06/2023;202326;4;44,75;;SUPER;;NFK|1199|11085|202326
1199;11142;26/06/2023;202326;3;74,81;;SUPER;;NFK|1199|11142|202326
1199;12004;26/06/2023;202326;4;160,00;;SUPER;;NFK|1199|12004|202326
1199;12066;26/06/2023;202326;4;242,50;;SUPER;;NFK|1199|12066|202326
1199;12190;26/06/2023;202326;3;67,50;;SUPER;;NFK|1199|12190|202326
1199;20015;26/06/2023;202326;9;228,94;;SUPER;C;NFK|1199|20015|202326
1199;20041;26/06/2023;202326;9;82,12;;SUPER;A;NFK|1199|20041|202326
1199;20088;26/06/2023;202326;5;282,50;;SUPER;B;NFK|1199|20088|202326
1199;20131;26/06/2023;202326;4;84,50;;SUPER;C;NFK|1199|20131|202326
1199;30012;26/06/2023;202326;2;32,38;;SUPER;;NFK|1199|30012|202326
1199;30077;26/06/2023;202326;3;157,50;;SUPER;;NFK|1199|30077|202326
1199;30154;26/06/2023;202326;3;50,62;;SUPER;;NFK|1199|30154|202326
1199;30209;26/06/2023;202326;3;112,31;;SUPER;;NFK|1199|30209|202326
1199;99001;26/06/2023;202326;0;0,00;;SUPER;;NFK|1199|99001|202326
1101;10023;03/07/2023;202327;499;5925,62;;SUPER;;NFK|1101|10023|202327
1101;10047;03/07/2023;202327;352;3960,00;;SUPER;;NFK|1101|10047|202327
1101;10112;03/07/2023;202327;183;3877,31;;SUPER;;NFK|1101|10112|202327
1101;10310;03/07/2023;202327;158;4246,25;;SUPER;;NFK|1101|10310|202327
1101;11020;03/07/2023;202327;435;8129,06;;SUPER;;NFK|1101|11020|202327
1101;11085;03/07/2023;202327;232;2595,50;;SUPER;;NFK|1101|11085|202327
1101;11142;03/07/2023;202327;182;4538,62;;SUPER;;NFK|1101|11142|202327
1101;12004;03/07/2023;202327;253;8096,00;KUPON;SUPER;;NFK|1101|12004|202327
1101;12066;03/07/2023;202327;219;8894,14;KUPON;SUPER;;NFK|1101|12066|202327
1101;12190;03/07/2023;202327;108;2430,00;;SUPER;;NFK|1101|12190|202327
1101;20015;03/07/2023;202327;375;9539,06;;SUPER;C;NFK|1101|20015|202327
1101;20041;03/07/2023;202327;534;4872,75;;SUPER;A;NFK|1101|20041|202327
1101;20088;03/07/2023;202327;232;13108,00;;SUPER;B;NFK|1101|20088|202327
1101;20131;03/07/2023;202327;206;4351,75;;SUPER;C;NFK|1101|20131|202327
1101;30012;03/07/2023;202327;119;1926,31;;SUPER;;NFK|1101|30012|202327
1101;30077;03/07/2023;202327;157;8242,50;;SUPER;;NFK|1101|30077|202327
1101;30154;03/07/2023;202327;118;1991,25;;SUPER;;NFK|1101|30154|202327
1101;30209;03/07/2023;202327;174;6514,12;;SUPER;;NFK|1101|30209|202327
1102;10023;03/07/2023;202327;538;6388,75;;SUPER;;NFK|1102|10023|202327
1102;10047;03/07/2023;202327;272;3060,00;;SUPER;;NFK|1102|10047|202327
1102;10112;03/07/2023;202327;191;4046,81;;SUPER;;NFK|1102|10112|202327
1102;10310;03/07/2023;202327;126;3386,25;;SUPER;;NFK|1102|10310|202327
1102;11020;03/07/2023;202327;383;7157,31;;SUPER;;NFK|1102|11020|202327
1102;11085;03/07/2023;202327;216;2416,50;;SUPER;;NFK|1102|11085|202327
1102;11142;03/07/2023;202327;143;3566,06;;SUPER;;NFK|1102|11142|202327
1102;12004;03/07/2023;202327;240;7680,00;KUPON;SUPER;;NFK|1102|12004|202327
1102;12066;03/07/2023;202327;219;8894,14;KUPON;SUPER;;NFK|1102|12066|202327
1102;12190;03/07/2023;202327;123;2767,50;;SUPER;;NFK|1102|12190|202327
1102;20015;03/07/2023;202327;321;8165,44;;SUPER;C;NFK|1102|20015|202327
1102;20041;03/07/2023;202327;475;4334,38;;SUPER;A;NFK|1102|20041|202327
1102;20088;03/07/2023;202327;234;13221,00;;SUPER;B;NFK|1102|20088|202327
1102;20131;03/07/2023;202327;175;3696,88;;SUPER;C;NFK|1102|20131|202327
1102;30012;03/07/2023;202327;100;1618,75;;SUPER;;NFK|1102|30012|202327
1102;30077;03/07/2023;202327;135;7087,50;;SUPER;;NFK|1102|30077|202327
1102;30154;03/07/2023;202327;110;1856,25;;SUPER;;NFK|1102|30154|202327
1102;30209;03/07/2023;202327;137;5128,94;;SUPER;;NFK|1102|30209|202327
1102;99001;03/07/2023;202327;7;0,00;;SUPER;;NFK|1102|99001|202327
1103;10023;03/07/2023;202327;228;2707,50;;NAER;;NFK|1103|10023|202327
1103;10047;03/07/2023;202327;167;1878,75;;NAER;;NFK|1103|10047|202327
1103;10112;03/07/2023;202327;103;2182,31;;NAER;;NFK|1103|10112|202327
1103;10310;03/07/2023;202327;76;2042,50;;NAER;;NFK|1103|10310|202327
1103;11020;03/07/2023;202327;229;4279,44;;NAER;;NFK|1103|11020|202327
1103;11085;03/07/2023;202327;113;1264,19;;NAER;;NFK|1103|11085|202327
1103;11142;03/07/2023;202327;91;2269,31;;NAER;;NFK|1103|11142|202327
1103;12004;03/07/2023;202327;122;3904,00;KUPON;NAER;;NFK|1103|12004|202327
1103;12066;03/07/2023;202327;111;4507,99;KUPON;NAER;;NFK|1103|12066|202327
1103;12190;03/07/2023;202327;61;1372,50;;NAER;;NFK|1103|12190|202327
1103;20015;03/07/2023;202327;216;5494,50;;NAER;C;NFK|1103|20015|202327
1103;20041;03/07/2023;202327;223;2034,88;;NAER;A;NFK|1103|20041|202327
1103;20088;03/07/2023;202327;126;7119,00;;NAER;B;NFK|1103|20088|202327
1103;20131;03/07/2023;202327;87;1837,88;;NAER;C;NFK|1103|20131|202327
1103;30012;03/07/2023;202327;58;938,87;;NAER;;NFK|1103|30012|202327
1103;30077;03/07/2023;202327;86;4515,00;;NAER;;NFK|1103|30077|202327
1103;30154;03/07/2023;202327;58;978,75;;NAER;;NFK|1103|30154|202327
1103;30209;03/07/2023;202327;69;2583,19;;NAER;;NFK|1103|30209|202327
1108;10023;03/07/2023;202327;924;10972,50;;HYPER;;NFK|1108|10023|202327
1108;10047;03/07/2023;202327;688;7740,00;;HYPER;;NFK|1108|10047|202327
1108;10112;03/07/2023;202327;342;7246,12;;HYPER;;NFK|1108|10112|202327
1108;10310;03/07/2023;202327;286;7686,25;;HYPER;;NFK|1108|10310|202327
1108;11020;03/07/2023;202327;879;16426,31;;HYPER;;NFK|1108|11020|202327
1108;11085;03/07/2023;202327;494;5526,62;;HYPER;;NFK|1108|11085|202327
1108;11142;03/07/2023;202327;285;7107,19;;HYPER;;NFK|1108|11142|202327
1108;12004;03/07/2023;202327;484;15488,00;KUPON;HYPER;;NFK|1108|12004|202327
1108;12066;03/07/2023;202327;479;19453,39;KUPON;HYPER;;NFK|1108|12066|202327
1108;12190;03/07/2023;202327;255;5737,50;;HYPER;;NFK|1108|12190|202327
1108;20015;03/07/2023;202327;821;20884,19;;HYPER;C;NFK|1108|20015|202327
1108;20041;03/07/2023;202327;982;8960,75;;HYPER;A;NFK|1108|20041|202327
1108;20088;03/07/2023;202327;531;30001,50;;HYPER;B;NFK|1108|20088|202327
1108;20131;03/07/2023;202327;363;7668,38;;HYPER;C;NFK|1108|20131|202327
1108;30012;03/07/2023;202327;207;3350,81;;HYPER;;NFK|1108|30012|202327
1108;30077;03/07/2023;202327;287;15067,50;;HYPER;;NFK|1108|30077|202327
1108;30154;03/07/2023;202327;253;4269,38;;HYPER;;NFK|1108|30154|202327
1108;30209;03/07/2023;202327;289;10819,44;;HYPER;;NFK|1108|30209|202327
3104;10023;03/07/2023;202327;431;5118,12;;SUPER;;NFK|3104|10023|202327
3104;10047;03/07/2023;202327;262;2947,50;;SUPER;;NFK|3104|10047|202327
3104;10112;03/07/2023;202327;154;3262,87;;SUPER;;NFK|3104|10112|202327
3104;10310;03/07/2023;202327;133;3574,38;;SUPER;;NFK|3104|10310|202327
3104;11020;03/07/2023;202327;346;6465,88;;SUPER;;NFK|3104|11020|202327
3104;11085;03/07/2023;202327;230;2573,12;;SUPER;;NFK|3104|11085|202327
3104;11142;03/07/2023;202327;152;3790,50;;SUPER;;NFK|3104|11142|202327
3104;12004;03/07/2023;202327;236;7552,00;KUPON;SUPER;;NFK|3104|12004|202327
3104;12066;03/07/2023;202327;184;7472,70;KUPON;SUPER;;NFK|3104|12066|202327
3104;12190;03/07/2023;202327;115;2587,50;;SUPER;;NFK|3104|12190|202327
3104;20015;03/07/2023;202327;387;9844,31;;SUPER;C;NFK|3104|20015|202327
3104;20041;03/07/2023;202327;411;3750,38;;SUPER;A;NFK|3104|20041|202327
3104;20088;03/07/2023;202327;237;13390,50;;SUPER;B;NFK|3104|20088|202327
3104;20131;03/07/2023;202327;163;3443,38;;SUPER;C;NFK|3104|20131|202327
3104;30012;03/07/2023;202327;103;1667,31;;SUPER;;NFK|3104|30012|202327
3104;30077;03/07/2023;202327;144;7560,00;;SUPER;;NFK|3104|30077|202327
3104;30154;03/07/2023;202327;97;1636,88;;SUPER;;NFK|3104|30154|202327
3104;30209;03/07/2023;202327;120;4492,50;;SUPER;;NFK|3104|30209|202327
3117;10023;03/07/2023;202327;199;2363,12;;NAER;;NFK|3117|10023|202327
3117;10047;03/07/2023;202327;132;1485,00;;NAER;;NFK|3117|10047|202327
3117;10112;03/07/2023;202327;83;1758,56;;NAER;;NFK|3117|10112|202327
3117;10310;03/07/2023;202327;56;1505,00;;NAER;;NFK|3117|10310|202327
3117;11020;03/07/2023;202327;150;2803,12;;NAER;;NFK|3117|11020|202327
3117;11085;03/07/2023;202327;92;1029,25;;NAER;;NFK|3117|11085|202327
3117;11142;03/07/2023;202327;78;1945,12;;NAER;;NFK|3117|11142|202327
3117;12004;03/07/2023;202327;125;4000,00;KUPON;NAER;;NFK|3117|12004|202327
3117;12066;03/07/2023;202327;110;4467,38;KUPON;NAER;;NFK|3117|12066|202327
3117;12190;03/07/2023;202327;56;1260,00;;NAER;;NFK|3117|12190|202327
3117;20015;03/07/2023;202327;168;4273,50;;NAER;C;NFK|3117|20015|202327
3117;20041;03/07/2023;202327;218;1989,25;;NAER;A;NFK|3117|20041|202327
3117;20088;03/07/2023;202327;100;5650,00;;NAER;B;NFK|3117|20088|202327
3117;20131;03/07/2023;202327;80;1690,00;;NAER;C;NFK|3117|20131|202327
3117;30012;03/07/2023;202327;41;663,69;;NAER;;NFK|3117|30012|202327
3117;30077;03/07/2023;202327;76;3990,00;;NAER;;NFK|3117|30077|202327
3117;30154;03/07/2023;202327;56;945,00;;NAER;;NFK|3117|30154|202327
3117;30209;03/07/2023;202327;58;2171,38;;NAER;;NFK|3117|30209|202327
3122;10023;03/07/2023;202327;170;2018,75;;FRANCHISE;;NFK|3122|10023|202327
3122;10047;03/07/2023;202327;113;1271,25;;FRANCHISE;;NFK|3122|10047|202327
3122;10112;03/07/2023;202327;61;1292,44;;FRANCHISE;;NFK|3122|10112|202327
3122;10310;03/07/2023;202327;52;1397,50;;FRANCHISE;;NFK|3122|10310|202327
3122;11020;03/07/2023;202327;112;2093,00;;FRANCHISE;;NFK|3122|11020|202327
3122;11085;03/07/2023;202327;79;883,81;;FRANCHISE;;NFK|3122|11085|202327
3122;11142;03/07/2023;202327;53;1321,69;;FRANCHISE;;NFK|3122|11142|202327
3122;12004;03/07/2023;202327;80;2560,00;KUPON;FRANCHISE;;NFK|3122|12004|202327
3122;12066;03/07/2023;202327;74;3005,33;KUPON;FRANCHISE;;NFK|3122|12066|202327
3122;12190;03/07/2023;202327;38;855,00;;FRANCHISE;;NFK|3122|12190|202327
3122;20015;03/07/2023;202327;131;3332,31;;FRANCHISE;C;NFK|3122|20015|202327
3122;20041;03/07/2023;202327;153;1396,12;;FRANCHISE;A;NFK|3122|20041|202327
3122;20088;03/07/2023;202327;86;4859,00;;FRANCHISE;B;NFK|3122|20088|202327
3122;20131;03/07/2023;202327;58;1225,25;;FRANCHISE;C;NFK|3122|20131|202327
3122;30012;03/07/2023;202327;36;582,75;;FRANCHISE;;NFK|3122|30012|202327
3122;30077;03/07/2023;202327;53;2782,50;;FRANCHISE;;NFK|3122|30077|202327
3122;30154;03/07/2023;202327;35;590,62;;FRANCHISE;;NFK|3122|30154|202327
3122;30209;03/07/2023;202327;42;1572,37;;FRANCHISE;;NFK|3122|30209|202327
4201;10023;03/07/2023;202327;764;9072,50;;HYPER;;NFK|4201|10023|202327
4201;10047;03/07/2023;202327;545;6131,25;;HYPER;;NFK|4201|10047|202327
4201;10112;03/07/2023;202327;317;6716,44;;HYPER;;NFK|4201|10112|202327
4201;10310;03/07/2023;202327;368;7912,00;MP;HYPER;;NFK|4201|10310|202327
4201;11020;03/07/2023;202327;625;11679,69;;HYPER;;NFK|4201|11020|202327
4201;11085;03/07/2023;202327;431;4821,81;;HYPER;;NFK|4201|11085|202327
4201;11142;03/07/2023;202327;296;7381,50;;HYPER;;NFK|4201|11142|202327
4201;12004;03/07/2023;202327;485;15520,00;KUPON;HYPER;;NFK|4201|12004|202327
4201;12066;03/07/2023;202327;339;13767,64;KUPON;HYPER;;NFK|4201|12066|202327
4201;12190;03/07/2023;202327;205;4612,50;;HYPER;;NFK|4201|12190|202327
4201;20015;03/07/2023;202327;674;17144,88;;HYPER;C;NFK|4201|20015|202327
4201;20041;03/07/2023;202327;813;7418,62;;HYPER;A;NFK|4201|20041|202327
4201;20088;03/07/2023;202327;441;24916,50;;HYPER;B;NFK|4201|20088|202327
4201;20131;03/07/2023;202327;296;6253,00;;HYPER;C;NFK|4201|20131|202327
4201;30012;03/07/2023;202327;171;2768,06;;HYPER;;NFK|4201|30012|202327
4201;30077;03/07/2023;202327;278;14595,00;;HYPER;;NFK|4201|30077|202327
4201;30154;03/07/2023;202327;211;3560,62;;HYPER;;NFK|4201|30154|202327
4201;30209;03/07/2023;202327;262;9808,62;;HYPER;;NFK|4201|30209|202327
4205;10023;03/07/2023;202327;516;6127,50;;SUPER;;NFK|4205|10023|202327
4205;10047;03/07/2023;202327;357;4016,25;;SUPER;;NFK|4205|10047|202327
4205;10112;03/07/2023;202327;196;4152,75;;SUPER;;NFK|4205|10112|202327
4205;10310;03/07/2023;202327;188;4042,00;MP;SUPER;;NFK|4205|10310|202327
4205;11020;03/07/2023;202327;387;7232,06;;SUPER;;NFK|4205|11020|202327
4205;11085;03/07/2023;202327;219;2450,06;;SUPER;;NFK|4205|11085|202327
4205;11142;03/07/2023;202327;183;4563,56;;SUPER;;NFK|4205|11142|202327
4205;12004;03/07/2023;202327;297;9504,00;KUPON;SUPER;;NFK|4205|12004|202327
4205;12066;03/07/2023;202327;255;10356,19;KUPON;SUPER;;NFK|4205|12066|202327
4205;12190;03/07/2023;202327;109;2452,50;;SUPER;;NFK|4205|12190|202327
4205;20015;03/07/2023;202327;339;8623,31;;SUPER;C;NFK|4205|20015|202327
4205;20041;03/07/2023;202327;449;4097,12;;SUPER;A;NFK|4205|20041|202327
4205;20088;03/07/2023;202327;240;13560,00;;SUPER;B;NFK|4205|20088|202327
4205;20131;03/07/2023;202327;191;4034,88;;SUPER;C;NFK|4205|20131|202327
4205;30012;03/07/2023;202327;95;1537,81;;SUPER;;NFK|4205|30012|202327
4205;30077;03/07/2023;202327;148;7770,00;;SUPER;;NFK|4205|30077|202327
4205;30154;03/07/2023;202327;114;1923,75;;SUPER;;NFK|4205|30154|202327
4205;30209;03/07/2023;202327;137;5128,94;;SUPER;;NFK|4205|30209|202327
4218;10023;03/07/2023;202327;577;6851,88;;SUPER;;NFK|4218|10023|202327
4218;10047;03/07/2023;202327;351;3948,75;;SUPER;;NFK|4218|10047|202327
4218;10112;03/07/2023;202327;179;3792,56;;SUPER;;NFK|4218|10112|202327
4218;10310;03/07/2023;202327;192;4128,00;MP;SUPER;;NFK|4218|10310|202327
4218;11020;03/07/2023;202327;429;8016,94;;SUPER;;NFK|4218|11020|202327
4218;11085;03/07/2023;202327;242;2707,37;;SUPER;;NFK|4218|11085|202327
4218;11142;03/07/2023;202327;180;4488,75;;SUPER;;NFK|4218|11142|202327
4218;12004;03/07/2023;202327;286;9152,00;KUPON;SUPER;;NFK|4218|12004|202327
4218;12066;03/07/2023;202327;227;9219,04;KUPON;SUPER;;NFK|4218|12066|202327
4218;12190;03/07/2023;202327;119;2677,50;;SUPER;;NFK|4218|12190|202327
4218;20015;03/07/2023;202327;412;10480,25;;SUPER;C;NFK|4218|20015|202327
4218;20041;03/07/2023;202327;561;5119,12;;SUPER;A;NFK|4218|20041|202327
4218;20088;03/07/2023;202327;266;15029,00;;SUPER;B;NFK|4218|20088|202327
4218;20131;03/07/2023;202327;185;3908,12;;SUPER;C;NFK|4218|20131|202327
4218;30012;03/07/2023;202327;100;1618,75;;SUPER;;NFK|4218|30012|202327
4218;30077;03/07/2023;202327;193;10132,50;;SUPER;;NFK|4218|30077|202327
4218;30154;03/07/2023;202327;136;2295,00;;SUPER;;NFK|4218|30154|202327
4218;30209;03/07/2023;202327;150;5615,62;;SUPER;;NFK|4218|30209|202327
5502;10023;03/07/2023;202327;411;4880,62;;SUPER;;NFK|5502|10023|202327
5502;10047;03/07/2023;202327;268;3015,00;;SUPER;;NFK|5502|10047|202327
5502;10112;03/07/2023;202327;169;3580,69;;SUPER;;NFK|5502|10112|202327
5502;10310;03/07/2023;202327;201;4321,50;MP;SUPER;;NFK|5502|10310|202327
5502;11020;03/07/2023;202327;408;7624,50;;SUPER;;NFK|5502|11020|202327
5502;11085;03/07/2023;202327;220;2461,25;;SUPER;;NFK|5502|11085|202327
5502;11142;03/07/2023;202327;159;3965,06;;SUPER;;NFK|5502|11142|202327
5502;12004;03/07/2023;202327;243;7776,00;KUPON;SUPER;;NFK|5502|12004|202327
5502;12066;03/07/2023;202327;194;7878,83;KUPON;SUPER;;NFK|5502|12066|202327
5502;12190;03/07/2023;202327;108;2430,00;;SUPER;;NFK|5502|12190|202327
5502;20015;03/07/2023;202327;326;8292,62;;SUPER;C;NFK|5502|20015|202327
5502;20041;03/07/2023;202327;397;3622,62;;SUPER;A;NFK|5502|20041|202327
5502;20088;03/07/2023;202327;243;13729,50;;SUPER;B;NFK|5502|20088|202327
5502;20131;03/07/2023;202327;167;3527,88;;SUPER;C;NFK|5502|20131|202327
5502;30012;03/07/2023;202327;108;1748,25;;SUPER;;NFK|5502|30012|202327
5502;30077;03/07/2023;202327;132;6930,00;;SUPER;;NFK|5502|30077|202327
5502;30154;03/07/2023;202327;108;1822,50;;SUPER;;NFK|5502|30154|202327
5502;30209;03/07/2023;202327;141;5278,69;;SUPER;;NFK|5502|30209|202327
5511;10023;03/07/2023;202327;195;2315,62;;PARTNER;;NFK|5511|10023|202327
5511;10047;03/07/2023;202327;124;1395,00;;PARTNER;;NFK|5511|10047|202327
5511;10112;03/07/2023;202327;65;1377,19;;PARTNER;;NFK|5511|10112|202327
5511;10310;03/07/2023;202327;79;1698,50;MP;PARTNER;;NFK|5511|10310|202327
5511;11020;03/07/2023;202327;135;2522,81;;PARTNER;;NFK|5511|11020|202327
5511;11085;03/07/2023;202327;81;906,19;;PARTNER;;NFK|5511|11085|202327
5511;11142;03/07/2023;202327;58;1446,38;;PARTNER;;NFK|5511|11142|202327
5511;12004;03/07/2023;202327;90;2880,00;KUPON;PARTNER;;NFK|5511|12004|202327
5511;12066;03/07/2023;202327;95;3858,19;KUPON;PARTNER;;NFK|5511|12066|202327
5511;12190;03/07/2023;202327;42;945,00;;PARTNER;;NFK|5511|12190|202327
5511;20015;03/07/2023;202327;139;3535,81;;PARTNER;C;NFK|5511|20015|202327
5511;20041;03/07/2023;202327;188;1715,50;;PARTNER;A;NFK|5511|20041|202327
5511;20088;03/07/2023;202327;94;5311,00;;PARTNER;B;NFK|5511|20088|202327
5511;20131;03/07/2023;202327;71;1499,88;;PARTNER;C;NFK|5511|20131|202327
5511;30012;03/07/2023;202327;43;696,06;;PARTNER;;NFK|5511|30012|202327
5511;30077;03/07/2023;202327;66;3465,00;;PARTNER;;NFK|5511|30077|202327
5511;30154;03/07/2023;202327;37;624,38;;PARTNER;;NFK|5511|30154|202327
5511;30209;03/07/2023;202327;61;2283,69;;PARTNER;;NFK|5511|30209|202327
5511;99001;03/07/2023;202327;3;0,00;;PARTNER;;NFK|5511|99001|202327
9001;10023;03/07/2023;202327;23;273,12;;DEPOT;;NFK|9001|10023|202327
9001;10047;03/07/2023;202327;18;202,50;;DEPOT;;NFK|9001|10047|202327
9001;10112;03/07/2023;202327;10;211,88;;DEPOT;;NFK|9001|10112|202327
9001;10310;03/07/2023;202327;8;215,00;;DEPOT;;NFK|9001|10310|202327
9001;11020;03/07/2023;202327;22;411,12;;DEPOT;;NFK|9001|11020|202327
9001;11085;03/07/2023;202327;13;145,44;;DEPOT;;NFK|9001|11085|202327
9001;11142;03/07/2023;202327;10;249,38;;DEPOT;;NFK|9001|11142|202327
9001;12004;03/07/2023;202327;15;480,00;KUPON;DEPOT;;NFK|9001|12004|202327
9001;12066;03/07/2023;202327;11;446,74;KUPON;DEPOT;;NFK|9001|12066|202327
9001;12190;03/07/2023;202327;7;157,50;;DEPOT;;NFK|9001|12190|202327
9001;20015;03/07/2023;202327;18;457,87;;DEPOT;C;NFK|9001|20015|202327
9001;20041;03/07/2023;202327;23;209,88;;DEPOT;A;NFK|9001|20041|202327
9001;20088;03/07/2023;202327;15;847,50;;DEPOT;B;NFK|9001|20088|202327
9001;20131;03/07/2023;202327;9;190,12;;DEPOT;C;NFK|9001|20131|202327
9001;30012;03/07/2023;202327;5;80,94;;DEPOT;;NFK|9001|30012|202327
9001;30077;03/07/2023;202327;9;472,50;;DEPOT;;NFK|9001|30077|202327
9001;30154;03/07/2023;202327;7;118,12;;DEPOT;;NFK|9001|30154|202327
9001;30209;03/07/2023;202327;7;262,06;;DEPOT;;NFK|9001|30209|202327
1101;10023;10/07/2023;202328;499;5925,62;;SUPER;;NFK|1101|10023|202328
1101;10047;10/07/2023;202328;306;3442,50;;SUPER;;NFK|1101|10047|202328
1101;10112;10/07/2023;202328;209;4428,19;;SUPER;;NFK|1101|10112|202328
1101;10310;10/07/2023;202328;134;3601,25;;SUPER;;NFK|1101|10310|202328
1101;11020;10/07/2023;202328;464;8671,00;;SUPER;;NFK|1101|11020|202328
1101;11085;10/07/2023;202328;257;2875,19;;SUPER;;NFK|1101|11085|202328
1101;11142;10/07/2023;202328;202;5037,38;;SUPER;;NFK|1101|11142|202328
1101;12004;10/07/2023;202328;238;9520,00;;SUPER;;NFK|1101|12004|202328
1101;12066;10/07/2023;202328;281;13628,50;TILBUD;SUPER;;NFK|1101|12066|202328
1101;12190;10/07/2023;202328;130;2925,00;;SUPER;;NFK|1101|12190|202328
1101;20015;10/07/2023;202328;382;9717,12;;SUPER;C;NFK|1101|20015|202328
1101;20041;10/07/2023;202328;526;4799,75;;SUPER;A;NFK|1101|20041|202328
1101;20088;10/07/2023;202328;240;13560,00;;SUPER;B;NFK|1101|20088|202328
1101;20131;10/07/2023;202328;204;4309,50;;SUPER;C;NFK|1101|20131|202328
1101;30012;10/07/2023;202328;101;1634,94;;SUPER;;NFK|1101|30012|202328
1101;30077;10/07/2023;202328;165;8662,50;;SUPER;;NFK|1101|30077|202328
1101;30154;10/07/2023;202328;116;1957,50;;SUPER;;NFK|1101|30154|202328
1101;30209;10/07/2023;202328;166;6214,62;;SUPER;;NFK|1101|30209|202328
1101;99001;10/07/2023;202328;7;0,00;;SUPER;;NFK|1101|99001|202328
1102;10023;10/07/2023;202328;421;4999,38;;SUPER;;NFK|1102|10023|202328
1102;10047;10/07/2023;202328;341;3836,25;;SUPER;;NFK|1102|10047|202328
1102;10112;10/07/2023;202328;156;3305,25;;SUPER;;NFK|1102|10112|202328
1102;10310;10/07/2023;202328;128;3440,00;;SUPER;;NFK|1102|10310|202328
1102;11020;10/07/2023;202328;360;6727,50;;SUPER;;NFK|1102|11020|202328
1102;11085;10/07/2023;202328;195;2181,56;;SUPER;;NFK|1102|11085|202328
1102;11142;10/07/2023;202328;180;4488,75;;SUPER;;NFK|1102|11142|202328
1102;12004;10/07/2023;202328;217;8680,00;;SUPER;;NFK|1102|12004|202328
1102;12066;10/07/2023;202328;216;10476,00;TILBUD;SUPER;;NFK|1102|12066|202328
1102;12190;10/07/2023;202328;120;2700,00;;SUPER;;NFK|1102|12190|202328
1102;20015;10/07/2023;202328;347;8826,81;;SUPER;C;NFK|1102|20015|202328
1102;20041;10/07/2023;202328;470;4288,75;;SUPER;A;NFK|1102|20041|202328
1102;20088;10/07/2023;202328;212;11978,00;;SUPER;B;NFK|1102|20088|202328
1102;20131;10/07/2023;202328;149;3147,62;;SUPER;C;NFK|1102|20131|202328
1102;30012;10/07/2023;202328;90;1456,88;;SUPER;;NFK|1102|30012|202328
1102;30077;10/07/2023;202328;157;8242,50;;SUPER;;NFK|1102|30077|202328
1102;30154;10/07/2023;202328;95;1603,12;;SUPER;;NFK|1102|30154|202328
1102;30209;10/07/2023;202328;138;5166,37;;SUPER;;NFK|1102|30209|202328
1103;10023;10/07/2023;202328;224;2660,00;;NAER;;NFK|1103|10023|202328
1103;10047;10/07/2023;202328;156;1755,00;;NAER;;NFK|1103|10047|202328
1103;10112;10/07/2023;202328;99;2097,56;;NAER;;NFK|1103|10112|202328
1103;10310;10/07/2023;202328;76;2042,50;;NAER;;NFK|1103|10310|202328
1103;11020;10/07/2023;202328;221;4129,94;;NAER;;NFK|1103|11020|202328
1103;11085;10/07/2023;202328;131;1465,56;;NAER;;NFK|1103|11085|202328
1103;11142;10/07/2023;202328;78;1945,12;;NAER;;NFK|1103|11142|202328
1103;12004;10/07/2023;202328;110;4400,00;;NAER;;NFK|1103|12004|202328
1103;12066;10/07/2023;202328;128;6208,00;TILBUD;NAER;;NFK|1103|12066|202328
1103;12190;10/07/2023;202328;54;1215,00;;NAER;;NFK|1103|12190|202328
1103;20015;10/07/2023;202328;166;4222,62;;NAER;C;NFK|1103|20015|202328
1103;20041;10/07/2023;202328;215;1961,88;;NAER;A;NFK|1103|20041|202328
1103;20088;10/07/2023;202328;127;7175,50;;NAER;B;NFK|1103|20088|202328
1103;20131;10/07/2023;202328;87;1837,88;;NAER;C;NFK|1103|20131|202328
1103;30012;10/07/2023;202328;46;744,62;;NAER;;NFK|1103|30012|202328
1103;30077;10/07/2023;202328;82;4305,00;;NAER;;NFK|1103|30077|202328
1103;30154;10/07/2023;202328;63;1063,12;;NAER;;NFK|1103|30154|202328
1103;30209;10/07/2023;202328;75;2807,81;;NAER;;NFK|1103|30209|202328
1108;10023;10/07/2023;202328;903;10723,12;;HYPER;;NFK|1108|10023|202328
1108;10047;10/07/2023;202328;593;6671,25;;HYPER;;NFK|1108|10047|202328
1108;10112;10/07/2023;202328;371;7860,56;;HYPER;;NFK|1108|10112|202328
1108;10310;10/07/2023;202328;309;8304,38;;HYPER;;NFK|1108|10310|202328
1108;11020;10/07/2023;202328;746;13940,87;;HYPER;;NFK|1108|11020|202328
1108;11085;10/07/2023;202328;452;5056,75;;HYPER;;NFK|1108|11085|202328
1108;11142;10/07/2023;202328;358;8927,62;;HYPER;;NFK|1108|11142|202328
1108;12004;10/07/2023;202328;369;14760,00;;HYPER;;NFK|1108|12004|202328
1108;12066;10/07/2023;202328;543;26335,50;TILBUD;HYPER;;NFK|1108|12066|202328
1108;12190;10/07/2023;202328;203;4567,50;;HYPER;;NFK|1108|12190|202328
1108;20015;10/07/2023;202328;659;16763,31;;HYPER;C;NFK|1108|20015|202328
1108;20041;10/07/2023;202328;1003;9152,38;;HYPER;A;NFK|1108|20041|202328
1108;20088;10/07/2023;202328;484;27346,00;;HYPER;B;NFK|1108|20088|202328
1108;20131;10/07/2023;202328;290;6126,25;;HYPER;C;NFK|1108|20131|202328
1108;30012;10/07/2023;202328;175;2832,81;;HYPER;;NFK|1108|30012|202328
1108;30077;10/07/2023;202328;321;16852,50;;HYPER;;NFK|1108|30077|202328
1108;30154;10/07/2023;202328;253;4269,38;;HYPER;;NFK|1108|30154|202328
1108;30209;10/07/2023;202328;318;11905,12;;HYPER;;NFK|1108|30209|202328
3104;10023;10/07/2023;202328;455;5403,12;;SUPER;;NFK|3104|10023|202328
3104;10047;10/07/2023;202328;296;3330,00;;SUPER;;NFK|3104|10047|202328
3104;10112;10/07/2023;202328;144;3051,00;;SUPER;;NFK|3104|10112|202328
3104;10310;10/07/2023;202328;136;3655,00;;SUPER;;NFK|3104|10310|202328
3104;11020;10/07/2023;202328;417;7792,69;;SUPER;;NFK|3104|11020|202328
3104;11085;10/07/2023;202328;187;2092,06;;SUPER;;NFK|3104|11085|202328
3104;11142;10/07/2023;202328;164;4089,75;;SUPER;;NFK|3104|11142|202328
3104;12004;10/07/2023;202328;184;7360,00;;SUPER;;NFK|3104|12004|202328
3104;12066;10/07/2023;202328;203;9845,50;TILBUD;SUPER;;NFK|3104|12066|202328
3104;12190;10/07/2023;202328;118;2655,00;;SUPER;;NFK|3104|12190|202328
3104;20015;10/07/2023;202328;305;7758,44;;SUPER;C;NFK|3104|20015|202328
3104;20041;10/07/2023;202328;480;4380,00;;SUPER;A;NFK|3104|20041|202328
3104;20088;10/07/2023;202328;251;14181,50;;SUPER;B;NFK|3104|20088|202328
3104;20131;10/07/2023;202328;150;3168,75;;SUPER;C;NFK|3104|20131|202328
3104;30012;10/07/2023;202328;97;1570,19;;SUPER;;NFK|3104|30012|202328
3104;30077;10/07/2023;202328;138;7245,00;;SUPER;;NFK|3104|30077|202328
3104;30154;10/07/2023;202328;98;1653,75;;SUPER;;NFK|3104|30154|202328
3104;30209;10/07/2023;202328;150;5615,62;;SUPER;;NFK|3104|30209|202328
3104;99001;10/07/2023;202328;7;0,00;;SUPER;;NFK|3104|99001|202328
3117;10023;10/07/2023;202328;219;2600,62;;NAER;;NFK|3117|10023|202328
3117;10047;10/07/2023;202328;150;1687,50;;NAER;;NFK|3117|10047|202328
3117;10112;10/07/2023;202328;71;1504,31;;NAER;;NFK|3117|10112|202328
3117;10310;10/07/2023;202328;68;1827,50;;NAER;;NFK|3117|10310|202328
3117;11020;10/07/2023;202328;150;2803,12;;NAER;;NFK|3117|11020|202328
3117;11085;10/07/2023;202328;95;1062,81;;NAER;;NFK|3117|11085|202328
3117;11142;10/07/2023;202328;63;1571,06;;NAER;;NFK|3117|11142|202328
3117;12004;10/07/2023;202328;92;3680,00;;NAER;;NFK|3117|12004|202328
3117;12066;10/07/2023;202328;109;5286,50;TILBUD;NAER;;NFK|3117|12066|202328
3117;12190;10/07/2023;202328;56;1260,00;;NAER;;NFK|3117|12190|202328
3117;20015;10/07/2023;202328;143;3637,56;;NAER;C;NFK|3117|20015|202328
3117;20041;10/07/2023;202328;185;1688,12;;NAER;A;NFK|3117|20041|202328
3117;20088;10/07/2023;202328;107;6045,50;;NAER;B;NFK|3117|20088|202328
3117;20131;10/07/2023;202328;82;1732,25;;NAER;C;NFK|3117|20131|202328
3117;30012;10/07/2023;202328;45;728,44;;NAER;;NFK|3117|30012|202328
3117;30077;10/07/2023;202328;61;3202,50;;NAER;;NFK|3117|30077|202328
3117;30154;10/07/2023;202328;44;742,50;;NAER;;NFK|3117|30154|202328
3117;30209;10/07/2023;202328;68;2545,75;;NAER;;NFK|3117|30209|202328
3117;99001;10/07/2023;202328;3;0,00;;NAER;;NFK|3117|99001|202328
3122;10023;10/07/2023;202328;167;1983,12;;FRANCHISE;;NFK|3122|10023|202328
3122;10047;10/07/2023;202328;103;1158,75;;FRANCHISE;;NFK|3122|10047|202328
3122;10112;10/07/2023;202328;64;1356,00;;FRANCHISE;;NFK|3122|10112|202328
3122;10310;10/07/2023;202328;41;1101,88;;FRANCHISE;;NFK|3122|10310|202328
3122;11020;10/07/2023;202328;114;2130,38;;FRANCHISE;;NFK|3122|11020|202328
3122;11085;10/07/2023;202328;65;727,19;;FRANCHISE;;NFK|3122|11085|202328
3122;11142;10/07/2023;202328;56;1396,50;;FRANCHISE;;NFK|3122|11142|202328
3122;12004;10/07/2023;202328;64;2560,00;;FRANCHISE;;NFK|3122|12004|202328
3122;12066;10/07/2023;202328;70;3395,00;TILBUD;FRANCHISE;;NFK|3122|12066|202328
3122;12190;10/07/2023;202328;33;742,50;;FRANCHISE;;NFK|3122|12190|202328
3122;20015;10/07/2023;202328;103;2620,06;;FRANCHISE;C;NFK|3122|20015|202328
3122;20041;10/07/2023;202328;137;1250,12;;FRANCHISE;A;NFK|3122|20041|202328
3122;20088;10/07/2023;202328;70;3955,00;;FRANCHISE;B;NFK|3122|20088|202328
3122;20131;10/07/2023;202328;50;1056,25;;FRANCHISE;C;NFK|3122|20131|202328
3122;30012;10/07/2023;202328;34;550,38;;FRANCHISE;;NFK|3122|30012|202328
3122;30077;10/07/2023;202328;49;2572,50;;FRANCHISE;;NFK|3122|30077|202328
3122;30154;10/07/2023;202328;39;658,12;;FRANCHISE;;NFK|3122|30154|202328
3122;30209;10/07/2023;202328;43;1609,81;;FRANCHISE;;NFK|3122|30209|202328
4201;10023;10/07/2023;202328;910;10806,25;;HYPER;;NFK|4201|10023|202328
4201;10047;10/07/2023;202328;475;5343,75;;HYPER;;NFK|4201|10047|202328
4201;10112;10/07/2023;202328;296;6271,50;;HYPER;;NFK|4201|10112|202328
4201;10310;10/07/2023;202328;269;7229,38;;HYPER;;NFK|4201|10310|202328
4201;11020;10/07/2023;202328;740;13828,75;;HYPER;;NFK|4201|11020|202328
4201;11085;10/07/2023;202328;409;4575,69;;HYPER;;NFK|4201|11085|202328
4201;11142;10/07/2023;202328;261;6508,69;;HYPER;;NFK|4201|11142|202328
4201;12004;10/07/2023;202328;321;12840,00;;HYPER;;NFK|4201|12004|202328
4201;12066;10/07/2023;202328;413;20030,50;TILBUD;HYPER;;NFK|4201|12066|202328
4201;12190;10/07/2023;202328;208;4680,00;;HYPER;;NFK|4201|12190|202328
4201;20015;10/07/2023;202328;709;18035,19;;HYPER;C;NFK|4201|20015|202328
4201;20041;10/07/2023;202328;828;7555,50;;HYPER;A;NFK|4201|20041|202328
4201;20088;10/07/2023;202328;370;20905,00;;HYPER;B;NFK|4201|20088|202328
4201;20131;10/07/2023;202328;287;6062,88;;HYPER;C;NFK|4201|20131|202328
4201;30012;10/07/2023;202328;171;2768,06;;HYPER;;NFK|4201|30012|202328
4201;30077;10/07/2023;202328;297;15592,50;;HYPER;;NFK|4201|30077|202328
4201;30154;10/07/2023;202328;196;3307,50;;HYPER;;NFK|4201|30154|202328
4201;30209;10/07/2023;202328;242;9059,88;;HYPER;;NFK|4201|30209|202328
4201;99001;10/07/2023;202328;12;0,00;;HYPER;;NFK|4201|99001|202328
4205;10023;10/07/2023;202328;473;5616,88;;SUPER;;NFK|4205|10023|202328
4205;10047;10/07/2023;202328;284;3195,00;;SUPER;;NFK|4205|10047|202328
4205;10112;10/07/2023;202328;195;4131,56;;SUPER;;NFK|4205|10112|202328
4205;10310;10/07/2023;202328;163;4380,62;;SUPER;;NFK|4205|10310|202328
4205;11020;10/07/2023;202328;358;6690,12;;SUPER;;NFK|4205|11020|202328
4205;11085;10/07/2023;202328;243;2718,56;;SUPER;;NFK|4205|11085|202328
4205;11142;10/07/2023;202328;146;3640,88;;SUPER;;NFK|4205|11142|202328
4205;12004;10/07/2023;202328;194;7760,00;;SUPER;;NFK|4205|12004|202328
4205;12066;10/07/2023;202328;271;13143,50;TILBUD;SUPER;;NFK|4205|12066|202328
4205;12190;10/07/2023;202328;112;2520,00;;SUPER;;NFK|4205|12190|202328
4205;20015;10/07/2023;202328;365;9284,69;;SUPER;C;NFK|4205|20015|202328
4205;20041;10/07/2023;202328;428;3905,50;;SUPER;A;NFK|4205|20041|202328
4205;20088;10/07/2023;202328;242;13673,00;;SUPER;B;NFK|4205|20088|202328
4205;20131;10/07/2023;202328;152;3211,00;;SUPER;C;NFK|4205|20131|202328
4205;30012;10/07/2023;202328;94;1521,62;;SUPER;;NFK|4205|30012|202328
4205;30077;10/07/2023;202328;-17;-892,50;;SUPER;;NFK|4205|30077|202328
4205;30154;10/07/2023;202328;112;1890,00;;SUPER;;NFK|4205|30154|202328
4205;30209;10/07/2023;202328;132;4941,75;;SUPER;;NFK|4205|30209|202328
4205;99001;10/07/2023;202328;7;0,00;;SUPER;;NFK|4205|99001|202328
4218;10023;10/07/2023;202328;548;6507,50;;SUPER;;NFK|4218|10023|202328
4218;10047;10/07/2023;202328;348;3915,00;;SUPER;;NFK|4218|10047|202328
4218;10112;10/07/2023;202328;196;4152,75;;SUPER;;NFK|4218|10112|202328
4218;10310;10/07/2023;202328;136;3655,00;;SUPER;;NFK|4218|10310|202328
4218;11020;10/07/2023;202328;446;8334,62;;SUPER;;NFK|4218|11020|202328
4218;11085;10/07/2023;202328;216;2416,50;;SUPER;;NFK|4218|11085|202328
4218;11142;10/07/2023;202328;177;4413,94;;SUPER;;NFK|4218|11142|202328
4218;12004;10/07/2023;202328;226;9040,00;;SUPER;;NFK|4218|12004|202328
4218;12066;10/07/2023;202328;265;12852,50;TILBUD;SUPER;;NFK|4218|12066|202328
4218;12190;10/07/2023;202328;124;2790,00;;SUPER;;NFK|4218|12190|202328
4218;20015;10/07/2023;202328;394;10022,38;;SUPER;C;NFK|4218|20015|202328
4218;20041;10/07/2023;202328;555;5064,38;;SUPER;A;NFK|4218|20041|202328
4218;20088;10/07/2023;202328;236;13334,00;;SUPER;B;NFK|4218|20088|202328
4218;20131;10/07/2023;202328;180;3802,50;;SUPER;C;NFK|4218|20131|202328
4218;30012;10/07/2023;202328;104;1683,50;;SUPER;;NFK|4218|30012|202328
4218;30077;10/07/2023;202328;173;9082,50;;SUPER;;NFK|4218|30077|202328
4218;30154;10/07/2023;202328;114;1923,75;;SUPER;;NFK|4218|30154|202328
4218;30209;10/07/2023;202328;166;6214,62;;SUPER;;NFK|4218|30209|202328
4218;99001;10/07/2023;202328;8;0,00;;SUPER;;NFK|4218|99001|202328
5502;10023;10/07/2023;202328;425;5046,88;;SUPER;;NFK|5502|10023|202328
5502;10047;10/07/2023;202328;307;3453,75;;SUPER;;NFK|5502|10047|202328
5502;10112;10/07/2023;202328;167;3538,31;;SUPER;;NFK|5502|10112|202328
5502;10310;10/07/2023;202328;150;4031,25;;SUPER;;NFK|5502|10310|202328
5502;11020;10/07/2023;202328;392;7325,50;;SUPER;;NFK|5502|11020|202328
5502;11085;10/07/2023;202328;236;2640,25;;SUPER;;NFK|5502|11085|202328
5502;11142;10/07/2023;202328;166;4139,62;;SUPER;;NFK|5502|11142|202328
5502;12004;10/07/2023;202328;215;8600,00;;SUPER;;NFK|5502|12004|202328
5502;12066;10/07/2023;202328;272;13192,00;TILBUD;SUPER;;NFK|5502|12066|202328
5502;12190;10/07/2023;202328;100;2250,00;;SUPER;;NFK|5502|12190|202328
5502;20015;10/07/2023;202328;336;8547,00;;SUPER;C;NFK|5502|20015|202328
5502;20041;10/07/2023;202328;457;4170,12;;SUPER;A;NFK|5502|20041|202328
5502;20088;10/07/2023;202328;241;13616,50;;SUPER;B;NFK|5502|20088|202328
5502;20131;10/07/2023;202328;162;3422,25;;SUPER;C;NFK|5502|20131|202328
5502;30012;10/07/2023;202328;100;1618,75;;SUPER;;NFK|5502|30012|202328
5502;30077;10/07/2023;202328;139;7297,50;;SUPER;;NFK|5502|30077|202328
5502;30154;10/07/2023;202328;96;1620,00;;SUPER;;NFK|5502|30154|202328
5502;30209;10/07/2023;202328;137;5128,94;;SUPER;;NFK|5502|30209|202328
5511;10023;10/07/2023;202328;163;1935,62;;PARTNER;;NFK|5511|10023|202328
5511;10047;10/07/2023;202328;106;1192,50;;PARTNER;;NFK|5511|10047|202328
5511;10112;10/07/2023;202328;64;1356,00;;PARTNER;;NFK|5511|10112|202328
5511;10310;10/07/2023;202328;46;1236,25;;PARTNER;;NFK|5511|10310|202328
5511;11020;10/07/2023;202328;137;2560,19;;PARTNER;;NFK|5511|11020|202328
5511;11085;10/07/2023;202328;87;973,31;;PARTNER;;NFK|5511|11085|202328
5511;11142;10/07/2023;202328;55;1371,56;;PARTNER;;NFK|5511|11142|202328
5511;12004;10/07/2023;202328;76;3040,00;;PARTNER;;NFK|5511|12004|202328
5511;12066;10/07/2023;202328;100;4850,00;TILBUD;PARTNER;;NFK|5511|12066|202328
5511;12190;10/07/2023;202328;46;1035,00;;PARTNER;;NFK|5511|12190|202328
5511;20015;10/07/2023;202328;137;3484,94;;PARTNER;C;NFK|5511|20015|202328
5511;20041;10/07/2023;202328;163;1487,38;;PARTNER;A;NFK|5511|20041|202328
5511;20088;10/07/2023;202328;87;4915,50;;PARTNER;B;NFK|5511|20088|202328
5511;20131;10/07/2023;202328;62;1309,75;;PARTNER;C;NFK|5511|20131|202328
5511;30012;10/07/2023;202328;42;679,88;;PARTNER;;NFK|5511|30012|202328
5511;30077;10/07/2023;202328;53;2782,50;;PARTNER;;NFK|5511|30077|202328
5511;30154;10/07/2023;202328;44;742,50;;PARTNER;;NFK|5511|30154|202328
5511;30209;10/07/2023;202328;55;2059,06;;PARTNER;;NFK|5511|30209|202328
5511;99001;10/07/2023;202328;3;0,00;;PARTNER;;NFK|5511|99001|202328
9001;10023;10/07/2023;202328;24;285,00;;DEPOT;;NFK|9001|10023|202328
9001;10047;10/07/2023;202328;17;191,25;;DEPOT;;NFK|9001|10047|202328
9001;10112;10/07/2023;202328;9;190,69;;DEPOT;;NFK|9001|10112|202328
9001;10310;10/07/2023;202328;7;188,12;;DEPOT;;NFK|9001|10310|202328
9001;11020;10/07/2023;202328;19;355,06;;DEPOT;;NFK|9001|11020|202328
9001;11085;10/07/2023;202328;12;134,25;;DEPOT;;NFK|9001|11085|202328
9001;11142;10/07/2023;202328;-2;-49,88;;DEPOT;;NFK|9001|11142|202328
9001;12004;10/07/2023;202328;10;400,00;;DEPOT;;NFK|9001|12004|202328
9001;12066;10/07/2023;202328;15;727,50;TILBUD;DEPOT;;NFK|9001|12066|202328
9001;12190;10/07/2023;202328;7;157,50;;DEPOT;;NFK|9001|12190|202328
9001;20015;10/07/2023;202328;20;508,75;;DEPOT;C;NFK|9001|20015|202328
9001;20041;10/07/2023;202328;25;228,12;;DEPOT;A;NFK|9001|20041|202328
9001;20088;10/07/2023;202328;14;791,00;;DEPOT;B;NFK|9001|20088|202328
9001;20131;10/07/2023;202328;9;190,12;;DEPOT;C;NFK|9001|20131|202328
9001;30012;10/07/2023;202328;6;97,12;;DEPOT;;NFK|9001|30012|202328
9001;30077;10/07/2023;202328;7;367,50;;DEPOT;;NFK|9001|30077|202328
9001;30154;10/07/2023;202328;5;84,38;;DEPOT;;NFK|9001|30154|202328
9001;30209;10/07/2023;202328;7;262,06;;DEPOT;;NFK|9001|30209|202328
1199;10023;10/07/2023;202328;12;142,50;;SUPER;;NFK|1199|10023|202328
1199;10047;10/07/2023;202328;6;67,50;;SUPER;;NFK|1199|10047|202328
1199;10112;10/07/2023;202328;4;84,75;;SUPER;;NFK|1199|10112|202328
1199;10310;10/07/2023;202328;3;80,62;;SUPER;;NFK|1199|10310|202328
1199;11020;10/07/2023;202328;8;149,50;;SUPER;;NFK|1199|11020|202328
1199;11085;10/07/2023;202328;4;44,75;;SUPER;;NFK|1199|11085|202328
1199;11142;10/07/2023;202328;3;74,81;;SUPER;;NFK|1199|11142|202328
1199;12004;10/07/2023;202328;4;160,00;;SUPER;;NFK|1199|12004|202328
1199;12066;10/07/2023;202328;6;291,00;TILBUD;SUPER;;NFK|1199|12066|202328
1199;12190;10/07/2023;202328;2;45,00;;SUPER;;NFK|1199|12190|202328
1199;20015;10/07/2023;202328;7;178,06;;SUPER;C;NFK|1199|20015|202328
1199;20041;10/07/2023;202328;10;91,25;;SUPER;A;NFK|1199|20041|202328
1199;20088;10/07/2023;202328;6;339,00;;SUPER;B;NFK|1199|20088|202328
1199;20131;10/07/2023;202328;3;63,38;;SUPER;C;NFK|1199|20131|202328
1199;30012;10/07/2023;202328;2;32,38;;SUPER;;NFK|1199|30012|202328
1199;30077;10/07/2023;202328;4;210,00;;SUPER;;NFK|1199|30077|202328
1199;30154;10/07/2023;202328;2;33,75;;SUPER;;NFK|1199|30154|202328
1199;30209;10/07/2023;202328;3;112,31;;SUPER;;NFK|1199|30209|202328
1199;99001;10/07/2023;202328;0;0,00;;SUPER;;NFK|1199|99001|202328
1101;10023;17/07/2023;202329;555;6590,62;;SUPER;;NFK|1101|10023|202329
1101;10047;17/07/2023;202329;350;3937,50;;SUPER;;NFK|1101|10047|202329
1101;10112;17/07/2023;202329;214;4534,12;;SUPER;;NFK|1101|10112|202329
1101;10310;17/07/2023;202329;136;3655,00;;SUPER;;NFK|1101|10310|202329
1101;11020;17/07/2023;202329;405;7568,44;;SUPER;;NFK|1101|11020|202329
1101;11085;17/07/2023;202329;266;2975,88;;SUPER;;NFK|1101|11085|202329
1101;11142;17/07/2023;202329;152;3790,50;;SUPER;;NFK|1101|11142|202329
1101;12004;17/07/2023;202329;240;9600,00;;SUPER;;NFK|1101|12004|202329
1101;12066;17/07/2023;202329;168;10185,00;;SUPER;;NFK|1101|12066|202329
1101;12190;17/07/2023;202329;125;2812,50;;SUPER;;NFK|1101|12190|202329
1101;20015;17/07/2023;202329;575;12046,25;MP;SUPER;C;NFK|1101|20015|202329
1101;20041;17/07/2023;202329;470;4288,75;;SUPER;A;NFK|1101|20041|202329
1101;20088;17/07/2023;202329;285;16102,50;;SUPER;B;NFK|1101|20088|202329
1101;20131;17/07/2023;202329;167;3527,88;;SUPER;C;NFK|1101|20131|202329
1101;30012;17/07/2023;202329;92;1489,25;;SUPER;;NFK|1101|30012|202329
1101;30077;17/07/2023;202329;179;9397,50;;SUPER;;NFK|1101|30077|202329
1101;30154;17/07/2023;202329;131;2210,62;;SUPER;;NFK|1101|30154|202329
1101;30209;17/07/2023;202329;140;5241,25;;SUPER;;NFK|1101|30209|202329
1102;10023;17/07/2023;202329;478;5676,25;;SUPER;;NFK|1102|10023|202329
1102;10047;17/07/2023;202329;319;3588,75;;SUPER;;NFK|1102|10047|202329
1102;10112;17/07/2023;202329;196;4152,75;;SUPER;;NFK|1102|10112|202329
1102;10310;17/07/2023;202329;157;4219,38;;SUPER;;NFK|1102|10310|202329
1102;11020;17/07/2023;202329;350;6540,62;;SUPER;;NFK|1102|11020|202329
1102;11085;17/07/2023;202329;209;2338,19;;SUPER;;NFK|1102|11085|202329
1102;11142;17/07/2023;202329;147;3665,81;;SUPER;;NFK|1102|11142|202329
1102;12004;17/07/2023;202329;219;8760,00;;SUPER;;NFK|1102|12004|202329
1102;12066;17/07/2023;202329;148;8972,50;;SUPER;;NFK|1102|12066|202329
1102;12190;17/07/2023;202329;117;2632,50;;SUPER;;NFK|1102|12190|202329
1102;20015;17/07/2023;202329;460;9637,00;MP;SUPER;C;NFK|1102|20015|202329
1102;20041;17/07/2023;202329;401;3659,12;;SUPER;A;NFK|1102|20041|202329
1102;20088;17/07/2023;202329;214;12091,00;;SUPER;B;NFK|1102|20088|202329
1102;20131;17/07/2023;202329;180;3802,50;;SUPER;C;NFK|1102|20131|202329
1102;30012;17/07/2023;202329;111;1796,81;;SUPER;;NFK|1102|30012|202329
1102;30077;17/07/2023;202329;159;8347,50;;SUPER;;NFK|1102|30077|202329
1102;30154;17/07/2023;202329;118;1991,25;;SUPER;;NFK|1102|30154|202329
1102;30209;17/07/2023;202329;125;4679,69;;SUPER;;NFK|1102|30209|202329
1102;99001;17/07/2023;202329;8;0,00;;SUPER;;NFK|1102|99001|202329
1103;10023;17/07/2023;202329;219;2600,62;;NAER;;NFK|1103|10023|202329
1103;10047;17/07/2023;202329;156;1755,00;;NAER;;NFK|1103|10047|202329
1103;10112;17/07/2023;202329;86;1822,12;;NAER;;NFK|1103|10112|202329
1103;10310;17/07/2023;202329;67;1800,62;;NAER;;NFK|1103|10310|202329
1103;11020;17/07/2023;202329;222;4148,62;;NAER;;NFK|1103|11020|202329
1103;11085;17/07/2023;202329;110;1230,62;;NAER;;NFK|1103|11085|202329
1103;11142;17/07/2023;202329;76;1895,25;;NAER;;NFK|1103|11142|202329
1103;12004;17/07/2023;202329;109;4360,00;;NAER;;NFK|1103|12004|202329
1103;12066;17/07/2023;202329;87;5274,38;;NAER;;NFK|1103|12066|202329
1103;12190;17/07/2023;202329;65;1462,50;;NAER;;NFK|1103|12190|202329
1103;20015;17/07/2023;202329;268;5614,60;MP;NAER;C;NFK|1103|20015|202329
1103;20041;17/07/2023;202329;222;2025,75;;NAER;A;NFK|1103|20041|202329
1103;20088;17/07/2023;202329;114;6441,00;;NAER;B;NFK|1103|20088|202329
1103;20131;17/07/2023;202329;77;1626,62;;NAER;C;NFK|1103|20131|202329
1103;30012;17/07/2023;202329;51;825,56;;NAER;;NFK|1103|30012|202329
1103;30077;17/07/2023;202329;84;4410,00;;NAER;;NFK|1103|30077|202329
1103;30154;17/07/2023;202329;60;1012,50;;NAER;;NFK|1103|30154|202329
1103;30209;17/07/2023;202329;80;2995,00;;NAER;;NFK|1103|30209|202329
1103;99001;17/07/2023;202329;4;0,00;;NAER;;NFK|1103|99001|202329
1108;10023;17/07/2023;202329;1048;12445,00;;HYPER;;NFK|1108|10023|202329
1108;10047;17/07/2023;202329;550;6187,50;;HYPER;;NFK|1108|10047|202329
1108;10112;17/07/2023;202329;395;8369,06;;HYPER;;NFK|1108|10112|202329
1108;10310;17/07/2023;202329;308;8277,50;;HYPER;;NFK|1108|10310|202329
1108;11020;17/07/2023;202329;718;13417,62;;HYPER;;NFK|1108|11020|202329
1108;11085;17/07/2023;202329;419;4687,56;;HYPER;;NFK|1108|11085|202329
1108;11142;17/07/2023;202329;326;8129,62;;HYPER;;NFK|1108|11142|202329
1108;12004;17/07/2023;202329;437;17480,00;;HYPER;;NFK|1108|12004|202329
1108;12066;17/07/2023;202329;301;18248,12;;HYPER;;NFK|1108|12066|202329
1108;12190;17/07/2023;202329;241;5422,50;;HYPER;;NFK|1108|12190|202329
1108;20015;17/07/2023;202329;1075;22521,25;MP;HYPER;C;NFK|1108|20015|202329
1108;20041;17/07/2023;202329;888;8103,00;;HYPER;A;NFK|1108|20041|202329
1108;20088;17/07/2023;202329;445;25142,50;;HYPER;B;NFK|1108|20088|202329
1108;20131;17/07/2023;202329;341;7203,62;;HYPER;C;NFK|1108|20131|202329
1108;30012;17/07/2023;202329;171;2768,06;;HYPER;;NFK|1108|30012|202329
1108;30077;17/07/2023;202329;310;16275,00;;HYPER;;NFK|1108|30077|202329
1108;30154;17/07/2023;202329;240;4050,00;;HYPER;;NFK|1108|30154|202329
1108;30209;17/07/2023;202329;276;10332,75;;HYPER;;NFK|1108|30209|202329
3104;10023;17/07/2023;202329;515;6115,62;;SUPER;;NFK|3104|10023|202329
3104;10047;17/07/2023;202329;306;3442,50;;SUPER;;NFK|3104|10047|202329
3104;10112;17/07/2023;202329;154;3262,87;;SUPER;;NFK|3104|10112|202329
3104;10310;17/07/2023;202329;138;3708,75;;SUPER;;NFK|3104|10310|202329
3104;11020;17/07/2023;202329;337;6297,69;;SUPER;;NFK|3104|11020|202329
3104;11085;17/07/2023;202329;212;2371,75;;SUPER;;NFK|3104|11085|202329
3104;11142;17/07/2023;202329;142;3541,12;;SUPER;;NFK|3104|11142|202329
3104;12004;17/07/2023;202329;198;7920,00;;SUPER;;NFK|3104|12004|202329
3104;12066;17/07/2023;202329;124;7517,50;;SUPER;;NFK|3104|12066|202329
3104;12190;17/07/2023;202329;102;2295,00;;SUPER;;NFK|3104|12190|202329
3104;20015;17/07/2023;202329;496;10391,20;MP;SUPER;C;NFK|3104|20015|202329
3104;20041;17/07/2023;202329;389;3549,62;;SUPER;A;NFK|3104|20041|202329
3104;20088;17/07/2023;202329;232;13108,00;;SUPER;B;NFK|3104|20088|202329
3104;20131;17/07/2023;202329;165;3485,62;;SUPER;C;NFK|3104|20131|202329
3104;30012;17/07/2023;202329;103;1667,31;;SUPER;;NFK|3104|30012|202329
3104;30077;17/07/2023;202329;131;6877,50;;SUPER;;NFK|3104|30077|202329
3104;30154;17/07/2023;202329;90;1518,75;;SUPER;;NFK|3104|30154|202329
3104;30209;17/07/2023;202329;142;5316,12;;SUPER;;NFK|3104|30209|202329
3117;10023;17/07/2023;202329;208;2470,00;;NAER;;NFK|3117|10023|202329
3117;10047;17/07/2023;202329;141;1586,25;;NAER;;NFK|3117|10047|202329
3117;10112;17/07/2023;202329;88;1864,50;;NAER;;NFK|3117|10112|202329
3117;10310;17/07/2023;202329;62;1666,25;;NAER;;NFK|3117|10310|202329
3117;11020;17/07/2023;202329;177;3307,69;;NAER;;NFK|3117|11020|202329
3117;11085;17/07/2023;202329;101;1129,94;;NAER;;NFK|3117|11085|202329
3117;11142;17/07/2023;202329;66;1645,88;;NAER;;NFK|3117|11142|202329
3117;12004;17/07/2023;202329;99;3960,00;;NAER;;NFK|3117|12004|202329
3117;12066;17/07/2023;202329;70;4243,75;;NAER;;NFK|3117|12066|202329
3117;12190;17/07/2023;202329;42;945,00;;NAER;;NFK|3117|12190|202329
3117;20015;17/07/2023;202329;224;4692,80;MP;NAER;C;NFK|3117|20015|202329
3117;20041;17/07/2023;202329;218;1989,25;;NAER;A;NFK|3117|20041|202329
3117;20088;17/07/2023;202329;116;6554,00;;NAER;B;NFK|3117|20088|202329
3117;20131;17/07/2023;202329;67;1415,38;;NAER;C;NFK|3117|20131|202329
3117;30012;17/07/2023;202329;48;777,00;;NAER;;NFK|3117|30012|202329
3117;30077;17/07/2023;202329;59;3097,50;;NAER;;NFK|3117|30077|202329
3117;30154;17/07/2023;202329;50;843,75;;NAER;;NFK|3117|30154|202329
3117;30209;17/07/2023;202329;54;2021,62;;NAER;;NFK|3117|30209|202329
3122;10023;17/07/2023;202329;154;1828,75;;FRANCHISE;;NFK|3122|10023|202329
3122;10047;17/07/2023;202329;101;1136,25;;FRANCHISE;;NFK|3122|10047|202329
3122;10112;17/07/2023;202329;59;1250,06;;FRANCHISE;;NFK|3122|10112|202329
3122;10310;17/07/2023;202329;40;1075,00;;FRANCHISE;;NFK|3122|10310|202329
3122;11020;17/07/2023;202329;113;2111,69;;FRANCHISE;;NFK|3122|11020|202329
3122;11085;17/07/2023;202329;69;771,94;;FRANCHISE;;NFK|3122|11085|202329
3122;11142;17/07/2023;202329;48;1197,00;;FRANCHISE;;NFK|3122|11142|202329
3122;12004;17/07/2023;202329;68;2720,00;;FRANCHISE;;NFK|3122|12004|202329
3122;12066;17/07/2023;202329;43;2606,88;;FRANCHISE;;NFK|3122|12066|202329
3122;12190;17/07/2023;202329;37;832,50;;FRANCHISE;;NFK|3122|12190|202329
3122;20015;17/07/2023;202329;169;3540,55;MP;FRANCHISE;C;NFK|3122|20015|202329
3122;20041;17/07/2023;202329;133;1213,62;;FRANCHISE;A;NFK|3122|20041|202329
3122;20088;17/07/2023;202329;82;4633,00;;FRANCHISE;B;NFK|3122|20088|202329
3122;20131;17/07/2023;202329;56;1183,00;;FRANCHISE;C;NFK|3122|20131|202329
3122;30012;17/07/2023;202329;34;550,38;;FRANCHISE;;NFK|3122|30012|202329
3122;30077;17/07/2023;202329;50;2625,00;;FRANCHISE;;NFK|3122|30077|202329
3122;30154;17/07/2023;202329;37;624,38;;FRANCHISE;;NFK|3122|30154|202329
3122;30209;17/07/2023;202329;43;1609,81;;FRANCHISE;;NFK|3122|30209|202329
4201;10023;17/07/2023;202329;737;8751,88;;HYPER;;NFK|4201|10023|202329
4201;10047;17/07/2023;202329;462;5197,50;;HYPER;;NFK|4201|10047|202329
4201;10112;17/07/2023;202329;274;5805,38;;HYPER;;NFK|4201|10112|202329
4201;10310;17/07/2023;202329;267;7175,62;;HYPER;;NFK|4201|10310|202329
4201;11020;17/07/2023;202329;571;10670,56;;HYPER;;NFK|4201|11020|202329
4201;11085;17/07/2023;202329;373;4172,94;;HYPER;;NFK|4201|11085|202329
4201;11142;17/07/2023;202329;420;8904,00;3F2;HYPER;;NFK|4201|11142|202329
4201;12004;17/07/2023;202329;373;14920,00;;HYPER;;NFK|4201|12004|202329
4201;12066;17/07/2023;202329;239;14489,38;;HYPER;;NFK|4201|12066|202329
4201;12190;17/07/2023;202329;193;4342,50;;HYPER;;NFK|4201|12190|202329
4201;20015;17/07/2023;202329;793;16613,35;MP;HYPER;C;NFK|4201|20015|202329
4201;20041;17/07/2023;202329;724;6606,50;;HYPER;A;NFK|4201|20041|202329
4201;20088;17/07/2023;202329;406;22939,00;;HYPER;B;NFK|4201|20088|202329
4201;20131;17/07/2023;202329;289;6105,12;;HYPER;C;NFK|4201|20131|202329
4201;30012;17/07/2023;202329;176;2849,00;;HYPER;;NFK|4201|30012|202329
4201;30077;17/07/2023;202329;271;14227,50;;HYPER;;NFK|4201|30077|202329
4201;30154;17/07/2023;202329;204;3442,50;;HYPER;;NFK|4201|30154|202329
4201;30209;17/07/2023;202329;251;9396,81;;HYPER;;NFK|4201|30209|202329
4205;10023;17/07/2023;202329;490;5818,75;;SUPER;;NFK|4205|10023|202329
4205;10047;17/07/2023;202329;291;3273,75;;SUPER;;NFK|4205|10047|202329
4205;10112;17/07/2023;202329;190;4025,62;;SUPER;;NFK|4205|10112|202329
4205;10310;17/07/2023;202329;-15;-403,12;;SUPER;;NFK|4205|10310|202329
4205;11020;17/07/2023;202329;369;6895,69;;SUPER;;NFK|4205|11020|202329
4205;11085;17/07/2023;202329;231;2584,31;;SUPER;;NFK|4205|11085|202329
4205;11142;17/07/2023;202329;231;4897,20;3F2;SUPER;;NFK|4205|11142|202329
4205;12004;17/07/2023;202329;194;7760,00;;SUPER;;NFK|4205|12004|202329
4205;12066;17/07/2023;202329;145;8790,62;;SUPER;;NFK|4205|12066|202329
4205;12190;17/07/2023;202329;124;2790,00;;SUPER;;NFK|4205|12190|202329
4205;20015;17/07/2023;202329;509;10663,55;MP;SUPER;C;NFK|4205|20015|202329
4205;20041;17/07/2023;202329;511;4662,88;;SUPER;A;NFK|4205|20041|202329
4205;20088;17/07/2023;202329;226;12769,00;;SUPER;B;NFK|4205|20088|202329
4205;20131;17/07/2023;202329;178;3760,25;;SUPER;C;NFK|4205|20131|202329
4205;30012;17/07/2023;202329;105;1699,69;;SUPER;;NFK|4205|30012|202329
4205;30077;17/07/2023;202329;176;9240,00;;SUPER;;NFK|4205|30077|202329
4205;30154;17/07/2023;202329;105;1771,88;;SUPER;;NFK|4205|30154|202329
4205;30209;17/07/2023;202329;123;4604,81;;SUPER;;NFK|4205|30209|202329
4205;99001;17/07/2023;202329;7;0,00;;SUPER;;NFK|4205|99001|202329
4218;10023;17/07/2023;202329;546;6483,75;;SUPER;;NFK|4218|10023|202329
4218;10047;17/07/2023;202329;290;3262,50;;SUPER;;NFK|4218|10047|202329
4218;10112;17/07/2023;202329;197;4173,94;;SUPER;;NFK|4218|10112|202329
4218;10310;17/07/2023;202329;150;4031,25;;SUPER;;NFK|4218|10310|202329
4218;11020;17/07/2023;202329;394;7362,87;;SUPER;;NFK|4218|11020|202329
4218;11085;17/07/2023;202329;268;2998,25;;SUPER;;NFK|4218|11085|202329
4218;11142;17/07/2023;202329;278;5893,60;3F2;SUPER;;NFK|4218|11142|202329
4218;12004;17/07/2023;202329;227;9080,00;;SUPER;;NFK|4218|12004|202329
4218;12066;17/07/2023;202329;177;10730,62;;SUPER;;NFK|4218|12066|202329
4218;12190;17/07/2023;202329;107;2407,50;;SUPER;;NFK|4218|12190|202329
4218;20015;17/07/2023;202329;529;11082,55;MP;SUPER;C;NFK|4218|20015|202329
4218;20041;17/07/2023;202329;524;4781,50;;SUPER;A;NFK|4218|20041|202329
4218;20088;17/07/2023;202329;248;14012,00;;SUPER;B;NFK|4218|20088|202329
4218;20131;17/07/2023;202329;178;3760,25;;SUPER;C;NFK|4218|20131|202329
4218;30012;17/07/2023;202329;109;1764,44;;SUPER;;NFK|4218|30012|202329
4218;30077;17/07/2023;202329;168;8820,00;;SUPER;;NFK|4218|30077|202329
4218;30154;17/07/2023;202329;127;2143,12;;SUPER;;NFK|4218|30154|202329
4218;30209;17/07/2023;202329;165;6177,19;;SUPER;;NFK|4218|30209|202329
4218;99001;17/07/2023;202329;9;0,00;;SUPER;;NFK|4218|99001|202329
5502;10023;17/07/2023;202329;515;6115,62;;SUPER;;NFK|5502|10023|202329
5502;10047;17/07/2023;202329;333;3746,25;;SUPER;;NFK|5502|10047|202329
5502;10112;17/07/2023;202329;185;3919,69;;SUPER;;NFK|5502|10112|202329
5502;10310;17/07/2023;202329;151;4058,12;;SUPER;;NFK|5502|10310|202329
5502;11020;17/07/2023;202329;331;6185,56;;SUPER;;NFK|5502|11020|202329
5502;11085;17/07/2023;202329;228;2550,75;;SUPER;;NFK|5502|11085|202329
5502;11142;17/07/2023;202329;243;5151,60;3F2;SUPER;;NFK|5502|11142|202329
5502;12004;17/07/2023;202329;179;7160,00;;SUPER;;NFK|5502|12004|202329
5502;12066;17/07/2023;202329;128;7760,00;;SUPER;;NFK|5502|12066|202329
5502;12190;17/07/2023;202329;98;2205,00;;SUPER;;NFK|5502|12190|202329
5502;20015;17/07/2023;202329;427;8945,65;MP;SUPER;C;NFK|5502|20015|202329
5502;20041;17/07/2023;202329;424;3869,00;;SUPER;A;NFK|5502|20041|202329
5502;20088;17/07/2023;202329;237;13390,50;;SUPER;B;NFK|5502|20088|202329
5502;20131;17/07/2023;202329;171;3612,38;;SUPER;C;NFK|5502|20131|202329
5502;30012;17/07/2023;202329;102;1651,12;;SUPER;;NFK|5502|30012|202329
5502;30077;17/07/2023;202329;141;7402,50;;SUPER;;NFK|5502|30077|202329
5502;30154;17/07/2023;202329;110;1856,25;;SUPER;;NFK|5502|30154|202329
5502;30209;17/07/2023;202329;130;4866,88;;SUPER;;NFK|5502|30209|202329
5511;10023;17/07/2023;202329;173;2054,38;;PARTNER;;NFK|5511|10023|202329
5511;10047;17/07/2023;202329;118;1327,50;;PARTNER;;NFK|5511|10047|202329
5511;10112;17/07/2023;202329;63;1334,81;;PARTNER;;NFK|5511|10112|202329
5511;10310;17/07/2023;202329;50;1343,75;;PARTNER;;NFK|5511|10310|202329
5511;11020;17/07/2023;202329;142;2653,62;;PARTNER;;NFK|5511|11020|202329
5511;11085;17/07/2023;202329;87;973,31;;PARTNER;;NFK|5511|11085|202329
5511;11142;17/07/2023;202329;93;1971,60;3F2;PARTNER;;NFK|5511|11142|202329
5511;12004;17/07/2023;202329;68;2720,00;;PARTNER;;NFK|5511|12004|202329
5511;12066;17/07/2023;202329;49;2970,62;;PARTNER;;NFK|5511|12066|202329
5511;12190;17/07/2023;202329;36;810,00;;PARTNER;;NFK|5511|12190|202329
5511;20015;17/07/2023;202329;182;3812,90;MP;PARTNER;C;NFK|5511|20015|202329
5511;20041;17/07/2023;202329;160;1460,00;;PARTNER;A;NFK|5511|20041|202329
5511;20088;17/07/2023;202329;95;5367,50;;PARTNER;B;NFK|5511|20088|202329
5511;20131;17/07/2023;202329;66;1394,25;;PARTNER;C;NFK|5511|20131|202329
5511;30012;17/07/2023;202329;39;631,31;;PARTNER;;NFK|5511|30012|202329
5511;30077;17/07/2023;202329;63;3307,50;;PARTNER;;NFK|5511|30077|202329
5511;30154;17/07/2023;202329;40;675,00;;PARTNER;;NFK|5511|30154|202329
5511;30209;17/07/2023;202329;45;1684,69;;PARTNER;;NFK|5511|30209|202329
5511;99001;17/07/2023;202329;3;0,00;;PARTNER;;NFK|5511|99001|202329
9001;10023;17/07/2023;202329;25;296,88;;DEPOT;;NFK|9001|10023|202329
9001;10047;17/07/2023;202329;14;157,50;;DEPOT;;NFK|9001|10047|202329
9001;10112;17/07/2023;202329;11;233,06;;DEPOT;;NFK|9001|10112|202329
9001;10310;17/07/2023;202329;8;215,00;;DEPOT;;NFK|9001|10310|202329
9001;11020;17/07/2023;202329;23;429,81;;DEPOT;;NFK|9001|11020|202329
9001;11085;17/07/2023;202329;12;134,25;;DEPOT;;NFK|9001|11085|202329
9001;11142;17/07/2023;202329;9;224,44;;DEPOT;;NFK|9001|11142|202329
9001;12004;17/07/2023;202329;11;440,00;;DEPOT;;NFK|9001|12004|202329
9001;12066;17/07/2023;202329;9;545,62;;DEPOT;;NFK|9001|12066|202329
9001;12190;17/07/2023;202329;5;112,50;;DEPOT;;NFK|9001|12190|202329
9001;20015;17/07/2023;202329;24;502,80;MP;DEPOT;C;NFK|9001|20015|202329
9001;20041;17/07/2023;202329;21;191,62;;DEPOT;A;NFK|9001|20041|202329
9001;20088;17/07/2023;202329;14;791,00;;DEPOT;B;NFK|9001|20088|202329
9001;20131;17/07/2023;202329;9;190,12;;DEPOT;C;NFK|9001|20131|202329
9001;30012;17/07/2023;202329;5;80,94;;DEPOT;;NFK|9001|30012|202329
9001;30077;17/07/2023;202329;8;420,00;;DEPOT;;NFK|9001|30077|202329
9001;30154;17/07/2023;202329;6;101,25;;DEPOT;;NFK|9001|30154|202329
9001;30209;17/07/2023;202329;7;262,06;;DEPOT;;NFK|9001|30209|202329
1101;10023;24/07/2023;202330;445;5284,38;;SUPER;;NFK|1101|10023|202330
1101;10047;24/07/2023;202330;315;3543,75;;SUPER;;NFK|1101|10047|202330
1101;10112;24/07/2023;202330;205;4343,44;;SUPER;;NFK|1101|10112|202330
1101;10310;24/07/2023;202330;166;4461,25;;SUPER;;NFK|1101|10310|202330
1101;11020;24/07/2023;202330;424;7923,50;;SUPER;;NFK|1101|11020|202330
1101;11085;24/07/2023;202330;267;2987,06;;SUPER;;NFK|1101|11085|202330
1101;11142;24/07/2023;202330;158;3940,12;;SUPER;;NFK|1101|11142|202330
1101;12004;24/07/2023;202330;228;9120,00;;SUPER;;NFK|1101|12004|202330
1101;12066;24/07/2023;202330;165;10003,12;;SUPER;;NFK|1101|12066|202330
1101;12190;24/07/2023;202330;133;2992,50;;SUPER;;NFK|1101|12190|202330
1101;20015;24/07/2023;202330;431;10963,56;;SUPER;C;NFK|1101|20015|202330
1101;20041;24/07/2023;202330;533;4863,62;;SUPER;A;NFK|1101|20041|202330
1101;20088;24/07/2023;202330;236;13334,00;;SUPER;B;NFK|1101|20088|202330
1101;20131;24/07/2023;202330;164;3464,50;;SUPER;C;NFK|1101|20131|202330
1101;30012;24/07/2023;202330;98;1586,38;;SUPER;;NFK|1101|30012|202330
1101;30077;24/07/2023;202330;147;7717,50;;SUPER;;NFK|1101|30077|202330
1101;30154;24/07/2023;202330;115;1940,62;;SUPER;;NFK|1101|30154|202330
1101;30209;24/07/2023;202330;148;5540,75;;SUPER;;NFK|1101|30209|202330
1102;10023;24/07/2023;202330;445;5284,38;;SUPER;;NFK|1102|10023|202330
1102;10047;24/07/2023;202330;333;3746,25;;SUPER;;NFK|1102|10047|202330
1102;10112;24/07/2023;202330;164;3474,75;;SUPER;;NFK|1102|10112|202330
1102;10310;24/07/2023;202330;126;3386,25;;SUPER;;NFK|1102|10310|202330
1102;11020;24/07/2023;202330;370;6914,38;;SUPER;;NFK|1102|11020|202330
1102;11085;24/07/2023;202330;203;2271,06;;SUPER;;NFK|1102|11085|202330
1102;11142;24/07/2023;202330;142;3541,12;;SUPER;;NFK|1102|11142|202330
1102;12004;24/07/2023;202330;215;8600,00;;SUPER;;NFK|1102|12004|202330
1102;12066;24/07/2023;202330;-15;-909,38;;SUPER;;NFK|1102|12066|202330
1102;12190;24/07/2023;202330;114;2565,00;;SUPER;;NFK|1102|12190|202330
1102;20015;24/07/2023;202330;308;7834,75;;SUPER;C;NFK|1102|20015|202330
1102;20041;24/07/2023;202330;461;4206,62;;SUPER;A;NFK|1102|20041|202330
1102;20088;24/07/2023;202330;239;13503,50;;SUPER;B;NFK|1102|20088|202330
1102;20131;24/07/2023;202330;172;3633,50;;SUPER;C;NFK|1102|20131|202330
1102;30012;24/07/2023;202330;109;1764,44;;SUPER;;NFK|1102|30012|202330
1102;30077;24/07/2023;202330;165;8662,50;;SUPER;;NFK|1102|30077|202330
1102;30154;24/07/2023;202330;105;1771,88;;SUPER;;NFK|1102|30154|202330
1102;30209;24/07/2023;202330;143;5353,56;;SUPER;;NFK|1102|30209|202330
1102;99001;24/07/2023;202330;7;0,00;;SUPER;;NFK|1102|99001|202330
1103;10023;24/07/2023;202330;242;2873,75;;NAER;;NFK|1103|10023|202330
1103;10047;24/07/2023;202330;146;1642,50;;NAER;;NFK|1103|10047|202330
1103;10112;24/07/2023;202330;89;1885,69;;NAER;;NFK|1103|10112|202330
1103;10310;24/07/2023;202330;81;2176,88;;NAER;;NFK|1103|10310|202330
1103;11020;24/07/2023;202330;203;3793,56;;NAER;;NFK|1103|11020|202330
1103;11085;24/07/2023;202330;107;1197,06;;NAER;;NFK|1103|11085|202330
1103;11142;24/07/2023;202330;88;2194,50;;NAER;;NFK|1103|11142|202330
1103;12004;24/07/2023;202330;113;4520,00;;NAER;;NFK|1103|12004|202330
1103;12066;24/07/2023;202330;70;4243,75;;NAER;;NFK|1103|12066|202330
1103;12190;24/07/2023;202330;63;1417,50;;NAER;;NFK|1103|12190|202330
1103;20015;24/07/2023;202330;187;4756,81;;NAER;C;NFK|1103|20015|202330
1103;20041;24/07/2023;202330;225;2053,12;;NAER;A;NFK|1103|20041|202330
1103;20088;24/07/2023;202330;111;6271,50;;NAER;B;NFK|1103|20088|202330
1103;20131;24/07/2023;202330;82;1732,25;;NAER;C;NFK|1103|20131|202330
1103;30012;24/07/2023;202330;45;728,44;;NAER;;NFK|1103|30012|202330
1103;30077;24/07/2023;202330;69;3622,50;;NAER;;NFK|1103|30077|202330
1103;30154;24/07/2023;202330;61;1029,38;;NAER;;NFK|1103|30154|202330
1103;30209;24/07/2023;202330;72;2695,50;;NAER;;NFK|1103|30209|202330
1103;99001;24/07/2023;202330;3;0,00;;NAER;;NFK|1103|99001|202330
1108;10023;24/07/2023;202330;828;9832,50;;HYPER;;NFK|1108|10023|202330
1108;10047;24/07/2023;202330;676;7605,00;;HYPER;;NFK|1108|10047|202330
1108;10112;24/07/2023;202330;300;6356,25;;HYPER;;NFK|1108|10112|202330
1108;10310;24/07/2023;202330;267;7175,62;;HYPER;;NFK|1108|10310|202330
1108;11020;24/07/2023;202330;677;12651,44;;HYPER;;NFK|1108|11020|202330
1108;11085;24/07/2023;202330;402;4497,38;;HYPER;;NFK|1108|11085|202330
1108;11142;24/07/2023;202330;331;8254,31;;HYPER;;NFK|1108|11142|202330
1108;12004;24/07/2023;202330;371;14840,00;;HYPER;;NFK|1108|12004|202330
1108;12066;24/07/2023;202330;296;17945,00;;HYPER;;NFK|1108|12066|202330
1108;12190;24/07/2023;202330;233;5242,50;;HYPER;;NFK|1108|12190|202330
1108;20015;24/07/2023;202330;657;16712,44;;HYPER;C;NFK|1108|20015|202330
1108;20041;24/07/2023;202330;798;7281,75;;HYPER;A;NFK|1108|20041|202330
1108;20088;24/07/2023;202330;425;24012,50;;HYPER;B;NFK|1108|20088|202330
1108;20131;24/07/2023;202330;309;6527,62;;HYPER;C;NFK|1108|20131|202330
1108;30012;24/07/2023;202330;201;3253,69;;HYPER;;NFK|1108|30012|202330
1108;30077;24/07/2023;202330;278;14595,00;;HYPER;;NFK|1108|30077|202330
1108;30154;24/07/2023;202330;189;3189,38;;HYPER;;NFK|1108|30154|202330
1108;30209;24/07/2023;202330;294;11006,62;;HYPER;;NFK|1108|30209|202330
3104;10023;24/07/2023;202330;434;5153,75;;SUPER;;NFK|3104|10023|202330
3104;10047;24/07/2023;202330;270;3037,50;;SUPER;;NFK|3104|10047|202330
3104;10112;24/07/2023;202330;169;3580,69;;SUPER;;NFK|3104|10112|202330
3104;10310;24/07/2023;202330;115;3090,62;;SUPER;;NFK|3104|10310|202330
3104;11020;24/07/2023;202330;400;7475,00;;SUPER;;NFK|3104|11020|202330
3104;11085;24/07/2023;202330;227;2539,56;;SUPER;;NFK|3104|11085|202330
3104;11142;24/07/2023;202330;153;3815,44;;SUPER;;NFK|3104|11142|202330
3104;12004;24/07/2023;202330;208;8320,00;;SUPER;;NFK|3104|12004|202330
3104;12066;24/07/2023;202330;154;9336,25;;SUPER;;NFK|3104|12066|202330
3104;12190;24/07/2023;202330;104;2340,00;;SUPER;;NFK|3104|12190|202330
3104;20015;24/07/2023;202330;332;8445,25;;SUPER;C;NFK|3104|20015|202330
3104;20041;24/07/2023;202330;428;3905,50;;SUPER;A;NFK|3104|20041|202330
3104;20088;24/07/2023;202330;248;14012,00;;SUPER;B;NFK|3104|20088|202330
3104;20131;24/07/2023;202330;147;3105,38;;SUPER;C;NFK|3104|20131|202330
3104;30012;24/07/2023;202330;96;1554,00;;SUPER;;NFK|3104|30012|202330
3104;30077;24/07/2023;202330;131;6877,50;;SUPER;;NFK|3104|30077|202330
3104;30154;24/07/2023;202330;118;1991,25;;SUPER;;NFK|3104|30154|202330
3104;30209;24/07/2023;202330;144;5391,00;;SUPER;;NFK|3104|30209|202330
3117;10023;24/07/2023;202330;207;2458,12;;NAER;;NFK|3117|10023|202330
3117;10047;24/07/2023;202330;121;1361,25;;NAER;;NFK|3117|10047|202330
3117;10112;24/07/2023;202330;82;1737,37;;NAER;;NFK|3117|10112|202330
3117;10310;24/07/2023;202330;53;1424,38;;NAER;;NFK|3117|10310|202330
3117;11020;24/07/2023;202330;147;2747,06;;NAER;;NFK|3117|11020|202330
3117;11085;24/07/2023;202330;105;1174,69;;NAER;;NFK|3117|11085|202330
3117;11142;24/07/2023;202330;66;1645,88;;NAER;;NFK|3117|11142|202330
3117;12004;24/07/2023;202330;79;3160,00;;NAER;;NFK|3117|12004|202330
3117;12066;24/07/2023;202330;72;4365,00;;NAER;;NFK|3117|12066|202330
3117;12190;24/07/2023;202330;45;1012,50;;NAER;;NFK|3117|12190|202330
3117;20015;24/07/2023;202330;160;4070,00;;NAER;C;NFK|3117|20015|202330
3117;20041;24/07/2023;202330;196;1788,50;;NAER;A;NFK|3117|20041|202330
3117;20088;24/07/2023;202330;110;6215,00;;NAER;B;NFK|3117|20088|202330
3117;20131;24/07/2023;202330;78;1647,75;;NAER;C;NFK|3117|20131|202330
3117;30012;24/07/2023;202330;41;663,69;;NAER;;NFK|3117|30012|202330
3117;30077;24/07/2023;202330;69;3622,50;;NAER;;NFK|3117|30077|202330
3117;30154;24/07/2023;202330;42;708,75;;NAER;;NFK|3117|30154|202330
3117;30209;24/07/2023;202330;57;2133,94;;NAER;;NFK|3117|30209|202330
3122;10023;24/07/2023;202330;152;1805,00;;FRANCHISE;;NFK|3122|10023|202330
3122;10047;24/07/2023;202330;89;1001,25;;FRANCHISE;;NFK|3122|10047|202330
3122;10112;24/07/2023;202330;59;1250,06;;FRANCHISE;;NFK|3122|10112|202330
3122;10310;24/07/2023;202330;45;1209,38;;FRANCHISE;;NFK|3122|10310|202330
3122;11020;24/07/2023;202330;136;2541,50;;FRANCHISE;;NFK|3122|11020|202330
3122;11085;24/07/2023;202330;79;883,81;;FRANCHISE;;NFK|3122|11085|202330
3122;11142;24/07/2023;202330;50;1246,88;;FRANCHISE;;NFK|3122|11142|202330
3122;12004;24/07/2023;202330;72;2880,00;;FRANCHISE;;NFK|3122|12004|202330
3122;12066;24/07/2023;202330;52;3152,50;;FRANCHISE;;NFK|3122|12066|202330
3122;12190;24/07/2023;202330;31;697,50;;FRANCHISE;;NFK|3122|12190|202330
3122;20015;24/07/2023;202330;103;2620,06;;FRANCHISE;C;NFK|3122|20015|202330
3122;20041;24/07/2023;202330;135;1231,88;;FRANCHISE;A;NFK|3122|20041|202330
3122;20088;24/07/2023;202330;75;4237,50;;FRANCHISE;B;NFK|3122|20088|202330
3122;20131;24/07/2023;202330;46;971,75;;FRANCHISE;C;NFK|3122|20131|202330
3122;30012;24/07/2023;202330;30;485,62;;FRANCHISE;;NFK|3122|30012|202330
3122;30077;24/07/2023;202330;48;2520,00;;FRANCHISE;;NFK|3122|30077|202330
3122;30154;24/07/2023;202330;33;556,88;;FRANCHISE;;NFK|3122|30154|202330
3122;30209;24/07/2023;202330;46;1722,12;;FRANCHISE;;NFK|3122|30209|202330
3122;99001;24/07/2023;202330;2;0,00;;FRANCHISE;;NFK|3122|99001|202330
4201;10023;24/07/2023;202330;919;10913,12;;HYPER;;NFK|4201|10023|202330
4201;10047;24/07/2023;202330;517;5816,25;;HYPER;;NFK|4201|10047|202330
4201;10112;24/07/2023;202330;311;6589,31;;HYPER;;NFK|4201|10112|202330
4201;10310;24/07/2023;202330;237;6369,38;;HYPER;;NFK|4201|10310|202330
4201;11020;24/07/2023;202330;575;10745,31;;HYPER;;NFK|4201|11020|202330
4201;11085;24/07/2023;202330;349;3904,44;;HYPER;;NFK|4201|11085|202330
4201;11142;24/07/2023;202330;255;6359,06;;HYPER;;NFK|4201|11142|202330
4201;12004;24/07/2023;202330;303;12120,00;;HYPER;;NFK|4201|12004|202330
4201;12066;24/07/2023;202330;281;17035,62;;HYPER;;NFK|4201|12066|202330
4201;12190;24/07/2023;202330;165;3712,50;;HYPER;;NFK|4201|12190|202330
4201;20015;24/07/2023;202330;685;17424,69;;HYPER;C;NFK|4201|20015|202330
4201;20041;24/07/2023;202330;871;7947,88;;HYPER;A;NFK|4201|20041|202330
4201;20088;24/07/2023;202330;426;24069,00;;HYPER;B;NFK|4201|20088|202330
4201;20131;24/07/2023;202330;256;5408,00;;HYPER;C;NFK|4201|20131|202330
4201;30012;24/07/2023;202330;175;2832,81;;HYPER;;NFK|4201|30012|202330
4201;30077;24/07/2023;202330;227;11917,50;;HYPER;;NFK|4201|30077|202330
4201;30154;24/07/2023;202330;200;3375,00;;HYPER;;NFK|4201|30154|202330
4201;30209;24/07/2023;202330;225;8423,44;;HYPER;;NFK|4201|30209|202330
4205;10023;24/07/2023;202330;521;6186,88;;SUPER;;NFK|4205|10023|202330
4205;10047;24/07/2023;202330;328;3690,00;;SUPER;;NFK|4205|10047|202330
4205;10112;24/07/2023;202330;181;3834,94;;SUPER;;NFK|4205|10112|202330
4205;10310;24/07/2023;202330;155;4165,62;;SUPER;;NFK|4205|10310|202330
4205;11020;24/07/2023;202330;378;7063,87;;SUPER;;NFK|4205|11020|202330
4205;11085;24/07/2023;202330;207;2315,81;;SUPER;;NFK|4205|11085|202330
4205;11142;24/07/2023;202330;181;4513,69;;SUPER;;NFK|4205|11142|202330
4205;12004;24/07/2023;202330;216;8640,00;;SUPER;;NFK|4205|12004|202330
4205;12066;24/07/2023;202330;143;8669,38;;SUPER;;NFK|4205|12066|202330
4205;12190;24/07/2023;202330;115;2587,50;;SUPER;;NFK|4205|12190|202330
4205;20015;24/07/2023;202330;412;10480,25;;SUPER;C;NFK|4205|20015|202330
4205;20041;24/07/2023;202330;397;3622,62;;SUPER;A;NFK|4205|20041|202330
4205;20088;24/07/2023;202330;256;14464,00;;SUPER;B;NFK|4205|20088|202330
4205;20131;24/07/2023;202330;162;3422,25;;SUPER;C;NFK|4205|20131|202330
4205;30012;24/07/2023;202330;92;1489,25;;SUPER;;NFK|4205|30012|202330
4205;30077;24/07/2023;202330;151;7927,50;;SUPER;;NFK|4205|30077|202330
4205;30154;24/07/2023;202330;111;1873,12;;SUPER;;NFK|4205|30154|202330
4205;30209;24/07/2023;202330;145;5428,44;;SUPER;;NFK|4205|30209|202330
4218;10023;24/07/2023;202330;468;5557,50;;SUPER;;NFK|4218|10023|202330
4218;10047;24/07/2023;202330;359;4038,75;;SUPER;;NFK|4218|10047|202330
4218;10112;24/07/2023;202330;213;4512,94;;SUPER;;NFK|4218|10112|202330
4218;10310;24/07/2023;202330;151;4058,12;;SUPER;;NFK|4218|10310|202330
4218;11020;24/07/2023;202330;363;6783,56;;SUPER;;NFK|4218|11020|202330
4218;11085;24/07/2023;202330;264;2953,50;;SUPER;;NFK|4218|11085|202330
4218;11142;24/07/2023;202330;172;4289,25;;SUPER;;NFK|4218|11142|202330
4218;12004;24/07/2023;202330;251;10040,00;;SUPER;;NFK|4218|12004|202330
4218;12066;24/07/2023;202330;151;9154,38;;SUPER;;NFK|4218|12066|202330
4218;12190;24/07/2023;202330;118;2655,00;;SUPER;;NFK|4218|12190|202330
4218;20015;24/07/2023;202330;407;10353,06;;SUPER;C;NFK|4218|20015|202330
4218;20041;24/07/2023;202330;469;4279,62;;SUPER;A;NFK|4218|20041|202330
4218;20088;24/07/2023;202330;277;15650,50;;SUPER;B;NFK|4218|20088|202330
4218;20131;24/07/2023;202330;176;3718,00;;SUPER;C;NFK|4218|20131|202330
4218;30012;24/07/2023;202330;93;1505,44;;SUPER;;NFK|4218|30012|202330
4218;30077;24/07/2023;202330;142;7455,00;;SUPER;;NFK|4218|30077|202330
4218;30154;24/07/2023;202330;131;2210,62;;SUPER;;NFK|4218|30154|202330
4218;30209;24/07/2023;202330;173;6476,69;;SUPER;;NFK|4218|30209|202330
4218;99001;24/07/2023;202330;7;0,00;;SUPER;;NFK|4218|99001|202330
5502;10023;24/07/2023;202330;425;5046,88;;SUPER;;NFK|5502|10023|202330
5502;10047;24/07/2023;202330;252;2835,00;;SUPER;;NFK|5502|10047|202330
5502;10112;24/07/2023;202330;185;3919,69;;SUPER;;NFK|5502|10112|202330
5502;10310;24/07/2023;202330;149;4004,38;;SUPER;;NFK|5502|10310|202330
5502;11020;24/07/2023;202330;341;6372,44;;SUPER;;NFK|5502|11020|202330
5502;11085;24/07/2023;202330;195;2181,56;;SUPER;;NFK|5502|11085|202330
5502;11142;24/07/2023;202330;174;4339,12;;SUPER;;NFK|5502|11142|202330
5502;12004;24/07/2023;202330;179;7160,00;;SUPER;;NFK|5502|12004|202330
5502;12066;24/07/2023;202330;159;9639,38;;SUPER;;NFK|5502|12066|202330
5502;12190;24/07/2023;202330;92;2070,00;;SUPER;;NFK|5502|12190|202330
5502;20015;24/07/2023;202330;348;8852,25;;SUPER;C;NFK|5502|20015|202330
5502;20041;24/07/2023;202330;459;4188,38;;SUPER;A;NFK|5502|20041|202330
5502;20088;24/07/2023;202330;212;11978,00;;SUPER;B;NFK|5502|20088|202330
5502;20131;24/07/2023;202330;138;2915,25;;SUPER;C;NFK|5502|20131|202330
5502;30012;24/07/2023;202330;104;1683,50;;SUPER;;NFK|5502|30012|202330
5502;30077;24/07/2023;202330;132;6930,00;;SUPER;;NFK|5502|30077|202330
5502;30154;24/07/2023;202330;107;1805,62;;SUPER;;NFK|5502|30154|202330
5502;30209;24/07/2023;202330;144;5391,00;;SUPER;;NFK|5502|30209|202330
5511;10023;24/07/2023;202330;198;2351,25;;PARTNER;;NFK|5511|10023|202330
5511;10047;24/07/2023;202330;101;1136,25;;PARTNER;;NFK|5511|10047|202330
5511;10112;24/07/2023;202330;66;1398,38;;PARTNER;;NFK|5511|10112|202330
5511;10310;24/07/2023;202330;56;1505,00;;PARTNER;;NFK|5511|10310|202330
5511;11020;24/07/2023;202330;149;2784,44;;PARTNER;;NFK|5511|11020|202330
5511;11085;24/07/2023;202330;88;984,50;;PARTNER;;NFK|5511|11085|202330
5511;11142;24/07/2023;202330;61;1521,19;;PARTNER;;NFK|5511|11142|202330
5511;12004;24/07/2023;202330;68;2720,00;;PARTNER;;NFK|5511|12004|202330
5511;12066;24/07/2023;202330;51;3091,88;;PARTNER;;NFK|5511|12066|202330
5511;12190;24/07/2023;202330;44;990,00;;PARTNER;;NFK|5511|12190|202330
5511;20015;24/07/2023;202330;120;3052,50;;PARTNER;C;NFK|5511|20015|202330
5511;20041;24/07/2023;202330;167;1523,88;;PARTNER;A;NFK|5511|20041|202330
5511;20088;24/07/2023;202330;90;5085,00;;PARTNER;B;NFK|5511|20088|202330
5511;20131;24/07/2023;202330;64;1352,00;;PARTNER;C;NFK|5511|20131|202330
5511;30012;24/07/2023;202330;38;615,12;;PARTNER;;NFK|5511|30012|202330
5511;30077;24/07/2023;202330;64;3360,00;;PARTNER;;NFK|5511|30077|202330
5511;30154;24/07/2023;202330;45;759,38;;PARTNER;;NFK|5511|30154|202330
5511;30209;24/07/2023;202330;46;1722,12;;PARTNER;;NFK|5511|30209|202330
9001;10023;24/07/2023;202330;26;308,75;;DEPOT;;NFK|9001|10023|202330
9001;10047;24/07/2023;202330;17;191,25;;DEPOT;;NFK|9001|10047|202330
9001;10112;24/07/2023;202330;9;190,69;;DEPOT;;NFK|9001|10112|202330
9001;10310;24/07/2023;202330;7;188,12;;DEPOT;;NFK|9001|10310|202330
9001;11020;24/07/2023;202330;20;373,75;;DEPOT;;NFK|9001|11020|202330
9001;11085;24/07/2023;202330;10;111,88;;DEPOT;;NFK|9001|11085|202330
9001;11142;24/07/2023;202330;9;224,44;;DEPOT;;NFK|9001|11142|202330
9001;12004;24/07/2023;202330;10;400,00;;DEPOT;;NFK|9001|12004|202330
9001;12066;24/07/2023;202330;8;485,00;;DEPOT;;NFK|9001|12066|202330
9001;12190;24/07/2023;202330;5;112,50;;DEPOT;;NFK|9001|12190|202330
9001;20015;24/07/2023;202330;20;508,75;;DEPOT;C;NFK|9001|20015|202330
9001;20041;24/07/2023;202330;24;219,00;;DEPOT;A;NFK|9001|20041|202330
9001;20088;24/07/2023;202330;13;734,50;;DEPOT;B;NFK|9001|20088|202330
9001;20131;24/07/2023;202330;8;169,00;;DEPOT;C;NFK|9001|20131|202330
9001;30012;24/07/2023;202330;6;97,12;;DEPOT;;NFK|9001|30012|202330
9001;30077;24/07/2023;202330;9;472,50;;DEPOT;;NFK|9001|30077|202330
9001;30154;24/07/2023;202330;6;101,25;;DEPOT;;NFK|9001|30154|202330
9001;30209;24/07/2023;202330;8;299,50;;DEPOT;;NFK|9001|30209|202330
1101;10023;31/07/2023;202331;475;5640,62;;SUPER;;NFK|1101|10023|202331
1101;10047;31/07/2023;202331;284;3195,00;;SUPER;;NFK|1101|10047|202331
1101;10112;31/07/2023;202331;160;3390,00;;SUPER;;NFK|1101|10112|202331
1101;10310;31/07/2023;202331;144;3870,00;;SUPER;;NFK|1101|10310|202331
1101;11020;31/07/2023;202331;398;7437,62;;SUPER;;NFK|1101|11020|202331
1101;11085;31/07/2023;202331;203;2271,06;;SUPER;;NFK|1101|11085|202331
1101;11142;31/07/2023;202331;257;4295,11;MP;SUPER;;NFK|1101|11142|202331
1101;12004;31/07/2023;202331;215;8600,00;;SUPER;;NFK|1101|12004|202331
1101;12066;31/07/2023;202331;144;8730,00;;SUPER;;NFK|1101|12066|202331
1101;12190;31/07/2023;202331;104;2340,00;;SUPER;;NFK|1101|12190|202331
1101;20015;31/07/2023;202331;272;6919,00;;SUPER;C;NFK|1101|20015|202331
1101;20041;31/07/2023;202331;346;3157,25;;SUPER;A;NFK|1101|20041|202331
1101;20088;31/07/2023;202331;221;12486,50;;SUPER;B;NFK|1101|20088|202331
1101;20131;31/07/2023;202331;116;2450,50;;SUPER;C;NFK|1101|20131|202331
1101;30012;31/07/2023;202331;100;1618,75;;SUPER;;NFK|1101|30012|202331
1101;30077;31/07/2023;202331;137;7192,50;;SUPER;;NFK|1101|30077|202331
1101;30154;31/07/2023;202331;124;2092,50;;SUPER;;NFK|1101|30154|202331
1101;30209;31/07/2023;202331;166;6214,62;;SUPER;;NFK|1101|30209|202331
1102;10023;31/07/2023;202331;524;6222,50;;SUPER;;NFK|1102|10023|202331
1102;10047;31/07/2023;202331;320;3600,00;;SUPER;;NFK|1102|10047|202331
1102;10112;31/07/2023;202331;170;3601,88;;SUPER;;NFK|1102|10112|202331
1102;10310;31/07/2023;202331;145;3896,88;;SUPER;;NFK|1102|10310|202331
1102;11020;31/07/2023;202331;391;7306,81;;SUPER;;NFK|1102|11020|202331
1102;11085;31/07/2023;202331;239;2673,81;;SUPER;;NFK|1102|11085|202331
1102;11142;31/07/2023;202331;288;4813,20;MP;SUPER;;NFK|1102|11142|202331
1102;12004;31/07/2023;202331;193;7720,00;;SUPER;;NFK|1102|12004|202331
1102;12066;31/07/2023;202331;145;8790,62;;SUPER;;NFK|1102|12066|202331
1102;12190;31/07/2023;202331;109;2452,50;;SUPER;;NFK|1102|12190|202331
1102;20015;31/07/2023;202331;256;6512,00;;SUPER;C;NFK|1102|20015|202331
1102;20041;31/07/2023;202331;323;2947,38;;SUPER;A;NFK|1102|20041|202331
1102;20088;31/07/2023;202331;187;10565,50;;SUPER;B;NFK|1102|20088|202331
1102;20131;31/07/2023;202331;109;2302,62;;SUPER;C;NFK|1102|20131|202331
1102;30012;31/07/2023;202331;101;1634,94;;SUPER;;NFK|1102|30012|202331
1102;30077;31/07/2023;202331;145;7612,50;;SUPER;;NFK|1102|30077|202331
1102;30154;31/07/2023;202331;111;1873,12;;SUPER;;NFK|1102|30154|202331
1102;30209;31/07/2023;202331;120;4492,50;;SUPER;;NFK|1102|30209|202331
1102;99001;31/07/2023;202331;7;0,00;;SUPER;;NFK|1102|99001|202331
1103;10023;31/07/2023;202331;221;2624,38;;NAER;;NFK|1103|10023|202331
1103;10047;31/07/2023;202331;158;1777,50;;NAER;;NFK|1103|10047|202331
1103;10112;31/07/2023;202331;82;1737,37;;NAER;;NFK|1103|10112|202331
1103;10310;31/07/2023;202331;73;1961,88;;NAER;;NFK|1103|10310|202331
1103;11020;31/07/2023;202331;173;3232,94;;NAER;;NFK|1103|11020|202331
1103;11085;31/07/2023;202331;113;1264,19;;NAER;;NFK|1103|11085|202331
1103;11142;31/07/2023;202331;138;2306,32;MP;NAER;;NFK|1103|11142|202331
1103;12004;31/07/2023;202331;117;4680,00;;NAER;;NFK|1103|12004|202331
1103;12066;31/07/2023;202331;76;4607,50;;NAER;;NFK|1103|12066|202331
1103;12190;31/07/2023;202331;59;1327,50;;NAER;;NFK|1103|12190|202331
1103;20015;31/07/2023;202331;133;3383,19;;NAER;C;NFK|1103|20015|202331
1103;20041;31/07/2023;202331;184;1679,00;;NAER;A;NFK|1103|20041|202331
1103;20088;31/07/2023;202331;84;4746,00;;NAER;B;NFK|1103|20088|202331
1103;20131;31/07/2023;202331;71;1499,88;;NAER;C;NFK|1103|20131|202331
1103;30012;31/07/2023;202331;54;874,12;;NAER;;NFK|1103|30012|202331
1103;30077;31/07/2023;202331;69;3622,50;;NAER;;NFK|1103|30077|202331
1103;30154;31/07/2023;202331;56;945,00;;NAER;;NFK|1103|30154|202331
1103;30209;31/07/2023;202331;71;2658,06;;NAER;;NFK|1103|30209|202331
1108;10023;31/07/2023;202331;971;11530,62;;HYPER;;NFK|1108|10023|202331
1108;10047;31/07/2023;202331;524;5895,00;;HYPER;;NFK|1108|10047|202331
1108;10112;31/07/2023;202331;379;8030,06;;HYPER;;NFK|1108|10112|202331
1108;10310;31/07/2023;202331;292;7847,50;;HYPER;;NFK|1108|10310|202331
1108;11020;31/07/2023;202331;672;12558,00;;HYPER;;NFK|1108|11020|202331
1108;11085;31/07/2023;202331;453;5067,94;;HYPER;;NFK|1108|11085|202331
1108;11142;31/07/2023;202331;488;8155,70;MP;HYPER;;NFK|1108|11142|202331
1108;12004;31/07/2023;202331;402;16080,00;;HYPER;;NFK|1108|12004|202331
1108;12066;31/07/2023;202331;299;18126,88;;HYPER;;NFK|1108|12066|202331
1108;12190;31/07/2023;202331;186;4185,00;;HYPER;;NFK|1108|12190|202331
1108;20015;31/07/2023;202331;494;12566,12;;HYPER;C;NFK|1108|20015|202331
1108;20041;31/07/2023;202331;750;6843,75;;HYPER;A;NFK|1108|20041|202331
1108;20088;31/07/2023;202331;411;23221,50;;HYPER;B;NFK|1108|20088|202331
1108;20131;31/07/2023;202331;281;5936,12;;HYPER;C;NFK|1108|20131|202331
1108;30012;31/07/2023;202331;182;2946,12;;HYPER;;NFK|1108|30012|202331
1108;30077;31/07/2023;202331;318;16695,00;;HYPER;;NFK|1108|30077|202331
1108;30154;31/07/2023;202331;234;3948,75;;HYPER;;NFK|1108|30154|202331
1108;30209;31/07/2023;202331;237;8872,69;;HYPER;;NFK|1108|30209|202331
3104;10023;31/07/2023;202331;455;5403,12;;SUPER;;NFK|3104|10023|202331
3104;10047;31/07/2023;202331;289;3251,25;;SUPER;;NFK|3104|10047|202331
3104;10112;31/07/2023;202331;164;3474,75;;SUPER;;NFK|3104|10112|202331
3104;10310;31/07/2023;202331;142;3816,25;;SUPER;;NFK|3104|10310|202331
3104;11020;31/07/2023;202331;383;7157,31;;SUPER;;NFK|3104|11020|202331
3104;11085;31/07/2023;202331;206;2304,62;;SUPER;;NFK|3104|11085|202331
3104;11142;31/07/2023;202331;252;4211,55;MP;SUPER;;NFK|3104|11142|202331
3104;12004;31/07/2023;202331;196;7840,00;;SUPER;;NFK|3104|12004|202331
3104;12066;31/07/2023;202331;126;7638,75;;SUPER;;NFK|3104|12066|202331
3104;12190;31/07/2023;202331;98;2205,00;;SUPER;;NFK|3104|12190|202331
3104;20015;31/07/2023;202331;225;5723,44;;SUPER;C;NFK|3104|20015|202331
3104;20041;31/07/2023;202331;317;2892,62;;SUPER;A;NFK|3104|20041|202331
3104;20088;31/07/2023;202331;172;9718,00;;SUPER;B;NFK|3104|20088|202331
3104;20131;31/07/2023;202331;113;2387,12;;SUPER;C;NFK|3104|20131|202331
3104;30012;31/07/2023;202331;88;1424,50;;SUPER;;NFK|3104|30012|202331
3104;30077;31/07/2023;202331;143;7507,50;;SUPER;;NFK|3104|30077|202331
3104;30154;31/07/2023;202331;101;1704,38;;SUPER;;NFK|3104|30154|202331
3104;30209;31/07/2023;202331;116;4342,75;;SUPER;;NFK|3104|30209|202331
3104;99001;31/07/2023;202331;7;0,00;;SUPER;;NFK|3104|99001|202331
3117;10023;31/07/2023;202331;181;2149,38;;NAER;;NFK|3117|10023|202331
3117;10047;31/07/2023;202331;131;1473,75;;NAER;;NFK|3117|10047|202331
3117;10112;31/07/2023;202331;65;1377,19;;NAER;;NFK|3117|10112|202331
3117;10310;31/07/2023;202331;67;1800,62;;NAER;;NFK|3117|10310|202331
3117;11020;31/07/2023;202331;175;3270,31;;NAER;;NFK|3117|11020|202331
3117;11085;31/07/2023;202331;107;1197,06;;NAER;;NFK|3117|11085|202331
3117;11142;31/07/2023;202331;128;2139,20;MP;NAER;;NFK|3117|11142|202331
3117;12004;31/07/2023;202331;86;3440,00;;NAER;;NFK|3117|12004|202331
3117;12066;31/07/2023;202331;66;4001,25;;NAER;;NFK|3117|12066|202331
3117;12190;31/07/2023;202331;48;1080,00;;NAER;;NFK|3117|12190|202331
3117;20015;31/07/2023;202331;118;3001,62;;NAER;C;NFK|3117|20015|202331
3117;20041;31/07/2023;202331;150;1368,75;;NAER;A;NFK|3117|20041|202331
3117;20088;31/07/2023;202331;86;4859,00;;NAER;B;NFK|3117|20088|202331
3117;20131;31/07/2023;202331;61;1288,62;;NAER;C;NFK|3117|20131|202331
3117;30012;31/07/2023;202331;37;598,94;;NAER;;NFK|3117|30012|202331
3117;30077;31/07/2023;202331;60;3150,00;;NAER;;NFK|3117|30077|202331
3117;30154;31/07/2023;202331;54;911,25;;NAER;;NFK|3117|30154|202331
3117;30209;31/07/2023;202331;61;2283,69;;NAER;;NFK|3117|30209|202331
3122;10023;31/07/2023;202331;134;1591,25;;FRANCHISE;;NFK|3122|10023|202331
3122;10047;31/07/2023;202331;87;978,75;;FRANCHISE;;NFK|3122|10047|202331
3122;10112;31/07/2023;202331;49;1038,19;;FRANCHISE;;NFK|3122|10112|202331
3122;10310;31/07/2023;202331;39;1048,12;;FRANCHISE;;NFK|3122|10310|202331
3122;11020;31/07/2023;202331;131;2448,06;;FRANCHISE;;NFK|3122|11020|202331
3122;11085;31/07/2023;202331;73;816,69;;FRANCHISE;;NFK|3122|11085|202331
3122;11142;31/07/2023;202331;80;1337,00;MP;FRANCHISE;;NFK|3122|11142|202331
3122;12004;31/07/2023;202331;69;2760,00;;FRANCHISE;;NFK|3122|12004|202331
3122;12066;31/07/2023;202331;41;2485,62;;FRANCHISE;;NFK|3122|12066|202331
3122;12190;31/07/2023;202331;36;810,00;;FRANCHISE;;NFK|3122|12190|202331
3122;20015;31/07/2023;202331;81;2060,44;;FRANCHISE;C;NFK|3122|20015|202331
3122;20041;31/07/2023;202331;116;1058,50;;FRANCHISE;A;NFK|3122|20041|202331
3122;20088;31/07/2023;202331;60;3390,00;;FRANCHISE;B;NFK|3122|20088|202331
3122;20131;31/07/2023;202331;45;950,62;;FRANCHISE;C;NFK|3122|20131|202331
3122;30012;31/07/2023;202331;33;534,19;;FRANCHISE;;NFK|3122|30012|202331
3122;30077;31/07/2023;202331;43;2257,50;;FRANCHISE;;NFK|3122|30077|202331
3122;30154;31/07/2023;202331;30;506,25;;FRANCHISE;;NFK|3122|30154|202331
3122;30209;31/07/2023;202331;44;1647,25;;FRANCHISE;;NFK|3122|30209|202331
4201;10023;31/07/2023;202331;813;9654,38;;HYPER;;NFK|4201|10023|202331
4201;10047;31/07/2023;202331;547;6153,75;;HYPER;;NFK|4201|10047|202331
4201;10112;31/07/2023;202331;274;5805,38;;HYPER;;NFK|4201|10112|202331
4201;10310;31/07/2023;202331;203;5455,62;;HYPER;;NFK|4201|10310|202331
4201;11020;31/07/2023;202331;688;12857,00;;HYPER;;NFK|4201|11020|202331
4201;11085;31/07/2023;202331;326;3647,12;;HYPER;;NFK|4201|11085|202331
4201;11142;31/07/2023;202331;464;7754,60;MP;HYPER;;NFK|4201|11142|202331
4201;12004;31/07/2023;202331;327;13080,00;;HYPER;;NFK|4201|12004|202331
4201;12066;31/07/2023;202331;231;14004,38;;HYPER;;NFK|4201|12066|202331
4201;12190;31/07/2023;202331;174;3915,00;;HYPER;;NFK|4201|12190|202331
4201;20015;31/07/2023;202331;423;10760,06;;HYPER;C;NFK|4201|20015|202331
4201;20041;31/07/2023;202331;632;5767,00;;HYPER;A;NFK|4201|20041|202331
4201;20088;31/07/2023;202331;331;18701,50;;HYPER;B;NFK|4201|20088|202331
4201;20131;31/07/2023;202331;215;4541,88;;HYPER;C;NFK|4201|20131|202331
4201;30012;31/07/2023;202331;156;2525,25;;HYPER;;NFK|4201|30012|202331
4201;30077;31/07/2023;202331;247;12967,50;;HYPER;;NFK|4201|30077|202331
4201;30154;31/07/2023;202331;187;3155,62;;HYPER;;NFK|4201|30154|202331
4201;30209;31/07/2023;202331;212;7936,75;;HYPER;;NFK|4201|30209|202331
4205;10023;31/07/2023;202331;490;5818,75;;SUPER;;NFK|4205|10023|202331
4205;10047;31/07/2023;202331;319;3588,75;;SUPER;;NFK|4205|10047|202331
4205;10112;31/07/2023;202331;182;3856,12;;SUPER;;NFK|4205|10112|202331
4205;10310;31/07/2023;202331;151;4058,12;;SUPER;;NFK|4205|10310|202331
4205;11020;31/07/2023;202331;412;7699,25;;SUPER;;NFK|4205|11020|202331
4205;11085;31/07/2023;202331;199;2226,31;;SUPER;;NFK|4205|11085|202331
4205;11142;31/07/2023;202331;259;4328,54;MP;SUPER;;NFK|4205|11142|202331
4205;12004;31/07/2023;202331;204;8160,00;;SUPER;;NFK|4205|12004|202331
4205;12066;31/07/2023;202331;160;9700,00;;SUPER;;NFK|4205|12066|202331
4205;12190;31/07/2023;202331;96;2160,00;;SUPER;;NFK|4205|12190|202331
4205;20015;31/07/2023;202331;316;8038,25;;SUPER;C;NFK|4205|20015|202331
4205;20041;31/07/2023;202331;378;3449,25;;SUPER;A;NFK|4205|20041|202331
4205;20088;31/07/2023;202331;210;11865,00;;SUPER;B;NFK|4205|20088|202331
4205;20131;31/07/2023;202331;136;2873,00;;SUPER;C;NFK|4205|20131|202331
4205;30012;31/07/2023;202331;87;1408,31;;SUPER;;NFK|4205|30012|202331
4205;30077;31/07/2023;202331;132;6930,00;;SUPER;;NFK|4205|30077|202331
4205;30154;31/07/2023;202331;114;1923,75;;SUPER;;NFK|4205|30154|202331
4205;30209;31/07/2023;202331;153;5727,94;;SUPER;;NFK|4205|30209|202331
4218;10023;31/07/2023;202331;488;5795,00;;SUPER;;NFK|4218|10023|202331
4218;10047;31/07/2023;202331;358;4027,50;;SUPER;;NFK|4218|10047|202331
4218;10112;31/07/2023;202331;184;3898,50;;SUPER;;NFK|4218|10112|202331
4218;10310;31/07/2023;202331;153;4111,88;;SUPER;;NFK|4218|10310|202331
4218;11020;31/07/2023;202331;406;7587,12;;SUPER;;NFK|4218|11020|202331
4218;11085;31/07/2023;202331;255;2852,81;;SUPER;;NFK|4218|11085|202331
4218;11142;31/07/2023;202331;269;4495,66;MP;SUPER;;NFK|4218|11142|202331
4218;12004;31/07/2023;202331;229;9160,00;;SUPER;;NFK|4218|12004|202331
4218;12066;31/07/2023;202331;182;11033,75;;SUPER;;NFK|4218|12066|202331
4218;12190;31/07/2023;202331;129;2902,50;;SUPER;;NFK|4218|12190|202331
4218;20015;31/07/2023;202331;284;7224,25;;SUPER;C;NFK|4218|20015|202331
4218;20041;31/07/2023;202331;327;2983,88;;SUPER;A;NFK|4218|20041|202331
4218;20088;31/07/2023;202331;179;10113,50;;SUPER;B;NFK|4218|20088|202331
4218;20131;31/07/2023;202331;156;3295,50;;SUPER;C;NFK|4218|20131|202331
4218;30012;31/07/2023;202331;113;1829,19;;SUPER;;NFK|4218|30012|202331
4218;30077;31/07/2023;202331;140;7350,00;;SUPER;;NFK|4218|30077|202331
4218;30154;31/07/2023;202331;123;2075,62;;SUPER;;NFK|4218|30154|202331
4218;30209;31/07/2023;202331;139;5203,81;;SUPER;;NFK|4218|30209|202331
4218;99001;31/07/2023;202331;8;0,00;;SUPER;;NFK|4218|99001|202331
5502;10023;31/07/2023;202331;479;5688,12;;SUPER;;NFK|5502|10023|202331
5502;10047;31/07/2023;202331;279;3138,75;;SUPER;;NFK|5502|10047|202331
5502;10112;31/07/2023;202331;145;3072,19;;SUPER;;NFK|5502|10112|202331
5502;10310;31/07/2023;202331;125;3359,38;;SUPER;;NFK|5502|10310|202331
5502;11020;31/07/2023;202331;409;7643,19;;SUPER;;NFK|5502|11020|202331
5502;11085;31/07/2023;202331;225;2517,19;;SUPER;;NFK|5502|11085|202331
5502;11142;31/07/2023;202331;254;4244,98;MP;SUPER;;NFK|5502|11142|202331
5502;12004;31/07/2023;202331;169;6760,00;;SUPER;;NFK|5502|12004|202331
5502;12066;31/07/2023;202331;161;9760,62;;SUPER;;NFK|5502|12066|202331
5502;12190;31/07/2023;202331;108;2430,00;;SUPER;;NFK|5502|12190|202331
5502;20015;31/07/2023;202331;275;6995,31;;SUPER;C;NFK|5502|20015|202331
5502;20041;31/07/2023;202331;353;3221,12;;SUPER;A;NFK|5502|20041|202331
5502;20088;31/07/2023;202331;156;8814,00;;SUPER;B;NFK|5502|20088|202331
5502;20131;31/07/2023;202331;128;2704,00;;SUPER;C;NFK|5502|20131|202331
5502;30012;31/07/2023;202331;93;1505,44;;SUPER;;NFK|5502|30012|202331
5502;30077;31/07/2023;202331;156;8190,00;;SUPER;;NFK|5502|30077|202331
5502;30154;31/07/2023;202331;115;1940,62;;SUPER;;NFK|5502|30154|202331
5502;30209;31/07/2023;202331;126;4717,12;;SUPER;;NFK|5502|30209|202331
5511;10023;31/07/2023;202331;168;1995,00;;PARTNER;;NFK|5511|10023|202331
5511;10047;31/07/2023;202331;111;1248,75;;PARTNER;;NFK|5511|10047|202331
5511;10112;31/07/2023;202331;60;1271,25;;PARTNER;;NFK|5511|10112|202331
5511;10310;31/07/2023;202331;50;1343,75;;PARTNER;;NFK|5511|10310|202331
5511;11020;31/07/2023;202331;123;2298,56;;PARTNER;;NFK|5511|11020|202331
5511;11085;31/07/2023;202331;81;906,19;;PARTNER;;NFK|5511|11085|202331
5511;11142;31/07/2023;202331;100;1671,25;MP;PARTNER;;NFK|5511|11142|202331
5511;12004;31/07/2023;202331;71;2840,00;;PARTNER;;NFK|5511|12004|202331
5511;12066;31/07/2023;202331;58;3516,25;;PARTNER;;NFK|5511|12066|202331
5511;12190;31/07/2023;202331;42;945,00;;PARTNER;;NFK|5511|12190|202331
5511;20015;31/07/2023;202331;105;2670,94;;PARTNER;C;NFK|5511|20015|202331
5511;20041;31/07/2023;202331;117;1067,62;;PARTNER;A;NFK|5511|20041|202331
5511;20088;31/07/2023;202331;67;3785,50;;PARTNER;B;NFK|5511|20088|202331
5511;20131;31/07/2023;202331;47;992,88;;PARTNER;C;NFK|5511|20131|202331
5511;30012;31/07/2023;202331;38;615,12;;PARTNER;;NFK|5511|30012|202331
5511;30077;31/07/2023;202331;61;3202,50;;PARTNER;;NFK|5511|30077|202331
5511;30154;31/07/2023;202331;44;742,50;;PARTNER;;NFK|5511|30154|202331
5511;30209;31/07/2023;202331;46;1722,12;;PARTNER;;NFK|5511|30209|202331
9001;10023;31/07/2023;202331;28;332,50;;DEPOT;;NFK|9001|10023|202331
9001;10047;31/07/2023;202331;18;202,50;;DEPOT;;NFK|9001|10047|202331
9001;10112;31/07/2023;202331;10;211,88;;DEPOT;;NFK|9001|10112|202331
9001;10310;31/07/2023;202331;8;215,00;;DEPOT;;NFK|9001|10310|202331
9001;11020;31/07/2023;202331;19;355,06;;DEPOT;;NFK|9001|11020|202331
9001;11085;31/07/2023;202331;13;145,44;;DEPOT;;NFK|9001|11085|202331
9001;11142;31/07/2023;202331;14;233,97;MP;DEPOT;;NFK|9001|11142|202331
9001;12004;31/07/2023;202331;10;400,00;;DEPOT;;NFK|9001|12004|202331
9001;12066;31/07/2023;202331;9;545,62;;DEPOT;;NFK|9001|12066|202331
9001;12190;31/07/2023;202331;7;157,50;;DEPOT;;NFK|9001|12190|202331
9001;20015;31/07/2023;202331;16;407,00;;DEPOT;C;NFK|9001|20015|202331
9001;20041;31/07/2023;202331;19;173,38;;DEPOT;A;NFK|9001|20041|202331
9001;20088;31/07/2023;202331;10;565,00;;DEPOT;B;NFK|9001|20088|202331
9001;20131;31/07/2023;202331;7;147,88;;DEPOT;C;NFK|9001|20131|202331
9001;30012;31/07/2023;202331;5;80,94;;DEPOT;;NFK|9001|30012|202331
9001;30077;31/07/2023;202331;7;367,50;;DEPOT;;NFK|9001|30077|202331
9001;30154;31/07/2023;202331;5;84,38;;DEPOT;;NFK|9001|30154|202331
9001;30209;31/07/2023;202331;7;262,06;;DEPOT;;NFK|9001|30209|202331
9001;99001;31/07/2023;202331;0;0,00;;DEPOT;;NFK|9001|99001|202331
1199;10023;31/07/2023;202331;10;118,75;;SUPER;;NFK|1199|10023|202331
1199;10047;31/07/2023;202331;6;67,50;;SUPER;;NFK|1199|10047|202331
1199;10112;31/07/2023;202331;3;63,56;;SUPER;;NFK|1199|10112|202331
1199;10310;31/07/2023;202331;3;80,62;;SUPER;;NFK|1199|10310|202331
1199;11020;31/07/2023;202331;8;149,50;;SUPER;;NFK|1199|11020|202331
1199;11085;31/07/2023;202331;5;55,94;;SUPER;;NFK|1199|11085|202331
1199;11142;31/07/2023;202331;6;100,28;MP;SUPER;;NFK|1199|11142|202331
1199;12004;31/07/2023;202331;5;200,00;;SUPER;;NFK|1199|12004|202331
1199;12066;31/07/2023;202331;3;181,88;;SUPER;;NFK|1199|12066|202331
1199;12190;31/07/2023;202331;2;45,00;;SUPER;;NFK|1199|12190|202331
1199;20015;31/07/2023;202331;6;152,62;;SUPER;C;NFK|1199|20015|202331
1199;20041;31/07/2023;202331;8;73,00;;SUPER;A;NFK|1199|20041|202331
1199;20088;31/07/2023;202331;4;226,00;;SUPER;B;NFK|1199|20088|202331
1199;20131;31/07/2023;202331;3;63,38;;SUPER;C;NFK|1199|20131|202331
1199;30012;31/07/2023;202331;2;32,38;;SUPER;;NFK|1199|30012|202331
1199;30077;31/07/2023;202331;3;157,50;;SUPER;;NFK|1199|30077|202331
1199;30154;31/07/2023;202331;3;50,62;;SUPER;;NFK|1199|30154|202331
1199;30209;31/07/2023;202331;3;112,31;;SUPER;;NFK|1199|30209|202331
1101;10023;07/08/2023;202332;546;6483,75;;SUPER;;NFK|1101|10023|202332
1101;10047;07/08/2023;202332;318;3577,50;;SUPER;;NFK|1101|10047|202332
1101;10112;07/08/2023;202332;159;3368,81;;SUPER;;NFK|1101|10112|202332
1101;10310;07/08/2023;202332;134;3601,25;;SUPER;;NFK|1101|10310|202332
1101;11020;07/08/2023;202332;359;6708,81;;SUPER;;NFK|1101|11020|202332
1101;11085;07/08/2023;202332;245;2740,94;;SUPER;;NFK|1101|11085|202332
1101;11142;07/08/2023;202332;153;3815,44;;SUPER;;NFK|1101|11142|202332
1101;12004;07/08/2023;202332;188;7520,00;;SUPER;;NFK|1101|12004|202332
1101;12066;07/08/2023;202332;174;10548,75;;SUPER;;NFK|1101|12066|202332
1101;12190;07/08/2023;202332;99;2227,50;;SUPER;;NFK|1101|12190|202332
1101;20015;07/08/2023;202332;315;8012,81;;SUPER;C;NFK|1101|20015|202332
1101;20041;07/08/2023;202332;400;3650,00;;SUPER;A;NFK|1101|20041|202332
1101;20088;07/08/2023;202332;194;10961,00;;SUPER;B;NFK|1101|20088|202332
1101;20131;07/08/2023;202332;150;3168,75;;SUPER;C;NFK|1101|20131|202332
1101;30012;07/08/2023;202332;99;1602,56;;SUPER;;NFK|1101|30012|202332
1101;30077;07/08/2023;202332;179;9397,50;;SUPER;;NFK|1101|30077|202332
1101;30154;07/08/2023;202332;112;1890,00;;SUPER;;NFK|1101|30154|202332
1101;30209;07/08/2023;202332;156;5840,25;;SUPER;;NFK|1101|30209|202332
1102;10023;07/08/2023;202332;511;6068,12;;SUPER;;NFK|1102|10023|202332
1102;10047;07/08/2023;202332;328;3690,00;;SUPER;;NFK|1102|10047|202332
1102;10112;07/08/2023;202332;169;3580,69;;SUPER;;NFK|1102|10112|202332
1102;10310;07/08/2023;202332;127;3413,12;;SUPER;;NFK|1102|10310|202332
1102;11020;07/08/2023;202332;363;6783,56;;SUPER;;NFK|1102|11020|202332
1102;11085;07/08/2023;202332;188;2103,25;;SUPER;;NFK|1102|11085|202332
1102;11142;07/08/2023;202332;155;3865,31;;SUPER;;NFK|1102|11142|202332
1102;12004;07/08/2023;202332;203;8120,00;;SUPER;;NFK|1102|12004|202332
1102;12066;07/08/2023;202332;141;8548,12;;SUPER;;NFK|1102|12066|202332
1102;12190;07/08/2023;202332;102;2295,00;;SUPER;;NFK|1102|12190|202332
1102;20015;07/08/2023;202332;286;7275,12;;SUPER;C;NFK|1102|20015|202332
1102;20041;07/08/2023;202332;351;3202,88;;SUPER;A;NFK|1102|20041|202332
1102;20088;07/08/2023;202332;178;10057,00;;SUPER;B;NFK|1102|20088|202332
1102;20131;07/08/2023;202332;133;2809,62;;SUPER;C;NFK|1102|20131|202332
1102;30012;07/08/2023;202332;83;1343,56;;SUPER;;NFK|1102|30012|202332
1102;30077;07/08/2023;202332;150;7875,00;;SUPER;;NFK|1102|30077|202332
1102;30154;07/08/2023;202332;116;1957,50;;SUPER;;NFK|1102|30154|202332
1102;30209;07/08/2023;202332;130;4866,88;;SUPER;;NFK|1102|30209|202332
1102;99001;07/08/2023;202332;7;0,00;;SUPER;;NFK|1102|99001|202332
1103;10023;07/08/2023;202332;244;2897,50;;NAER;;NFK|1103|10023|202332
1103;10047;07/08/2023;202332;170;1912,50;;NAER;;NFK|1103|10047|202332
1103;10112;07/08/2023;202332;79;1673,81;;NAER;;NFK|1103|10112|202332
1103;10310;07/08/2023;202332;61;1639,38;;NAER;;NFK|1103|10310|202332
1103;11020;07/08/2023;202332;180;3363,75;;NAER;;NFK|1103|11020|202332
1103;11085;07/08/2023;202332;115;1286,56;;NAER;;NFK|1103|11085|202332
1103;11142;07/08/2023;202332;75;1870,31;;NAER;;NFK|1103|11142|202332
1103;12004;07/08/2023;202332;106;4240,00;;NAER;;NFK|1103|12004|202332
1103;12066;07/08/2023;202332;68;4122,50;;NAER;;NFK|1103|12066|202332
1103;12190;07/08/2023;202332;50;1125,00;;NAER;;NFK|1103|12190|202332
1103;20015;07/08/2023;202332;153;3891,94;;NAER;C;NFK|1103|20015|202332
1103;20041;07/08/2023;202332;160;1460,00;;NAER;A;NFK|1103|20041|202332
1103;20088;07/08/2023;202332;81;4576,50;;NAER;B;NFK|1103|20088|202332
1103;20131;07/08/2023;202332;60;1267,50;;NAER;C;NFK|1103|20131|202332
1103;30012;07/08/2023;202332;50;809,38;;NAER;;NFK|1103|30012|202332
1103;30077;07/08/2023;202332;73;3832,50;;NAER;;NFK|1103|30077|202332
1103;30154;07/08/2023;202332;53;894,38;;NAER;;NFK|1103|30154|202332
1103;30209;07/08/2023;202332;68;2545,75;;NAER;;NFK|1103|30209|202332
1103;99001;07/08/2023;202332;3;0,00;;NAER;;NFK|1103|99001|202332
1108;10023;07/08/2023;202332;1016;12065,00;;HYPER;;NFK|1108|10023|202332
1108;10047;07/08/2023;202332;540;6075,00;;HYPER;;NFK|1108|10047|202332
1108;10112;07/08/2023;202332;346;7330,88;;HYPER;;NFK|1108|10112|202332
1108;10310;07/08/2023;202332;279;7498,12;;HYPER;;NFK|1108|10310|202332
1108;11020;07/08/2023;202332;693;12950,44;;HYPER;;NFK|1108|11020|202332
1108;11085;07/08/2023;202332;409;4575,69;;HYPER;;NFK|1108|11085|202332
1108;11142;07/08/2023;202332;312;7780,50;;HYPER;;NFK|1108|11142|202332
1108;12004;07/08/2023;202332;445;17800,00;;HYPER;;NFK|1108|12004|202332
1108;12066;07/08/2023;202332;264;16005,00;;HYPER;;NFK|1108|12066|202332
1108;12190;07/08/2023;202332;241;5422,50;;HYPER;;NFK|1108|12190|202332
1108;20015;07/08/2023;202332;546;13888,87;;HYPER;C;NFK|1108|20015|202332
1108;20041;07/08/2023;202332;646;5894,75;;HYPER;A;NFK|1108|20041|202332
1108;20088;07/08/2023;202332;319;18023,50;;HYPER;B;NFK|1108|20088|202332
1108;20131;07/08/2023;202332;213;4499,62;;HYPER;C;NFK|1108|20131|202332
1108;30012;07/08/2023;202332;208;3367,00;;HYPER;;NFK|1108|30012|202332
1108;30077;07/08/2023;202332;285;14962,50;;HYPER;;NFK|1108|30077|202332
1108;30154;07/08/2023;202332;200;3375,00;;HYPER;;NFK|1108|30154|202332
1108;30209;07/08/2023;202332;234;8760,38;;HYPER;;NFK|1108|30209|202332
1108;99001;07/08/2023;202332;12;0,00;;HYPER;;NFK|1108|99001|202332
3104;10023;07/08/2023;202332;440;5225,00;;SUPER;;NFK|3104|10023|202332
3104;10047;07/08/2023;202332;311;3498,75;;SUPER;;NFK|3104|10047|202332
3104;10112;07/08/2023;202332;180;3813,75;;SUPER;;NFK|3104|10112|202332
3104;10310;07/08/2023;202332;115;3090,62;;SUPER;;NFK|3104|10310|202332
3104;11020;07/08/2023;202332;400;7475,00;;SUPER;;NFK|3104|11020|202332
3104;11085;07/08/2023;202332;217;2427,69;;SUPER;;NFK|3104|11085|202332
3104;11142;07/08/2023;202332;157;3915,19;;SUPER;;NFK|3104|11142|202332
3104;12004;07/08/2023;202332;179;7160,00;;SUPER;;NFK|3104|12004|202332
3104;12066;07/08/2023;202332;140;8487,50;;SUPER;;NFK|3104|12066|202332
3104;12190;07/08/2023;202332;100;2250,00;;SUPER;;NFK|3104|12190|202332
3104;20015;07/08/2023;202332;276;7020,75;;SUPER;C;NFK|3104|20015|202332
3104;20041;07/08/2023;202332;293;2673,62;;SUPER;A;NFK|3104|20041|202332
3104;20088;07/08/2023;202332;166;9379,00;;SUPER;B;NFK|3104|20088|202332
3104;20131;07/08/2023;202332;125;2640,62;;SUPER;C;NFK|3104|20131|202332
3104;30012;07/08/2023;202332;82;1327,37;;SUPER;;NFK|3104|30012|202332
3104;30077;07/08/2023;202332;140;7350,00;;SUPER;;NFK|3104|30077|202332
3104;30154;07/08/2023;202332;90;1518,75;;SUPER;;NFK|3104|30154|202332
3104;30209;07/08/2023;202332;142;5316,12;;SUPER;;NFK|3104|30209|202332
3117;10023;07/08/2023;202332;180;2137,50;;NAER;;NFK|3117|10023|202332
3117;10047;07/08/2023;202332;145;1631,25;;NAER;;NFK|3117|10047|202332
3117;10112;07/08/2023;202332;84;1779,75;;NAER;;NFK|3117|10112|202332
3117;10310;07/08/2023;202332;61;1639,38;;NAER;;NFK|3117|10310|202332
3117;11020;07/08/2023;202332;166;3102,12;;NAER;;NFK|3117|11020|202332
3117;11085;07/08/2023;202332;82;917,38;;NAER;;NFK|3117|11085|202332
3117;11142;07/08/2023;202332;74;1845,38;;NAER;;NFK|3117|11142|202332
3117;12004;07/08/2023;202332;91;3640,00;;NAER;;NFK|3117|12004|202332
3117;12066;07/08/2023;202332;65;3940,62;;NAER;;NFK|3117|12066|202332
3117;12190;07/08/2023;202332;50;1125,00;;NAER;;NFK|3117|12190|202332
3117;20015;07/08/2023;202332;109;2772,69;;NAER;C;NFK|3117|20015|202332
3117;20041;07/08/2023;202332;130;1186,25;;NAER;A;NFK|3117|20041|202332
3117;20088;07/08/2023;202332;80;4520,00;;NAER;B;NFK|3117|20088|202332
3117;20131;07/08/2023;202332;58;1225,25;;NAER;C;NFK|3117|20131|202332
3117;30012;07/08/2023;202332;48;777,00;;NAER;;NFK|3117|30012|202332
3117;30077;07/08/2023;202332;67;3517,50;;NAER;;NFK|3117|30077|202332
3117;30154;07/08/2023;202332;42;708,75;;NAER;;NFK|3117|30154|202332
3117;30209;07/08/2023;202332;68;2545,75;;NAER;;NFK|3117|30209|202332
3122;10023;07/08/2023;202332;161;1911,88;;FRANCHISE;;NFK|3122|10023|202332
3122;10047;07/08/2023;202332;-10;-112,50;;FRANCHISE;;NFK|3122|10047|202332
3122;10112;07/08/2023;202332;57;1207,69;;FRANCHISE;;NFK|3122|10112|202332
3122;10310;07/08/2023;202332;46;1236,25;;FRANCHISE;;NFK|3122|10310|202332
3122;11020;07/08/2023;202332;110;2055,62;;FRANCHISE;;NFK|3122|11020|202332
3122;11085;07/08/2023;202332;64;716,00;;FRANCHISE;;NFK|3122|11085|202332
3122;11142;07/08/2023;202332;48;1197,00;;FRANCHISE;;NFK|3122|11142|202332
3122;12004;07/08/2023;202332;64;2560,00;;FRANCHISE;;NFK|3122|12004|202332
3122;12066;07/08/2023;202332;52;3152,50;;FRANCHISE;;NFK|3122|12066|202332
3122;12190;07/08/2023;202332;38;855,00;;FRANCHISE;;NFK|3122|12190|202332
3122;20015;07/08/2023;202332;98;2492,88;;FRANCHISE;C;NFK|3122|20015|202332
3122;20041;07/08/2023;202332;107;976,38;;FRANCHISE;A;NFK|3122|20041|202332
3122;20088;07/08/2023;202332;60;3390,00;;FRANCHISE;B;NFK|3122|20088|202332
3122;20131;07/08/2023;202332;43;908,38;;FRANCHISE;C;NFK|3122|20131|202332
3122;30012;07/08/2023;202332;31;501,81;;FRANCHISE;;NFK|3122|30012|202332
3122;30077;07/08/2023;202332;45;2362,50;;FRANCHISE;;NFK|3122|30077|202332
3122;30154;07/08/2023;202332;32;540,00;;FRANCHISE;;NFK|3122|30154|202332
3122;30209;07/08/2023;202332;48;1797,00;;FRANCHISE;;NFK|3122|30209|202332
4201;10023;07/08/2023;202332;870;10331,25;;HYPER;;NFK|4201|10023|202332
4201;10047;07/08/2023;202332;473;5321,25;;HYPER;;NFK|4201|10047|202332
4201;10112;07/08/2023;202332;306;6483,38;;HYPER;;NFK|4201|10112|202332
4201;10310;07/08/2023;202332;260;6987,50;;HYPER;;NFK|4201|10310|202332
4201;11020;07/08/2023;202332;643;12016,06;;HYPER;;NFK|4201|11020|202332
4201;11085;07/08/2023;202332;417;4665,19;;HYPER;;NFK|4201|11085|202332
4201;11142;07/08/2023;202332;291;7256,81;;HYPER;;NFK|4201|11142|202332
4201;12004;07/08/2023;202332;368;14720,00;;HYPER;;NFK|4201|12004|202332
4201;12066;07/08/2023;202332;265;16065,62;;HYPER;;NFK|4201|12066|202332
4201;12190;07/08/2023;202332;180;4050,00;;HYPER;;NFK|4201|12190|202332
4201;20015;07/08/2023;202332;428;10887,25;;HYPER;C;NFK|4201|20015|202332
4201;20041;07/08/2023;202332;563;5137,38;;HYPER;A;NFK|4201|20041|202332
4201;20088;07/08/2023;202332;340;19210,00;;HYPER;B;NFK|4201|20088|202332
4201;20131;07/08/2023;202332;189;3992,62;;HYPER;C;NFK|4201|20131|202332
4201;30012;07/08/2023;202332;175;2832,81;;HYPER;;NFK|4201|30012|202332
4201;30077;07/08/2023;202332;-29;-1522,50;;HYPER;;NFK|4201|30077|202332
4201;30154;07/08/2023;202332;185;3121,88;;HYPER;;NFK|4201|30154|202332
4201;30209;07/08/2023;202332;257;9621,44;;HYPER;;NFK|4201|30209|202332
4201;99001;07/08/2023;202332;12;0,00;;HYPER;;NFK|4201|99001|202332
4205;10023;07/08/2023;202332;536;6365,00;;SUPER;;NFK|4205|10023|202332
4205;10047;07/08/2023;202332;269;3026,25;;SUPER;;NFK|4205|10047|202332
4205;10112;07/08/2023;202332;182;3856,12;;SUPER;;NFK|4205|10112|202332
4205;10310;07/08/2023;202332;141;3789,38;;SUPER;;NFK|4205|10310|202332
4205;11020;07/08/2023;202332;406;7587,12;;SUPER;;NFK|4205|11020|202332
4205;11085;07/08/2023;202332;244;2729,75;;SUPER;;NFK|4205|11085|202332
4205;11142;07/08/2023;202332;173;4314,19;;SUPER;;NFK|4205|11142|202332
4205;12004;07/08/2023;202332;209;8360,00;;SUPER;;NFK|4205|12004|202332
4205;12066;07/08/2023;202332;133;8063,12;;SUPER;;NFK|4205|12066|202332
4205;12190;07/08/2023;202332;104;2340,00;;SUPER;;NFK|4205|12190|202332
4205;20015;07/08/2023;202332;256;6512,00;;SUPER;C;NFK|4205|20015|202332
4205;20041;07/08/2023;202332;347;3166,38;;SUPER;A;NFK|4205|20041|202332
4205;20088;07/08/2023;202332;190;10735,00;;SUPER;B;NFK|4205|20088|202332
4205;20131;07/08/2023;202332;110;2323,75;;SUPER;C;NFK|4205|20131|202332
4205;30012;07/08/2023;202332;97;1570,19;;SUPER;;NFK|4205|30012|202332
4205;30077;07/08/2023;202332;153;8032,50;;SUPER;;NFK|4205|30077|202332
4205;30154;07/08/2023;202332;115;1940,62;;SUPER;;NFK|4205|30154|202332
4205;30209;07/08/2023;202332;130;4866,88;;SUPER;;NFK|4205|30209|202332
4218;10023;07/08/2023;202332;517;6139,38;;SUPER;;NFK|4218|10023|202332
4218;10047;07/08/2023;202332;315;3543,75;;SUPER;;NFK|4218|10047|202332
4218;10112;07/08/2023;202332;164;3474,75;;SUPER;;NFK|4218|10112|202332
4218;10310;07/08/2023;202332;131;3520,62;;SUPER;;NFK|4218|10310|202332
4218;11020;07/08/2023;202332;451;8428,06;;SUPER;;NFK|4218|11020|202332
4218;11085;07/08/2023;202332;263;2942,31;;SUPER;;NFK|4218|11085|202332
4218;11142;07/08/2023;202332;184;4588,50;;SUPER;;NFK|4218|11142|202332
4218;12004;07/08/2023;202332;217;8680,00;;SUPER;;NFK|4218|12004|202332
4218;12066;07/08/2023;202332;159;9639,38;;SUPER;;NFK|4218|12066|202332
4218;12190;07/08/2023;202332;118;2655,00;;SUPER;;NFK|4218|12190|202332
4218;20015;07/08/2023;202332;296;7529,50;;SUPER;C;NFK|4218|20015|202332
4218;20041;07/08/2023;202332;407;3713,88;;SUPER;A;NFK|4218|20041|202332
4218;20088;07/08/2023;202332;189;10678,50;;SUPER;B;NFK|4218|20088|202332
4218;20131;07/08/2023;202332;127;2682,88;;SUPER;C;NFK|4218|20131|202332
4218;30012;07/08/2023;202332;112;1813,00;;SUPER;;NFK|4218|30012|202332
4218;30077;07/08/2023;202332;139;7297,50;;SUPER;;NFK|4218|30077|202332
4218;30154;07/08/2023;202332;109;1839,38;;SUPER;;NFK|4218|30154|202332
4218;30209;07/08/2023;202332;156;5840,25;;SUPER;;NFK|4218|30209|202332
5502;10023;07/08/2023;202332;465;5521,88;;SUPER;;NFK|5502|10023|202332
5502;10047;07/08/2023;202332;244;2745,00;;SUPER;;NFK|5502|10047|202332
5502;10112;07/08/2023;202332;181;3834,94;;SUPER;;NFK|5502|10112|202332
5502;10310;07/08/2023;202332;144;3870,00;;SUPER;;NFK|5502|10310|202332
5502;11020;07/08/2023;202332;408;7624,50;;SUPER;;NFK|5502|11020|202332
5502;11085;07/08/2023;202332;229;2561,94;;SUPER;;NFK|5502|11085|202332
5502;11142;07/08/2023;202332;164;4089,75;;SUPER;;NFK|5502|11142|202332
5502;12004;07/08/2023;202332;198;7920,00;;SUPER;;NFK|5502|12004|202332
5502;12066;07/08/2023;202332;140;8487,50;;SUPER;;NFK|5502|12066|202332
5502;12190;07/08/2023;202332;100;2250,00;;SUPER;;NFK|5502|12190|202332
5502;20015;07/08/2023;202332;262;6664,62;;SUPER;C;NFK|5502|20015|202332
5502;20041;07/08/2023;202332;346;3157,25;;SUPER;A;NFK|5502|20041|202332
5502;20088;07/08/2023;202332;182;10283,00;;SUPER;B;NFK|5502|20088|202332
5502;20131;07/08/2023;202332;112;2366,00;;SUPER;C;NFK|5502|20131|202332
5502;30012;07/08/2023;202332;94;1521,62;;SUPER;;NFK|5502|30012|202332
5502;30077;07/08/2023;202332;125;6562,50;;SUPER;;NFK|5502|30077|202332
5502;30154;07/08/2023;202332;101;1704,38;;SUPER;;NFK|5502|30154|202332
5502;30209;07/08/2023;202332;119;4455,06;;SUPER;;NFK|5502|30209|202332
5511;10023;07/08/2023;202332;194;2303,75;;PARTNER;;NFK|5511|10023|202332
5511;10047;07/08/2023;202332;112;1260,00;;PARTNER;;NFK|5511|10047|202332
5511;10112;07/08/2023;202332;67;1419,56;;PARTNER;;NFK|5511|10112|202332
5511;10310;07/08/2023;202332;51;1370,62;;PARTNER;;NFK|5511|10310|202332
5511;11020;07/08/2023;202332;133;2485,44;;PARTNER;;NFK|5511|11020|202332
5511;11085;07/08/2023;202332;75;839,06;;PARTNER;;NFK|5511|11085|202332
5511;11142;07/08/2023;202332;65;1620,94;;PARTNER;;NFK|5511|11142|202332
5511;12004;07/08/2023;202332;69;2760,00;;PARTNER;;NFK|5511|12004|202332
5511;12066;07/08/2023;202332;48;2910,00;;PARTNER;;NFK|5511|12066|202332
5511;12190;07/08/2023;202332;40;900,00;;PARTNER;;NFK|5511|12190|202332
5511;20015;07/08/2023;202332;97;2467,44;;PARTNER;C;NFK|5511|20015|202332
5511;20041;07/08/2023;202332;125;1140,62;;PARTNER;A;NFK|5511|20041|202332
5511;20088;07/08/2023;202332;71;4011,50;;PARTNER;B;NFK|5511|20088|202332
5511;20131;07/08/2023;202332;48;1014,00;;PARTNER;C;NFK|5511|20131|202332
5511;30012;07/08/2023;202332;40;647,50;;PARTNER;;NFK|5511|30012|202332
5511;30077;07/08/2023;202332;59;3097,50;;PARTNER;;NFK|5511|30077|202332
5511;30154;07/08/2023;202332;42;708,75;;PARTNER;;NFK|5511|30154|202332
5511;30209;07/08/2023;202332;56;2096,50;;PARTNER;;NFK|5511|30209|202332
9001;10023;07/08/2023;202332;24;285,00;;DEPOT;;NFK|9001|10023|202332
9001;10047;07/08/2023;202332;0;0,00;;DEPOT;;NFK|9001|10047|202332
9001;10112;07/08/2023;202332;10;211,88;;DEPOT;;NFK|9001|10112|202332
9001;10310;07/08/2023;202332;7;188,12;;DEPOT;;NFK|9001|10310|202332
9001;11020;07/08/2023;202332;19;355,06;;DEPOT;;NFK|9001|11020|202332
9001;11085;07/08/2023;202332;13;145,44;;DEPOT;;NFK|9001|11085|202332
9001;11142;07/08/2023;202332;8;199,50;;DEPOT;;NFK|9001|11142|202332
9001;12004;07/08/2023;202332;9;360,00;;DEPOT;;NFK|9001|12004|202332
9001;12066;07/08/2023;202332;8;485,00;;DEPOT;;NFK|9001|12066|202332
9001;12190;07/08/2023;202332;6;135,00;;DEPOT;;NFK|9001|12190|202332
9001;20015;07/08/2023;202332;15;381,56;;DEPOT;C;NFK|9001|20015|202332
9001;20041;07/08/2023;202332;16;146,00;;DEPOT;A;NFK|9001|20041|202332
9001;20088;07/08/2023;202332;11;621,50;;DEPOT;B;NFK|9001|20088|202332
9001;20131;07/08/2023;202332;7;147,88;;DEPOT;C;NFK|9001|20131|202332
9001;30012;07/08/2023;202332;5;80,94;;DEPOT;;NFK|9001|30012|202332
9001;30077;07/08/2023;202332;7;367,50;;DEPOT;;NFK|9001|30077|202332
9001;30154;07/08/2023;202332;6;101,25;;DEPOT;;NFK|9001|30154|202332
9001;30209;07/08/2023;202332;6;224,62;;DEPOT;;NFK|9001|30209|202332
1101;10023;14/08/2023;202333;509;6044,38;;SUPER;;NFK|1101|10023|202333
1101;10047;14/08/2023;202333;295;3318,75;;SUPER;;NFK|1101|10047|202333
1101;10112;14/08/2023;202333;160;3390,00;;SUPER;;NFK|1101|10112|202333
1101;10310;14/08/2023;202333;144;3870,00;;SUPER;;NFK|1101|10310|202333
1101;11020;14/08/2023;202333;368;6877,00;;SUPER;;NFK|1101|11020|202333
1101;11085;14/08/2023;202333;247;2763,31;;SUPER;;NFK|1101|11085|202333
1101;11142;14/08/2023;202333;182;4538,62;;SUPER;;NFK|1101|11142|202333
1101;12004;14/08/2023;202333;202;8080,00;;SUPER;;NFK|1101|12004|202333
1101;12066;14/08/2023;202333;140;8487,50;;SUPER;;NFK|1101|12066|202333
1101;12190;14/08/2023;202333;111;2497,50;;SUPER;;NFK|1101|12190|202333
1101;20015;14/08/2023;202333;264;6715,50;;SUPER;C;NFK|1101|20015|202333
1101;20041;14/08/2023;202333;346;3157,25;;SUPER;A;NFK|1101|20041|202333
1101;20088;14/08/2023;202333;169;9548,50;;SUPER;B;NFK|1101|20088|202333
1101;20131;14/08/2023;202333;145;3063,12;;SUPER;C;NFK|1101|20131|202333
1101;30012;14/08/2023;202333;95;1537,81;;SUPER;;NFK|1101|30012|202333
1101;30077;14/08/2023;202333;168;8820,00;;SUPER;;NFK|1101|30077|202333
1101;30154;14/08/2023;202333;121;2041,88;;SUPER;;NFK|1101|30154|202333
1101;30209;14/08/2023;202333;146;5465,88;;SUPER;;NFK|1101|30209|202333
1102;10023;14/08/2023;202333;475;5640,62;;SUPER;;NFK|1102|10023|202333
1102;10047;14/08/2023;202333;296;3330,00;;SUPER;;NFK|1102|10047|202333
1102;10112;14/08/2023;202333;152;3220,50;;SUPER;;NFK|1102|10112|202333
1102;10310;14/08/2023;202333;140;3762,50;;SUPER;;NFK|1102|10310|202333
1102;11020;14/08/2023;202333;336;6279,00;;SUPER;;NFK|1102|11020|202333
1102;11085;14/08/2023;202333;223;2494,81;;SUPER;;NFK|1102|11085|202333
1102;11142;14/08/2023;202333;169;4214,44;;SUPER;;NFK|1102|11142|202333
1102;12004;14/08/2023;202333;198;7920,00;;SUPER;;NFK|1102|12004|202333
1102;12066;14/08/2023;202333;148;8972,50;;SUPER;;NFK|1102|12066|202333
1102;12190;14/08/2023;202333;101;2272,50;;SUPER;;NFK|1102|12190|202333
1102;20015;14/08/2023;202333;253;6435,69;;SUPER;C;NFK|1102|20015|202333
1102;20041;14/08/2023;202333;328;2993,00;;SUPER;A;NFK|1102|20041|202333
1102;20088;14/08/2023;202333;178;10057,00;;SUPER;B;NFK|1102|20088|202333
1102;20131;14/08/2023;202333;108;2281,50;;SUPER;C;NFK|1102|20131|202333
1102;30012;14/08/2023;202333;88;1424,50;;SUPER;;NFK|1102|30012|202333
1102;30077;14/08/2023;202333;144;7560,00;;SUPER;;NFK|1102|30077|202333
1102;30154;14/08/2023;202333;105;1771,88;;SUPER;;NFK|1102|30154|202333
1102;30209;14/08/2023;202333;128;4792,00;;SUPER;;NFK|1102|30209|202333
1103;10023;14/08/2023;202333;243;2885,62;;NAER;;NFK|1103|10023|202333
1103;10047;14/08/2023;202333;169;1901,25;;NAER;;NFK|1103|10047|202333
1103;10112;14/08/2023;202333;93;1970,44;;NAER;;NFK|1103|10112|202333
1103;10310;14/08/2023;202333;63;1693,12;;NAER;;NFK|1103|10310|202333
1103;11020;14/08/2023;202333;185;3457,19;;NAER;;NFK|1103|11020|202333
1103;11085;14/08/2023;202333;98;1096,38;;NAER;;NFK|1103|11085|202333
1103;11142;14/08/2023;202333;90;2244,38;;NAER;;NFK|1103|11142|202333
1103;12004;14/08/2023;202333;92;3680,00;;NAER;;NFK|1103|12004|202333
1103;12066;14/08/2023;202333;83;5031,88;;NAER;;NFK|1103|12066|202333
1103;12190;14/08/2023;202333;47;1057,50;;NAER;;NFK|1103|12190|202333
1103;20015;14/08/2023;202333;120;3052,50;;NAER;C;NFK|1103|20015|202333
1103;20041;14/08/2023;202333;156;1423,50;;NAER;A;NFK|1103|20041|202333
1103;20088;14/08/2023;202333;102;5763,00;;NAER;B;NFK|1103|20088|202333
1103;20131;14/08/2023;202333;69;1457,62;;NAER;C;NFK|1103|20131|202333
1103;30012;14/08/2023;202333;54;874,12;;NAER;;NFK|1103|30012|202333
1103;30077;14/08/2023;202333;77;4042,50;;NAER;;NFK|1103|30077|202333
1103;30154;14/08/2023;202333;53;894,38;;NAER;;NFK|1103|30154|202333
1103;30209;14/08/2023;202333;66;2470,88;;NAER;;NFK|1103|30209|202333
1103;99001;14/08/2023;202333;4;0,00;;NAER;;NFK|1103|99001|202333
1108;10023;14/08/2023;202333;865;10271,88;;HYPER;;NFK|1108|10023|202333
1108;10047;14/08/2023;202333;552;6210,00;;HYPER;;NFK|1108|10047|202333
1108;10112;14/08/2023;202333;334;7076,62;;HYPER;;NFK|1108|10112|202333
1108;10310;14/08/2023;202333;241;6476,88;;HYPER;;NFK|1108|10310|202333
1108;11020;14/08/2023;202333;692;12931,75;;HYPER;;NFK|1108|11020|202333
1108;11085;14/08/2023;202333;431;4821,81;;HYPER;;NFK|1108|11085|202333
1108;11142;14/08/2023;202333;332;8279,25;;HYPER;;NFK|1108|11142|202333
1108;12004;14/08/2023;202333;432;17280,00;;HYPER;;NFK|1108|12004|202333
1108;12066;14/08/2023;202333;283;17156,88;;HYPER;;NFK|1108|12066|202333
1108;12190;14/08/2023;202333;230;5175,00;;HYPER;;NFK|1108|12190|202333
1108;20015;14/08/2023;202333;551;14016,06;;HYPER;C;NFK|1108|20015|202333
1108;20041;14/08/2023;202333;729;6652,12;;HYPER;A;NFK|1108|20041|202333
1108;20088;14/08/2023;202333;362;20453,00;;HYPER;B;NFK|1108|20088|202333
1108;20131;14/08/2023;202333;223;4710,88;;HYPER;C;NFK|1108|20131|202333
1108;30012;14/08/2023;202333;173;2800,44;;HYPER;;NFK|1108|30012|202333
1108;30077;14/08/2023;202333;289;15172,50;;HYPER;;NFK|1108|30077|202333
1108;30154;14/08/2023;202333;220;3712,50;;HYPER;;NFK|1108|30154|202333
1108;30209;14/08/2023;202333;257;9621,44;;HYPER;;NFK|1108|30209|202333
1108;99001;14/08/2023;202333;11;0,00;;HYPER;;NFK|1108|99001|202333
3104;10023;14/08/2023;202333;428;5082,50;;SUPER;;NFK|3104|10023|202333
3104;10047;14/08/2023;202333;251;2823,75;;SUPER;;NFK|3104|10047|202333
3104;10112;14/08/2023;202333;173;3665,44;;SUPER;;NFK|3104|10112|202333
3104;10310;14/08/2023;202333;137;3681,88;;SUPER;;NFK|3104|10310|202333
3104;11020;14/08/2023;202333;311;5811,81;;SUPER;;NFK|3104|11020|202333
3104;11085;14/08/2023;202333;226;2528,38;;SUPER;;NFK|3104|11085|202333
3104;11142;14/08/2023;202333;144;3591,00;;SUPER;;NFK|3104|11142|202333
3104;12004;14/08/2023;202333;159;6360,00;;SUPER;;NFK|3104|12004|202333
3104;12066;14/08/2023;202333;119;7214,38;;SUPER;;NFK|3104|12066|202333
3104;12190;14/08/2023;202333;109;2452,50;;SUPER;;NFK|3104|12190|202333
3104;20015;14/08/2023;202333;226;5748,88;;SUPER;C;NFK|3104|20015|202333
3104;20041;14/08/2023;202333;329;3002,12;;SUPER;A;NFK|3104|20041|202333
3104;20088;14/08/2023;202333;182;10283,00;;SUPER;B;NFK|3104|20088|202333
3104;20131;14/08/2023;202333;109;2302,62;;SUPER;C;NFK|3104|20131|202333
3104;30012;14/08/2023;202333;96;1554,00;;SUPER;;NFK|3104|30012|202333
3104;30077;14/08/2023;202333;130;6825,00;;SUPER;;NFK|3104|30077|202333
3104;30154;14/08/2023;202333;113;1906,88;;SUPER;;NFK|3104|30154|202333
3104;30209;14/08/2023;202333;121;4529,94;;SUPER;;NFK|3104|30209|202333
3104;99001;14/08/2023;202333;7;0,00;;SUPER;;NFK|3104|99001|202333
3117;10023;14/08/2023;202333;190;2256,25;;NAER;;NFK|3117|10023|202333
3117;10047;14/08/2023;202333;118;1327,50;;NAER;;NFK|3117|10047|202333
3117;10112;14/08/2023;202333;79;1673,81;;NAER;;NFK|3117|10112|202333
3117;10310;14/08/2023;202333;52;1397,50;;NAER;;NFK|3117|10310|202333
3117;11020;14/08/2023;202333;173;3232,94;;NAER;;NFK|3117|11020|202333
3117;11085;14/08/2023;202333;105;1174,69;;NAER;;NFK|3117|11085|202333
3117;11142;14/08/2023;202333;77;1920,19;;NAER;;NFK|3117|11142|202333
3117;12004;14/08/2023;202333;93;3720,00;;NAER;;NFK|3117|12004|202333
3117;12066;14/08/2023;202333;62;3758,75;;NAER;;NFK|3117|12066|202333
3117;12190;14/08/2023;202333;47;1057,50;;NAER;;NFK|3117|12190|202333
3117;20015;14/08/2023;202333;115;2925,31;;NAER;C;NFK|3117|20015|202333
3117;20041;14/08/2023;202333;159;1450,88;;NAER;A;NFK|3117|20041|202333
3117;20088;14/08/2023;202333;89;5028,50;;NAER;B;NFK|3117|20088|202333
3117;20131;14/08/2023;202333;52;1098,50;;NAER;C;NFK|3117|20131|202333
3117;30012;14/08/2023;202333;37;598,94;;NAER;;NFK|3117|30012|202333
3117;30077;14/08/2023;202333;70;3675,00;;NAER;;NFK|3117|30077|202333
3117;30154;14/08/2023;202333;48;810,00;;NAER;;NFK|3117|30154|202333
3117;30209;14/08/2023;202333;62;2321,12;;NAER;;NFK|3117|30209|202333
3122;10023;14/08/2023;202333;151;1793,12;;FRANCHISE;;NFK|3122|10023|202333
3122;10047;14/08/2023;202333;81;911,25;;FRANCHISE;;NFK|3122|10047|202333
3122;10112;14/08/2023;202333;59;1250,06;;FRANCHISE;;NFK|3122|10112|202333
3122;10310;14/08/2023;202333;47;1263,12;;FRANCHISE;;NFK|3122|10310|202333
3122;11020;14/08/2023;202333;110;2055,62;;FRANCHISE;;NFK|3122|11020|202333
3122;11085;14/08/2023;202333;75;839,06;;FRANCHISE;;NFK|3122|11085|202333
3122;11142;14/08/2023;202333;49;1221,94;;FRANCHISE;;NFK|3122|11142|202333
3122;12004;14/08/2023;202333;59;2360,00;;FRANCHISE;;NFK|3122|12004|202333
3122;12066;14/08/2023;202333;42;2546,25;;FRANCHISE;;NFK|3122|12066|202333
3122;12190;14/08/2023;202333;32;720,00;;FRANCHISE;;NFK|3122|12190|202333
3122;20015;14/08/2023;202333;82;2085,88;;FRANCHISE;C;NFK|3122|20015|202333
3122;20041;14/08/2023;202333;116;1058,50;;FRANCHISE;A;NFK|3122|20041|202333
3122;20088;14/08/2023;202333;53;2994,50;;FRANCHISE;B;NFK|3122|20088|202333
3122;20131;14/08/2023;202333;36;760,50;;FRANCHISE;C;NFK|3122|20131|202333
3122;30012;14/08/2023;202333;33;534,19;;FRANCHISE;;NFK|3122|30012|202333
3122;30077;14/08/2023;202333;49;2572,50;;FRANCHISE;;NFK|3122|30077|202333
3122;30154;14/08/2023;202333;38;641,25;;FRANCHISE;;NFK|3122|30154|202333
3122;30209;14/08/2023;202333;40;1497,50;;FRANCHISE;;NFK|3122|30209|202333
4201;10023;14/08/2023;202333;754;8953,75;;HYPER;;NFK|4201|10023|202333
4201;10047;14/08/2023;202333;450;5062,50;;HYPER;;NFK|4201|10047|202333
4201;10112;14/08/2023;202333;301;6377,44;;HYPER;;NFK|4201|10112|202333
4201;10310;14/08/2023;202333;230;6181,25;;HYPER;;NFK|4201|10310|202333
4201;11020;14/08/2023;202333;-71;-1326,81;;HYPER;;NFK|4201|11020|202333
4201;11085;14/08/2023;202333;321;3591,19;;HYPER;;NFK|4201|11085|202333
4201;11142;14/08/2023;202333;248;6184,50;;HYPER;;NFK|4201|11142|202333
4201;12004;14/08/2023;202333;351;14040,00;;HYPER;;NFK|4201|12004|202333
4201;12066;14/08/2023;202333;221;13398,12;;HYPER;;NFK|4201|12066|202333
4201;12190;14/08/2023;202333;165;3712,50;;HYPER;;NFK|4201|12190|202333
4201;20015;14/08/2023;202333;498;12667,88;;HYPER;C;NFK|4201|20015|202333
4201;20041;14/08/2023;202333;576;5256,00;;HYPER;A;NFK|4201|20041|202333
4201;20088;14/08/2023;202333;292;16498,00;;HYPER;B;NFK|4201|20088|202333
4201;20131;14/08/2023;202333;232;4901,00;;HYPER;C;NFK|4201|20131|202333
4201;30012;14/08/2023;202333;156;2525,25;;HYPER;;NFK|4201|30012|202333
4201;30077;14/08/2023;202333;216;11340,00;;HYPER;;NFK|4201|30077|202333
4201;30154;14/08/2023;202333;369;4981,50;AVIS;HYPER;;NFK|4201|30154|202333
4201;30209;14/08/2023;202333;258;9658,88;;HYPER;;NFK|4201|30209|202333
4201;99001;14/08/2023;202333;13;0,00;;HYPER;;NFK|4201|99001|202333
4205;10023;14/08/2023;202333;508;6032,50;;SUPER;;NFK|4205|10023|202333
4205;10047;14/08/2023;202333;285;3206,25;;SUPER;;NFK|4205|10047|202333
4205;10112;14/08/2023;202333;186;3940,88;;SUPER;;NFK|4205|10112|202333
4205;10310;14/08/2023;202333;125;3359,38;;SUPER;;NFK|4205|10310|202333
4205;11020;14/08/2023;202333;349;6521,94;;SUPER;;NFK|4205|11020|202333
4205;11085;14/08/2023;202333;196;2192,75;;SUPER;;NFK|4205|11085|202333
4205;11142;14/08/2023;202333;168;4189,50;;SUPER;;NFK|4205|11142|202333
4205;12004;14/08/2023;202333;213;8520,00;;SUPER;;NFK|4205|12004|202333
4205;12066;14/08/2023;202333;151;9154,38;;SUPER;;NFK|4205|12066|202333
4205;12190;14/08/2023;202333;104;2340,00;;SUPER;;NFK|4205|12190|202333
4205;20015;14/08/2023;202333;245;6232,19;;SUPER;C;NFK|4205|20015|202333
4205;20041;14/08/2023;202333;343;3129,88;;SUPER;A;NFK|4205|20041|202333
4205;20088;14/08/2023;202333;197;11130,50;;SUPER;B;NFK|4205|20088|202333
4205;20131;14/08/2023;202333;124;2619,50;;SUPER;C;NFK|4205|20131|202333
4205;30012;14/08/2023;202333;102;1651,12;;SUPER;;NFK|4205|30012|202333
4205;30077;14/08/2023;202333;168;8820,00;;SUPER;;NFK|4205|30077|202333
4205;30154;14/08/2023;202333;0;0,00;AVIS;SUPER;;NFK|4205|30154|202333
4205;30209;14/08/2023;202333;141;5278,69;;SUPER;;NFK|4205|30209|202333
4218;10023;14/08/2023;202333;465;5521,88;;SUPER;;NFK|4218|10023|202333
4218;10047;14/08/2023;202333;275;3093,75;;SUPER;;NFK|4218|10047|202333
4218;10112;14/08/2023;202333;163;3453,56;;SUPER;;NFK|4218|10112|202333
4218;10310;14/08/2023;202333;154;4138,75;;SUPER;;NFK|4218|10310|202333
4218;11020;14/08/2023;202333;451;8428,06;;SUPER;;NFK|4218|11020|202333
4218;11085;14/08/2023;202333;233;2606,69;;SUPER;;NFK|4218|11085|202333
4218;11142;14/08/2023;202333;184;4588,50;;SUPER;;NFK|4218|11142|202333
4218;12004;14/08/2023;202333;207;8280,00;;SUPER;;NFK|4218|12004|202333
4218;12066;14/08/2023;202333;165;10003,12;;SUPER;;NFK|4218|12066|202333
4218;12190;14/08/2023;202333;127;2857,50;;SUPER;;NFK|4218|12190|202333
4218;20015;14/08/2023;202333;306;7783,88;;SUPER;C;NFK|4218|20015|202333
4218;20041;14/08/2023;202333;319;2910,88;;SUPER;A;NFK|4218|20041|202333
4218;20088;14/08/2023;202333;200;11300,00;;SUPER;B;NFK|4218|20088|202333
4218;20131;14/08/2023;202333;141;2978,62;;SUPER;C;NFK|4218|20131|202333
4218;30012;14/08/2023;202333;90;1456,88;;SUPER;;NFK|4218|30012|202333
4218;30077;14/08/2023;202333;170;8925,00;;SUPER;;NFK|4218|30077|202333
4218;30154;14/08/2023;202333;194;2619,00;AVIS;SUPER;;NFK|4218|30154|202333
4218;30209;14/08/2023;202333;165;6177,19;;SUPER;;NFK|4218|30209|202333
4218;99001;14/08/2023;202333;7;0,00;;SUPER;;NFK|4218|99001|202333
5502;10023;14/08/2023;202333;435;5165,62;;SUPER;;NFK|5502|10023|202333
5502;10047;14/08/2023;202333;253;2846,25;;SUPER;;NFK|5502|10047|202333
5502;10112;14/08/2023;202333;144;3051,00;;SUPER;;NFK|5502|10112|202333
5502;10310;14/08/2023;202333;122;3278,75;;SUPER;;NFK|5502|10310|202333
5502;11020;14/08/2023;202333;307;5737,06;;SUPER;;NFK|5502|11020|202333
5502;11085;14/08/2023;202333;214;2394,12;;SUPER;;NFK|5502|11085|202333
5502;11142;14/08/2023;202333;145;3615,94;;SUPER;;NFK|5502|11142|202333
5502;12004;14/08/2023;202333;205;8200,00;;SUPER;;NFK|5502|12004|202333
5502;12066;14/08/2023;202333;129;7820,62;;SUPER;;NFK|5502|12066|202333
5502;12190;14/08/2023;202333;93;2092,50;;SUPER;;NFK|5502|12190|202333
5502;20015;14/08/2023;202333;258;6562,87;;SUPER;C;NFK|5502|20015|202333
5502;20041;14/08/2023;202333;345;3148,12;;SUPER;A;NFK|5502|20041|202333
5502;20088;14/08/2023;202333;179;10113,50;;SUPER;B;NFK|5502|20088|202333
5502;20131;14/08/2023;202333;104;2197,00;;SUPER;C;NFK|5502|20131|202333
5502;30012;14/08/2023;202333;104;1683,50;;SUPER;;NFK|5502|30012|202333
5502;30077;14/08/2023;202333;157;8242,50;;SUPER;;NFK|5502|30077|202333
5502;30154;14/08/2023;202333;169;2281,50;AVIS;SUPER;;NFK|5502|30154|202333
5502;30209;14/08/2023;202333;118;4417,62;;SUPER;;NFK|5502|30209|202333
5502;99001;14/08/2023;202333;7;0,00;;SUPER;;NFK|5502|99001|202333
5511;10023;14/08/2023;202333;150;1781,25;;PARTNER;;NFK|5511|10023|202333
5511;10047;14/08/2023;202333;118;1327,50;;PARTNER;;NFK|5511|10047|202333
5511;10112;14/08/2023;202333;71;1504,31;;PARTNER;;NFK|5511|10112|202333
5511;10310;14/08/2023;202333;46;1236,25;;PARTNER;;NFK|5511|10310|202333
5511;11020;14/08/2023;202333;120;2242,50;;PARTNER;;NFK|5511|11020|202333
5511;11085;14/08/2023;202333;71;794,31;;PARTNER;;NFK|5511|11085|202333
5511;11142;14/08/2023;202333;58;1446,38;;PARTNER;;NFK|5511|11142|202333
5511;12004;14/08/2023;202333;69;2760,00;;PARTNER;;NFK|5511|12004|202333
5511;12066;14/08/2023;202333;57;3455,62;;PARTNER;;NFK|5511|12066|202333
5511;12190;14/08/2023;202333;40;900,00;;PARTNER;;NFK|5511|12190|202333
5511;20015;14/08/2023;202333;102;2594,62;;PARTNER;C;NFK|5511|20015|202333
5511;20041;14/08/2023;202333;122;1113,25;;PARTNER;A;NFK|5511|20041|202333
5511;20088;14/08/2023;202333;71;4011,50;;PARTNER;B;NFK|5511|20088|202333
5511;20131;14/08/2023;202333;51;1077,38;;PARTNER;C;NFK|5511|20131|202333
5511;30012;14/08/2023;202333;36;582,75;;PARTNER;;NFK|5511|30012|202333
5511;30077;14/08/2023;202333;51;2677,50;;PARTNER;;NFK|5511|30077|202333
5511;30154;14/08/2023;202333;66;891,00;AVIS;PARTNER;;NFK|5511|30154|202333
5511;30209;14/08/2023;202333;50;1871,88;;PARTNER;;NFK|5511|30209|202333
9001;10023;14/08/2023;202333;24;285,00;;DEPOT;;NFK|9001|10023|202333
9001;10047;14/08/2023;202333;14;157,50;;DEPOT;;NFK|9001|10047|202333
9001;10112;14/08/2023;202333;9;190,69;;DEPOT;;NFK|9001|10112|202333
9001;10310;14/08/2023;202333;8;215,00;;DEPOT;;NFK|9001|10310|202333
9001;11020;14/08/2023;202333;20;373,75;;DEPOT;;NFK|9001|11020|202333
9001;11085;14/08/2023;202333;10;111,88;;DEPOT;;NFK|9001|11085|202333
9001;11142;14/08/2023;202333;9;224,44;;DEPOT;;NFK|9001|11142|202333
9001;12004;14/08/2023;202333;9;360,00;;DEPOT;;NFK|9001|12004|202333
9001;12066;14/08/2023;202333;7;424,38;;DEPOT;;NFK|9001|12066|202333
9001;12190;14/08/2023;202333;6;135,00;;DEPOT;;NFK|9001|12190|202333
9001;20015;14/08/2023;202333;13;330,69;;DEPOT;C;NFK|9001|20015|202333
9001;20041;14/08/2023;202333;20;182,50;;DEPOT;A;NFK|9001|20041|202333
9001;20088;14/08/2023;202333;11;621,50;;DEPOT;B;NFK|9001|20088|202333
9001;20131;14/08/2023;202333;6;126,75;;DEPOT;C;NFK|9001|20131|202333
9001;30012;14/08/2023;202333;5;80,94;;DEPOT;;NFK|9001|30012|202333
9001;30077;14/08/2023;202333;7;367,50;;DEPOT;;NFK|9001|30077|202333
9001;30154;14/08/2023;202333;5;84,38;;DEPOT;;NFK|9001|30154|202333
9001;30209;14/08/2023;202333;7;262,06;;DEPOT;;NFK|9001|30209|202333
9001;99001;14/08/2023;202333;0;0,00;;DEPOT;;NFK|9001|99001|202333
1101;10023;21/08/2023;202334;442;5248,75;;SUPER;;NFK|1101|10023|202334
1101;10047;21/08/2023;202334;306;3442,50;;SUPER;;NFK|1101|10047|202334
1101;10112;21/08/2023;202334;186;3940,88;;SUPER;;NFK|1101|10112|202334
1101;10310;21/08/2023;202334;198;4789,12;AVIS;SUPER;;NFK|1101|10310|202334
1101;11020;21/08/2023;202334;389;7269,44;;SUPER;;NFK|1101|11020|202334
1101;11085;21/08/2023;202334;218;2438,88;;SUPER;;NFK|1101|11085|202334
1101;11142;21/08/2023;202334;176;4389,00;;SUPER;;NFK|1101|11142|202334
1101;12004;21/08/2023;202334;221;8840,00;;SUPER;;NFK|1101|12004|202334
1101;12066;21/08/2023;202334;137;8305,62;;SUPER;;NFK|1101|12066|202334
1101;12190;21/08/2023;202334;106;2385,00;;SUPER;;NFK|1101|12190|202334
1101;20015;21/08/2023;202334;305;7758,44;;SUPER;C;NFK|1101|20015|202334
1101;20041;21/08/2023;202334;349;3184,62;;SUPER;A;NFK|1101|20041|202334
1101;20088;21/08/2023;202334;201;11356,50;;SUPER;B;NFK|1101|20088|202334
1101;20131;21/08/2023;202334;142;2999,75;;SUPER;C;NFK|1101|20131|202334
1101;30012;21/08/2023;202334;108;1748,25;;SUPER;;NFK|1101|30012|202334
1101;30077;21/08/2023;202334;152;7980,00;;SUPER;;NFK|1101|30077|202334
1101;30154;21/08/2023;202334;131;1878,21;KUPON;SUPER;;NFK|1101|30154|202334
1101;30209;21/08/2023;202334;155;4932,88;KUPON;SUPER;;NFK|1101|30209|202334
1101;99001;21/08/2023;202334;7;0,00;;SUPER;;NFK|1101|99001|202334
1102;10023;21/08/2023;202334;385;4571,88;;SUPER;;NFK|1102|10023|202334
1102;10047;21/08/2023;202334;251;2823,75;;SUPER;;NFK|1102|10047|202334
1102;10112;21/08/2023;202334;183;3877,31;;SUPER;;NFK|1102|10112|202334
1102;10310;21/08/2023;202334;182;4402,12;AVIS;SUPER;;NFK|1102|10310|202334
1102;11020;21/08/2023;202334;356;6652,75;;SUPER;;NFK|1102|11020|202334
1102;11085;21/08/2023;202334;231;2584,31;;SUPER;;NFK|1102|11085|202334
1102;11142;21/08/2023;202334;155;3865,31;;SUPER;;NFK|1102|11142|202334
1102;12004;21/08/2023;202334;166;6640,00;;SUPER;;NFK|1102|12004|202334
1102;12066;21/08/2023;202334;138;8366,25;;SUPER;;NFK|1102|12066|202334
1102;12190;21/08/2023;202334;97;2182,50;;SUPER;;NFK|1102|12190|202334
1102;20015;21/08/2023;202334;242;6155,88;;SUPER;C;NFK|1102|20015|202334
1102;20041;21/08/2023;202334;322;2938,25;;SUPER;A;NFK|1102|20041|202334
1102;20088;21/08/2023;202334;152;8588,00;;SUPER;B;NFK|1102|20088|202334
1102;20131;21/08/2023;202334;107;2260,38;;SUPER;C;NFK|1102|20131|202334
1102;30012;21/08/2023;202334;84;1359,75;;SUPER;;NFK|1102|30012|202334
1102;30077;21/08/2023;202334;161;8452,50;;SUPER;;NFK|1102|30077|202334
1102;30154;21/08/2023;202334;111;1591,46;KUPON;SUPER;;NFK|1102|30154|202334
1102;30209;21/08/2023;202334;163;5187,48;KUPON;SUPER;;NFK|1102|30209|202334
1102;99001;21/08/2023;202334;6;0,00;;SUPER;;NFK|1102|99001|202334
1103;10023;21/08/2023;202334;206;2446,25;;NAER;;NFK|1103|10023|202334
1103;10047;21/08/2023;202334;159;1788,75;;NAER;;NFK|1103|10047|202334
1103;10112;21/08/2023;202334;87;1843,31;;NAER;;NFK|1103|10112|202334
1103;10310;21/08/2023;202334;89;2152,69;AVIS;NAER;;NFK|1103|10310|202334
1103;11020;21/08/2023;202334;212;3961,75;;NAER;;NFK|1103|11020|202334
1103;11085;21/08/2023;202334;121;1353,69;;NAER;;NFK|1103|11085|202334
1103;11142;21/08/2023;202334;88;2194,50;;NAER;;NFK|1103|11142|202334
1103;12004;21/08/2023;202334;86;3440,00;;NAER;;NFK|1103|12004|202334
1103;12066;21/08/2023;202334;67;4061,88;;NAER;;NFK|1103|12066|202334
1103;12190;21/08/2023;202334;57;1282,50;;NAER;;NFK|1103|12190|202334
1103;20015;21/08/2023;202334;134;3408,62;;NAER;C;NFK|1103|20015|202334
1103;20041;21/08/2023;202334;176;1606,00;;NAER;A;NFK|1103|20041|202334
1103;20088;21/08/2023;202334;84;4746,00;;NAER;B;NFK|1103|20088|202334
1103;20131;21/08/2023;202334;64;1352,00;;NAER;C;NFK|1103|20131|202334
1103;30012;21/08/2023;202334;52;841,75;;NAER;;NFK|1103|30012|202334
1103;30077;21/08/2023;202334;71;3727,50;;NAER;;NFK|1103|30077|202334
1103;30154;21/08/2023;202334;60;860,25;KUPON;NAER;;NFK|1103|30154|202334
1103;30209;21/08/2023;202334;75;2386,88;KUPON;NAER;;NFK|1103|30209|202334
1108;10023;21/08/2023;202334;939;11150,62;;HYPER;;NFK|1108|10023|202334
1108;10047;21/08/2023;202334;594;6682,50;;HYPER;;NFK|1108|10047|202334
1108;10112;21/08/2023;202334;362;7669,88;;HYPER;;NFK|1108|10112|202334
1108;10310;21/08/2023;202334;350;8465,63;AVIS;HYPER;;NFK|1108|10310|202334
1108;11020;21/08/2023;202334;724;13529,75;;HYPER;;NFK|1108|11020|202334
1108;11085;21/08/2023;202334;432;4833,00;;HYPER;;NFK|1108|11085|202334
1108;11142;21/08/2023;202334;298;7431,37;;HYPER;;NFK|1108|11142|202334
1108;12004;21/08/2023;202334;430;17200,00;;HYPER;;NFK|1108|12004|202334
1108;12066;21/08/2023;202334;323;19581,88;;HYPER;;NFK|1108|12066|202334
1108;12190;21/08/2023;202334;195;4387,50;;HYPER;;NFK|1108|12190|202334
1108;20015;21/08/2023;202334;523;13303,81;;HYPER;C;NFK|1108|20015|202334
1108;20041;21/08/2023;202334;721;6579,12;;HYPER;A;NFK|1108|20041|202334
1108;20088;21/08/2023;202334;377;21300,50;;HYPER;B;NFK|1108|20088|202334
1108;20131;21/08/2023;202334;244;5154,50;;HYPER;C;NFK|1108|20131|202334
1108;30012;21/08/2023;202334;183;2962,31;;HYPER;;NFK|1108|30012|202334
1108;30077;21/08/2023;202334;260;13650,00;;HYPER;;NFK|1108|30077|202334
1108;30154;21/08/2023;202334;260;3727,75;KUPON;HYPER;;NFK|1108|30154|202334
1108;30209;21/08/2023;202334;309;9833,93;KUPON;HYPER;;NFK|1108|30209|202334
3104;10023;21/08/2023;202334;459;5450,62;;SUPER;;NFK|3104|10023|202334
3104;10047;21/08/2023;202334;307;3453,75;;SUPER;;NFK|3104|10047|202334
3104;10112;21/08/2023;202334;148;3135,75;;SUPER;;NFK|3104|10112|202334
3104;10310;21/08/2023;202334;197;4764,94;AVIS;SUPER;;NFK|3104|10310|202334
3104;11020;21/08/2023;202334;305;5699,69;;SUPER;;NFK|3104|11020|202334
3104;11085;21/08/2023;202334;202;2259,88;;SUPER;;NFK|3104|11085|202334
3104;11142;21/08/2023;202334;131;3266,81;;SUPER;;NFK|3104|11142|202334
3104;12004;21/08/2023;202334;199;7960,00;;SUPER;;NFK|3104|12004|202334
3104;12066;21/08/2023;202334;137;8305,62;;SUPER;;NFK|3104|12066|202334
3104;12190;21/08/2023;202334;107;2407,50;;SUPER;;NFK|3104|12190|202334
3104;20015;21/08/2023;202334;218;5545,38;;SUPER;C;NFK|3104|20015|202334
3104;20041;21/08/2023;202334;286;2609,75;;SUPER;A;NFK|3104|20041|202334
3104;20088;21/08/2023;202334;189;10678,50;;SUPER;B;NFK|3104|20088|202334
3104;20131;21/08/2023;202334;125;2640,62;;SUPER;C;NFK|3104|20131|202334
3104;30012;21/08/2023;202334;78;1262,62;;SUPER;;NFK|3104|30012|202334
3104;30077;21/08/2023;202334;139;7297,50;;SUPER;;NFK|3104|30077|202334
3104;30154;21/08/2023;202334;115;1648,81;KUPON;SUPER;;NFK|3104|30154|202334
3104;30209;21/08/2023;202334;150;4773,75;KUPON;SUPER;;NFK|3104|30209|202334
3117;10023;21/08/2023;202334;210;2493,75;;NAER;;NFK|3117|10023|202334
3117;10047;21/08/2023;202334;119;1338,75;;NAER;;NFK|3117|10047|202334
3117;10112;21/08/2023;202334;63;1334,81;;NAER;;NFK|3117|10112|202334
3117;10310;21/08/2023;202334;92;2225,25;AVIS;NAER;;NFK|3117|10310|202334
3117;11020;21/08/2023;202334;158;2952,62;;NAER;;NFK|3117|11020|202334
3117;11085;21/08/2023;202334;103;1152,31;;NAER;;NFK|3117|11085|202334
3117;11142;21/08/2023;202334;76;1895,25;;NAER;;NFK|3117|11142|202334
3117;12004;21/08/2023;202334;74;2960,00;;NAER;;NFK|3117|12004|202334
3117;12066;21/08/2023;202334;63;3819,38;;NAER;;NFK|3117|12066|202334
3117;12190;21/08/2023;202334;40;900,00;;NAER;;NFK|3117|12190|202334
3117;20015;21/08/2023;202334;117;2976,19;;NAER;C;NFK|3117|20015|202334
3117;20041;21/08/2023;202334;146;1332,25;;NAER;A;NFK|3117|20041|202334
3117;20088;21/08/2023;202334;88;4972,00;;NAER;B;NFK|3117|20088|202334
3117;20131;21/08/2023;202334;54;1140,75;;NAER;C;NFK|3117|20131|202334
3117;30012;21/08/2023;202334;46;744,62;;NAER;;NFK|3117|30012|202334
3117;30077;21/08/2023;202334;56;2940,00;;NAER;;NFK|3117|30077|202334
3117;30154;21/08/2023;202334;60;860,25;KUPON;NAER;;NFK|3117|30154|202334
3117;30209;21/08/2023;202334;73;2323,23;KUPON;NAER;;NFK|3117|30209|202334
3117;99001;21/08/2023;202334;3;0,00;;NAER;;NFK|3117|99001|202334
3122;10023;21/08/2023;202334;142;1686,25;;FRANCHISE;;NFK|3122|10023|202334
3122;10047;21/08/2023;202334;100;1125,00;;FRANCHISE;;NFK|3122|10047|202334
3122;10112;21/08/2023;202334;46;974,62;;FRANCHISE;;NFK|3122|10112|202334
3122;10310;21/08/2023;202334;61;1475,44;AVIS;FRANCHISE;;NFK|3122|10310|202334
3122;11020;21/08/2023;202334;112;2093,00;;FRANCHISE;;NFK|3122|11020|202334
3122;11085;21/08/2023;202334;74;827,88;;FRANCHISE;;NFK|3122|11085|202334
3122;11142;21/08/2023;202334;50;1246,88;;FRANCHISE;;NFK|3122|11142|202334
3122;12004;21/08/2023;202334;56;2240,00;;FRANCHISE;;NFK|3122|12004|202334
3122;12066;21/08/2023;202334;52;3152,50;;FRANCHISE;;NFK|3122|12066|202334
3122;12190;21/08/2023;202334;37;832,50;;FRANCHISE;;NFK|3122|12190|202334
3122;20015;21/08/2023;202334;76;1933,25;;FRANCHISE;C;NFK|3122|20015|202334
3122;20041;21/08/2023;202334;112;1022,00;;FRANCHISE;A;NFK|3122|20041|202334
3122;20088;21/08/2023;202334;60;3390,00;;FRANCHISE;B;NFK|3122|20088|202334
3122;20131;21/08/2023;202334;42;887,25;;FRANCHISE;C;NFK|3122|20131|202334
3122;30012;21/08/2023;202334;27;437,06;;FRANCHISE;;NFK|3122|30012|202334
3122;30077;21/08/2023;202334;46;2415,00;;FRANCHISE;;NFK|3122|30077|202334
3122;30154;21/08/2023;202334;42;602,17;KUPON;FRANCHISE;;NFK|3122|30154|202334
3122;30209;21/08/2023;202334;51;1623,08;KUPON;FRANCHISE;;NFK|3122|30209|202334
4201;10023;21/08/2023;202334;824;9785,00;;HYPER;;NFK|4201|10023|202334
4201;10047;21/08/2023;202334;936;7897,50;TILBUD;HYPER;;NFK|4201|10047|202334
4201;10112;21/08/2023;202334;297;6292,69;;HYPER;;NFK|4201|10112|202334
4201;10310;21/08/2023;202334;292;7062,75;AVIS;HYPER;;NFK|4201|10310|202334
4201;11020;21/08/2023;202334;649;12128,19;;HYPER;;NFK|4201|11020|202334
4201;11085;21/08/2023;202334;392;4385,50;;HYPER;;NFK|4201|11085|202334
4201;11142;21/08/2023;202334;252;6284,25;;HYPER;;NFK|4201|11142|202334
4201;12004;21/08/2023;202334;369;14760,00;;HYPER;;NFK|4201|12004|202334
4201;12066;21/08/2023;202334;253;15338,12;;HYPER;;NFK|4201|12066|202334
4201;12190;21/08/2023;202334;183;4117,50;;HYPER;;NFK|4201|12190|202334
4201;20015;21/08/2023;202334;405;10302,19;;HYPER;C;NFK|4201|20015|202334
4201;20041;21/08/2023;202334;526;4799,75;;HYPER;A;NFK|4201|20041|202334
4201;20088;21/08/2023;202334;322;18193,00;;HYPER;B;NFK|4201|20088|202334
4201;20131;21/08/2023;202334;235;4964,38;;HYPER;C;NFK|4201|20131|202334
4201;30012;21/08/2023;202334;143;2314,81;;HYPER;;NFK|4201|30012|202334
4201;30077;21/08/2023;202334;234;12285,00;;HYPER;;NFK|4201|30077|202334
4201;30154;21/08/2023;202334;234;3354,97;KUPON;HYPER;;NFK|4201|30154|202334
4201;30209;21/08/2023;202334;261;8306,33;KUPON;HYPER;;NFK|4201|30209|202334
4201;99001;21/08/2023;202334;11;0,00;;HYPER;;NFK|4201|99001|202334
4205;10023;21/08/2023;202334;433;5141,88;;SUPER;;NFK|4205|10023|202334
4205;10047;21/08/2023;202334;514;4336,88;TILBUD;SUPER;;NFK|4205|10047|202334
4205;10112;21/08/2023;202334;172;3644,25;;SUPER;;NFK|4205|10112|202334
4205;10310;21/08/2023;202334;192;4644,00;AVIS;SUPER;;NFK|4205|10310|202334
4205;11020;21/08/2023;202334;402;7512,38;;SUPER;;NFK|4205|11020|202334
4205;11085;21/08/2023;202334;208;2327,00;;SUPER;;NFK|4205|11085|202334
4205;11142;21/08/2023;202334;157;3915,19;;SUPER;;NFK|4205|11142|202334
4205;12004;21/08/2023;202334;186;7440,00;;SUPER;;NFK|4205|12004|202334
4205;12066;21/08/2023;202334;131;7941,88;;SUPER;;NFK|4205|12066|202334
4205;12190;21/08/2023;202334;96;2160,00;;SUPER;;NFK|4205|12190|202334
4205;20015;21/08/2023;202334;251;6384,81;;SUPER;C;NFK|4205|20015|202334
4205;20041;21/08/2023;202334;324;2956,50;;SUPER;A;NFK|4205|20041|202334
4205;20088;21/08/2023;202334;168;9492,00;;SUPER;B;NFK|4205|20088|202334
4205;20131;21/08/2023;202334;131;2767,38;;SUPER;C;NFK|4205|20131|202334
4205;30012;21/08/2023;202334;84;1359,75;;SUPER;;NFK|4205|30012|202334
4205;30077;21/08/2023;202334;152;7980,00;;SUPER;;NFK|4205|30077|202334
4205;30154;21/08/2023;202334;117;1677,49;KUPON;SUPER;;NFK|4205|30154|202334
4205;30209;21/08/2023;202334;154;4901,05;KUPON;SUPER;;NFK|4205|30209|202334
4218;10023;21/08/2023;202334;467;5545,62;;SUPER;;NFK|4218|10023|202334
4218;10047;21/08/2023;202334;608;5130,00;TILBUD;SUPER;;NFK|4218|10047|202334
4218;10112;21/08/2023;202334;196;4152,75;;SUPER;;NFK|4218|10112|202334
4218;10310;21/08/2023;202334;214;5176,13;AVIS;SUPER;;NFK|4218|10310|202334
4218;11020;21/08/2023;202334;369;6895,69;;SUPER;;NFK|4218|11020|202334
4218;11085;21/08/2023;202334;212;2371,75;;SUPER;;NFK|4218|11085|202334
4218;11142;21/08/2023;202334;176;4389,00;;SUPER;;NFK|4218|11142|202334
4218;12004;21/08/2023;202334;207;8280,00;;SUPER;;NFK|4218|12004|202334
4218;12066;21/08/2023;202334;158;9578,75;;SUPER;;NFK|4218|12066|202334
4218;12190;21/08/2023;202334;108;2430,00;;SUPER;;NFK|4218|12190|202334
4218;20015;21/08/2023;202334;261;6639,19;;SUPER;C;NFK|4218|20015|202334
4218;20041;21/08/2023;202334;368;3358,00;;SUPER;A;NFK|4218|20041|202334
4218;20088;21/08/2023;202334;194;10961,00;;SUPER;B;NFK|4218|20088|202334
4218;20131;21/08/2023;202334;147;3105,38;;SUPER;C;NFK|4218|20131|202334
4218;30012;21/08/2023;202334;88;1424,50;;SUPER;;NFK|4218|30012|202334
4218;30077;21/08/2023;202334;137;7192,50;;SUPER;;NFK|4218|30077|202334
4218;30154;21/08/2023;202334;144;2064,60;KUPON;SUPER;;NFK|4218|30154|202334
4218;30209;21/08/2023;202334;156;4964,70;KUPON;SUPER;;NFK|4218|30209|202334
5502;10023;21/08/2023;202334;380;4512,50;;SUPER;;NFK|5502|10023|202334
5502;10047;21/08/2023;202334;545;4598,44;TILBUD;SUPER;;NFK|5502|10047|202334
5502;10112;21/08/2023;202334;174;3686,62;;SUPER;;NFK|5502|10112|202334
5502;10310;21/08/2023;202334;173;4184,44;AVIS;SUPER;;NFK|5502|10310|202334
5502;11020;21/08/2023;202334;385;7194,69;;SUPER;;NFK|5502|11020|202334
5502;11085;21/08/2023;202334;199;2226,31;;SUPER;;NFK|5502|11085|202334
5502;11142;21/08/2023;202334;168;4189,50;;SUPER;;NFK|5502|11142|202334
5502;12004;21/08/2023;202334;200;8000,00;;SUPER;;NFK|5502|12004|202334
5502;12066;21/08/2023;202334;133;8063,12;;SUPER;;NFK|5502|12066|202334
5502;12190;21/08/2023;202334;97;2182,50;;SUPER;;NFK|5502|12190|202334
5502;20015;21/08/2023;202334;238;6054,12;;SUPER;C;NFK|5502|20015|202334
5502;20041;21/08/2023;202334;335;3056,88;;SUPER;A;NFK|5502|20041|202334
5502;20088;21/08/2023;202334;170;9605,00;;SUPER;B;NFK|5502|20088|202334
5502;20131;21/08/2023;202334;105;2218,12;;SUPER;C;NFK|5502|20131|202334
5502;30012;21/08/2023;202334;98;1586,38;;SUPER;;NFK|5502|30012|202334
5502;30077;21/08/2023;202334;122;6405,00;;SUPER;;NFK|5502|30077|202334
5502;30154;21/08/2023;202334;117;1677,49;KUPON;SUPER;;NFK|5502|30154|202334
5502;30209;21/08/2023;202334;167;5314,77;KUPON;SUPER;;NFK|5502|30209|202334
5502;99001;21/08/2023;202334;6;0,00;;SUPER;;NFK|5502|99001|202334
5511;10023;21/08/2023;202334;180;2137,50;;PARTNER;;NFK|5511|10023|202334
5511;10047;21/08/2023;202334;214;1805,62;TILBUD;PARTNER;;NFK|5511|10047|202334
5511;10112;21/08/2023;202334;65;1377,19;;PARTNER;;NFK|5511|10112|202334
5511;10310;21/08/2023;202334;72;1741,50;AVIS;PARTNER;;NFK|5511|10310|202334
5511;11020;21/08/2023;202334;139;2597,56;;PARTNER;;NFK|5511|11020|202334
5511;11085;21/08/2023;202334;77;861,44;;PARTNER;;NFK|5511|11085|202334
5511;11142;21/08/2023;202334;57;1421,44;;PARTNER;;NFK|5511|11142|202334
5511;12004;21/08/2023;202334;69;2760,00;;PARTNER;;NFK|5511|12004|202334
5511;12066;21/08/2023;202334;57;3455,62;;PARTNER;;NFK|5511|12066|202334
5511;12190;21/08/2023;202334;44;990,00;;PARTNER;;NFK|5511|12190|202334
5511;20015;21/08/2023;202334;103;2620,06;;PARTNER;C;NFK|5511|20015|202334
5511;20041;21/08/2023;202334;121;1104,12;;PARTNER;A;NFK|5511|20041|202334
5511;20088;21/08/2023;202334;62;3503,00;;PARTNER;B;NFK|5511|20088|202334
5511;20131;21/08/2023;202334;42;887,25;;PARTNER;C;NFK|5511|20131|202334
5511;30012;21/08/2023;202334;33;534,19;;PARTNER;;NFK|5511|30012|202334
5511;30077;21/08/2023;202334;59;3097,50;;PARTNER;;NFK|5511|30077|202334
5511;30154;21/08/2023;202334;45;645,19;KUPON;PARTNER;;NFK|5511|30154|202334
5511;30209;21/08/2023;202334;53;1686,73;KUPON;PARTNER;;NFK|5511|30209|202334
9001;10023;21/08/2023;202334;23;273,12;;DEPOT;;NFK|9001|10023|202334
9001;10047;21/08/2023;202334;16;180,00;;DEPOT;;NFK|9001|10047|202334
9001;10112;21/08/2023;202334;9;190,69;;DEPOT;;NFK|9001|10112|202334
9001;10310;21/08/2023;202334;10;241,88;AVIS;DEPOT;;NFK|9001|10310|202334
9001;11020;21/08/2023;202334;18;336,37;;DEPOT;;NFK|9001|11020|202334
9001;11085;21/08/2023;202334;10;111,88;;DEPOT;;NFK|9001|11085|202334
9001;11142;21/08/2023;202334;9;224,44;;DEPOT;;NFK|9001|11142|202334
9001;12004;21/08/2023;202334;10;400,00;;DEPOT;;NFK|9001|12004|202334
9001;12066;21/08/2023;202334;7;424,38;;DEPOT;;NFK|9001|12066|202334
9001;12190;21/08/2023;202334;6;135,00;;DEPOT;;NFK|9001|12190|202334
9001;20015;21/08/2023;202334;14;356,12;;DEPOT;C;NFK|9001|20015|202334
9001;20041;21/08/2023;202334;15;136,88;;DEPOT;A;NFK|9001|20041|202334
9001;20088;21/08/2023;202334;10;565,00;;DEPOT;B;NFK|9001|20088|202334
9001;20131;21/08/2023;202334;7;147,88;;DEPOT;C;NFK|9001|20131|202334
9001;30012;21/08/2023;202334;5;80,94;;DEPOT;;NFK|9001|30012|202334
9001;30077;21/08/2023;202334;8;420,00;;DEPOT;;NFK|9001|30077|202334
9001;30154;21/08/2023;202334;7;100,36;KUPON;DEPOT;;NFK|9001|30154|202334
9001;30209;21/08/2023;202334;8;254,60;KUPON;DEPOT;;NFK|9001|30209|202334
9001;99001;21/08/2023;202334;0;0,00;;DEPOT;;NFK|9001|99001|202334
1101;10023;28/08/2023;202335;454;5391,25;;SUPER;;NFK|1101|10023|202335
1101;10047;28/08/2023;202335;281;3161,25;;SUPER;;NFK|1101|10047|202335
1101;10112;28/08/2023;202335;185;3919,69;;SUPER;;NFK|1101|10112|202335
1101;10310;28/08/2023;202335;133;3574,38;;SUPER;;NFK|1101|10310|202335
1101;11020;28/08/2023;202335;334;6241,62;;SUPER;;NFK|1101|11020|202335
1101;11085;28/08/2023;202335;277;2323,34;KUPON;SUPER;;NFK|1101|11085|202335
1101;11142;28/08/2023;202335;179;4463,81;;SUPER;;NFK|1101|11142|202335
1101;12004;28/08/2023;202335;225;9000,00;;SUPER;;NFK|1101|12004|202335
1101;12066;28/08/2023;202335;161;9760,62;;SUPER;;NFK|1101|12066|202335
1101;12190;28/08/2023;202335;120;2700,00;;SUPER;;NFK|1101|12190|202335
1101;20015;28/08/2023;202335;278;7071,62;;SUPER;C;NFK|1101|20015|202335
1101;20041;28/08/2023;202335;315;2874,38;;SUPER;A;NFK|1101|20041|202335
1101;20088;28/08/2023;202335;191;10791,50;;SUPER;B;NFK|1101|20088|202335
1101;20131;28/08/2023;202335;133;2809,62;;SUPER;C;NFK|1101|20131|202335
1101;30012;28/08/2023;202335;87;1408,31;;SUPER;;NFK|1101|30012|202335
1101;30077;28/08/2023;202335;140;7350,00;;SUPER;;NFK|1101|30077|202335
1101;30154;28/08/2023;202335;115;1940,62;;SUPER;;NFK|1101|30154|202335
1101;30209;28/08/2023;202335;162;5457,38;TILBUD;SUPER;;NFK|1101|30209|202335
1101;99001;28/08/2023;202335;8;0,00;;SUPER;;NFK|1101|99001|202335
1102;10023;28/08/2023;202335;469;5569,38;;SUPER;;NFK|1102|10023|202335
1102;10047;28/08/2023;202335;292;3285,00;;SUPER;;NFK|1102|10047|202335
1102;10112;28/08/2023;202335;151;3199,31;;SUPER;;NFK|1102|10112|202335
1102;10310;28/08/2023;202335;145;3896,88;;SUPER;;NFK|1102|10310|202335
1102;11020;28/08/2023;202335;305;5699,69;;SUPER;;NFK|1102|11020|202335
1102;11085;28/08/2023;202335;245;2054,94;KUPON;SUPER;;NFK|1102|11085|202335
1102;11142;28/08/2023;202335;157;3915,19;;SUPER;;NFK|1102|11142|202335
1102;12004;28/08/2023;202335;162;6480,00;;SUPER;;NFK|1102|12004|202335
1102;12066;28/08/2023;202335;131;7941,88;;SUPER;;NFK|1102|12066|202335
1102;12190;28/08/2023;202335;109;2452,50;;SUPER;;NFK|1102|12190|202335
1102;20015;28/08/2023;202335;247;6283,06;;SUPER;C;NFK|1102|20015|202335
1102;20041;28/08/2023;202335;318;2901,75;;SUPER;A;NFK|1102|20041|202335
1102;20088;28/08/2023;202335;193;10904,50;;SUPER;B;NFK|1102|20088|202335
1102;20131;28/08/2023;202335;103;2175,88;;SUPER;C;NFK|1102|20131|202335
1102;30012;28/08/2023;202335;94;1521,62;;SUPER;;NFK|1102|30012|202335
1102;30077;28/08/2023;202335;150;7875,00;;SUPER;;NFK|1102|30077|202335
1102;30154;28/08/2023;202335;114;1923,75;;SUPER;;NFK|1102|30154|202335
1102;30209;28/08/2023;202335;164;5524,75;TILBUD;SUPER;;NFK|1102|30209|202335
1103;10023;28/08/2023;202335;245;2909,38;;NAER;;NFK|1103|10023|202335
1103;10047;28/08/2023;202335;145;1631,25;;NAER;;NFK|1103|10047|202335
1103;10112;28/08/2023;202335;87;1843,31;;NAER;;NFK|1103|10112|202335
1103;10310;28/08/2023;202335;62;1666,25;;NAER;;NFK|1103|10310|202335
1103;11020;28/08/2023;202335;182;3401,12;;NAER;;NFK|1103|11020|202335
1103;11085;28/08/2023;202335;126;1056,83;KUPON;NAER;;NFK|1103|11085|202335
1103;11142;28/08/2023;202335;68;1695,75;;NAER;;NFK|1103|11142|202335
1103;12004;28/08/2023;202335;94;3760,00;;NAER;;NFK|1103|12004|202335
1103;12066;28/08/2023;202335;77;4668,12;;NAER;;NFK|1103|12066|202335
1103;12190;28/08/2023;202335;57;1282,50;;NAER;;NFK|1103|12190|202335
1103;20015;28/08/2023;202335;142;3612,12;;NAER;C;NFK|1103|20015|202335
1103;20041;28/08/2023;202335;155;1414,38;;NAER;A;NFK|1103|20041|202335
1103;20088;28/08/2023;202335;99;5593,50;;NAER;B;NFK|1103|20088|202335
1103;20131;28/08/2023;202335;55;1161,88;;NAER;C;NFK|1103|20131|202335
1103;30012;28/08/2023;202335;54;874,12;;NAER;;NFK|1103|30012|202335
1103;30077;28/08/2023;202335;81;4252,50;;NAER;;NFK|1103|30077|202335
1103;30154;28/08/2023;202335;51;860,62;;NAER;;NFK|1103|30154|202335
1103;30209;28/08/2023;202335;94;3166,62;TILBUD;NAER;;NFK|1103|30209|202335
1103;99001;28/08/2023;202335;3;0,00;;NAER;;NFK|1103|99001|202335
1108;10023;28/08/2023;202335;806;9571,25;;HYPER;;NFK|1108|10023|202335
1108;10047;28/08/2023;202335;535;6018,75;;HYPER;;NFK|1108|10047|202335
1108;10112;28/08/2023;202335;343;7267,31;;HYPER;;NFK|1108|10112|202335
1108;10310;28/08/2023;202335;246;6611,25;;HYPER;;NFK|1108|10310|202335
1108;11020;28/08/2023;202335;659;12315,06;;HYPER;;NFK|1108|11020|202335
1108;11085;28/08/2023;202335;612;5133,15;KUPON;HYPER;;NFK|1108|11085|202335
1108;11142;28/08/2023;202335;341;8503,69;;HYPER;;NFK|1108|11142|202335
1108;12004;28/08/2023;202335;339;13560,00;;HYPER;;NFK|1108|12004|202335
1108;12066;28/08/2023;202335;310;18793,75;;HYPER;;NFK|1108|12066|202335
1108;12190;28/08/2023;202335;233;5242,50;;HYPER;;NFK|1108|12190|202335
1108;20015;28/08/2023;202335;548;13939,75;;HYPER;C;NFK|1108|20015|202335
1108;20041;28/08/2023;202335;691;6305,38;;HYPER;A;NFK|1108|20041|202335
1108;20088;28/08/2023;202335;375;21187,50;;HYPER;B;NFK|1108|20088|202335
1108;20131;28/08/2023;202335;241;5091,12;;HYPER;C;NFK|1108|20131|202335
1108;30012;28/08/2023;202335;172;2784,25;;HYPER;;NFK|1108|30012|202335
1108;30077;28/08/2023;202335;296;15540,00;;HYPER;;NFK|1108|30077|202335
1108;30154;28/08/2023;202335;223;3763,12;;HYPER;;NFK|1108|30154|202335
1108;30209;28/08/2023;202335;382;12868,62;TILBUD;HYPER;;NFK|1108|30209|202335
3104;10023;28/08/2023;202335;414;4916,25;;SUPER;;NFK|3104|10023|202335
3104;10047;28/08/2023;202335;269;3026,25;;SUPER;;NFK|3104|10047|202335
3104;10112;28/08/2023;202335;153;3241,69;;SUPER;;NFK|3104|10112|202335
3104;10310;28/08/2023;202335;115;3090,62;;SUPER;;NFK|3104|10310|202335
3104;11020;28/08/2023;202335;305;5699,69;;SUPER;;NFK|3104|11020|202335
3104;11085;28/08/2023;202335;262;2197,53;KUPON;SUPER;;NFK|3104|11085|202335
3104;11142;28/08/2023;202335;150;3740,62;;SUPER;;NFK|3104|11142|202335
3104;12004;28/08/2023;202335;172;6880,00;;SUPER;;NFK|3104|12004|202335
3104;12066;28/08/2023;202335;138;8366,25;;SUPER;;NFK|3104|12066|202335
3104;12190;28/08/2023;202335;89;2002,50;;SUPER;;NFK|3104|12190|202335
3104;20015;28/08/2023;202335;212;5392,75;;SUPER;C;NFK|3104|20015|202335
3104;20041;28/08/2023;202335;344;3139,00;;SUPER;A;NFK|3104|20041|202335
3104;20088;28/08/2023;202335;176;9944,00;;SUPER;B;NFK|3104|20088|202335
3104;20131;28/08/2023;202335;124;2619,50;;SUPER;C;NFK|3104|20131|202335
3104;30012;28/08/2023;202335;94;1521,62;;SUPER;;NFK|3104|30012|202335
3104;30077;28/08/2023;202335;145;7612,50;;SUPER;;NFK|3104|30077|202335
3104;30154;28/08/2023;202335;91;1535,62;;SUPER;;NFK|3104|30154|202335
3104;30209;28/08/2023;202335;113;4230,44;;SUPER;;NFK|3104|30209|202335
3117;10023;28/08/2023;202335;221;2624,38;;NAER;;NFK|3117|10023|202335
3117;10047;28/08/2023;202335;131;1473,75;;NAER;;NFK|3117|10047|202335
3117;10112;28/08/2023;202335;74;1567,88;;NAER;;NFK|3117|10112|202335
3117;10310;28/08/2023;202335;54;1451,25;;NAER;;NFK|3117|10310|202335
3117;11020;28/08/2023;202335;153;2859,19;;NAER;;NFK|3117|11020|202335
3117;11085;28/08/2023;202335;139;1165,86;KUPON;NAER;;NFK|3117|11085|202335
3117;11142;28/08/2023;202335;71;1770,56;;NAER;;NFK|3117|11142|202335
3117;12004;28/08/2023;202335;88;3520,00;;NAER;;NFK|3117|12004|202335
3117;12066;28/08/2023;202335;59;3576,88;;NAER;;NFK|3117|12066|202335
3117;12190;28/08/2023;202335;40;900,00;;NAER;;NFK|3117|12190|202335
3117;20015;28/08/2023;202335;109;2772,69;;NAER;C;NFK|3117|20015|202335
3117;20041;28/08/2023;202335;131;1195,38;;NAER;A;NFK|3117|20041|202335
3117;20088;28/08/2023;202335;73;4124,50;;NAER;B;NFK|3117|20088|202335
3117;20131;28/08/2023;202335;45;950,62;;NAER;C;NFK|3117|20131|202335
3117;30012;28/08/2023;202335;44;712,25;;NAER;;NFK|3117|30012|202335
3117;30077;28/08/2023;202335;66;3465,00;;NAER;;NFK|3117|30077|202335
3117;30154;28/08/2023;202335;48;810,00;;NAER;;NFK|3117|30154|202335
3117;30209;28/08/2023;202335;52;1946,75;;NAER;;NFK|3117|30209|202335
3122;10023;28/08/2023;202335;131;1555,62;;FRANCHISE;;NFK|3122|10023|202335
3122;10047;28/08/2023;202335;86;967,50;;FRANCHISE;;NFK|3122|10047|202335
3122;10112;28/08/2023;202335;59;1250,06;;FRANCHISE;;NFK|3122|10112|202335
3122;10310;28/08/2023;202335;36;967,50;;FRANCHISE;;NFK|3122|10310|202335
3122;11020;28/08/2023;202335;111;2074,31;;FRANCHISE;;NFK|3122|11020|202335
3122;11085;28/08/2023;202335;101;847,14;KUPON;FRANCHISE;;NFK|3122|11085|202335
3122;11142;28/08/2023;202335;53;1321,69;;FRANCHISE;;NFK|3122|11142|202335
3122;12004;28/08/2023;202335;61;2440,00;;FRANCHISE;;NFK|3122|12004|202335
3122;12066;28/08/2023;202335;43;2606,88;;FRANCHISE;;NFK|3122|12066|202335
3122;12190;28/08/2023;202335;32;720,00;;FRANCHISE;;NFK|3122|12190|202335
3122;20015;28/08/2023;202335;91;2314,81;;FRANCHISE;C;NFK|3122|20015|202335
3122;20041;28/08/2023;202335;92;839,50;;FRANCHISE;A;NFK|3122|20041|202335
3122;20088;28/08/2023;202335;51;2881,50;;FRANCHISE;B;NFK|3122|20088|202335
3122;20131;28/08/2023;202335;44;929,50;;FRANCHISE;C;NFK|3122|20131|202335
3122;30012;28/08/2023;202335;30;485,62;;FRANCHISE;;NFK|3122|30012|202335
3122;30077;28/08/2023;202335;41;2152,50;;FRANCHISE;;NFK|3122|30077|202335
3122;30154;28/08/2023;202335;36;607,50;;FRANCHISE;;NFK|3122|30154|202335
3122;30209;28/08/2023;202335;38;1422,62;;FRANCHISE;;NFK|3122|30209|202335
4201;10023;28/08/2023;202335;718;8526,25;;HYPER;;NFK|4201|10023|202335
4201;10047;28/08/2023;202335;456;5130,00;;HYPER;;NFK|4201|10047|202335
4201;10112;28/08/2023;202335;254;5381,62;;HYPER;;NFK|4201|10112|202335
4201;10310;28/08/2023;202335;217;5831,88;;HYPER;;NFK|4201|10310|202335
4201;11020;28/08/2023;202335;685;12800,94;;HYPER;;NFK|4201|11020|202335
4201;11085;28/08/2023;202335;456;3824,70;KUPON;HYPER;;NFK|4201|11085|202335
4201;11142;28/08/2023;202335;297;6663,94;KUPON;HYPER;;NFK|4201|11142|202335
4201;12004;28/08/2023;202335;298;11920,00;;HYPER;;NFK|4201|12004|202335
4201;12066;28/08/2023;202335;257;15580,62;;HYPER;;NFK|4201|12066|202335
4201;12190;28/08/2023;202335;202;4545,00;;HYPER;;NFK|4201|12190|202335
4201;20015;28/08/2023;202335;411;10454,81;;HYPER;C;NFK|4201|20015|202335
4201;20041;28/08/2023;202335;605;5520,62;;HYPER;A;NFK|4201|20041|202335
4201;20088;28/08/2023;202335;309;17458,50;;HYPER;B;NFK|4201|20088|202335
4201;20131;28/08/2023;202335;211;4457,38;;HYPER;C;NFK|4201|20131|202335
4201;30012;28/08/2023;202335;142;2298,62;;HYPER;;NFK|4201|30012|202335
4201;30077;28/08/2023;202335;258;13545,00;;HYPER;;NFK|4201|30077|202335
4201;30154;28/08/2023;202335;190;3206,25;;HYPER;;NFK|4201|30154|202335
4201;30209;28/08/2023;202335;308;10375,75;TILBUD;HYPER;;NFK|4201|30209|202335
4201;99001;28/08/2023;202335;12;0,00;;HYPER;;NFK|4201|99001|202335
4205;10023;28/08/2023;202335;504;5985,00;;SUPER;;NFK|4205|10023|202335
4205;10047;28/08/2023;202335;277;3116,25;;SUPER;;NFK|4205|10047|202335
4205;10112;28/08/2023;202335;149;3156,94;;SUPER;;NFK|4205|10112|202335
4205;10310;28/08/2023;202335;118;3171,25;;SUPER;;NFK|4205|10310|202335
4205;11020;28/08/2023;202335;390;7288,12;;SUPER;;NFK|4205|11020|202335
4205;11085;28/08/2023;202335;275;2306,56;KUPON;SUPER;;NFK|4205|11085|202335
4205;11142;28/08/2023;202335;166;3724,62;KUPON;SUPER;;NFK|4205|11142|202335
4205;12004;28/08/2023;202335;190;7600,00;;SUPER;;NFK|4205|12004|202335
4205;12066;28/08/2023;202335;127;7699,38;;SUPER;;NFK|4205|12066|202335
4205;12190;28/08/2023;202335;115;2587,50;;SUPER;;NFK|4205|12190|202335
4205;20015;28/08/2023;202335;231;5876,06;;SUPER;C;NFK|4205|20015|202335
4205;20041;28/08/2023;202335;376;3431,00;;SUPER;A;NFK|4205|20041|202335
4205;20088;28/08/2023;202335;162;9153,00;;SUPER;B;NFK|4205|20088|202335
4205;20131;28/08/2023;202335;137;2894,12;;SUPER;C;NFK|4205|20131|202335
4205;30012;28/08/2023;202335;81;1311,19;;SUPER;;NFK|4205|30012|202335
4205;30077;28/08/2023;202335;146;7665,00;;SUPER;;NFK|4205|30077|202335
4205;30154;28/08/2023;202335;108;1822,50;;SUPER;;NFK|4205|30154|202335
4205;30209;28/08/2023;202335;189;6366,94;TILBUD;SUPER;;NFK|4205|30209|202335
4218;10023;28/08/2023;202335;523;6210,62;;SUPER;;NFK|4218|10023|202335
4218;10047;28/08/2023;202335;297;3341,25;;SUPER;;NFK|4218|10047|202335
4218;10112;28/08/2023;202335;157;3326,44;;SUPER;;NFK|4218|10112|202335
4218;10310;28/08/2023;202335;142;3816,25;;SUPER;;NFK|4218|10310|202335
4218;11020;28/08/2023;202335;359;6708,81;;SUPER;;NFK|4218|11020|202335
4218;11085;28/08/2023;202335;286;2398,82;KUPON;SUPER;;NFK|4218|11085|202335
4218;11142;28/08/2023;202335;202;4532,38;KUPON;SUPER;;NFK|4218|11142|202335
4218;12004;28/08/2023;202335;206;8240,00;;SUPER;;NFK|4218|12004|202335
4218;12066;28/08/2023;202335;173;10488,12;;SUPER;;NFK|4218|12066|202335
4218;12190;28/08/2023;202335;115;2587,50;;SUPER;;NFK|4218|12190|202335
4218;20015;28/08/2023;202335;270;6868,12;;SUPER;C;NFK|4218|20015|202335
4218;20041;28/08/2023;202335;363;3312,38;;SUPER;A;NFK|4218|20041|202335
4218;20088;28/08/2023;202335;201;11356,50;;SUPER;B;NFK|4218|20088|202335
4218;20131;28/08/2023;202335;127;2682,88;;SUPER;C;NFK|4218|20131|202335
4218;30012;28/08/2023;202335;94;1521,62;;SUPER;;NFK|4218|30012|202335
4218;30077;28/08/2023;202335;151;7927,50;;SUPER;;NFK|4218|30077|202335
4218;30154;28/08/2023;202335;121;2041,88;;SUPER;;NFK|4218|30154|202335
4218;30209;28/08/2023;202335;170;5726,88;TILBUD;SUPER;;NFK|4218|30209|202335
5502;10023;28/08/2023;202335;478;5676,25;;SUPER;;NFK|5502|10023|202335
5502;10047;28/08/2023;202335;270;3037,50;;SUPER;;NFK|5502|10047|202335
5502;10112;28/08/2023;202335;176;3729,00;;SUPER;;NFK|5502|10112|202335
5502;10310;28/08/2023;202335;133;3574,38;;SUPER;;NFK|5502|10310|202335
5502;11020;28/08/2023;202335;335;6260,31;;SUPER;;NFK|5502|11020|202335
5502;11085;28/08/2023;202335;270;2264,62;KUPON;SUPER;;NFK|5502|11085|202335
5502;11142;28/08/2023;202335;157;3522,69;KUPON;SUPER;;NFK|5502|11142|202335
5502;12004;28/08/2023;202335;168;6720,00;;SUPER;;NFK|5502|12004|202335
5502;12066;28/08/2023;202335;150;9093,75;;SUPER;;NFK|5502|12066|202335
5502;12190;28/08/2023;202335;101;2272,50;;SUPER;;NFK|5502|12190|202335
5502;20015;28/08/2023;202335;279;7097,06;;SUPER;C;NFK|5502|20015|202335
5502;20041;28/08/2023;202335;283;2582,38;;SUPER;A;NFK|5502|20041|202335
5502;20088;28/08/2023;202335;191;10791,50;;SUPER;B;NFK|5502|20088|202335
5502;20131;28/08/2023;202335;129;2725,12;;SUPER;C;NFK|5502|20131|202335
5502;30012;28/08/2023;202335;80;1295,00;;SUPER;;NFK|5502|30012|202335
5502;30077;28/08/2023;202335;127;6667,50;;SUPER;;NFK|5502|30077|202335
5502;30154;28/08/2023;202335;112;1890,00;;SUPER;;NFK|5502|30154|202335
5502;30209;28/08/2023;202335;112;4193,00;;SUPER;;NFK|5502|30209|202335
5511;10023;28/08/2023;202335;164;1947,50;;PARTNER;;NFK|5511|10023|202335
5511;10047;28/08/2023;202335;98;1102,50;;PARTNER;;NFK|5511|10047|202335
5511;10112;28/08/2023;202335;67;1419,56;;PARTNER;;NFK|5511|10112|202335
5511;10310;28/08/2023;202335;48;1290,00;;PARTNER;;NFK|5511|10310|202335
5511;11020;28/08/2023;202335;138;2578,88;;PARTNER;;NFK|5511|11020|202335
5511;11085;28/08/2023;202335;108;905,85;KUPON;PARTNER;;NFK|5511|11085|202335
5511;11142;28/08/2023;202335;58;1301,38;KUPON;PARTNER;;NFK|5511|11142|202335
5511;12004;28/08/2023;202335;63;2520,00;;PARTNER;;NFK|5511|12004|202335
5511;12066;28/08/2023;202335;48;2910,00;;PARTNER;;NFK|5511|12066|202335
5511;12190;28/08/2023;202335;38;855,00;;PARTNER;;NFK|5511|12190|202335
5511;20015;28/08/2023;202335;92;2340,25;;PARTNER;C;NFK|5511|20015|202335
5511;20041;28/08/2023;202335;116;1058,50;;PARTNER;A;NFK|5511|20041|202335
5511;20088;28/08/2023;202335;62;3503,00;;PARTNER;B;NFK|5511|20088|202335
5511;20131;28/08/2023;202335;45;950,62;;PARTNER;C;NFK|5511|20131|202335
5511;30012;28/08/2023;202335;35;566,56;;PARTNER;;NFK|5511|30012|202335
5511;30077;28/08/2023;202335;48;2520,00;;PARTNER;;NFK|5511|30077|202335
5511;30154;28/08/2023;202335;41;691,88;;PARTNER;;NFK|5511|30154|202335
5511;30209;28/08/2023;202335;56;2096,50;;PARTNER;;NFK|5511|30209|202335
9001;10023;28/08/2023;202335;23;273,12;;DEPOT;;NFK|9001|10023|202335
9001;10047;28/08/2023;202335;16;180,00;;DEPOT;;NFK|9001|10047|202335
9001;10112;28/08/2023;202335;8;169,50;;DEPOT;;NFK|9001|10112|202335
9001;10310;28/08/2023;202335;8;215,00;;DEPOT;;NFK|9001|10310|202335
9001;11020;28/08/2023;202335;18;336,37;;DEPOT;;NFK|9001|11020|202335
9001;11085;28/08/2023;202335;15;125,81;KUPON;DEPOT;;NFK|9001|11085|202335
9001;11142;28/08/2023;202335;7;174,56;;DEPOT;;NFK|9001|11142|202335
9001;12004;28/08/2023;202335;11;440,00;;DEPOT;;NFK|9001|12004|202335
9001;12066;28/08/2023;202335;9;545,62;;DEPOT;;NFK|9001|12066|202335
9001;12190;28/08/2023;202335;5;112,50;;DEPOT;;NFK|9001|12190|202335
9001;20015;28/08/2023;202335;15;381,56;;DEPOT;C;NFK|9001|20015|202335
9001;20041;28/08/2023;202335;17;155,12;;DEPOT;A;NFK|9001|20041|202335
9001;20088;28/08/2023;202335;10;565,00;;DEPOT;B;NFK|9001|20088|202335
9001;20131;28/08/2023;202335;6;126,75;;DEPOT;C;NFK|9001|20131|202335
9001;30012;28/08/2023;202335;5;80,94;;DEPOT;;NFK|9001|30012|202335
9001;30077;28/08/2023;202335;7;367,50;;DEPOT;;NFK|9001|30077|202335
9001;30154;28/08/2023;202335;5;84,38;;DEPOT;;NFK|9001|30154|202335
9001;30209;28/08/2023;202335;7;262,06;;DEPOT;;NFK|9001|30209|202335
1101;10023;04/09/2023;202336;552;5899,50;TILBUD;SUPER;;NFK|1101|10023|202336
1101;10047;04/09/2023;202336;458;4122,00;MP;SUPER;;NFK|1101|10047|202336
1101;10112;04/09/2023;202336;182;3856,12;;SUPER;;NFK|1101|10112|202336
1101;10310;04/09/2023;202336;140;3762,50;;SUPER;;NFK|1101|10310|202336
1101;11020;04/09/2023;202336;602;9564,27;TILBUD;SUPER;;NFK|1101|11020|202336
1101;11085;04/09/2023;202336;227;2539,56;;SUPER;;NFK|1101|11085|202336
1101;11142;04/09/2023;202336;147;3665,81;;SUPER;;NFK|1101|11142|202336
1101;12004;04/09/2023;202336;184;7360,00;;SUPER;;NFK|1101|12004|202336
1101;12066;04/09/2023;202336;136;8245,00;;SUPER;;NFK|1101|12066|202336
1101;12190;04/09/2023;202336;108;2430,00;;SUPER;;NFK|1101|12190|202336
1101;20015;04/09/2023;202336;273;6944,44;;SUPER;C;NFK|1101|20015|202336
1101;20041;04/09/2023;202336;385;3513,12;;SUPER;A;NFK|1101|20041|202336
1101;20088;04/09/2023;202336;164;9266,00;;SUPER;B;NFK|1101|20088|202336
1101;20131;04/09/2023;202336;135;2851,88;;SUPER;C;NFK|1101|20131|202336
1101;30012;04/09/2023;202336;90;1456,88;;SUPER;;NFK|1101|30012|202336
1101;30077;04/09/2023;202336;153;8032,50;;SUPER;;NFK|1101|30077|202336
1101;30154;04/09/2023;202336;109;1839,38;;SUPER;;NFK|1101|30154|202336
1101;30209;04/09/2023;202336;136;5091,50;;SUPER;;NFK|1101|30209|202336
1102;10023;04/09/2023;202336;641;6850,69;TILBUD;SUPER;;NFK|1102|10023|202336
1102;10047;04/09/2023;202336;400;3600,00;MP;SUPER;;NFK|1102|10047|202336
1102;10112;04/09/2023;202336;138;2923,88;;SUPER;;NFK|1102|10112|202336
1102;10310;04/09/2023;202336;119;3198,12;;SUPER;;NFK|1102|10310|202336
1102;11020;04/09/2023;202336;567;9008,21;TILBUD;SUPER;;NFK|1102|11020|202336
1102;11085;04/09/2023;202336;191;2136,81;;SUPER;;NFK|1102|11085|202336
1102;11142;04/09/2023;202336;130;3241,88;;SUPER;;NFK|1102|11142|202336
1102;12004;04/09/2023;202336;207;8280,00;;SUPER;;NFK|1102|12004|202336
1102;12066;04/09/2023;202336;146;8851,25;;SUPER;;NFK|1102|12066|202336
1102;12190;04/09/2023;202336;89;2002,50;;SUPER;;NFK|1102|12190|202336
1102;20015;04/09/2023;202336;220;5596,25;;SUPER;C;NFK|1102|20015|202336
1102;20041;04/09/2023;202336;350;3193,75;;SUPER;A;NFK|1102|20041|202336
1102;20088;04/09/2023;202336;174;9831,00;;SUPER;B;NFK|1102|20088|202336
1102;20131;04/09/2023;202336;115;2429,38;;SUPER;C;NFK|1102|20131|202336
1102;30012;04/09/2023;202336;96;1554,00;;SUPER;;NFK|1102|30012|202336
1102;30077;04/09/2023;202336;142;7455,00;;SUPER;;NFK|1102|30077|202336
1102;30154;04/09/2023;202336;112;1890,00;;SUPER;;NFK|1102|30154|202336
1102;30209;04/09/2023;202336;137;5128,94;;SUPER;;NFK|1102|30209|202336
1103;10023;04/09/2023;202336;298;3184,88;TILBUD;NAER;;NFK|1103|10023|202336
1103;10047;04/09/2023;202336;181;1629,00;MP;NAER;;NFK|1103|10047|202336
1103;10112;04/09/2023;202336;75;1589,06;;NAER;;NFK|1103|10112|202336
1103;10310;04/09/2023;202336;61;1639,38;;NAER;;NFK|1103|10310|202336
1103;11020;04/09/2023;202336;296;4702,70;TILBUD;NAER;;NFK|1103|11020|202336
1103;11085;04/09/2023;202336;94;1051,62;;NAER;;NFK|1103|11085|202336
1103;11142;04/09/2023;202336;76;1895,25;;NAER;;NFK|1103|11142|202336
1103;12004;04/09/2023;202336;87;3480,00;;NAER;;NFK|1103|12004|202336
1103;12066;04/09/2023;202336;68;4122,50;;NAER;;NFK|1103|12066|202336
1103;12190;04/09/2023;202336;52;1170,00;;NAER;;NFK|1103|12190|202336
1103;20015;04/09/2023;202336;129;3281,44;;NAER;C;NFK|1103|20015|202336
1103;20041;04/09/2023;202336;166;1514,75;;NAER;A;NFK|1103|20041|202336
1103;20088;04/09/2023;202336;95;5367,50;;NAER;B;NFK|1103|20088|202336
1103;20131;04/09/2023;202336;57;1204,12;;NAER;C;NFK|1103|20131|202336
1103;30012;04/09/2023;202336;46;744,62;;NAER;;NFK|1103|30012|202336
1103;30077;04/09/2023;202336;80;4200,00;;NAER;;NFK|1103|30077|202336
1103;30154;04/09/2023;202336;47;793,12;;NAER;;NFK|1103|30154|202336
1103;30209;04/09/2023;202336;74;2770,37;;NAER;;NFK|1103|30209|202336
1108;10023;04/09/2023;202336;1036;11072,25;TILBUD;HYPER;;NFK|1108|10023|202336
1108;10047;04/09/2023;202336;662;5958,00;MP;HYPER;;NFK|1108|10047|202336
1108;10112;04/09/2023;202336;361;7648,69;;HYPER;;NFK|1108|10112|202336
1108;10310;04/09/2023;202336;249;6691,88;;HYPER;;NFK|1108|10310|202336
1108;11020;04/09/2023;202336;1099;17460,36;TILBUD;HYPER;;NFK|1108|11020|202336
1108;11085;04/09/2023;202336;375;4195,31;;HYPER;;NFK|1108|11085|202336
1108;11142;04/09/2023;202336;277;6907,69;;HYPER;;NFK|1108|11142|202336
1108;12004;04/09/2023;202336;327;13080,00;;HYPER;;NFK|1108|12004|202336
1108;12066;04/09/2023;202336;285;17278,12;;HYPER;;NFK|1108|12066|202336
1108;12190;04/09/2023;202336;196;4410,00;;HYPER;;NFK|1108|12190|202336
1108;20015;04/09/2023;202336;561;14270,44;;HYPER;C;NFK|1108|20015|202336
1108;20041;04/09/2023;202336;619;5648,38;;HYPER;A;NFK|1108|20041|202336
1108;20088;04/09/2023;202336;328;18532,00;;HYPER;B;NFK|1108|20088|202336
1108;20131;04/09/2023;202336;242;5112,25;;HYPER;C;NFK|1108|20131|202336
1108;30012;04/09/2023;202336;180;2913,75;;HYPER;;NFK|1108|30012|202336
1108;30077;04/09/2023;202336;279;14647,50;;HYPER;;NFK|1108|30077|202336
1108;30154;04/09/2023;202336;183;3088,12;;HYPER;;NFK|1108|30154|202336
1108;30209;04/09/2023;202336;221;8273,69;;HYPER;;NFK|1108|30209|202336
1108;99001;04/09/2023;202336;14;0,00;;HYPER;;NFK|1108|99001|202336
3104;10023;04/09/2023;202336;618;6604,88;TILBUD;SUPER;;NFK|3104|10023|202336
3104;10047;04/09/2023;202336;380;3420,00;MP;SUPER;;NFK|3104|10047|202336
3104;10112;04/09/2023;202336;169;3580,69;;SUPER;;NFK|3104|10112|202336
3104;10310;04/09/2023;202336;111;2983,12;;SUPER;;NFK|3104|10310|202336
3104;11020;04/09/2023;202336;366;6839,62;;SUPER;;NFK|3104|11020|202336
3104;11085;04/09/2023;202336;179;2002,56;;SUPER;;NFK|3104|11085|202336
3104;11142;04/09/2023;202336;137;3416,44;;SUPER;;NFK|3104|11142|202336
3104;12004;04/09/2023;202336;158;6320,00;;SUPER;;NFK|3104|12004|202336
3104;12066;04/09/2023;202336;138;8366,25;;SUPER;;NFK|3104|12066|202336
3104;12190;04/09/2023;202336;105;2362,50;;SUPER;;NFK|3104|12190|202336
3104;20015;04/09/2023;202336;242;6155,88;;SUPER;C;NFK|3104|20015|202336
3104;20041;04/09/2023;202336;343;3129,88;;SUPER;A;NFK|3104|20041|202336
3104;20088;04/09/2023;202336;173;9774,50;;SUPER;B;NFK|3104|20088|202336
3104;20131;04/09/2023;202336;101;2133,62;;SUPER;C;NFK|3104|20131|202336
3104;30012;04/09/2023;202336;96;1554,00;;SUPER;;NFK|3104|30012|202336
3104;30077;04/09/2023;202336;114;5985,00;;SUPER;;NFK|3104|30077|202336
3104;30154;04/09/2023;202336;94;1586,25;;SUPER;;NFK|3104|30154|202336
3104;30209;04/09/2023;202336;118;4417,62;;SUPER;;NFK|3104|30209|202336
3117;10023;04/09/2023;202336;227;2426,06;TILBUD;NAER;;NFK|3117|10023|202336
3117;10047;04/09/2023;202336;153;1377,00;MP;NAER;;NFK|3117|10047|202336
3117;10112;04/09/2023;202336;78;1652,62;;NAER;;NFK|3117|10112|202336
3117;10310;04/09/2023;202336;62;1666,25;;NAER;;NFK|3117|10310|202336
3117;11020;04/09/2023;202336;139;2597,56;;NAER;;NFK|3117|11020|202336
3117;11085;04/09/2023;202336;93;1040,44;;NAER;;NFK|3117|11085|202336
3117;11142;04/09/2023;202336;67;1670,81;;NAER;;NFK|3117|11142|202336
3117;12004;04/09/2023;202336;80;3200,00;;NAER;;NFK|3117|12004|202336
3117;12066;04/09/2023;202336;56;3395,00;;NAER;;NFK|3117|12066|202336
3117;12190;04/09/2023;202336;41;922,50;;NAER;;NFK|3117|12190|202336
3117;20015;04/09/2023;202336;116;2950,75;;NAER;C;NFK|3117|20015|202336
3117;20041;04/09/2023;202336;152;1387,00;;NAER;A;NFK|3117|20041|202336
3117;20088;04/09/2023;202336;72;4068,00;;NAER;B;NFK|3117|20088|202336
3117;20131;04/09/2023;202336;47;992,88;;NAER;C;NFK|3117|20131|202336
3117;30012;04/09/2023;202336;40;647,50;;NAER;;NFK|3117|30012|202336
3117;30077;04/09/2023;202336;70;3675,00;;NAER;;NFK|3117|30077|202336
3117;30154;04/09/2023;202336;40;675,00;;NAER;;NFK|3117|30154|202336
3117;30209;04/09/2023;202336;55;2059,06;;NAER;;NFK|3117|30209|202336
3122;10023;04/09/2023;202336;193;2062,69;TILBUD;FRANCHISE;;NFK|3122|10023|202336
3122;10047;04/09/2023;202336;134;1206,00;MP;FRANCHISE;;NFK|3122|10047|202336
3122;10112;04/09/2023;202336;55;1165,31;;FRANCHISE;;NFK|3122|10112|202336
3122;10310;04/09/2023;202336;36;967,50;;FRANCHISE;;NFK|3122|10310|202336
3122;11020;04/09/2023;202336;128;2392,00;;FRANCHISE;;NFK|3122|11020|202336
3122;11085;04/09/2023;202336;72;805,50;;FRANCHISE;;NFK|3122|11085|202336
3122;11142;04/09/2023;202336;48;1197,00;;FRANCHISE;;NFK|3122|11142|202336
3122;12004;04/09/2023;202336;54;2160,00;;FRANCHISE;;NFK|3122|12004|202336
3122;12066;04/09/2023;202336;45;2728,12;;FRANCHISE;;NFK|3122|12066|202336
3122;12190;04/09/2023;202336;31;697,50;;FRANCHISE;;NFK|3122|12190|202336
3122;20015;04/09/2023;202336;90;2289,38;;FRANCHISE;C;NFK|3122|20015|202336
3122;20041;04/09/2023;202336;101;921,62;;FRANCHISE;A;NFK|3122|20041|202336
3122;20088;04/09/2023;202336;55;3107,50;;FRANCHISE;B;NFK|3122|20088|202336
3122;20131;04/09/2023;202336;35;739,38;;FRANCHISE;C;NFK|3122|20131|202336
3122;30012;04/09/2023;202336;28;453,25;;FRANCHISE;;NFK|3122|30012|202336
3122;30077;04/09/2023;202336;42;2205,00;;FRANCHISE;;NFK|3122|30077|202336
3122;30154;04/09/2023;202336;34;573,75;;FRANCHISE;;NFK|3122|30154|202336
3122;30209;04/09/2023;202336;37;1385,19;;FRANCHISE;;NFK|3122|30209|202336
4201;10023;04/09/2023;202336;857;9159,19;TILBUD;HYPER;;NFK|4201|10023|202336
4201;10047;04/09/2023;202336;677;6093,00;MP;HYPER;;NFK|4201|10047|202336
4201;10112;04/09/2023;202336;349;6652,81;AVIS;HYPER;;NFK|4201|10112|202336
4201;10310;04/09/2023;202336;327;5886,00;KUPON;HYPER;;NFK|4201|10310|202336
4201;11020;04/09/2023;202336;960;15252,00;TILBUD;HYPER;;NFK|4201|11020|202336
4201;11085;04/09/2023;202336;387;4329,56;;HYPER;;NFK|4201|11085|202336
4201;11142;04/09/2023;202336;257;6408,94;;HYPER;;NFK|4201|11142|202336
4201;12004;04/09/2023;202336;330;13200,00;;HYPER;;NFK|4201|12004|202336
4201;12066;04/09/2023;202336;239;14489,38;;HYPER;;NFK|4201|12066|202336
4201;12190;04/09/2023;202336;164;3690,00;;HYPER;;NFK|4201|12190|202336
4201;20015;04/09/2023;202336;462;11752,12;;HYPER;C;NFK|4201|20015|202336
4201;20041;04/09/2023;202336;523;4772,38;;HYPER;A;NFK|4201|20041|202336
4201;20088;04/09/2023;202336;329;18588,50;;HYPER;B;NFK|4201|20088|202336
4201;20131;04/09/2023;202336;205;4330,62;;HYPER;C;NFK|4201|20131|202336
4201;30012;04/09/2023;202336;146;2363,38;;HYPER;;NFK|4201|30012|202336
4201;30077;04/09/2023;202336;215;11287,50;;HYPER;;NFK|4201|30077|202336
4201;30154;04/09/2023;202336;182;3071,25;;HYPER;;NFK|4201|30154|202336
4201;30209;04/09/2023;202336;217;8123,94;;HYPER;;NFK|4201|30209|202336
4205;10023;04/09/2023;202336;547;5846,06;TILBUD;SUPER;;NFK|4205|10023|202336
4205;10047;04/09/2023;202336;387;3483,00;MP;SUPER;;NFK|4205|10047|202336
4205;10112;04/09/2023;202336;251;4784,69;AVIS;SUPER;;NFK|4205|10112|202336
4205;10310;04/09/2023;202336;196;3528,00;KUPON;SUPER;;NFK|4205|10310|202336
4205;11020;04/09/2023;202336;584;9278,30;TILBUD;SUPER;;NFK|4205|11020|202336
4205;11085;04/09/2023;202336;198;2215,12;;SUPER;;NFK|4205|11085|202336
4205;11142;04/09/2023;202336;168;4189,50;;SUPER;;NFK|4205|11142|202336
4205;12004;04/09/2023;202336;190;7600,00;;SUPER;;NFK|4205|12004|202336
4205;12066;04/09/2023;202336;152;9215,00;;SUPER;;NFK|4205|12066|202336
4205;12190;04/09/2023;202336;105;2362,50;;SUPER;;NFK|4205|12190|202336
4205;20015;04/09/2023;202336;255;6486,56;;SUPER;C;NFK|4205|20015|202336
4205;20041;04/09/2023;202336;316;2883,50;;SUPER;A;NFK|4205|20041|202336
4205;20088;04/09/2023;202336;153;8644,50;;SUPER;B;NFK|4205|20088|202336
4205;20131;04/09/2023;202336;118;2492,75;;SUPER;C;NFK|4205|20131|202336
4205;30012;04/09/2023;202336;96;1554,00;;SUPER;;NFK|4205|30012|202336
4205;30077;04/09/2023;202336;155;8137,50;;SUPER;;NFK|4205|30077|202336
4205;30154;04/09/2023;202336;103;1738,12;;SUPER;;NFK|4205|30154|202336
4205;30209;04/09/2023;202336;120;4492,50;;SUPER;;NFK|4205|30209|202336
4218;10023;04/09/2023;202336;672;7182,00;TILBUD;SUPER;;NFK|4218|10023|202336
4218;10047;04/09/2023;202336;405;3645,00;MP;SUPER;;NFK|4218|10047|202336
4218;10112;04/09/2023;202336;242;4613,12;AVIS;SUPER;;NFK|4218|10112|202336
4218;10310;04/09/2023;202336;178;3204,00;KUPON;SUPER;;NFK|4218|10310|202336
4218;11020;04/09/2023;202336;575;9135,31;TILBUD;SUPER;;NFK|4218|11020|202336
4218;11085;04/09/2023;202336;240;2685,00;;SUPER;;NFK|4218|11085|202336
4218;11142;04/09/2023;202336;149;3715,69;;SUPER;;NFK|4218|11142|202336
4218;12004;04/09/2023;202336;210;8400,00;;SUPER;;NFK|4218|12004|202336
4218;12066;04/09/2023;202336;163;9881,88;;SUPER;;NFK|4218|12066|202336
4218;12190;04/09/2023;202336;103;2317,50;;SUPER;;NFK|4218|12190|202336
4218;20015;04/09/2023;202336;303;7707,56;;SUPER;C;NFK|4218|20015|202336
4218;20041;04/09/2023;202336;343;3129,88;;SUPER;A;NFK|4218|20041|202336
4218;20088;04/09/2023;202336;200;11300,00;;SUPER;B;NFK|4218|20088|202336
4218;20131;04/09/2023;202336;133;2809,62;;SUPER;C;NFK|4218|20131|202336
4218;30012;04/09/2023;202336;96;1554,00;;SUPER;;NFK|4218|30012|202336
4218;30077;04/09/2023;202336;158;8295,00;;SUPER;;NFK|4218|30077|202336
4218;30154;04/09/2023;202336;98;1653,75;;SUPER;;NFK|4218|30154|202336
4218;30209;04/09/2023;202336;158;5915,12;;SUPER;;NFK|4218|30209|202336
4218;99001;04/09/2023;202336;8;0,00;;SUPER;;NFK|4218|99001|202336
5502;10023;04/09/2023;202336;626;6690,38;TILBUD;SUPER;;NFK|5502|10023|202336
5502;10047;04/09/2023;202336;378;3402,00;MP;SUPER;;NFK|5502|10047|202336
5502;10112;04/09/2023;202336;233;4441,56;AVIS;SUPER;;NFK|5502|10112|202336
5502;10310;04/09/2023;202336;195;3510,00;KUPON;SUPER;;NFK|5502|10310|202336
5502;11020;04/09/2023;202336;353;6596,69;;SUPER;;NFK|5502|11020|202336
5502;11085;04/09/2023;202336;187;2092,06;;SUPER;;NFK|5502|11085|202336
5502;11142;04/09/2023;202336;140;3491,25;;SUPER;;NFK|5502|11142|202336
5502;12004;04/09/2023;202336;179;7160,00;;SUPER;;NFK|5502|12004|202336
5502;12066;04/09/2023;202336;140;8487,50;;SUPER;;NFK|5502|12066|202336
5502;12190;04/09/2023;202336;89;2002,50;;SUPER;;NFK|5502|12190|202336
5502;20015;04/09/2023;202336;238;6054,12;;SUPER;C;NFK|5502|20015|202336
5502;20041;04/09/2023;202336;315;2874,38;;SUPER;A;NFK|5502|20041|202336
5502;20088;04/09/2023;202336;165;9322,50;;SUPER;B;NFK|5502|20088|202336
5502;20131;04/09/2023;202336;116;2450,50;;SUPER;C;NFK|5502|20131|202336
5502;30012;04/09/2023;202336;84;1359,75;;SUPER;;NFK|5502|30012|202336
5502;30077;04/09/2023;202336;153;8032,50;;SUPER;;NFK|5502|30077|202336
5502;30154;04/09/2023;202336;92;1552,50;;SUPER;;NFK|5502|30154|202336
5502;30209;04/09/2023;202336;141;5278,69;;SUPER;;NFK|5502|30209|202336
5511;10023;04/09/2023;202336;208;2223,00;TILBUD;PARTNER;;NFK|5511|10023|202336
5511;10047;04/09/2023;202336;163;1467,00;MP;PARTNER;;NFK|5511|10047|202336
5511;10112;04/09/2023;202336;77;1467,81;AVIS;PARTNER;;NFK|5511|10112|202336
5511;10310;04/09/2023;202336;78;1404,00;KUPON;PARTNER;;NFK|5511|10310|202336
5511;11020;04/09/2023;202336;115;2149,06;;PARTNER;;NFK|5511|11020|202336
5511;11085;04/09/2023;202336;79;883,81;;PARTNER;;NFK|5511|11085|202336
5511;11142;04/09/2023;202336;63;1571,06;;PARTNER;;NFK|5511|11142|202336
5511;12004;04/09/2023;202336;75;3000,00;;PARTNER;;NFK|5511|12004|202336
5511;12066;04/09/2023;202336;47;2849,38;;PARTNER;;NFK|5511|12066|202336
5511;12190;04/09/2023;202336;40;900,00;;PARTNER;;NFK|5511|12190|202336
5511;20015;04/09/2023;202336;86;2187,62;;PARTNER;C;NFK|5511|20015|202336
5511;20041;04/09/2023;202336;133;1213,62;;PARTNER;A;NFK|5511|20041|202336
5511;20088;04/09/2023;202336;57;3220,50;;PARTNER;B;NFK|5511|20088|202336
5511;20131;04/09/2023;202336;47;992,88;;PARTNER;C;NFK|5511|20131|202336
5511;30012;04/09/2023;202336;38;615,12;;PARTNER;;NFK|5511|30012|202336
5511;30077;04/09/2023;202336;47;2467,50;;PARTNER;;NFK|5511|30077|202336
5511;30154;04/09/2023;202336;39;658,12;;PARTNER;;NFK|5511|30154|202336
5511;30209;04/09/2023;202336;48;1797,00;;PARTNER;;NFK|5511|30209|202336
9001;10023;04/09/2023;202336;34;363,38;TILBUD;DEPOT;;NFK|9001|10023|202336
9001;10047;04/09/2023;202336;21;189,00;MP;DEPOT;;NFK|9001|10047|202336
9001;10112;04/09/2023;202336;8;169,50;;DEPOT;;NFK|9001|10112|202336
9001;10310;04/09/2023;202336;8;215,00;;DEPOT;;NFK|9001|10310|202336
9001;11020;04/09/2023;202336;20;373,75;;DEPOT;;NFK|9001|11020|202336
9001;11085;04/09/2023;202336;11;123,06;;DEPOT;;NFK|9001|11085|202336
9001;11142;04/09/2023;202336;7;174,56;;DEPOT;;NFK|9001|11142|202336
9001;12004;04/09/2023;202336;11;440,00;;DEPOT;;NFK|9001|12004|202336
9001;12066;04/09/2023;202336;8;485,00;;DEPOT;;NFK|9001|12066|202336
9001;12190;04/09/2023;202336;6;135,00;;DEPOT;;NFK|9001|12190|202336
9001;20015;04/09/2023;202336;13;330,69;;DEPOT;C;NFK|9001|20015|202336
9001;20041;04/09/2023;202336;19;173,38;;DEPOT;A;NFK|9001|20041|202336
9001;20088;04/09/2023;202336;10;565,00;;DEPOT;B;NFK|9001|20088|202336
9001;20131;04/09/2023;202336;7;147,88;;DEPOT;C;NFK|9001|20131|202336
9001;30012;04/09/2023;202336;5;80,94;;DEPOT;;NFK|9001|30012|202336
9001;30077;04/09/2023;202336;8;420,00;;DEPOT;;NFK|9001|30077|202336
9001;30154;04/09/2023;202336;5;84,38;;DEPOT;;NFK|9001|30154|202336
9001;30209;04/09/2023;202336;8;299,50;;DEPOT;;NFK|9001|30209|202336
1101;10023;11/09/2023;202337;512;6080,00;;SUPER;;NFK|1101|10023|202337
1101;10047;11/09/2023;202337;294;3307,50;;SUPER;;NFK|1101|10047|202337
1101;10112;11/09/2023;202337;167;3538,31;;SUPER;;NFK|1101|10112|202337
1101;10310;11/09/2023;202337;122;3278,75;;SUPER;;NFK|1101|10310|202337
1101;11020;11/09/2023;202337;389;7269,44;;SUPER;;NFK|1101|11020|202337
1101;11085;11/09/2023;202337;222;2483,62;;SUPER;;NFK|1101|11085|202337
1101;11142;11/09/2023;202337;162;4039,88;;SUPER;;NFK|1101|11142|202337
1101;12004;11/09/2023;202337;195;7800,00;;SUPER;;NFK|1101|12004|202337
1101;12066;11/09/2023;202337;150;9093,75;;SUPER;;NFK|1101|12066|202337
1101;12190;11/09/2023;202337;105;2362,50;;SUPER;;NFK|1101|12190|202337
1101;20015;11/09/2023;202337;280;7122,50;;SUPER;C;NFK|1101|20015|202337
1101;20041;11/09/2023;202337;315;2874,38;;SUPER;A;NFK|1101|20041|202337
1101;20088;11/09/2023;202337;157;8870,50;;SUPER;B;NFK|1101|20088|202337
1101;20131;11/09/2023;202337;0;0,00;;SUPER;C;NFK|1101|20131|202337
1101;30012;11/09/2023;202337;106;1715,87;;SUPER;;NFK|1101|30012|202337
1101;30077;11/09/2023;202337;129;6772,50;;SUPER;;NFK|1101|30077|202337
1101;30154;11/09/2023;202337;100;1687,50;;SUPER;;NFK|1101|30154|202337
1101;30209;11/09/2023;202337;121;4529,94;;SUPER;;NFK|1101|30209|202337
1101;99001;11/09/2023;202337;7;0,00;;SUPER;;NFK|1101|99001|202337
1102;10023;11/09/2023;202337;485;5759,38;;SUPER;;NFK|1102|10023|202337
1102;10047;11/09/2023;202337;269;3026,25;;SUPER;;NFK|1102|10047|202337
1102;10112;11/09/2023;202337;149;3156,94;;SUPER;;NFK|1102|10112|202337
1102;10310;11/09/2023;202337;124;3332,50;;SUPER;;NFK|1102|10310|202337
1102;11020;11/09/2023;202337;367;6858,31;;SUPER;;NFK|1102|11020|202337
1102;11085;11/09/2023;202337;178;1991,38;;SUPER;;NFK|1102|11085|202337
1102;11142;11/09/2023;202337;164;4089,75;;SUPER;;NFK|1102|11142|202337
1102;12004;11/09/2023;202337;162;6480,00;;SUPER;;NFK|1102|12004|202337
1102;12066;11/09/2023;202337;149;9033,12;;SUPER;;NFK|1102|12066|202337
1102;12190;11/09/2023;202337;101;2272,50;;SUPER;;NFK|1102|12190|202337
1102;20015;11/09/2023;202337;262;6664,62;;SUPER;C;NFK|1102|20015|202337
1102;20041;11/09/2023;202337;296;2701,00;;SUPER;A;NFK|1102|20041|202337
1102;20088;11/09/2023;202337;147;8305,50;;SUPER;B;NFK|1102|20088|202337
1102;20131;11/09/2023;202337;122;2577,25;;SUPER;C;NFK|1102|20131|202337
1102;30012;11/09/2023;202337;83;1343,56;;SUPER;;NFK|1102|30012|202337
1102;30077;11/09/2023;202337;140;7350,00;;SUPER;;NFK|1102|30077|202337
1102;30154;11/09/2023;202337;92;1552,50;;SUPER;;NFK|1102|30154|202337
1102;30209;11/09/2023;202337;134;5016,62;;SUPER;;NFK|1102|30209|202337
1103;10023;11/09/2023;202337;249;2956,88;;NAER;;NFK|1103|10023|202337
1103;10047;11/09/2023;202337;127;1428,75;;NAER;;NFK|1103|10047|202337
1103;10112;11/09/2023;202337;72;1525,50;;NAER;;NFK|1103|10112|202337
1103;10310;11/09/2023;202337;59;1585,62;;NAER;;NFK|1103|10310|202337
1103;11020;11/09/2023;202337;182;3401,12;;NAER;;NFK|1103|11020|202337
1103;11085;11/09/2023;202337;103;1152,31;;NAER;;NFK|1103|11085|202337
1103;11142;11/09/2023;202337;80;1995,00;;NAER;;NFK|1103|11142|202337
1103;12004;11/09/2023;202337;96;3840,00;;NAER;;NFK|1103|12004|202337
1103;12066;11/09/2023;202337;69;4183,12;;NAER;;NFK|1103|12066|202337
1103;12190;11/09/2023;202337;51;1147,50;;NAER;;NFK|1103|12190|202337
1103;20015;11/09/2023;202337;141;3586,69;;NAER;C;NFK|1103|20015|202337
1103;20041;11/09/2023;202337;164;1496,50;;NAER;A;NFK|1103|20041|202337
1103;20088;11/09/2023;202337;85;4802,50;;NAER;B;NFK|1103|20088|202337
1103;20131;11/09/2023;202337;61;1288,62;;NAER;C;NFK|1103|20131|202337
1103;30012;11/09/2023;202337;48;777,00;;NAER;;NFK|1103|30012|202337
1103;30077;11/09/2023;202337;69;3622,50;;NAER;;NFK|1103|30077|202337
1103;30154;11/09/2023;202337;59;995,62;;NAER;;NFK|1103|30154|202337
1103;30209;11/09/2023;202337;64;2396,00;;NAER;;NFK|1103|30209|202337
1103;99001;11/09/2023;202337;3;0,00;;NAER;;NFK|1103|99001|202337
1108;10023;11/09/2023;202337;899;10675,62;;HYPER;;NFK|1108|10023|202337
1108;10047;11/09/2023;202337;605;6806,25;;HYPER;;NFK|1108|10047|202337
1108;10112;11/09/2023;202337;347;7352,06;;HYPER;;NFK|1108|10112|202337
1108;10310;11/09/2023;202337;268;7202,50;;HYPER;;NFK|1108|10310|202337
1108;11020;11/09/2023;202337;704;13156,00;;HYPER;;NFK|1108|11020|202337
1108;11085;11/09/2023;202337;397;4441,44;;HYPER;;NFK|1108|11085|202337
1108;11142;11/09/2023;202337;279;6957,56;;HYPER;;NFK|1108|11142|202337
1108;12004;11/09/2023;202337;409;16360,00;;HYPER;;NFK|1108|12004|202337
1108;12066;11/09/2023;202337;308;18672,50;;HYPER;;NFK|1108|12066|202337
1108;12190;11/09/2023;202337;200;4500,00;;HYPER;;NFK|1108|12190|202337
1108;20015;11/09/2023;202337;512;13024,00;;HYPER;C;NFK|1108|20015|202337
1108;20041;11/09/2023;202337;618;5639,25;;HYPER;A;NFK|1108|20041|202337
1108;20088;11/09/2023;202337;342;19323,00;;HYPER;B;NFK|1108|20088|202337
1108;20131;11/09/2023;202337;219;4626,38;;HYPER;C;NFK|1108|20131|202337
1108;30012;11/09/2023;202337;204;3302,25;;HYPER;;NFK|1108|30012|202337
1108;30077;11/09/2023;202337;297;15592,50;;HYPER;;NFK|1108|30077|202337
1108;30154;11/09/2023;202337;227;3830,62;;HYPER;;NFK|1108|30154|202337
1108;30209;11/09/2023;202337;221;8273,69;;HYPER;;NFK|1108|30209|202337
1108;99001;11/09/2023;202337;14;0,00;;HYPER;;NFK|1108|99001|202337
3104;10023;11/09/2023;202337;428;5082,50;;SUPER;;NFK|3104|10023|202337
3104;10047;11/09/2023;202337;250;2812,50;;SUPER;;NFK|3104|10047|202337
3104;10112;11/09/2023;202337;158;3347,62;;SUPER;;NFK|3104|10112|202337
3104;10310;11/09/2023;202337;114;3063,75;;SUPER;;NFK|3104|10310|202337
3104;11020;11/09/2023;202337;285;5325,94;;SUPER;;NFK|3104|11020|202337
3104;11085;11/09/2023;202337;186;2080,88;;SUPER;;NFK|3104|11085|202337
3104;11142;11/09/2023;202337;121;3017,44;;SUPER;;NFK|3104|11142|202337
3104;12004;11/09/2023;202337;189;7560,00;;SUPER;;NFK|3104|12004|202337
3104;12066;11/09/2023;202337;134;8123,75;;SUPER;;NFK|3104|12066|202337
3104;12190;11/09/2023;202337;90;2025,00;;SUPER;;NFK|3104|12190|202337
3104;20015;11/09/2023;202337;252;6410,25;;SUPER;C;NFK|3104|20015|202337
3104;20041;11/09/2023;202337;335;3056,88;;SUPER;A;NFK|3104|20041|202337
3104;20088;11/09/2023;202337;180;10170,00;;SUPER;B;NFK|3104|20088|202337
3104;20131;11/09/2023;202337;116;2450,50;;SUPER;C;NFK|3104|20131|202337
3104;30012;11/09/2023;202337;80;1295,00;;SUPER;;NFK|3104|30012|202337
3104;30077;11/09/2023;202337;121;6352,50;;SUPER;;NFK|3104|30077|202337
3104;30154;11/09/2023;202337;90;1518,75;;SUPER;;NFK|3104|30154|202337
3104;30209;11/09/2023;202337;110;4118,12;;SUPER;;NFK|3104|30209|202337
3104;99001;11/09/2023;202337;6;0,00;;SUPER;;NFK|3104|99001|202337
3117;10023;11/09/2023;202337;175;2078,12;;NAER;;NFK|3117|10023|202337
3117;10047;11/09/2023;202337;131;1473,75;;NAER;;NFK|3117|10047|202337
3117;10112;11/09/2023;202337;76;1610,25;;NAER;;NFK|3117|10112|202337
3117;10310;11/09/2023;202337;52;1397,50;;NAER;;NFK|3117|10310|202337
3117;11020;11/09/2023;202337;138;2578,88;;NAER;;NFK|3117|11020|202337
3117;11085;11/09/2023;202337;90;1006,87;;NAER;;NFK|3117|11085|202337
3117;11142;11/09/2023;202337;72;1795,50;;NAER;;NFK|3117|11142|202337
3117;12004;11/09/2023;202337;87;3480,00;;NAER;;NFK|3117|12004|202337
3117;12066;11/09/2023;202337;59;3576,88;;NAER;;NFK|3117|12066|202337
3117;12190;11/09/2023;202337;45;1012,50;;NAER;;NFK|3117|12190|202337
3117;20015;11/09/2023;202337;106;2696,38;;NAER;C;NFK|3117|20015|202337
3117;20041;11/09/2023;202337;144;1314,00;;NAER;A;NFK|3117|20041|202337
3117;20088;11/09/2023;202337;80;4520,00;;NAER;B;NFK|3117|20088|202337
3117;20131;11/09/2023;202337;55;1161,88;;NAER;C;NFK|3117|20131|202337
3117;30012;11/09/2023;202337;38;615,12;;NAER;;NFK|3117|30012|202337
3117;30077;11/09/2023;202337;56;2940,00;;NAER;;NFK|3117|30077|202337
3117;30154;11/09/2023;202337;39;658,12;;NAER;;NFK|3117|30154|202337
3117;30209;11/09/2023;202337;50;1871,88;;NAER;;NFK|3117|30209|202337
3122;10023;11/09/2023;202337;148;1757,50;;FRANCHISE;;NFK|3122|10023|202337
3122;10047;11/09/2023;202337;89;1001,25;;FRANCHISE;;NFK|3122|10047|202337
3122;10112;11/09/2023;202337;57;1207,69;;FRANCHISE;;NFK|3122|10112|202337
3122;10310;11/09/2023;202337;41;1101,88;;FRANCHISE;;NFK|3122|10310|202337
3122;11020;11/09/2023;202337;110;2055,62;;FRANCHISE;;NFK|3122|11020|202337
3122;11085;11/09/2023;202337;65;727,19;;FRANCHISE;;NFK|3122|11085|202337
3122;11142;11/09/2023;202337;41;1022,44;;FRANCHISE;;NFK|3122|11142|202337
3122;12004;11/09/2023;202337;60;2400,00;;FRANCHISE;;NFK|3122|12004|202337
3122;12066;11/09/2023;202337;44;2667,50;;FRANCHISE;;NFK|3122|12066|202337
3122;12190;11/09/2023;202337;35;787,50;;FRANCHISE;;NFK|3122|12190|202337
3122;20015;11/09/2023;202337;84;2136,75;;FRANCHISE;C;NFK|3122|20015|202337
3122;20041;11/09/2023;202337;98;894,25;;FRANCHISE;A;NFK|3122|20041|202337
3122;20088;11/09/2023;202337;56;3164,00;;FRANCHISE;B;NFK|3122|20088|202337
3122;20131;11/09/2023;202337;34;718,25;;FRANCHISE;C;NFK|3122|20131|202337
3122;30012;11/09/2023;202337;28;453,25;;FRANCHISE;;NFK|3122|30012|202337
3122;30077;11/09/2023;202337;43;2257,50;;FRANCHISE;;NFK|3122|30077|202337
3122;30154;11/09/2023;202337;33;556,88;;FRANCHISE;;NFK|3122|30154|202337
3122;30209;11/09/2023;202337;45;1684,69;;FRANCHISE;;NFK|3122|30209|202337
3122;99001;11/09/2023;202337;2;0,00;;FRANCHISE;;NFK|3122|99001|202337
4201;10023;11/09/2023;202337;699;8300,62;;HYPER;;NFK|4201|10023|202337
4201;10047;11/09/2023;202337;445;5006,25;;HYPER;;NFK|4201|10047|202337
4201;10112;11/09/2023;202337;248;5254,50;;HYPER;;NFK|4201|10112|202337
4201;10310;11/09/2023;202337;197;5294,38;;HYPER;;NFK|4201|10310|202337
4201;11020;11/09/2023;202337;560;10465,00;;HYPER;;NFK|4201|11020|202337
4201;11085;11/09/2023;202337;338;3781,38;;HYPER;;NFK|4201|11085|202337
4201;11142;11/09/2023;202337;291;7256,81;;HYPER;;NFK|4201|11142|202337
4201;12004;11/09/2023;202337;351;14040,00;;HYPER;;NFK|4201|12004|202337
4201;12066;11/09/2023;202337;215;13034,38;;HYPER;;NFK|4201|12066|202337
4201;12190;11/09/2023;202337;166;3735,00;;HYPER;;NFK|4201|12190|202337
4201;20015;11/09/2023;202337;434;11039,88;;HYPER;C;NFK|4201|20015|202337
4201;20041;11/09/2023;202337;576;5256,00;;HYPER;A;NFK|4201|20041|202337
4201;20088;11/09/2023;202337;251;14181,50;;HYPER;B;NFK|4201|20088|202337
4201;20131;11/09/2023;202337;208;4394,00;;HYPER;C;NFK|4201|20131|202337
4201;30012;11/09/2023;202337;151;2444,31;;HYPER;;NFK|4201|30012|202337
4201;30077;11/09/2023;202337;234;12285,00;;HYPER;;NFK|4201|30077|202337
4201;30154;11/09/2023;202337;169;2851,88;;HYPER;;NFK|4201|30154|202337
4201;30209;11/09/2023;202337;203;7599,81;;HYPER;;NFK|4201|30209|202337
4205;10023;11/09/2023;202337;383;4548,12;;SUPER;;NFK|4205|10023|202337
4205;10047;11/09/2023;202337;283;3183,75;;SUPER;;NFK|4205|10047|202337
4205;10112;11/09/2023;202337;146;3093,38;;SUPER;;NFK|4205|10112|202337
4205;10310;11/09/2023;202337;143;3843,12;;SUPER;;NFK|4205|10310|202337
4205;11020;11/09/2023;202337;373;6970,44;;SUPER;;NFK|4205|11020|202337
4205;11085;11/09/2023;202337;213;2382,94;;SUPER;;NFK|4205|11085|202337
4205;11142;11/09/2023;202337;165;4114,69;;SUPER;;NFK|4205|11142|202337
4205;12004;11/09/2023;202337;189;7560,00;;SUPER;;NFK|4205|12004|202337
4205;12066;11/09/2023;202337;148;8972,50;;SUPER;;NFK|4205|12066|202337
4205;12190;11/09/2023;202337;112;2520,00;;SUPER;;NFK|4205|12190|202337
4205;20015;11/09/2023;202337;290;7376,88;;SUPER;C;NFK|4205|20015|202337
4205;20041;11/09/2023;202337;362;3303,25;;SUPER;A;NFK|4205|20041|202337
4205;20088;11/09/2023;202337;167;9435,50;;SUPER;B;NFK|4205|20088|202337
4205;20131;11/09/2023;202337;133;2809,62;;SUPER;C;NFK|4205|20131|202337
4205;30012;11/09/2023;202337;103;1667,31;;SUPER;;NFK|4205|30012|202337
4205;30077;11/09/2023;202337;125;6562,50;;SUPER;;NFK|4205|30077|202337
4205;30154;11/09/2023;202337;93;1569,38;;SUPER;;NFK|4205|30154|202337
4205;30209;11/09/2023;202337;137;5128,94;;SUPER;;NFK|4205|30209|202337
4218;10023;11/09/2023;202337;416;4940,00;;SUPER;;NFK|4218|10023|202337
4218;10047;11/09/2023;202337;282;3172,50;;SUPER;;NFK|4218|10047|202337
4218;10112;11/09/2023;202337;161;3411,19;;SUPER;;NFK|4218|10112|202337
4218;10310;11/09/2023;202337;0;0,00;;SUPER;;NFK|4218|10310|202337
4218;11020;11/09/2023;202337;373;6970,44;;SUPER;;NFK|4218|11020|202337
4218;11085;11/09/2023;202337;225;2517,19;;SUPER;;NFK|4218|11085|202337
4218;11142;11/09/2023;202337;168;4189,50;;SUPER;;NFK|4218|11142|202337
4218;12004;11/09/2023;202337;208;8320,00;;SUPER;;NFK|4218|12004|202337
4218;12066;11/09/2023;202337;131;7941,88;;SUPER;;NFK|4218|12066|202337
4218;12190;11/09/2023;202337;109;2452,50;;SUPER;;NFK|4218|12190|202337
4218;20015;11/09/2023;202337;282;7173,38;;SUPER;C;NFK|4218|20015|202337
4218;20041;11/09/2023;202337;335;3056,88;;SUPER;A;NFK|4218|20041|202337
4218;20088;11/09/2023;202337;201;11356,50;;SUPER;B;NFK|4218|20088|202337
4218;20131;11/09/2023;202337;121;2556,12;;SUPER;C;NFK|4218|20131|202337
4218;30012;11/09/2023;202337;89;1440,69;;SUPER;;NFK|4218|30012|202337
4218;30077;11/09/2023;202337;165;8662,50;;SUPER;;NFK|4218|30077|202337
4218;30154;11/09/2023;202337;116;1957,50;;SUPER;;NFK|4218|30154|202337
4218;30209;11/09/2023;202337;150;5615,62;;SUPER;;NFK|4218|30209|202337
4218;99001;11/09/2023;202337;7;0,00;;SUPER;;NFK|4218|99001|202337
5502;10023;11/09/2023;202337;401;4761,88;;SUPER;;NFK|5502|10023|202337
5502;10047;11/09/2023;202337;278;3127,50;;SUPER;;NFK|5502|10047|202337
5502;10112;11/09/2023;202337;158;3347,62;;SUPER;;NFK|5502|10112|202337
5502;10310;11/09/2023;202337;113;3036,88;;SUPER;;NFK|5502|10310|202337
5502;11020;11/09/2023;202337;300;5606,25;;SUPER;;NFK|5502|11020|202337
5502;11085;11/09/2023;202337;203;2271,06;;SUPER;;NFK|5502|11085|202337
5502;11142;11/09/2023;202337;160;3990,00;;SUPER;;NFK|5502|11142|202337
5502;12004;11/09/2023;202337;181;7240,00;;SUPER;;NFK|5502|12004|202337
5502;12066;11/09/2023;202337;135;8184,38;;SUPER;;NFK|5502|12066|202337
5502;12190;11/09/2023;202337;99;2227,50;;SUPER;;NFK|5502|12190|202337
5502;20015;11/09/2023;202337;273;6944,44;;SUPER;C;NFK|5502|20015|202337
5502;20041;11/09/2023;202337;288;2628,00;;SUPER;A;NFK|5502|20041|202337
5502;20088;11/09/2023;202337;177;10000,50;;SUPER;B;NFK|5502|20088|202337
5502;20131;11/09/2023;202337;104;2197,00;;SUPER;C;NFK|5502|20131|202337
5502;30012;11/09/2023;202337;81;1311,19;;SUPER;;NFK|5502|30012|202337
5502;30077;11/09/2023;202337;133;6982,50;;SUPER;;NFK|5502|30077|202337
5502;30154;11/09/2023;202337;101;1704,38;;SUPER;;NFK|5502|30154|202337
5502;30209;11/09/2023;202337;113;4230,44;;SUPER;;NFK|5502|30209|202337
5502;99001;11/09/2023;202337;6;0,00;;SUPER;;NFK|5502|99001|202337
5511;10023;11/09/2023;202337;168;1995,00;;PARTNER;;NFK|5511|10023|202337
5511;10047;11/09/2023;202337;103;1158,75;;PARTNER;;NFK|5511|10047|202337
5511;10112;11/09/2023;202337;58;1228,88;;PARTNER;;NFK|5511|10112|202337
5511;10310;11/09/2023;202337;44;1182,50;;PARTNER;;NFK|5511|10310|202337
5511;11020;11/09/2023;202337;141;2634,94;;PARTNER;;NFK|5511|11020|202337
5511;11085;11/09/2023;202337;78;872,62;;PARTNER;;NFK|5511|11085|202337
5511;11142;11/09/2023;202337;48;1197,00;;PARTNER;;NFK|5511|11142|202337
5511;12004;11/09/2023;202337;70;2800,00;;PARTNER;;NFK|5511|12004|202337
5511;12066;11/09/2023;202337;58;3516,25;;PARTNER;;NFK|5511|12066|202337
5511;12190;11/09/2023;202337;39;877,50;;PARTNER;;NFK|5511|12190|202337
5511;20015;11/09/2023;202337;105;2670,94;;PARTNER;C;NFK|5511|20015|202337
5511;20041;11/09/2023;202337;106;967,25;;PARTNER;A;NFK|5511|20041|202337
5511;20088;11/09/2023;202337;61;3446,50;;PARTNER;B;NFK|5511|20088|202337
5511;20131;11/09/2023;202337;41;866,12;;PARTNER;C;NFK|5511|20131|202337
5511;30012;11/09/2023;202337;32;518,00;;PARTNER;;NFK|5511|30012|202337
5511;30077;11/09/2023;202337;52;2730,00;;PARTNER;;NFK|5511|30077|202337
5511;30154;11/09/2023;202337;43;725,62;;PARTNER;;NFK|5511|30154|202337
5511;30209;11/09/2023;202337;48;1797,00;;PARTNER;;NFK|5511|30209|202337
9001;10023;11/09/2023;202337;27;320,62;;DEPOT;;NFK|9001|10023|202337
9001;10047;11/09/2023;202337;13;146,25;;DEPOT;;NFK|9001|10047|202337
9001;10112;11/09/2023;202337;9;190,69;;DEPOT;;NFK|9001|10112|202337
9001;10310;11/09/2023;202337;7;188,12;;DEPOT;;NFK|9001|10310|202337
9001;11020;11/09/2023;202337;18;336,37;;DEPOT;;NFK|9001|11020|202337
9001;11085;11/09/2023;202337;11;123,06;;DEPOT;;NFK|9001|11085|202337
9001;11142;11/09/2023;202337;8;199,50;;DEPOT;;NFK|9001|11142|202337
9001;12004;11/09/2023;202337;11;440,00;;DEPOT;;NFK|9001|12004|202337
9001;12066;11/09/2023;202337;7;424,38;;DEPOT;;NFK|9001|12066|202337
9001;12190;11/09/2023;202337;6;135,00;;DEPOT;;NFK|9001|12190|202337
9001;20015;11/09/2023;202337;13;330,69;;DEPOT;C;NFK|9001|20015|202337
9001;20041;11/09/2023;202337;19;173,38;;DEPOT;A;NFK|9001|20041|202337
9001;20088;11/09/2023;202337;9;508,50;;DEPOT;B;NFK|9001|20088|202337
9001;20131;11/09/2023;202337;6;126,75;;DEPOT;C;NFK|9001|20131|202337
9001;30012;11/09/2023;202337;4;64,75;;DEPOT;;NFK|9001|30012|202337
9001;30077;11/09/2023;202337;8;420,00;;DEPOT;;NFK|9001|30077|202337
9001;30154;11/09/2023;202337;6;101,25;;DEPOT;;NFK|9001|30154|202337
9001;30209;11/09/2023;202337;7;262,06;;DEPOT;;NFK|9001|30209|202337
1101;10023;18/09/2023;202338;521;6186,88;;SUPER;;NFK|1101|10023|202338
1101;10047;18/09/2023;202338;281;3161,25;;SUPER;;NFK|1101|10047|202338
1101;10112;18/09/2023;202338;183;3877,31;;SUPER;;NFK|1101|10112|202338
1101;10310;18/09/2023;202338;136;3655,00;;SUPER;;NFK|1101|10310|202338
1101;11020;18/09/2023;202338;419;7830,06;;SUPER;;NFK|1101|11020|202338
1101;11085;18/09/2023;202338;189;2114,44;;SUPER;;NFK|1101|11085|202338
1101;11142;18/09/2023;202338;171;4264,31;;SUPER;;NFK|1101|11142|202338
1101;12004;18/09/2023;202338;208;8320,00;;SUPER;;NFK|1101|12004|202338
1101;12066;18/09/2023;202338;164;9942,50;;SUPER;;NFK|1101|12066|202338
1101;12190;18/09/2023;202338;126;2551,50;MP;SUPER;;NFK|1101|12190|202338
1101;20015;18/09/2023;202338;267;6791,81;;SUPER;C;NFK|1101|20015|202338
1101;20041;18/09/2023;202338;371;3385,38;;SUPER;A;NFK|1101|20041|202338
1101;20088;18/09/2023;202338;183;10339,50;;SUPER;B;NFK|1101|20088|202338
1101;20131;18/09/2023;202338;113;2387,12;;SUPER;C;NFK|1101|20131|202338
1101;30012;18/09/2023;202338;104;1683,50;;SUPER;;NFK|1101|30012|202338
1101;30077;18/09/2023;202338;126;6615,00;;SUPER;;NFK|1101|30077|202338
1101;30154;18/09/2023;202338;101;1704,38;;SUPER;;NFK|1101|30154|202338
1101;30209;18/09/2023;202338;144;5391,00;;SUPER;;NFK|1101|30209|202338
1102;10023;18/09/2023;202338;452;5367,50;;SUPER;;NFK|1102|10023|202338
1102;10047;18/09/2023;202338;232;2610,00;;SUPER;;NFK|1102|10047|202338
1102;10112;18/09/2023;202338;148;3135,75;;SUPER;;NFK|1102|10112|202338
1102;10310;18/09/2023;202338;119;3198,12;;SUPER;;NFK|1102|10310|202338
1102;11020;18/09/2023;202338;314;5867,88;;SUPER;;NFK|1102|11020|202338
1102;11085;18/09/2023;202338;217;2427,69;;SUPER;;NFK|1102|11085|202338
1102;11142;18/09/2023;202338;134;3341,62;;SUPER;;NFK|1102|11142|202338
1102;12004;18/09/2023;202338;162;6480,00;;SUPER;;NFK|1102|12004|202338
1102;12066;18/09/2023;202338;150;9093,75;;SUPER;;NFK|1102|12066|202338
1102;12190;18/09/2023;202338;117;2369,25;MP;SUPER;;NFK|1102|12190|202338
1102;20015;18/09/2023;202338;215;5469,06;;SUPER;C;NFK|1102|20015|202338
1102;20041;18/09/2023;202338;285;2600,62;;SUPER;A;NFK|1102|20041|202338
1102;20088;18/09/2023;202338;150;8475,00;;SUPER;B;NFK|1102|20088|202338
1102;20131;18/09/2023;202338;111;2344,88;;SUPER;C;NFK|1102|20131|202338
1102;30012;18/09/2023;202338;88;1424,50;;SUPER;;NFK|1102|30012|202338
1102;30077;18/09/2023;202338;122;6405,00;;SUPER;;NFK|1102|30077|202338
1102;30154;18/09/2023;202338;103;1738,12;;SUPER;;NFK|1102|30154|202338
1102;30209;18/09/2023;202338;122;4567,38;;SUPER;;NFK|1102|30209|202338
1103;10023;18/09/2023;202338;247;2933,12;;NAER;;NFK|1103|10023|202338
1103;10047;18/09/2023;202338;152;1710,00;;NAER;;NFK|1103|10047|202338
1103;10112;18/09/2023;202338;87;1843,31;;NAER;;NFK|1103|10112|202338
1103;10310;18/09/2023;202338;71;1908,12;;NAER;;NFK|1103|10310|202338
1103;11020;18/09/2023;202338;177;3307,69;;NAER;;NFK|1103|11020|202338
1103;11085;18/09/2023;202338;98;1096,38;;NAER;;NFK|1103|11085|202338
1103;11142;18/09/2023;202338;74;1845,38;;NAER;;NFK|1103|11142|202338
1103;12004;18/09/2023;202338;94;3760,00;;NAER;;NFK|1103|12004|202338
1103;12066;18/09/2023;202338;69;4183,12;;NAER;;NFK|1103|12066|202338
1103;12190;18/09/2023;202338;63;1275,75;MP;NAER;;NFK|1103|12190|202338
1103;20015;18/09/2023;202338;143;3637,56;;NAER;C;NFK|1103|20015|202338
1103;20041;18/09/2023;202338;165;1505,62;;NAER;A;NFK|1103|20041|202338
1103;20088;18/09/2023;202338;75;4237,50;;NAER;B;NFK|1103|20088|202338
1103;20131;18/09/2023;202338;59;1246,38;;NAER;C;NFK|1103|20131|202338
1103;30012;18/09/2023;202338;48;777,00;;NAER;;NFK|1103|30012|202338
1103;30077;18/09/2023;202338;66;3465,00;;NAER;;NFK|1103|30077|202338
1103;30154;18/09/2023;202338;47;793,12;;NAER;;NFK|1103|30154|202338
1103;30209;18/09/2023;202338;65;2433,44;;NAER;;NFK|1103|30209|202338
1108;10023;18/09/2023;202338;831;9868,12;;HYPER;;NFK|1108|10023|202338
1108;10047;18/09/2023;202338;512;5760,00;;HYPER;;NFK|1108|10047|202338
1108;10112;18/09/2023;202338;313;6631,69;;HYPER;;NFK|1108|10112|202338
1108;10310;18/09/2023;202338;242;6503,75;;HYPER;;NFK|1108|10310|202338
1108;11020;18/09/2023;202338;781;14594,94;;HYPER;;NFK|1108|11020|202338
1108;11085;18/09/2023;202338;378;4228,88;;HYPER;;NFK|1108|11085|202338
1108;11142;18/09/2023;202338;265;6608,44;;HYPER;;NFK|1108|11142|202338
1108;12004;18/09/2023;202338;411;16440,00;;HYPER;;NFK|1108|12004|202338
1108;12066;18/09/2023;202338;235;14246,88;;HYPER;;NFK|1108|12066|202338
1108;12190;18/09/2023;202338;226;4576,50;MP;HYPER;;NFK|1108|12190|202338
1108;20015;18/09/2023;202338;549;13965,19;;HYPER;C;NFK|1108|20015|202338
1108;20041;18/09/2023;202338;549;5009,62;;HYPER;A;NFK|1108|20041|202338
1108;20088;18/09/2023;202338;310;17515,00;;HYPER;B;NFK|1108|20088|202338
1108;20131;18/09/2023;202338;248;5239,00;;HYPER;C;NFK|1108|20131|202338
1108;30012;18/09/2023;202338;185;2994,69;;HYPER;;NFK|1108|30012|202338
1108;30077;18/09/2023;202338;279;14647,50;;HYPER;;NFK|1108|30077|202338
1108;30154;18/09/2023;202338;197;3324,38;;HYPER;;NFK|1108|30154|202338
1108;30209;18/09/2023;202338;226;8460,88;;HYPER;;NFK|1108|30209|202338
3104;10023;18/09/2023;202338;413;4904,38;;SUPER;;NFK|3104|10023|202338
3104;10047;18/09/2023;202338;237;2666,25;;SUPER;;NFK|3104|10047|202338
3104;10112;18/09/2023;202338;169;3580,69;;SUPER;;NFK|3104|10112|202338
3104;10310;18/09/2023;202338;109;2929,38;;SUPER;;NFK|3104|10310|202338
3104;11020;18/09/2023;202338;332;6204,25;;SUPER;;NFK|3104|11020|202338
3104;11085;18/09/2023;202338;189;2114,44;;SUPER;;NFK|3104|11085|202338
3104;11142;18/09/2023;202338;147;3665,81;;SUPER;;NFK|3104|11142|202338
3104;12004;18/09/2023;202338;162;6480,00;;SUPER;;NFK|3104|12004|202338
3104;12066;18/09/2023;202338;115;6971,88;;SUPER;;NFK|3104|12066|202338
3104;12190;18/09/2023;202338;95;2137,50;;SUPER;;NFK|3104|12190|202338
3104;20015;18/09/2023;202338;219;5570,81;;SUPER;C;NFK|3104|20015|202338
3104;20041;18/09/2023;202338;262;2390,75;;SUPER;A;NFK|3104|20041|202338
3104;20088;18/09/2023;202338;160;9040,00;;SUPER;B;NFK|3104|20088|202338
3104;20131;18/09/2023;202338;114;2408,25;;SUPER;C;NFK|3104|20131|202338
3104;30012;18/09/2023;202338;90;1456,88;;SUPER;;NFK|3104|30012|202338
3104;30077;18/09/2023;202338;113;5932,50;;SUPER;;NFK|3104|30077|202338
3104;30154;18/09/2023;202338;95;1603,12;;SUPER;;NFK|3104|30154|202338
3104;30209;18/09/2023;202338;114;4267,88;;SUPER;;NFK|3104|30209|202338
3117;10023;18/09/2023;202338;173;2054,38;;NAER;;NFK|3117|10023|202338
3117;10047;18/09/2023;202338;113;1271,25;;NAER;;NFK|3117|10047|202338
3117;10112;18/09/2023;202338;71;1504,31;;NAER;;NFK|3117|10112|202338
3117;10310;18/09/2023;202338;49;1316,88;;NAER;;NFK|3117|10310|202338
3117;11020;18/09/2023;202338;145;2709,69;;NAER;;NFK|3117|11020|202338
3117;11085;18/09/2023;202338;90;1006,87;;NAER;;NFK|3117|11085|202338
3117;11142;18/09/2023;202338;62;1546,12;;NAER;;NFK|3117|11142|202338
3117;12004;18/09/2023;202338;78;3120,00;;NAER;;NFK|3117|12004|202338
3117;12066;18/09/2023;202338;65;3940,62;;NAER;;NFK|3117|12066|202338
3117;12190;18/09/2023;202338;46;1035,00;;NAER;;NFK|3117|12190|202338
3117;20015;18/09/2023;202338;104;2645,50;;NAER;C;NFK|3117|20015|202338
3117;20041;18/09/2023;202338;125;1140,62;;NAER;A;NFK|3117|20041|202338
3117;20088;18/09/2023;202338;68;3842,00;;NAER;B;NFK|3117|20088|202338
3117;20131;18/09/2023;202338;57;1204,12;;NAER;C;NFK|3117|20131|202338
3117;30012;18/09/2023;202338;38;615,12;;NAER;;NFK|3117|30012|202338
3117;30077;18/09/2023;202338;54;2835,00;;NAER;;NFK|3117|30077|202338
3117;30154;18/09/2023;202338;47;793,12;;NAER;;NFK|3117|30154|202338
3117;30209;18/09/2023;202338;57;2133,94;;NAER;;NFK|3117|30209|202338
3122;10023;18/09/2023;202338;154;1828,75;;FRANCHISE;;NFK|3122|10023|202338
3122;10047;18/09/2023;202338;76;855,00;;FRANCHISE;;NFK|3122|10047|202338
3122;10112;18/09/2023;202338;47;995,81;;FRANCHISE;;NFK|3122|10112|202338
3122;10310;18/09/2023;202338;39;1048,12;;FRANCHISE;;NFK|3122|10310|202338
3122;11020;18/09/2023;202338;121;2261,19;;FRANCHISE;;NFK|3122|11020|202338
3122;11085;18/09/2023;202338;61;682,44;;FRANCHISE;;NFK|3122|11085|202338
3122;11142;18/09/2023;202338;46;1147,12;;FRANCHISE;;NFK|3122|11142|202338
3122;12004;18/09/2023;202338;53;2120,00;;FRANCHISE;;NFK|3122|12004|202338
3122;12066;18/09/2023;202338;40;2425,00;;FRANCHISE;;NFK|3122|12066|202338
3122;12190;18/09/2023;202338;31;697,50;;FRANCHISE;;NFK|3122|12190|202338
3122;20015;18/09/2023;202338;87;2213,06;;FRANCHISE;C;NFK|3122|20015|202338
3122;20041;18/09/2023;202338;106;967,25;;FRANCHISE;A;NFK|3122|20041|202338
3122;20088;18/09/2023;202338;59;3333,50;;FRANCHISE;B;NFK|3122|20088|202338
3122;20131;18/09/2023;202338;34;718,25;;FRANCHISE;C;NFK|3122|20131|202338
3122;30012;18/09/2023;202338;29;469,44;;FRANCHISE;;NFK|3122|30012|202338
3122;30077;18/09/2023;202338;48;2520,00;;FRANCHISE;;NFK|3122|30077|202338
3122;30154;18/09/2023;202338;35;590,62;;FRANCHISE;;NFK|3122|30154|202338
3122;30209;18/09/2023;202338;42;1572,37;;FRANCHISE;;NFK|3122|30209|202338
4201;10023;18/09/2023;202338;670;7956,25;;HYPER;;NFK|4201|10023|202338
4201;10047;18/09/2023;202338;404;4545,00;;HYPER;;NFK|4201|10047|202338
4201;10112;18/09/2023;202338;252;5339,25;;HYPER;;NFK|4201|10112|202338
4201;10310;18/09/2023;202338;242;6503,75;;HYPER;;NFK|4201|10310|202338
4201;11020;18/09/2023;202338;552;10315,50;;HYPER;;NFK|4201|11020|202338
4201;11085;18/09/2023;202338;303;3389,81;;HYPER;;NFK|4201|11085|202338
4201;11142;18/09/2023;202338;273;6807,94;;HYPER;;NFK|4201|11142|202338
4201;12004;18/09/2023;202338;357;14280,00;;HYPER;;NFK|4201|12004|202338
4201;12066;18/09/2023;202338;264;16005,00;;HYPER;;NFK|4201|12066|202338
4201;12190;18/09/2023;202338;219;4434,75;MP;HYPER;;NFK|4201|12190|202338
4201;20015;18/09/2023;202338;399;10149,56;;HYPER;C;NFK|4201|20015|202338
4201;20041;18/09/2023;202338;496;4526,00;;HYPER;A;NFK|4201|20041|202338
4201;20088;18/09/2023;202338;275;15537,50;;HYPER;B;NFK|4201|20088|202338
4201;20131;18/09/2023;202338;217;4584,12;;HYPER;C;NFK|4201|20131|202338
4201;30012;18/09/2023;202338;146;2363,38;;HYPER;;NFK|4201|30012|202338
4201;30077;18/09/2023;202338;237;12442,50;;HYPER;;NFK|4201|30077|202338
4201;30154;18/09/2023;202338;179;3020,62;;HYPER;;NFK|4201|30154|202338
4201;30209;18/09/2023;202338;210;7861,88;;HYPER;;NFK|4201|30209|202338
4205;10023;18/09/2023;202338;459;5450,62;;SUPER;;NFK|4205|10023|202338
4205;10047;18/09/2023;202338;280;3150,00;;SUPER;;NFK|4205|10047|202338
4205;10112;18/09/2023;202338;144;3051,00;;SUPER;;NFK|4205|10112|202338
4205;10310;18/09/2023;202338;125;3359,38;;SUPER;;NFK|4205|10310|202338
4205;11020;18/09/2023;202338;341;6372,44;;SUPER;;NFK|4205|11020|202338
4205;11085;18/09/2023;202338;203;2271,06;;SUPER;;NFK|4205|11085|202338
4205;11142;18/09/2023;202338;132;3291,75;;SUPER;;NFK|4205|11142|202338
4205;12004;18/09/2023;202338;210;8400,00;;SUPER;;NFK|4205|12004|202338
4205;12066;18/09/2023;202338;135;8184,38;;SUPER;;NFK|4205|12066|202338
4205;12190;18/09/2023;202338;115;2328,75;MP;SUPER;;NFK|4205|12190|202338
4205;20015;18/09/2023;202338;263;6690,06;;SUPER;C;NFK|4205|20015|202338
4205;20041;18/09/2023;202338;299;2728,38;;SUPER;A;NFK|4205|20041|202338
4205;20088;18/09/2023;202338;173;9774,50;;SUPER;B;NFK|4205|20088|202338
4205;20131;18/09/2023;202338;124;2619,50;;SUPER;C;NFK|4205|20131|202338
4205;30012;18/09/2023;202338;81;1311,19;;SUPER;;NFK|4205|30012|202338
4205;30077;18/09/2023;202338;145;7612,50;;SUPER;;NFK|4205|30077|202338
4205;30154;18/09/2023;202338;98;1653,75;;SUPER;;NFK|4205|30154|202338
4205;30209;18/09/2023;202338;134;5016,62;;SUPER;;NFK|4205|30209|202338
4218;10023;18/09/2023;202338;422;5011,25;;SUPER;;NFK|4218|10023|202338
4218;10047;18/09/2023;202338;303;3408,75;;SUPER;;NFK|4218|10047|202338
4218;10112;18/09/2023;202338;185;3919,69;;SUPER;;NFK|4218|10112|202338
4218;10310;18/09/2023;202338;135;3628,12;;SUPER;;NFK|4218|10310|202338
4218;11020;18/09/2023;202338;423;7904,81;;SUPER;;NFK|4218|11020|202338
4218;11085;18/09/2023;202338;191;2136,81;;SUPER;;NFK|4218|11085|202338
4218;11142;18/09/2023;202338;155;3865,31;;SUPER;;NFK|4218|11142|202338
4218;12004;18/09/2023;202338;199;7960,00;;SUPER;;NFK|4218|12004|202338
4218;12066;18/09/2023;202338;149;9033,12;;SUPER;;NFK|4218|12066|202338
4218;12190;18/09/2023;202338;123;2490,75;MP;SUPER;;NFK|4218|12190|202338
4218;20015;18/09/2023;202338;294;7478,62;;SUPER;C;NFK|4218|20015|202338
4218;20041;18/09/2023;202338;303;2764,88;;SUPER;A;NFK|4218|20041|202338
4218;20088;18/09/2023;202338;182;10283,00;;SUPER;B;NFK|4218|20088|202338
4218;20131;18/09/2023;202338;124;2619,50;;SUPER;C;NFK|4218|20131|202338
4218;30012;18/09/2023;202338;94;1521,62;;SUPER;;NFK|4218|30012|202338
4218;30077;18/09/2023;202338;154;8085,00;;SUPER;;NFK|4218|30077|202338
4218;30154;18/09/2023;202338;110;1856,25;;SUPER;;NFK|4218|30154|202338
4218;30209;18/09/2023;202338;123;4604,81;;SUPER;;NFK|4218|30209|202338
5502;10023;18/09/2023;202338;429;5094,38;;SUPER;;NFK|5502|10023|202338
5502;10047;18/09/2023;202338;250;2812,50;;SUPER;;NFK|5502|10047|202338
5502;10112;18/09/2023;202338;173;3665,44;;SUPER;;NFK|5502|10112|202338
5502;10310;18/09/2023;202338;128;3440,00;;SUPER;;NFK|5502|10310|202338
5502;11020;18/09/2023;202338;367;6858,31;;SUPER;;NFK|5502|11020|202338
5502;11085;18/09/2023;202338;182;2036,12;;SUPER;;NFK|5502|11085|202338
5502;11142;18/09/2023;202338;140;3491,25;;SUPER;;NFK|5502|11142|202338
5502;12004;18/09/2023;202338;180;7200,00;;SUPER;;NFK|5502|12004|202338
5502;12066;18/09/2023;202338;142;8608,75;;SUPER;;NFK|5502|12066|202338
5502;12190;18/09/2023;202338;86;1935,00;;SUPER;;NFK|5502|12190|202338
5502;20015;18/09/2023;202338;231;5876,06;;SUPER;C;NFK|5502|20015|202338
5502;20041;18/09/2023;202338;268;2445,50;;SUPER;A;NFK|5502|20041|202338
5502;20088;18/09/2023;202338;182;10283,00;;SUPER;B;NFK|5502|20088|202338
5502;20131;18/09/2023;202338;98;2070,25;;SUPER;C;NFK|5502|20131|202338
5502;30012;18/09/2023;202338;90;1456,88;;SUPER;;NFK|5502|30012|202338
5502;30077;18/09/2023;202338;125;6562,50;;SUPER;;NFK|5502|30077|202338
5502;30154;18/09/2023;202338;94;1586,25;;SUPER;;NFK|5502|30154|202338
5502;30209;18/09/2023;202338;131;4904,31;;SUPER;;NFK|5502|30209|202338
5511;10023;18/09/2023;202338;155;1840,62;;PARTNER;;NFK|5511|10023|202338
5511;10047;18/09/2023;202338;99;1113,75;;PARTNER;;NFK|5511|10047|202338
5511;10112;18/09/2023;202338;63;1334,81;;PARTNER;;NFK|5511|10112|202338
5511;10310;18/09/2023;202338;52;1397,50;;PARTNER;;NFK|5511|10310|202338
5511;11020;18/09/2023;202338;116;2167,75;;PARTNER;;NFK|5511|11020|202338
5511;11085;18/09/2023;202338;79;883,81;;PARTNER;;NFK|5511|11085|202338
5511;11142;18/09/2023;202338;63;1571,06;;PARTNER;;NFK|5511|11142|202338
5511;12004;18/09/2023;202338;67;2680,00;;PARTNER;;NFK|5511|12004|202338
5511;12066;18/09/2023;202338;47;2849,38;;PARTNER;;NFK|5511|12066|202338
5511;12190;18/09/2023;202338;37;832,50;;PARTNER;;NFK|5511|12190|202338
5511;20015;18/09/2023;202338;88;2238,50;;PARTNER;C;NFK|5511|20015|202338
5511;20041;18/09/2023;202338;109;994,62;;PARTNER;A;NFK|5511|20041|202338
5511;20088;18/09/2023;202338;61;3446,50;;PARTNER;B;NFK|5511|20088|202338
5511;20131;18/09/2023;202338;44;929,50;;PARTNER;C;NFK|5511|20131|202338
5511;30012;18/09/2023;202338;31;501,81;;PARTNER;;NFK|5511|30012|202338
5511;30077;18/09/2023;202338;53;2782,50;;PARTNER;;NFK|5511|30077|202338
5511;30154;18/09/2023;202338;42;708,75;;PARTNER;;NFK|5511|30154|202338
5511;30209;18/09/2023;202338;44;1647,25;;PARTNER;;NFK|5511|30209|202338
5511;99001;18/09/2023;202338;2;0,00;;PARTNER;;NFK|5511|99001|202338
9001;10023;18/09/2023;202338;26;308,75;;DEPOT;;NFK|9001|10023|202338
9001;10047;18/09/2023;202338;13;146,25;;DEPOT;;NFK|9001|10047|202338
9001;10112;18/09/2023;202338;9;190,69;;DEPOT;;NFK|9001|10112|202338
9001;10310;18/09/2023;202338;7;188,12;;DEPOT;;NFK|9001|10310|202338
9001;11020;18/09/2023;202338;20;373,75;;DEPOT;;NFK|9001|11020|202338
9001;11085;18/09/2023;202338;10;111,88;;DEPOT;;NFK|9001|11085|202338
9001;11142;18/09/2023;202338;9;224,44;;DEPOT;;NFK|9001|11142|202338
9001;12004;18/09/2023;202338;10;400,00;;DEPOT;;NFK|9001|12004|202338
9001;12066;18/09/2023;202338;8;485,00;;DEPOT;;NFK|9001|12066|202338
9001;12190;18/09/2023;202338;5;112,50;;DEPOT;;NFK|9001|12190|202338
9001;20015;18/09/2023;202338;14;356,12;;DEPOT;C;NFK|9001|20015|202338
9001;20041;18/09/2023;202338;19;173,38;;DEPOT;A;NFK|9001|20041|202338
9001;20088;18/09/2023;202338;10;565,00;;DEPOT;B;NFK|9001|20088|202338
9001;20131;18/09/2023;202338;7;147,88;;DEPOT;C;NFK|9001|20131|202338
9001;30012;18/09/2023;202338;4;64,75;;DEPOT;;NFK|9001|30012|202338
9001;30077;18/09/2023;202338;6;315,00;;DEPOT;;NFK|9001|30077|202338
9001;30154;18/09/2023;202338;5;84,38;;DEPOT;;NFK|9001|30154|202338
9001;30209;18/09/2023;202338;7;262,06;;DEPOT;;NFK|9001|30209|202338
9001;99001;18/09/2023;202338;0;0,00;;DEPOT;;NFK|9001|99001|202338
1101;10023;25/09/2023;202339;492;5842,50;;SUPER;;NFK|1101|10023|202339
1101;10047;25/09/2023;202339;317;3566,25;;SUPER;;NFK|1101|10047|202339
1101;10112;25/09/2023;202339;182;3856,12;;SUPER;;NFK|1101|10112|202339
1101;10310;25/09/2023;202339;138;3708,75;;SUPER;;NFK|1101|10310|202339
1101;11020;25/09/2023;202339;405;7568,44;;SUPER;;NFK|1101|11020|202339
1101;11085;25/09/2023;202339;221;2472,44;;SUPER;;NFK|1101|11085|202339
1101;11142;25/09/2023;202339;141;3516,19;;SUPER;;NFK|1101|11142|202339
1101;12004;25/09/2023;202339;189;7560,00;;SUPER;;NFK|1101|12004|202339
1101;12066;25/09/2023;202339;153;9275,62;;SUPER;;NFK|1101|12066|202339
1101;12190;25/09/2023;202339;114;2565,00;;SUPER;;NFK|1101|12190|202339
1101;20015;25/09/2023;202339;245;6232,19;;SUPER;C;NFK|1101|20015|202339
1101;20041;25/09/2023;202339;304;2774,00;;SUPER;A;NFK|1101|20041|202339
1101;20088;25/09/2023;202339;168;9492,00;;SUPER;B;NFK|1101|20088|202339
1101;20131;25/09/2023;202339;112;2366,00;;SUPER;C;NFK|1101|20131|202339
1101;30012;25/09/2023;202339;86;1392,12;;SUPER;;NFK|1101|30012|202339
1101;30077;25/09/2023;202339;154;8085,00;;SUPER;;NFK|1101|30077|202339
1101;30154;25/09/2023;202339;106;1788,75;;SUPER;;NFK|1101|30154|202339
1101;30209;25/09/2023;202339;203;5092,76;KUPON;SUPER;;NFK|1101|30209|202339
1101;99001;25/09/2023;202339;7;0,00;;SUPER;;NFK|1101|99001|202339
1102;10023;25/09/2023;202339;363;4310,62;;SUPER;;NFK|1102|10023|202339
1102;10047;25/09/2023;202339;-26;-292,50;;SUPER;;NFK|1102|10047|202339
1102;10112;25/09/2023;202339;157;3326,44;;SUPER;;NFK|1102|10112|202339
1102;10310;25/09/2023;202339;123;3305,62;;SUPER;;NFK|1102|10310|202339
1102;11020;25/09/2023;202339;312;5830,50;;SUPER;;NFK|1102|11020|202339
1102;11085;25/09/2023;202339;219;2450,06;;SUPER;;NFK|1102|11085|202339
1102;11142;25/09/2023;202339;148;3690,75;;SUPER;;NFK|1102|11142|202339
1102;12004;25/09/2023;202339;183;7320,00;;SUPER;;NFK|1102|12004|202339
1102;12066;25/09/2023;202339;148;8972,50;;SUPER;;NFK|1102|12066|202339
1102;12190;25/09/2023;202339;107;2407,50;;SUPER;;NFK|1102|12190|202339
1102;20015;25/09/2023;202339;238;6054,12;;SUPER;C;NFK|1102|20015|202339
1102;20041;25/09/2023;202339;318;2901,75;;SUPER;A;NFK|1102|20041|202339
1102;20088;25/09/2023;202339;172;9718,00;;SUPER;B;NFK|1102|20088|202339
1102;20131;25/09/2023;202339;104;2197,00;;SUPER;C;NFK|1102|20131|202339
1102;30012;25/09/2023;202339;94;1521,62;;SUPER;;NFK|1102|30012|202339
1102;30077;25/09/2023;202339;150;7875,00;;SUPER;;NFK|1102|30077|202339
1102;30154;25/09/2023;202339;103;1738,12;;SUPER;;NFK|1102|30154|202339
1102;30209;25/09/2023;202339;173;4340,14;KUPON;SUPER;;NFK|1102|30209|202339
1103;10023;25/09/2023;202339;195;2315,62;;NAER;;NFK|1103|10023|202339
1103;10047;25/09/2023;202339;147;1653,75;;NAER;;NFK|1103|10047|202339
1103;10112;25/09/2023;202339;70;1483,12;;NAER;;NFK|1103|10112|202339
1103;10310;25/09/2023;202339;57;1531,88;;NAER;;NFK|1103|10310|202339
1103;11020;25/09/2023;202339;197;3681,44;;NAER;;NFK|1103|11020|202339
1103;11085;25/09/2023;202339;105;1174,69;;NAER;;NFK|1103|11085|202339
1103;11142;25/09/2023;202339;66;1645,88;;NAER;;NFK|1103|11142|202339
1103;12004;25/09/2023;202339;105;4200,00;;NAER;;NFK|1103|12004|202339
1103;12066;25/09/2023;202339;67;4061,88;;NAER;;NFK|1103|12066|202339
1103;12190;25/09/2023;202339;55;1237,50;;NAER;;NFK|1103|12190|202339
1103;20015;25/09/2023;202339;117;2976,19;;NAER;C;NFK|1103|20015|202339
1103;20041;25/09/2023;202339;141;1286,62;;NAER;A;NFK|1103|20041|202339
1103;20088;25/09/2023;202339;92;5198,00;;NAER;B;NFK|1103|20088|202339
1103;20131;25/09/2023;202339;52;1098,50;;NAER;C;NFK|1103|20131|202339
1103;30012;25/09/2023;202339;51;825,56;;NAER;;NFK|1103|30012|202339
1103;30077;25/09/2023;202339;72;3780,00;;NAER;;NFK|1103|30077|202339
1103;30154;25/09/2023;202339;52;877,50;;NAER;;NFK|1103|30154|202339
1103;30209;25/09/2023;202339;100;2508,75;KUPON;NAER;;NFK|1103|30209|202339
1103;99001;25/09/2023;202339;3;0,00;;NAER;;NFK|1103|99001|202339
1108;10023;25/09/2023;202339;858;10188,75;;HYPER;;NFK|1108|10023|202339
1108;10047;25/09/2023;202339;561;6311,25;;HYPER;;NFK|1108|10047|202339
1108;10112;25/09/2023;202339;330;6991,88;;HYPER;;NFK|1108|10112|202339
1108;10310;25/09/2023;202339;222;5966,25;;HYPER;;NFK|1108|10310|202339
1108;11020;25/09/2023;202339;757;14146,44;;HYPER;;NFK|1108|11020|202339
1108;11085;25/09/2023;202339;388;4340,75;;HYPER;;NFK|1108|11085|202339
1108;11142;25/09/2023;202339;311;7755,56;;HYPER;;NFK|1108|11142|202339
1108;12004;25/09/2023;202339;373;14920,00;;HYPER;;NFK|1108|12004|202339
1108;12066;25/09/2023;202339;276;16732,50;;HYPER;;NFK|1108|12066|202339
1108;12190;25/09/2023;202339;187;4207,50;;HYPER;;NFK|1108|12190|202339
1108;20015;25/09/2023;202339;523;13303,81;;HYPER;C;NFK|1108|20015|202339
1108;20041;25/09/2023;202339;577;5265,12;;HYPER;A;NFK|1108|20041|202339
1108;20088;25/09/2023;202339;294;16611,00;;HYPER;B;NFK|1108|20088|202339
1108;20131;25/09/2023;202339;197;4161,62;;HYPER;C;NFK|1108|20131|202339
1108;30012;25/09/2023;202339;151;2444,31;;HYPER;;NFK|1108|30012|202339
1108;30077;25/09/2023;202339;251;13177,50;;HYPER;;NFK|1108|30077|202339
1108;30154;25/09/2023;202339;183;3088,12;;HYPER;;NFK|1108|30154|202339
1108;30209;25/09/2023;202339;357;8956,24;KUPON;HYPER;;NFK|1108|30209|202339
3104;10023;25/09/2023;202339;407;4833,12;;SUPER;;NFK|3104|10023|202339
3104;10047;25/09/2023;202339;261;2936,25;;SUPER;;NFK|3104|10047|202339
3104;10112;25/09/2023;202339;143;3029,81;;SUPER;;NFK|3104|10112|202339
3104;10310;25/09/2023;202339;124;3332,50;;SUPER;;NFK|3104|10310|202339
3104;11020;25/09/2023;202339;289;5400,69;;SUPER;;NFK|3104|11020|202339
3104;11085;25/09/2023;202339;199;2226,31;;SUPER;;NFK|3104|11085|202339
3104;11142;25/09/2023;202339;156;3890,25;;SUPER;;NFK|3104|11142|202339
3104;12004;25/09/2023;202339;163;6520,00;;SUPER;;NFK|3104|12004|202339
3104;12066;25/09/2023;202339;113;6850,62;;SUPER;;NFK|3104|12066|202339
3104;12190;25/09/2023;202339;84;1890,00;;SUPER;;NFK|3104|12190|202339
3104;20015;25/09/2023;202339;204;5189,25;;SUPER;C;NFK|3104|20015|202339
3104;20041;25/09/2023;202339;282;2573,25;;SUPER;A;NFK|3104|20041|202339
3104;20088;25/09/2023;202339;176;9944,00;;SUPER;B;NFK|3104|20088|202339
3104;20131;25/09/2023;202339;100;2112,50;;SUPER;C;NFK|3104|20131|202339
3104;30012;25/09/2023;202339;75;1214,06;;SUPER;;NFK|3104|30012|202339
3104;30077;25/09/2023;202339;125;6562,50;;SUPER;;NFK|3104|30077|202339
3104;30154;25/09/2023;202339;83;1400,62;;SUPER;;NFK|3104|30154|202339
3104;30209;25/09/2023;202339;192;4816,80;KUPON;SUPER;;NFK|3104|30209|202339
3104;99001;25/09/2023;202339;5;0,00;;SUPER;;NFK|3104|99001|202339
3117;10023;25/09/2023;202339;205;2434,38;;NAER;;NFK|3117|10023|202339
3117;10047;25/09/2023;202339;129;1451,25;;NAER;;NFK|3117|10047|202339
3117;10112;25/09/2023;202339;77;1631,44;;NAER;;NFK|3117|10112|202339
3117;10310;25/09/2023;202339;54;1451,25;;NAER;;NFK|3117|10310|202339
3117;11020;25/09/2023;202339;156;2915,25;;NAER;;NFK|3117|11020|202339
3117;11085;25/09/2023;202339;80;895,00;;NAER;;NFK|3117|11085|202339
3117;11142;25/09/2023;202339;65;1620,94;;NAER;;NFK|3117|11142|202339
3117;12004;25/09/2023;202339;78;3120,00;;NAER;;NFK|3117|12004|202339
3117;12066;25/09/2023;202339;64;3880,00;;NAER;;NFK|3117|12066|202339
3117;12190;25/09/2023;202339;49;1102,50;;NAER;;NFK|3117|12190|202339
3117;20015;25/09/2023;202339;122;3103,38;;NAER;C;NFK|3117|20015|202339
3117;20041;25/09/2023;202339;124;1131,50;;NAER;A;NFK|3117|20041|202339
3117;20088;25/09/2023;202339;69;3898,50;;NAER;B;NFK|3117|20088|202339
3117;20131;25/09/2023;202339;53;1119,62;;NAER;C;NFK|3117|20131|202339
3117;30012;25/09/2023;202339;34;550,38;;NAER;;NFK|3117|30012|202339
3117;30077;25/09/2023;202339;59;3097,50;;NAER;;NFK|3117|30077|202339
3117;30154;25/09/2023;202339;49;826,88;;NAER;;NFK|3117|30154|202339
3117;30209;25/09/2023;202339;88;2207,70;KUPON;NAER;;NFK|3117|30209|202339
3117;99001;25/09/2023;202339;3;0,00;;NAER;;NFK|3117|99001|202339
3122;10023;25/09/2023;202339;133;1579,38;;FRANCHISE;;NFK|3122|10023|202339
3122;10047;25/09/2023;202339;97;1091,25;;FRANCHISE;;NFK|3122|10047|202339
3122;10112;25/09/2023;202339;44;932,25;;FRANCHISE;;NFK|3122|10112|202339
3122;10310;25/09/2023;202339;37;994,38;;FRANCHISE;;NFK|3122|10310|202339
3122;11020;25/09/2023;202339;107;1999,56;;FRANCHISE;;NFK|3122|11020|202339
3122;11085;25/09/2023;202339;69;771,94;;FRANCHISE;;NFK|3122|11085|202339
3122;11142;25/09/2023;202339;43;1072,31;;FRANCHISE;;NFK|3122|11142|202339
3122;12004;25/09/2023;202339;61;2440,00;;FRANCHISE;;NFK|3122|12004|202339
3122;12066;25/09/2023;202339;42;2546,25;;FRANCHISE;;NFK|3122|12066|202339
3122;12190;25/09/2023;202339;34;765,00;;FRANCHISE;;NFK|3122|12190|202339
3122;20015;25/09/2023;202339;90;2289,38;;FRANCHISE;C;NFK|3122|20015|202339
3122;20041;25/09/2023;202339;112;1022,00;;FRANCHISE;A;NFK|3122|20041|202339
3122;20088;25/09/2023;202339;56;3164,00;;FRANCHISE;B;NFK|3122|20088|202339
3122;20131;25/09/2023;202339;35;739,38;;FRANCHISE;C;NFK|3122|20131|202339
3122;30012;25/09/2023;202339;27;437,06;;FRANCHISE;;NFK|3122|30012|202339
3122;30077;25/09/2023;202339;40;2100,00;;FRANCHISE;;NFK|3122|30077|202339
3122;30154;25/09/2023;202339;31;523,12;;FRANCHISE;;NFK|3122|30154|202339
3122;30209;25/09/2023;202339;53;1329,64;KUPON;FRANCHISE;;NFK|3122|30209|202339
4201;10023;25/09/2023;202339;679;8063,12;;HYPER;;NFK|4201|10023|202339
4201;10047;25/09/2023;202339;513;5771,25;;HYPER;;NFK|4201|10047|202339
4201;10112;25/09/2023;202339;289;6123,19;;HYPER;;NFK|4201|10112|202339
4201;10310;25/09/2023;202339;217;5831,88;;HYPER;;NFK|4201|10310|202339
4201;11020;25/09/2023;202339;641;11978,69;;HYPER;;NFK|4201|11020|202339
4201;11085;25/09/2023;202339;313;3501,69;;HYPER;;NFK|4201|11085|202339
4201;11142;25/09/2023;202339;282;7032,38;;HYPER;;NFK|4201|11142|202339
4201;12004;25/09/2023;202339;353;14120,00;;HYPER;;NFK|4201|12004|202339
4201;12066;25/09/2023;202339;265;16065,62;;HYPER;;NFK|4201|12066|202339
4201;12190;25/09/2023;202339;147;3307,50;;HYPER;;NFK|4201|12190|202339
4201;20015;25/09/2023;202339;420;10683,75;;HYPER;C;NFK|4201|20015|202339
4201;20041;25/09/2023;202339;475;4334,38;;HYPER;A;NFK|4201|20041|202339
4201;20088;25/09/2023;202339;250;14125,00;;HYPER;B;NFK|4201|20088|202339
4201;20131;25/09/2023;202339;180;3802,50;;HYPER;C;NFK|4201|20131|202339
4201;30012;25/09/2023;202339;162;2622,38;;HYPER;;NFK|4201|30012|202339
4201;30077;25/09/2023;202339;203;10657,50;;HYPER;;NFK|4201|30077|202339
4201;30154;25/09/2023;202339;155;2615,62;;HYPER;;NFK|4201|30154|202339
4201;30209;25/09/2023;202339;301;7551,34;KUPON;HYPER;;NFK|4201|30209|202339
4205;10023;25/09/2023;202339;424;5035,00;;SUPER;;NFK|4205|10023|202339
4205;10047;25/09/2023;202339;279;3138,75;;SUPER;;NFK|4205|10047|202339
4205;10112;25/09/2023;202339;180;3813,75;;SUPER;;NFK|4205|10112|202339
4205;10310;25/09/2023;202339;115;3090,62;;SUPER;;NFK|4205|10310|202339
4205;11020;25/09/2023;202339;379;7082,56;;SUPER;;NFK|4205|11020|202339
4205;11085;25/09/2023;202339;212;2371,75;;SUPER;;NFK|4205|11085|202339
4205;11142;25/09/2023;202339;138;3441,38;;SUPER;;NFK|4205|11142|202339
4205;12004;25/09/2023;202339;197;7880,00;;SUPER;;NFK|4205|12004|202339
4205;12066;25/09/2023;202339;140;8487,50;;SUPER;;NFK|4205|12066|202339
4205;12190;25/09/2023;202339;102;2295,00;;SUPER;;NFK|4205|12190|202339
4205;20015;25/09/2023;202339;264;6715,50;;SUPER;C;NFK|4205|20015|202339
4205;20041;25/09/2023;202339;303;2764,88;;SUPER;A;NFK|4205|20041|202339
4205;20088;25/09/2023;202339;167;9435,50;;SUPER;B;NFK|4205|20088|202339
4205;20131;25/09/2023;202339;116;2450,50;;SUPER;C;NFK|4205|20131|202339
4205;30012;25/09/2023;202339;79;1278,81;;SUPER;;NFK|4205|30012|202339
4205;30077;25/09/2023;202339;151;7927,50;;SUPER;;NFK|4205|30077|202339
4205;30154;25/09/2023;202339;115;1940,62;;SUPER;;NFK|4205|30154|202339
4205;30209;25/09/2023;202339;187;4691,36;KUPON;SUPER;;NFK|4205|30209|202339
4218;10023;25/09/2023;202339;434;5153,75;;SUPER;;NFK|4218|10023|202339
4218;10047;25/09/2023;202339;312;3510,00;;SUPER;;NFK|4218|10047|202339
4218;10112;25/09/2023;202339;189;4004,44;;SUPER;;NFK|4218|10112|202339
4218;10310;25/09/2023;202339;121;3251,88;;SUPER;;NFK|4218|10310|202339
4218;11020;25/09/2023;202339;365;6820,94;;SUPER;;NFK|4218|11020|202339
4218;11085;25/09/2023;202339;217;2427,69;;SUPER;;NFK|4218|11085|202339
4218;11142;25/09/2023;202339;177;4413,94;;SUPER;;NFK|4218|11142|202339
4218;12004;25/09/2023;202339;195;7800,00;;SUPER;;NFK|4218|12004|202339
4218;12066;25/09/2023;202339;150;9093,75;;SUPER;;NFK|4218|12066|202339
4218;12190;25/09/2023;202339;102;2295,00;;SUPER;;NFK|4218|12190|202339
4218;20015;25/09/2023;202339;304;7733,00;;SUPER;C;NFK|4218|20015|202339
4218;20041;25/09/2023;202339;355;3239,38;;SUPER;A;NFK|4218|20041|202339
4218;20088;25/09/2023;202339;160;9040,00;;SUPER;B;NFK|4218|20088|202339
4218;20131;25/09/2023;202339;124;2619,50;;SUPER;C;NFK|4218|20131|202339
4218;30012;25/09/2023;202339;86;1392,12;;SUPER;;NFK|4218|30012|202339
4218;30077;25/09/2023;202339;154;8085,00;;SUPER;;NFK|4218|30077|202339
4218;30154;25/09/2023;202339;104;1755,00;;SUPER;;NFK|4218|30154|202339
4218;30209;25/09/2023;202339;211;5293,46;KUPON;SUPER;;NFK|4218|30209|202339
4218;99001;25/09/2023;202339;8;0,00;;SUPER;;NFK|4218|99001|202339
5502;10023;25/09/2023;202339;405;4809,38;;SUPER;;NFK|5502|10023|202339
5502;10047;25/09/2023;202339;233;2621,25;;SUPER;;NFK|5502|10047|202339
5502;10112;25/09/2023;202339;158;3347,62;;SUPER;;NFK|5502|10112|202339
5502;10310;25/09/2023;202339;121;3251,88;;SUPER;;NFK|5502|10310|202339
5502;11020;25/09/2023;202339;367;6858,31;;SUPER;;NFK|5502|11020|202339
5502;11085;25/09/2023;202339;173;1935,44;;SUPER;;NFK|5502|11085|202339
5502;11142;25/09/2023;202339;154;3840,37;;SUPER;;NFK|5502|11142|202339
5502;12004;25/09/2023;202339;193;7720,00;;SUPER;;NFK|5502|12004|202339
5502;12066;25/09/2023;202339;129;7820,62;;SUPER;;NFK|5502|12066|202339
5502;12190;25/09/2023;202339;88;1980,00;;SUPER;;NFK|5502|12190|202339
5502;20015;25/09/2023;202339;231;5876,06;;SUPER;C;NFK|5502|20015|202339
5502;20041;25/09/2023;202339;0;0,00;;SUPER;A;NFK|5502|20041|202339
5502;20088;25/09/2023;202339;141;7966,50;;SUPER;B;NFK|5502|20088|202339
5502;20131;25/09/2023;202339;123;2598,38;;SUPER;C;NFK|5502|20131|202339
5502;30012;25/09/2023;202339;74;1197,88;;SUPER;;NFK|5502|30012|202339
5502;30077;25/09/2023;202339;131;6877,50;;SUPER;;NFK|5502|30077|202339
5502;30154;25/09/2023;202339;104;1755,00;;SUPER;;NFK|5502|30154|202339
5502;30209;25/09/2023;202339;175;4390,31;KUPON;SUPER;;NFK|5502|30209|202339
5502;99001;25/09/2023;202339;5;0,00;;SUPER;;NFK|5502|99001|202339
5511;10023;25/09/2023;202339;148;1757,50;;PARTNER;;NFK|5511|10023|202339
5511;10047;25/09/2023;202339;98;1102,50;;PARTNER;;NFK|5511|10047|202339
5511;10112;25/09/2023;202339;58;1228,88;;PARTNER;;NFK|5511|10112|202339
5511;10310;25/09/2023;202339;51;1370,62;;PARTNER;;NFK|5511|10310|202339
5511;11020;25/09/2023;202339;118;2205,12;;PARTNER;;NFK|5511|11020|202339
5511;11085;25/09/2023;202339;79;883,81;;PARTNER;;NFK|5511|11085|202339
5511;11142;25/09/2023;202339;51;1271,81;;PARTNER;;NFK|5511|11142|202339
5511;12004;25/09/2023;202339;67;2680,00;;PARTNER;;NFK|5511|12004|202339
5511;12066;25/09/2023;202339;53;3213,12;;PARTNER;;NFK|5511|12066|202339
5511;12190;25/09/2023;202339;34;765,00;;PARTNER;;NFK|5511|12190|202339
5511;20015;25/09/2023;202339;105;2670,94;;PARTNER;C;NFK|5511|20015|202339
5511;20041;25/09/2023;202339;102;930,75;;PARTNER;A;NFK|5511|20041|202339
5511;20088;25/09/2023;202339;57;3220,50;;PARTNER;B;NFK|5511|20088|202339
5511;20131;25/09/2023;202339;49;1035,12;;PARTNER;C;NFK|5511|20131|202339
5511;30012;25/09/2023;202339;35;566,56;;PARTNER;;NFK|5511|30012|202339
5511;30077;25/09/2023;202339;48;2520,00;;PARTNER;;NFK|5511|30077|202339
5511;30154;25/09/2023;202339;-4;-67,50;;PARTNER;;NFK|5511|30154|202339
5511;30209;25/09/2023;202339;63;1580,51;KUPON;PARTNER;;NFK|5511|30209|202339
9001;10023;25/09/2023;202339;24;285,00;;DEPOT;;NFK|9001|10023|202339
9001;10047;25/09/2023;202339;14;157,50;;DEPOT;;NFK|9001|10047|202339
9001;10112;25/09/2023;202339;10;211,88;;DEPOT;;NFK|9001|10112|202339
9001;10310;25/09/2023;202339;7;188,12;;DEPOT;;NFK|9001|10310|202339
9001;11020;25/09/2023;202339;17;317,69;;DEPOT;;NFK|9001|11020|202339
9001;11085;25/09/2023;202339;10;111,88;;DEPOT;;NFK|9001|11085|202339
9001;11142;25/09/2023;202339;8;199,50;;DEPOT;;NFK|9001|11142|202339
9001;12004;25/09/2023;202339;9;360,00;;DEPOT;;NFK|9001|12004|202339
9001;12066;25/09/2023;202339;7;424,38;;DEPOT;;NFK|9001|12066|202339
9001;12190;25/09/2023;202339;5;112,50;;DEPOT;;NFK|9001|12190|202339
9001;20015;25/09/2023;202339;12;305,25;;DEPOT;C;NFK|9001|20015|202339
9001;20041;25/09/2023;202339;15;136,88;;DEPOT;A;NFK|9001|20041|202339
9001;20088;25/09/2023;202339;9;508,50;;DEPOT;B;NFK|9001|20088|202339
9001;20131;25/09/2023;202339;6;126,75;;DEPOT;C;NFK|9001|20131|202339
9001;30012;25/09/2023;202339;5;80,94;;DEPOT;;NFK|9001|30012|202339
9001;30077;25/09/2023;202339;8;420,00;;DEPOT;;NFK|9001|30077|202339
9001;30154;25/09/2023;202339;5;84,38;;DEPOT;;NFK|9001|30154|202339
9001;30209;25/09/2023;202339;10;250,88;KUPON;DEPOT;;NFK|9001|30209|202339
9001;99001;25/09/2023;202339;0;0,00;;DEPOT;;NFK|9001|99001|202339
