butik_id;vare_nr;dato;uge;antal;omsaetning_dkk;kampagne_kode;type;pant_type;key
1101;10023;03/01/2022;202201;330;3918,75;;SUPER;;NFK|1101|10023|202201
1101;10047;03/01/2022;202201;519;4379,06;AVIS;SUPER;;NFK|1101|10047|202201
1101;10112;03/01/2022;202201;183;3101,85;MP;SUPER;;NFK|1101|10112|202201
1101;10310;03/01/2022;202201;121;3251,88;;SUPER;;NFK|1101|10310|202201
1101;11020;03/01/2022;202201;331;6185,56;;SUPER;;NFK|1101|11020|202201
1101;11085;03/01/2022;202201;171;1913,06;;SUPER;;NFK|1101|11085|202201
1101;11142;03/01/2022;202201;193;3609,10;MP;SUPER;;NFK|1101|11142|202201
1101;12004;03/01/2022;202201;148;5920,00;;SUPER;;NFK|1101|12004|202201
1101;12066;03/01/2022;202201;136;8245,00;;SUPER;;NFK|1101|12066|202201
1101;12190;03/01/2022;202201;86;1935,00;;SUPER;;NFK|1101|12190|202201
1101;20015;03/01/2022;202201;254;6461,12;;SUPER;C;NFK|1101|20015|202201
1101;20041;03/01/2022;202201;253;2308,62;;SUPER;A;NFK|1101|20041|202201
1101;20088;03/01/2022;202201;134;7571,00;;SUPER;B;NFK|1101|20088|202201
1101;20131;03/01/2022;202201;100;2112,50;;SUPER;C;NFK|1101|20131|202201
1101;30012;03/01/2022;202201;77;1246,44;;SUPER;;NFK|1101|30012|202201
1101;30077;03/01/2022;202201;125;6562,50;;SUPER;;NFK|1101|30077|202201
1101;30154;03/01/2022;202201;100;1687,50;;SUPER;;NFK|1101|30154|202201
1101;30209;03/01/2022;202201;237;5945,74;AVIS;SUPER;;NFK|1101|30209|202201
1102;10023;03/01/2022;202201;363;4310,62;;SUPER;;NFK|1102|10023|202201
1102;10047;03/01/2022;202201;402;3391,88;AVIS;SUPER;;NFK|1102|10047|202201
1102;10112;03/01/2022;202201;167;2830,65;MP;SUPER;;NFK|1102|10112|202201
1102;10310;03/01/2022;202201;92;2472,50;;SUPER;;NFK|1102|10310|202201
1102;11020;03/01/2022;202201;249;4653,19;;SUPER;;NFK|1102|11020|202201
1102;11085;03/01/2022;202201;181;2024,94;;SUPER;;NFK|1102|11085|202201
1102;11142;03/01/2022;202201;182;3403,40;MP;SUPER;;NFK|1102|11142|202201
1102;12004;03/01/2022;202201;165;6600,00;;SUPER;;NFK|1102|12004|202201
1102;12066;03/01/2022;202201;109;6608,12;;SUPER;;NFK|1102|12066|202201
1102;12190;03/01/2022;202201;80;1800,00;;SUPER;;NFK|1102|12190|202201
1102;20015;03/01/2022;202201;231;5876,06;;SUPER;C;NFK|1102|20015|202201
1102;20041;03/01/2022;202201;254;2317,75;;SUPER;A;NFK|1102|20041|202201
1102;20088;03/01/2022;202201;125;7062,50;;SUPER;B;NFK|1102|20088|202201
1102;20131;03/01/2022;202201;92;1943,50;;SUPER;C;NFK|1102|20131|202201
1102;30012;03/01/2022;202201;67;1084,56;;SUPER;;NFK|1102|30012|202201
1102;30077;03/01/2022;202201;113;5932,50;;SUPER;;NFK|1102|30077|202201
1102;30154;03/01/2022;202201;75;1265,62;;SUPER;;NFK|1102|30154|202201
1102;30209;03/01/2022;202201;262;6572,93;AVIS;SUPER;;NFK|1102|30209|202201
1102;99001;03/01/2022;202201;5;0,00;;SUPER;;NFK|1102|99001|202201
1103;10023;03/01/2022;202201;208;2470,00;;NAER;;NFK|1103|10023|202201
1103;10047;03/01/2022;202201;212;1788,75;AVIS;NAER;;NFK|1103|10047|202201
1103;10112;03/01/2022;202201;103;1745,85;MP;NAER;;NFK|1103|10112|202201
1103;10310;03/01/2022;202201;54;1451,25;;NAER;;NFK|1103|10310|202201
1103;11020;03/01/2022;202201;131;2448,06;;NAER;;NFK|1103|11020|202201
1103;11085;03/01/2022;202201;83;928,56;;NAER;;NFK|1103|11085|202201
1103;11142;03/01/2022;202201;96;1795,20;MP;NAER;;NFK|1103|11142|202201
1103;12004;03/01/2022;202201;84;3360,00;;NAER;;NFK|1103|12004|202201
1103;12066;03/01/2022;202201;59;3576,88;;NAER;;NFK|1103|12066|202201
1103;12190;03/01/2022;202201;46;1035,00;;NAER;;NFK|1103|12190|202201
1103;20015;03/01/2022;202201;113;2874,44;;NAER;C;NFK|1103|20015|202201
1103;20041;03/01/2022;202201;133;1213,62;;NAER;A;NFK|1103|20041|202201
1103;20088;03/01/2022;202201;71;4011,50;;NAER;B;NFK|1103|20088|202201
1103;20131;03/01/2022;202201;52;1098,50;;NAER;C;NFK|1103|20131|202201
1103;30012;03/01/2022;202201;38;615,12;;NAER;;NFK|1103|30012|202201
1103;30077;03/01/2022;202201;57;2992,50;;NAER;;NFK|1103|30077|202201
1103;30154;03/01/2022;202201;38;641,25;;NAER;;NFK|1103|30154|202201
1103;30209;03/01/2022;202201;119;2985,41;AVIS;NAER;;NFK|1103|30209|202201
1108;10023;03/01/2022;202201;639;7588,12;;HYPER;;NFK|1108|10023|202201
1108;10047;03/01/2022;202201;957;8074,69;AVIS;HYPER;;NFK|1108|10047|202201
1108;10112;03/01/2022;202201;401;6796,95;MP;HYPER;;NFK|1108|10112|202201
1108;10310;03/01/2022;202201;211;5670,62;;HYPER;;NFK|1108|10310|202201
1108;11020;03/01/2022;202201;522;9754,88;;HYPER;;NFK|1108|11020|202201
1108;11085;03/01/2022;202201;338;3781,38;;HYPER;;NFK|1108|11085|202201
1108;11142;03/01/2022;202201;310;5797,00;MP;HYPER;;NFK|1108|11142|202201
1108;12004;03/01/2022;202201;287;11480,00;;HYPER;;NFK|1108|12004|202201
1108;12066;03/01/2022;202201;225;13640,62;;HYPER;;NFK|1108|12066|202201
1108;12190;03/01/2022;202201;180;4050,00;;HYPER;;NFK|1108|12190|202201
1108;20015;03/01/2022;202201;420;10683,75;;HYPER;C;NFK|1108|20015|202201
1108;20041;03/01/2022;202201;566;5164,75;;HYPER;A;NFK|1108|20041|202201
1108;20088;03/01/2022;202201;263;14859,50;;HYPER;B;NFK|1108|20088|202201
1108;20131;03/01/2022;202201;185;3908,12;;HYPER;C;NFK|1108|20131|202201
1108;30012;03/01/2022;202201;151;2444,31;;HYPER;;NFK|1108|30012|202201
1108;30077;03/01/2022;202201;208;10920,00;;HYPER;;NFK|1108|30077|202201
1108;30154;03/01/2022;202201;170;2868,75;;HYPER;;NFK|1108|30154|202201
1108;30209;03/01/2022;202201;504;12644,10;AVIS;HYPER;;NFK|1108|30209|202201
3104;10023;03/01/2022;202201;301;3574,38;;SUPER;;NFK|3104|10023|202201
3104;10047;03/01/2022;202201;410;3459,38;AVIS;SUPER;;NFK|3104|10047|202201
3104;10112;03/01/2022;202201;180;3051,00;MP;SUPER;;NFK|3104|10112|202201
3104;10310;03/01/2022;202201;102;2741,25;;SUPER;;NFK|3104|10310|202201
3104;11020;03/01/2022;202201;264;4933,50;;SUPER;;NFK|3104|11020|202201
3104;11085;03/01/2022;202201;177;1980,19;;SUPER;;NFK|3104|11085|202201
3104;11142;03/01/2022;202201;104;2593,50;;SUPER;;NFK|3104|11142|202201
3104;12004;03/01/2022;202201;160;6400,00;;SUPER;;NFK|3104|12004|202201
3104;12066;03/01/2022;202201;115;6971,88;;SUPER;;NFK|3104|12066|202201
3104;12190;03/01/2022;202201;74;1665,00;;SUPER;;NFK|3104|12190|202201
3104;20015;03/01/2022;202201;203;5163,81;;SUPER;C;NFK|3104|20015|202201
3104;20041;03/01/2022;202201;262;2390,75;;SUPER;A;NFK|3104|20041|202201
3104;20088;03/01/2022;202201;142;8023,00;;SUPER;B;NFK|3104|20088|202201
3104;20131;03/01/2022;202201;87;1837,88;;SUPER;C;NFK|3104|20131|202201
3104;30012;03/01/2022;202201;79;1278,81;;SUPER;;NFK|3104|30012|202201
3104;30077;03/01/2022;202201;105;5512,50;;SUPER;;NFK|3104|30077|202201
3104;30154;03/01/2022;202201;88;1485,00;;SUPER;;NFK|3104|30154|202201
3104;30209;03/01/2022;202201;209;5243,29;AVIS;SUPER;;NFK|3104|30209|202201
3117;10023;03/01/2022;202201;160;1900,00;;NAER;;NFK|3117|10023|202201
3117;10047;03/01/2022;202201;176;1485,00;AVIS;NAER;;NFK|3117|10047|202201
3117;10112;03/01/2022;202201;87;1474,65;MP;NAER;;NFK|3117|10112|202201
3117;10310;03/01/2022;202201;47;1263,12;;NAER;;NFK|3117|10310|202201
3117;11020;03/01/2022;202201;127;2373,31;;NAER;;NFK|3117|11020|202201
3117;11085;03/01/2022;202201;66;738,37;;NAER;;NFK|3117|11085|202201
3117;11142;03/01/2022;202201;55;1371,56;;NAER;;NFK|3117|11142|202201
3117;12004;03/01/2022;202201;67;2680,00;;NAER;;NFK|3117|12004|202201
3117;12066;03/01/2022;202201;49;2970,62;;NAER;;NFK|3117|12066|202201
3117;12190;03/01/2022;202201;41;922,50;;NAER;;NFK|3117|12190|202201
3117;20015;03/01/2022;202201;84;2136,75;;NAER;C;NFK|3117|20015|202201
3117;20041;03/01/2022;202201;109;994,62;;NAER;A;NFK|3117|20041|202201
3117;20088;03/01/2022;202201;56;3164,00;;NAER;B;NFK|3117|20088|202201
3117;20131;03/01/2022;202201;47;992,88;;NAER;C;NFK|3117|20131|202201
3117;30012;03/01/2022;202201;28;453,25;;NAER;;NFK|3117|30012|202201
3117;30077;03/01/2022;202201;50;2625,00;;NAER;;NFK|3117|30077|202201
3117;30154;03/01/2022;202201;33;556,88;;NAER;;NFK|3117|30154|202201
3117;30209;03/01/2022;202201;123;3085,76;AVIS;NAER;;NFK|3117|30209|202201
3122;10023;03/01/2022;202201;119;1413,12;;FRANCHISE;;NFK|3122|10023|202201
3122;10047;03/01/2022;202201;146;1231,88;AVIS;FRANCHISE;;NFK|3122|10047|202201
3122;10112;03/01/2022;202201;65;1101,75;MP;FRANCHISE;;NFK|3122|10112|202201
3122;10310;03/01/2022;202201;37;994,38;;FRANCHISE;;NFK|3122|10310|202201
3122;11020;03/01/2022;202201;90;1681,88;;FRANCHISE;;NFK|3122|11020|202201
3122;11085;03/01/2022;202201;53;592,94;;FRANCHISE;;NFK|3122|11085|202201
3122;11142;03/01/2022;202201;43;1072,31;;FRANCHISE;;NFK|3122|11142|202201
3122;12004;03/01/2022;202201;51;2040,00;;FRANCHISE;;NFK|3122|12004|202201
3122;12066;03/01/2022;202201;35;2121,88;;FRANCHISE;;NFK|3122|12066|202201
3122;12190;03/01/2022;202201;27;607,50;;FRANCHISE;;NFK|3122|12190|202201
3122;20015;03/01/2022;202201;76;1933,25;;FRANCHISE;C;NFK|3122|20015|202201
3122;20041;03/01/2022;202201;87;793,88;;FRANCHISE;A;NFK|3122|20041|202201
3122;20088;03/01/2022;202201;40;2260,00;;FRANCHISE;B;NFK|3122|20088|202201
3122;20131;03/01/2022;202201;29;612,62;;FRANCHISE;C;NFK|3122|20131|202201
3122;30012;03/01/2022;202201;24;388,50;;FRANCHISE;;NFK|3122|30012|202201
3122;30077;03/01/2022;202201;36;1890,00;;FRANCHISE;;NFK|3122|30077|202201
3122;30154;03/01/2022;202201;30;506,25;;FRANCHISE;;NFK|3122|30154|202201
3122;30209;03/01/2022;202201;74;1856,48;AVIS;FRANCHISE;;NFK|3122|30209|202201
4201;10023;03/01/2022;202201;626;7433,75;;HYPER;;NFK|4201|10023|202201
4201;10047;03/01/2022;202201;696;5872,50;AVIS;HYPER;;NFK|4201|10047|202201
4201;10112;03/01/2022;202201;280;4746,00;MP;HYPER;;NFK|4201|10112|202201
4201;10310;03/01/2022;202201;171;4595,62;;HYPER;;NFK|4201|10310|202201
4201;11020;03/01/2022;202201;544;10166,00;;HYPER;;NFK|4201|11020|202201
4201;11085;03/01/2022;202201;298;3333,88;;HYPER;;NFK|4201|11085|202201
4201;11142;03/01/2022;202201;343;6414,10;MP;HYPER;;NFK|4201|11142|202201
4201;12004;03/01/2022;202201;249;9960,00;;HYPER;;NFK|4201|12004|202201
4201;12066;03/01/2022;202201;190;11518,75;;HYPER;;NFK|4201|12066|202201
4201;12190;03/01/2022;202201;138;3105,00;;HYPER;;NFK|4201|12190|202201
4201;20015;03/01/2022;202201;394;10022,38;;HYPER;C;NFK|4201|20015|202201
4201;20041;03/01/2022;202201;440;4015,00;;HYPER;A;NFK|4201|20041|202201
4201;20088;03/01/2022;202201;262;14803,00;;HYPER;B;NFK|4201|20088|202201
4201;20131;03/01/2022;202201;150;3168,75;;HYPER;C;NFK|4201|20131|202201
4201;30012;03/01/2022;202201;123;1991,06;;HYPER;;NFK|4201|30012|202201
4201;30077;03/01/2022;202201;201;10552,50;;HYPER;;NFK|4201|30077|202201
4201;30154;03/01/2022;202201;149;2514,38;;HYPER;;NFK|4201|30154|202201
4201;30209;03/01/2022;202201;410;10285,88;AVIS;HYPER;;NFK|4201|30209|202201
4205;10023;03/01/2022;202201;406;4821,25;;SUPER;;NFK|4205|10023|202201
4205;10047;03/01/2022;202201;457;3855,94;AVIS;SUPER;;NFK|4205|10047|202201
4205;10112;03/01/2022;202201;192;3254,40;MP;SUPER;;NFK|4205|10112|202201
4205;10310;03/01/2022;202201;108;2902,50;;SUPER;;NFK|4205|10310|202201
4205;11020;03/01/2022;202201;314;5867,88;;SUPER;;NFK|4205|11020|202201
4205;11085;03/01/2022;202201;164;1834,75;;SUPER;;NFK|4205|11085|202201
4205;11142;03/01/2022;202201;192;3590,40;MP;SUPER;;NFK|4205|11142|202201
4205;12004;03/01/2022;202201;145;5800,00;;SUPER;;NFK|4205|12004|202201
4205;12066;03/01/2022;202201;113;6850,62;;SUPER;;NFK|4205|12066|202201
4205;12190;03/01/2022;202201;89;2002,50;;SUPER;;NFK|4205|12190|202201
4205;20015;03/01/2022;202201;215;5469,06;;SUPER;C;NFK|4205|20015|202201
4205;20041;03/01/2022;202201;258;2354,25;;SUPER;A;NFK|4205|20041|202201
4205;20088;03/01/2022;202201;140;7910,00;;SUPER;B;NFK|4205|20088|202201
4205;20131;03/01/2022;202201;105;2218,12;;SUPER;C;NFK|4205|20131|202201
4205;30012;03/01/2022;202201;75;1214,06;;SUPER;;NFK|4205|30012|202201
4205;30077;03/01/2022;202201;113;5932,50;;SUPER;;NFK|4205|30077|202201
4205;30154;03/01/2022;202201;77;1299,38;;SUPER;;NFK|4205|30154|202201
4205;30209;03/01/2022;202201;283;7099,76;AVIS;SUPER;;NFK|4205|30209|202201
4218;10023;03/01/2022;202201;412;4892,50;;SUPER;;NFK|4218|10023|202201
4218;10047;03/01/2022;202201;558;4708,12;AVIS;SUPER;;NFK|4218|10047|202201
4218;10112;03/01/2022;202201;183;3101,85;MP;SUPER;;NFK|4218|10112|202201
4218;10310;03/01/2022;202201;118;3171,25;;SUPER;;NFK|4218|10310|202201
4218;11020;03/01/2022;202201;323;6036,06;;SUPER;;NFK|4218|11020|202201
4218;11085;03/01/2022;202201;163;1823,56;;SUPER;;NFK|4218|11085|202201
4218;11142;03/01/2022;202201;201;3758,70;MP;SUPER;;NFK|4218|11142|202201
4218;12004;03/01/2022;202201;159;6360,00;;SUPER;;NFK|4218|12004|202201
4218;12066;03/01/2022;202201;112;6790,00;;SUPER;;NFK|4218|12066|202201
4218;12190;03/01/2022;202201;100;2250,00;;SUPER;;NFK|4218|12190|202201
4218;20015;03/01/2022;202201;260;6613,75;;SUPER;C;NFK|4218|20015|202201
4218;20041;03/01/2022;202201;277;2527,62;;SUPER;A;NFK|4218|20041|202201
4218;20088;03/01/2022;202201;145;8192,50;;SUPER;B;NFK|4218|20088|202201
4218;20131;03/01/2022;202201;93;1964,62;;SUPER;C;NFK|4218|20131|202201
4218;30012;03/01/2022;202201;72;1165,50;;SUPER;;NFK|4218|30012|202201
4218;30077;03/01/2022;202201;141;7402,50;;SUPER;;NFK|4218|30077|202201
4218;30154;03/01/2022;202201;100;1687,50;;SUPER;;NFK|4218|30154|202201
4218;30209;03/01/2022;202201;243;6096,26;AVIS;SUPER;;NFK|4218|30209|202201
5502;10023;03/01/2022;202201;332;3942,50;;SUPER;;NFK|5502|10023|202201
5502;10047;03/01/2022;202201;451;3805,31;AVIS;SUPER;;NFK|5502|10047|202201
5502;10112;03/01/2022;202201;175;2966,25;MP;SUPER;;NFK|5502|10112|202201
5502;10310;03/01/2022;202201;102;2741,25;;SUPER;;NFK|5502|10310|202201
5502;11020;03/01/2022;202201;305;5699,69;;SUPER;;NFK|5502|11020|202201
5502;11085;03/01/2022;202201;153;1711,69;;SUPER;;NFK|5502|11085|202201
5502;11142;03/01/2022;202201;109;2718,19;;SUPER;;NFK|5502|11142|202201
5502;12004;03/01/2022;202201;137;5480,00;;SUPER;;NFK|5502|12004|202201
5502;12066;03/01/2022;202201;119;7214,38;;SUPER;;NFK|5502|12066|202201
5502;12190;03/01/2022;202201;69;1552,50;;SUPER;;NFK|5502|12190|202201
5502;20015;03/01/2022;202201;212;5392,75;;SUPER;C;NFK|5502|20015|202201
5502;20041;03/01/2022;202201;225;2053,12;;SUPER;A;NFK|5502|20041|202201
5502;20088;03/01/2022;202201;122;6893,00;;SUPER;B;NFK|5502|20088|202201
5502;20131;03/01/2022;202201;105;2218,12;;SUPER;C;NFK|5502|20131|202201
5502;30012;03/01/2022;202201;74;1197,88;;SUPER;;NFK|5502|30012|202201
5502;30077;03/01/2022;202201;122;6405,00;;SUPER;;NFK|5502|30077|202201
5502;30154;03/01/2022;202201;86;1451,25;;SUPER;;NFK|5502|30154|202201
5502;30209;03/01/2022;202201;253;6347,14;AVIS;SUPER;;NFK|5502|30209|202201
5511;10023;03/01/2022;202201;135;1603,12;;PARTNER;;NFK|5511|10023|202201
5511;10047;03/01/2022;202201;153;1290,94;AVIS;PARTNER;;NFK|5511|10047|202201
5511;10112;03/01/2022;202201;69;1169,55;MP;PARTNER;;NFK|5511|10112|202201
5511;10310;03/01/2022;202201;36;967,50;;PARTNER;;NFK|5511|10310|202201
5511;11020;03/01/2022;202201;101;1887,44;;PARTNER;;NFK|5511|11020|202201
5511;11085;03/01/2022;202201;68;760,75;;PARTNER;;NFK|5511|11085|202201
5511;11142;03/01/2022;202201;44;1097,25;;PARTNER;;NFK|5511|11142|202201
5511;12004;03/01/2022;202201;58;2320,00;;PARTNER;;NFK|5511|12004|202201
5511;12066;03/01/2022;202201;40;2425,00;;PARTNER;;NFK|5511|12066|202201
5511;12190;03/01/2022;202201;30;675,00;;PARTNER;;NFK|5511|12190|202201
5511;20015;03/01/2022;202201;70;1780,62;;PARTNER;C;NFK|5511|20015|202201
5511;20041;03/01/2022;202201;108;985,50;;PARTNER;A;NFK|5511|20041|202201
5511;20088;03/01/2022;202201;50;2825,00;;PARTNER;B;NFK|5511|20088|202201
5511;20131;03/01/2022;202201;40;845,00;;PARTNER;C;NFK|5511|20131|202201
5511;30012;03/01/2022;202201;26;420,88;;PARTNER;;NFK|5511|30012|202201
5511;30077;03/01/2022;202201;42;2205,00;;PARTNER;;NFK|5511|30077|202201
5511;30154;03/01/2022;202201;33;556,88;;PARTNER;;NFK|5511|30154|202201
5511;30209;03/01/2022;202201;103;2584,01;AVIS;PARTNER;;NFK|5511|30209|202201
9001;10023;03/01/2022;202201;17;201,88;;DEPOT;;NFK|9001|10023|202201
9001;10047;03/01/2022;202201;28;236,25;AVIS;DEPOT;;NFK|9001|10047|202201
9001;10112;03/01/2022;202201;11;186,45;MP;DEPOT;;NFK|9001|10112|202201
9001;10310;03/01/2022;202201;6;161,25;;DEPOT;;NFK|9001|10310|202201
9001;11020;03/01/2022;202201;17;317,69;;DEPOT;;NFK|9001|11020|202201
9001;11085;03/01/2022;202201;10;111,88;;DEPOT;;NFK|9001|11085|202201
9001;11142;03/01/2022;202201;6;149,62;;DEPOT;;NFK|9001|11142|202201
9001;12004;03/01/2022;202201;9;360,00;;DEPOT;;NFK|9001|12004|202201
9001;12066;03/01/2022;202201;6;363,75;;DEPOT;;NFK|9001|12066|202201
9001;12190;03/01/2022;202201;5;112,50;;DEPOT;;NFK|9001|12190|202201
9001;20015;03/01/2022;202201;12;305,25;;DEPOT;C;NFK|9001|20015|202201
9001;20041;03/01/2022;202201;12;109,50;;DEPOT;A;NFK|9001|20041|202201
9001;20088;03/01/2022;202201;8;452,00;;DEPOT;B;NFK|9001|20088|202201
9001;20131;03/01/2022;202201;5;105,62;;DEPOT;C;NFK|9001|20131|202201
9001;30012;03/01/2022;202201;4;64,75;;DEPOT;;NFK|9001|30012|202201
9001;30077;03/01/2022;202201;7;367,50;;DEPOT;;NFK|9001|30077|202201
9001;30154;03/01/2022;202201;4;67,50;;DEPOT;;NFK|9001|30154|202201
9001;30209;03/01/2022;202201;13;326,14;AVIS;DEPOT;;NFK|9001|30209|202201
1101;10023;10/01/2022;202202;554;5263,00;MP;SUPER;;NFK|1101|10023|202202
1101;10047;10/01/2022;202202;0;0,00;;SUPER;;NFK|1101|10047|202202
1101;10112;10/01/2022;202202;141;2987,44;;SUPER;;NFK|1101|10112|202202
1101;10310;10/01/2022;202202;101;2714,38;;SUPER;;NFK|1101|10310|202202
1101;11020;10/01/2022;202202;296;5531,50;;SUPER;;NFK|1101|11020|202202
1101;11085;10/01/2022;202202;263;2646,44;TILBUD;SUPER;;NFK|1101|11085|202202
1101;11142;10/01/2022;202202;115;2867,81;;SUPER;;NFK|1101|11142|202202
1101;12004;10/01/2022;202202;158;6320,00;;SUPER;;NFK|1101|12004|202202
1101;12066;10/01/2022;202202;187;9069,50;TILBUD;SUPER;;NFK|1101|12066|202202
1101;12190;10/01/2022;202202;96;2160,00;;SUPER;;NFK|1101|12190|202202
1101;20015;10/01/2022;202202;220;5596,25;;SUPER;C;NFK|1101|20015|202202
1101;20041;10/01/2022;202202;310;2828,75;;SUPER;A;NFK|1101|20041|202202
1101;20088;10/01/2022;202202;165;9322,50;;SUPER;B;NFK|1101|20088|202202
1101;20131;10/01/2022;202202;98;2070,25;;SUPER;C;NFK|1101|20131|202202
1101;30012;10/01/2022;202202;73;1181,69;;SUPER;;NFK|1101|30012|202202
1101;30077;10/01/2022;202202;206;8111,25;3F2;SUPER;;NFK|1101|30077|202202
1101;30154;10/01/2022;202202;163;2061,95;TILBUD;SUPER;;NFK|1101|30154|202202
1101;30209;10/01/2022;202202;173;4340,14;MP;SUPER;;NFK|1101|30209|202202
1101;99001;10/01/2022;202202;6;0,00;;SUPER;;NFK|1101|99001|202202
1102;10023;10/01/2022;202202;524;4978,00;MP;SUPER;;NFK|1102|10023|202202
1102;10047;10/01/2022;202202;196;2205,00;;SUPER;;NFK|1102|10047|202202
1102;10112;10/01/2022;202202;114;2415,38;;SUPER;;NFK|1102|10112|202202
1102;10310;10/01/2022;202202;116;3117,50;;SUPER;;NFK|1102|10310|202202
1102;11020;10/01/2022;202202;304;5681,00;;SUPER;;NFK|1102|11020|202202
1102;11085;10/01/2022;202202;224;2254,00;TILBUD;SUPER;;NFK|1102|11085|202202
1102;11142;10/01/2022;202202;136;3391,50;;SUPER;;NFK|1102|11142|202202
1102;12004;10/01/2022;202202;166;6640,00;;SUPER;;NFK|1102|12004|202202
1102;12066;10/01/2022;202202;161;7808,50;TILBUD;SUPER;;NFK|1102|12066|202202
1102;12190;10/01/2022;202202;76;1710,00;;SUPER;;NFK|1102|12190|202202
1102;20015;10/01/2022;202202;217;5519,94;;SUPER;C;NFK|1102|20015|202202
1102;20041;10/01/2022;202202;244;2226,50;;SUPER;A;NFK|1102|20041|202202
1102;20088;10/01/2022;202202;154;8701,00;;SUPER;B;NFK|1102|20088|202202
1102;20131;10/01/2022;202202;96;2028,00;;SUPER;C;NFK|1102|20131|202202
1102;30012;10/01/2022;202202;69;1116,94;;SUPER;;NFK|1102|30012|202202
1102;30077;10/01/2022;202202;198;7796,25;3F2;SUPER;;NFK|1102|30077|202202
1102;30154;10/01/2022;202202;160;2024,00;TILBUD;SUPER;;NFK|1102|30154|202202
1102;30209;10/01/2022;202202;177;4440,49;MP;SUPER;;NFK|1102|30209|202202
1102;99001;10/01/2022;202202;6;0,00;;SUPER;;NFK|1102|99001|202202
1103;10023;10/01/2022;202202;267;2536,50;MP;NAER;;NFK|1103|10023|202202
1103;10047;10/01/2022;202202;127;1428,75;;NAER;;NFK|1103|10047|202202
1103;10112;10/01/2022;202202;61;1292,44;;NAER;;NFK|1103|10112|202202
1103;10310;10/01/2022;202202;55;1478,12;;NAER;;NFK|1103|10310|202202
1103;11020;10/01/2022;202202;131;2448,06;;NAER;;NFK|1103|11020|202202
1103;11085;10/01/2022;202202;125;1257,81;TILBUD;NAER;;NFK|1103|11085|202202
1103;11142;10/01/2022;202202;59;1471,31;;NAER;;NFK|1103|11142|202202
1103;12004;10/01/2022;202202;73;2920,00;;NAER;;NFK|1103|12004|202202
1103;12066;10/01/2022;202202;97;4704,50;TILBUD;NAER;;NFK|1103|12066|202202
1103;12190;10/01/2022;202202;48;1080,00;;NAER;;NFK|1103|12190|202202
1103;20015;10/01/2022;202202;102;2594,62;;NAER;C;NFK|1103|20015|202202
1103;20041;10/01/2022;202202;145;1323,12;;NAER;A;NFK|1103|20041|202202
1103;20088;10/01/2022;202202;81;4576,50;;NAER;B;NFK|1103|20088|202202
1103;20131;10/01/2022;202202;56;1183,00;;NAER;C;NFK|1103|20131|202202
1103;30012;10/01/2022;202202;43;696,06;;NAER;;NFK|1103|30012|202202
1103;30077;10/01/2022;202202;86;3386,25;3F2;NAER;;NFK|1103|30077|202202
1103;30154;10/01/2022;202202;70;885,50;TILBUD;NAER;;NFK|1103|30154|202202
1103;30209;10/01/2022;202202;95;2383,31;MP;NAER;;NFK|1103|30209|202202
1108;10023;10/01/2022;202202;894;8493,00;MP;HYPER;;NFK|1108|10023|202202
1108;10047;10/01/2022;202202;445;5006,25;;HYPER;;NFK|1108|10047|202202
1108;10112;10/01/2022;202202;290;6144,38;;HYPER;;NFK|1108|10112|202202
1108;10310;10/01/2022;202202;200;5375,00;;HYPER;;NFK|1108|10310|202202
1108;11020;10/01/2022;202202;549;10259,44;;HYPER;;NFK|1108|11020|202202
1108;11085;10/01/2022;202202;410;4125,63;TILBUD;HYPER;;NFK|1108|11085|202202
1108;11142;10/01/2022;202202;261;6508,69;;HYPER;;NFK|1108|11142|202202
1108;12004;10/01/2022;202202;274;10960,00;;HYPER;;NFK|1108|12004|202202
1108;12066;10/01/2022;202202;408;19788,00;TILBUD;HYPER;;NFK|1108|12066|202202
1108;12190;10/01/2022;202202;189;4252,50;;HYPER;;NFK|1108|12190|202202
1108;20015;10/01/2022;202202;455;11574,06;;HYPER;C;NFK|1108|20015|202202
1108;20041;10/01/2022;202202;475;4334,38;;HYPER;A;NFK|1108|20041|202202
1108;20088;10/01/2022;202202;248;14012,00;;HYPER;B;NFK|1108|20088|202202
1108;20131;10/01/2022;202202;175;3696,88;;HYPER;C;NFK|1108|20131|202202
1108;30012;10/01/2022;202202;165;2670,94;;HYPER;;NFK|1108|30012|202202
1108;30077;10/01/2022;202202;342;13466,25;3F2;HYPER;;NFK|1108|30077|202202
1108;30154;10/01/2022;202202;337;4263,05;TILBUD;HYPER;;NFK|1108|30154|202202
1108;30209;10/01/2022;202202;342;8579,93;MP;HYPER;;NFK|1108|30209|202202
3104;10023;10/01/2022;202202;502;4769,00;MP;SUPER;;NFK|3104|10023|202202
3104;10047;10/01/2022;202202;207;2328,75;;SUPER;;NFK|3104|10047|202202
3104;10112;10/01/2022;202202;112;2373,00;;SUPER;;NFK|3104|10112|202202
3104;10310;10/01/2022;202202;106;2848,75;;SUPER;;NFK|3104|10310|202202
3104;11020;10/01/2022;202202;250;4671,88;;SUPER;;NFK|3104|11020|202202
3104;11085;10/01/2022;202202;144;1611,00;;SUPER;;NFK|3104|11085|202202
3104;11142;10/01/2022;202202;119;2967,56;;SUPER;;NFK|3104|11142|202202
3104;12004;10/01/2022;202202;148;5920,00;;SUPER;;NFK|3104|12004|202202
3104;12066;10/01/2022;202202;179;8681,50;TILBUD;SUPER;;NFK|3104|12066|202202
3104;12190;10/01/2022;202202;79;1777,50;;SUPER;;NFK|3104|12190|202202
3104;20015;10/01/2022;202202;177;4502,44;;SUPER;C;NFK|3104|20015|202202
3104;20041;10/01/2022;202202;280;2555,00;;SUPER;A;NFK|3104|20041|202202
3104;20088;10/01/2022;202202;138;7797,00;;SUPER;B;NFK|3104|20088|202202
3104;20131;10/01/2022;202202;103;2175,88;;SUPER;C;NFK|3104|20131|202202
3104;30012;10/01/2022;202202;74;1197,88;;SUPER;;NFK|3104|30012|202202
3104;30077;10/01/2022;202202;187;7363,12;3F2;SUPER;;NFK|3104|30077|202202
3104;30154;10/01/2022;202202;89;1501,88;;SUPER;;NFK|3104|30154|202202
3104;30209;10/01/2022;202202;182;4565,93;MP;SUPER;;NFK|3104|30209|202202
3104;99001;10/01/2022;202202;5;0,00;;SUPER;;NFK|3104|99001|202202
3117;10023;10/01/2022;202202;247;2346,50;MP;NAER;;NFK|3117|10023|202202
3117;10047;10/01/2022;202202;112;1260,00;;NAER;;NFK|3117|10047|202202
3117;10112;10/01/2022;202202;54;1144,12;;NAER;;NFK|3117|10112|202202
3117;10310;10/01/2022;202202;53;1424,38;;NAER;;NFK|3117|10310|202202
3117;11020;10/01/2022;202202;118;2205,12;;NAER;;NFK|3117|11020|202202
3117;11085;10/01/2022;202202;66;738,37;;NAER;;NFK|3117|11085|202202
3117;11142;10/01/2022;202202;54;1346,62;;NAER;;NFK|3117|11142|202202
3117;12004;10/01/2022;202202;75;3000,00;;NAER;;NFK|3117|12004|202202
3117;12066;10/01/2022;202202;78;3783,00;TILBUD;NAER;;NFK|3117|12066|202202
3117;12190;10/01/2022;202202;38;855,00;;NAER;;NFK|3117|12190|202202
3117;20015;10/01/2022;202202;88;2238,50;;NAER;C;NFK|3117|20015|202202
3117;20041;10/01/2022;202202;116;1058,50;;NAER;A;NFK|3117|20041|202202
3117;20088;10/01/2022;202202;54;3051,00;;NAER;B;NFK|3117|20088|202202
3117;20131;10/01/2022;202202;40;845,00;;NAER;C;NFK|3117|20131|202202
3117;30012;10/01/2022;202202;38;615,12;;NAER;;NFK|3117|30012|202202
3117;30077;10/01/2022;202202;81;3189,38;3F2;NAER;;NFK|3117|30077|202202
3117;30154;10/01/2022;202202;37;624,38;;NAER;;NFK|3117|30154|202202
3117;30209;10/01/2022;202202;68;1705,95;MP;NAER;;NFK|3117|30209|202202
3117;99001;10/01/2022;202202;2;0,00;;NAER;;NFK|3117|99001|202202
3122;10023;10/01/2022;202202;149;1415,50;MP;FRANCHISE;;NFK|3122|10023|202202
3122;10047;10/01/2022;202202;81;911,25;;FRANCHISE;;NFK|3122|10047|202202
3122;10112;10/01/2022;202202;44;932,25;;FRANCHISE;;NFK|3122|10112|202202
3122;10310;10/01/2022;202202;36;967,50;;FRANCHISE;;NFK|3122|10310|202202
3122;11020;10/01/2022;202202;97;1812,69;;FRANCHISE;;NFK|3122|11020|202202
3122;11085;10/01/2022;202202;47;525,81;;FRANCHISE;;NFK|3122|11085|202202
3122;11142;10/01/2022;202202;41;1022,44;;FRANCHISE;;NFK|3122|11142|202202
3122;12004;10/01/2022;202202;48;1920,00;;FRANCHISE;;NFK|3122|12004|202202
3122;12066;10/01/2022;202202;54;2619,00;TILBUD;FRANCHISE;;NFK|3122|12066|202202
3122;12190;10/01/2022;202202;28;630,00;;FRANCHISE;;NFK|3122|12190|202202
3122;20015;10/01/2022;202202;60;1526,25;;FRANCHISE;C;NFK|3122|20015|202202
3122;20041;10/01/2022;202202;73;666,12;;FRANCHISE;A;NFK|3122|20041|202202
3122;20088;10/01/2022;202202;49;2768,50;;FRANCHISE;B;NFK|3122|20088|202202
3122;20131;10/01/2022;202202;28;591,50;;FRANCHISE;C;NFK|3122|20131|202202
3122;30012;10/01/2022;202202;25;404,69;;FRANCHISE;;NFK|3122|30012|202202
3122;30077;10/01/2022;202202;57;2244,38;3F2;FRANCHISE;;NFK|3122|30077|202202
3122;30154;10/01/2022;202202;24;405,00;;FRANCHISE;;NFK|3122|30154|202202
3122;30209;10/01/2022;202202;51;1279,46;MP;FRANCHISE;;NFK|3122|30209|202202
3122;99001;10/01/2022;202202;2;0,00;;FRANCHISE;;NFK|3122|99001|202202
4201;10023;10/01/2022;202202;793;7533,50;MP;HYPER;;NFK|4201|10023|202202
4201;10047;10/01/2022;202202;363;4083,75;;HYPER;;NFK|4201|10047|202202
4201;10112;10/01/2022;202202;239;5063,81;;HYPER;;NFK|4201|10112|202202
4201;10310;10/01/2022;202202;204;5482,50;;HYPER;;NFK|4201|10310|202202
4201;11020;10/01/2022;202202;524;9792,25;;HYPER;;NFK|4201|11020|202202
4201;11085;10/01/2022;202202;399;4014,94;TILBUD;HYPER;;NFK|4201|11085|202202
4201;11142;10/01/2022;202202;238;5935,12;;HYPER;;NFK|4201|11142|202202
4201;12004;10/01/2022;202202;280;11200,00;;HYPER;;NFK|4201|12004|202202
4201;12066;10/01/2022;202202;323;15665,50;TILBUD;HYPER;;NFK|4201|12066|202202
4201;12190;10/01/2022;202202;159;3577,50;;HYPER;;NFK|4201|12190|202202
4201;20015;10/01/2022;202202;337;8572,44;;HYPER;C;NFK|4201|20015|202202
4201;20041;10/01/2022;202202;455;4151,88;;HYPER;A;NFK|4201|20041|202202
4201;20088;10/01/2022;202202;266;15029,00;;HYPER;B;NFK|4201|20088|202202
4201;20131;10/01/2022;202202;178;3760,25;;HYPER;C;NFK|4201|20131|202202
4201;30012;10/01/2022;202202;209;2536,74;3F2;HYPER;;NFK|4201|30012|202202
4201;30077;10/01/2022;202202;362;14253,75;3F2;HYPER;;NFK|4201|30077|202202
4201;30154;10/01/2022;202202;275;3478,75;TILBUD;HYPER;;NFK|4201|30154|202202
4201;30209;10/01/2022;202202;278;6974,32;MP;HYPER;;NFK|4201|30209|202202
4201;99001;10/01/2022;202202;8;0,00;;HYPER;;NFK|4201|99001|202202
4205;10023;10/01/2022;202202;559;5310,50;MP;SUPER;;NFK|4205|10023|202202
4205;10047;10/01/2022;202202;251;2823,75;;SUPER;;NFK|4205|10047|202202
4205;10112;10/01/2022;202202;136;2881,50;;SUPER;;NFK|4205|10112|202202
4205;10310;10/01/2022;202202;123;3305,62;;SUPER;;NFK|4205|10310|202202
4205;11020;10/01/2022;202202;303;5662,31;;SUPER;;NFK|4205|11020|202202
4205;11085;10/01/2022;202202;246;2475,38;TILBUD;SUPER;;NFK|4205|11085|202202
4205;11142;10/01/2022;202202;142;3541,12;;SUPER;;NFK|4205|11142|202202
4205;12004;10/01/2022;202202;178;7120,00;;SUPER;;NFK|4205|12004|202202
4205;12066;10/01/2022;202202;213;10330,50;TILBUD;SUPER;;NFK|4205|12066|202202
4205;12190;10/01/2022;202202;97;2182,50;;SUPER;;NFK|4205|12190|202202
4205;20015;10/01/2022;202202;220;5596,25;;SUPER;C;NFK|4205|20015|202202
4205;20041;10/01/2022;202202;256;2336,00;;SUPER;A;NFK|4205|20041|202202
4205;20088;10/01/2022;202202;128;7232,00;;SUPER;B;NFK|4205|20088|202202
4205;20131;10/01/2022;202202;92;1943,50;;SUPER;C;NFK|4205|20131|202202
4205;30012;10/01/2022;202202;123;1492,91;3F2;SUPER;;NFK|4205|30012|202202
4205;30077;10/01/2022;202202;190;7481,25;3F2;SUPER;;NFK|4205|30077|202202
4205;30154;10/01/2022;202202;134;1695,10;TILBUD;SUPER;;NFK|4205|30154|202202
4205;30209;10/01/2022;202202;180;4515,75;MP;SUPER;;NFK|4205|30209|202202
4205;99001;10/01/2022;202202;5;0,00;;SUPER;;NFK|4205|99001|202202
4218;10023;10/01/2022;202202;591;5614,50;MP;SUPER;;NFK|4218|10023|202202
4218;10047;10/01/2022;202202;227;2553,75;;SUPER;;NFK|4218|10047|202202
4218;10112;10/01/2022;202202;147;3114,56;;SUPER;;NFK|4218|10112|202202
4218;10310;10/01/2022;202202;108;2902,50;;SUPER;;NFK|4218|10310|202202
4218;11020;10/01/2022;202202;332;6204,25;;SUPER;;NFK|4218|11020|202202
4218;11085;10/01/2022;202202;260;2616,25;TILBUD;SUPER;;NFK|4218|11085|202202
4218;11142;10/01/2022;202202;137;3416,44;;SUPER;;NFK|4218|11142|202202
4218;12004;10/01/2022;202202;184;7360,00;;SUPER;;NFK|4218|12004|202202
4218;12066;10/01/2022;202202;229;11106,50;TILBUD;SUPER;;NFK|4218|12066|202202
4218;12190;10/01/2022;202202;80;1800,00;;SUPER;;NFK|4218|12190|202202
4218;20015;10/01/2022;202202;209;5316,44;;SUPER;C;NFK|4218|20015|202202
4218;20041;10/01/2022;202202;307;2801,38;;SUPER;A;NFK|4218|20041|202202
4218;20088;10/01/2022;202202;163;9209,50;;SUPER;B;NFK|4218|20088|202202
4218;20131;10/01/2022;202202;109;2302,62;;SUPER;C;NFK|4218|20131|202202
4218;30012;10/01/2022;202202;117;1420,09;3F2;SUPER;;NFK|4218|30012|202202
4218;30077;10/01/2022;202202;193;7599,38;3F2;SUPER;;NFK|4218|30077|202202
4218;30154;10/01/2022;202202;181;2289,65;TILBUD;SUPER;;NFK|4218|30154|202202
4218;30209;10/01/2022;202202;182;4565,93;MP;SUPER;;NFK|4218|30209|202202
5502;10023;10/01/2022;202202;523;4968,50;MP;SUPER;;NFK|5502|10023|202202
5502;10047;10/01/2022;202202;217;2441,25;;SUPER;;NFK|5502|10047|202202
5502;10112;10/01/2022;202202;124;2627,25;;SUPER;;NFK|5502|10112|202202
5502;10310;10/01/2022;202202;105;2821,88;;SUPER;;NFK|5502|10310|202202
5502;11020;10/01/2022;202202;-27;-504,56;;SUPER;;NFK|5502|11020|202202
5502;11085;10/01/2022;202202;167;1868,31;;SUPER;;NFK|5502|11085|202202
5502;11142;10/01/2022;202202;105;2618,44;;SUPER;;NFK|5502|11142|202202
5502;12004;10/01/2022;202202;161;6440,00;;SUPER;;NFK|5502|12004|202202
5502;12066;10/01/2022;202202;166;8051,00;TILBUD;SUPER;;NFK|5502|12066|202202
5502;12190;10/01/2022;202202;89;2002,50;;SUPER;;NFK|5502|12190|202202
5502;20015;10/01/2022;202202;219;5570,81;;SUPER;C;NFK|5502|20015|202202
5502;20041;10/01/2022;202202;266;2427,25;;SUPER;A;NFK|5502|20041|202202
5502;20088;10/01/2022;202202;127;7175,50;;SUPER;B;NFK|5502|20088|202202
5502;20131;10/01/2022;202202;93;1964,62;;SUPER;C;NFK|5502|20131|202202
5502;30012;10/01/2022;202202;104;1262,30;3F2;SUPER;;NFK|5502|30012|202202
5502;30077;10/01/2022;202202;201;7914,38;3F2;SUPER;;NFK|5502|30077|202202
5502;30154;10/01/2022;202202;86;1451,25;;SUPER;;NFK|5502|30154|202202
5502;30209;10/01/2022;202202;163;4089,26;MP;SUPER;;NFK|5502|30209|202202
5511;10023;10/01/2022;202202;169;1605,50;MP;PARTNER;;NFK|5511|10023|202202
5511;10047;10/01/2022;202202;82;922,50;;PARTNER;;NFK|5511|10047|202202
5511;10112;10/01/2022;202202;49;1038,19;;PARTNER;;NFK|5511|10112|202202
5511;10310;10/01/2022;202202;35;940,62;;PARTNER;;NFK|5511|10310|202202
5511;11020;10/01/2022;202202;114;2130,38;;PARTNER;;NFK|5511|11020|202202
5511;11085;10/01/2022;202202;67;749,56;;PARTNER;;NFK|5511|11085|202202
5511;11142;10/01/2022;202202;42;1047,38;;PARTNER;;NFK|5511|11142|202202
5511;12004;10/01/2022;202202;58;2320,00;;PARTNER;;NFK|5511|12004|202202
5511;12066;10/01/2022;202202;78;3783,00;TILBUD;PARTNER;;NFK|5511|12066|202202
5511;12190;10/01/2022;202202;32;720,00;;PARTNER;;NFK|5511|12190|202202
5511;20015;10/01/2022;202202;75;1907,81;;PARTNER;C;NFK|5511|20015|202202
5511;20041;10/01/2022;202202;101;921,62;;PARTNER;A;NFK|5511|20041|202202
5511;20088;10/01/2022;202202;55;3107,50;;PARTNER;B;NFK|5511|20088|202202
5511;20131;10/01/2022;202202;33;697,12;;PARTNER;C;NFK|5511|20131|202202
5511;30012;10/01/2022;202202;44;534,05;3F2;PARTNER;;NFK|5511|30012|202202
5511;30077;10/01/2022;202202;65;2559,38;3F2;PARTNER;;NFK|5511|30077|202202
5511;30154;10/01/2022;202202;33;556,88;;PARTNER;;NFK|5511|30154|202202
5511;30209;10/01/2022;202202;68;1705,95;MP;PARTNER;;NFK|5511|30209|202202
9001;10023;10/01/2022;202202;29;275,50;MP;DEPOT;;NFK|9001|10023|202202
9001;10047;10/01/2022;202202;13;146,25;;DEPOT;;NFK|9001|10047|202202
9001;10112;10/01/2022;202202;8;169,50;;DEPOT;;NFK|9001|10112|202202
9001;10310;10/01/2022;202202;6;161,25;;DEPOT;;NFK|9001|10310|202202
9001;11020;10/01/2022;202202;16;299,00;;DEPOT;;NFK|9001|11020|202202
9001;11085;10/01/2022;202202;9;100,69;;DEPOT;;NFK|9001|11085|202202
9001;11142;10/01/2022;202202;7;174,56;;DEPOT;;NFK|9001|11142|202202
9001;12004;10/01/2022;202202;7;280,00;;DEPOT;;NFK|9001|12004|202202
9001;12066;10/01/2022;202202;9;436,50;TILBUD;DEPOT;;NFK|9001|12066|202202
9001;12190;10/01/2022;202202;5;112,50;;DEPOT;;NFK|9001|12190|202202
9001;20015;10/01/2022;202202;11;279,81;;DEPOT;C;NFK|9001|20015|202202
9001;20041;10/01/2022;202202;16;146,00;;DEPOT;A;NFK|9001|20041|202202
9001;20088;10/01/2022;202202;7;395,50;;DEPOT;B;NFK|9001|20088|202202
9001;20131;10/01/2022;202202;5;105,62;;DEPOT;C;NFK|9001|20131|202202
9001;30012;10/01/2022;202202;4;64,75;;DEPOT;;NFK|9001|30012|202202
9001;30077;10/01/2022;202202;10;393,75;3F2;DEPOT;;NFK|9001|30077|202202
9001;30154;10/01/2022;202202;4;67,50;;DEPOT;;NFK|9001|30154|202202
9001;30209;10/01/2022;202202;9;225,79;MP;DEPOT;;NFK|9001|30209|202202
1101;10023;17/01/2022;202203;360;4275,00;;SUPER;;NFK|1101|10023|202203
1101;10047;17/01/2022;202203;271;3048,75;;SUPER;;NFK|1101|10047|202203
1101;10112;17/01/2022;202203;148;3135,75;;SUPER;;NFK|1101|10112|202203
1101;10310;17/01/2022;202203;105;2821,88;;SUPER;;NFK|1101|10310|202203
1101;11020;17/01/2022;202203;360;6727,50;;SUPER;;NFK|1101|11020|202203
1101;11085;17/01/2022;202203;186;2080,88;;SUPER;;NFK|1101|11085|202203
1101;11142;17/01/2022;202203;152;3790,50;;SUPER;;NFK|1101|11142|202203
1101;12004;17/01/2022;202203;188;7520,00;;SUPER;;NFK|1101|12004|202203
1101;12066;17/01/2022;202203;129;7820,62;;SUPER;;NFK|1101|12066|202203
1101;12190;17/01/2022;202203;82;1845,00;;SUPER;;NFK|1101|12190|202203
1101;20015;17/01/2022;202203;245;6232,19;;SUPER;C;NFK|1101|20015|202203
1101;20041;17/01/2022;202203;281;2564,12;;SUPER;A;NFK|1101|20041|202203
1101;20088;17/01/2022;202203;144;8136,00;;SUPER;B;NFK|1101|20088|202203
1101;20131;17/01/2022;202203;118;2492,75;;SUPER;C;NFK|1101|20131|202203
1101;30012;17/01/2022;202203;89;1440,69;;SUPER;;NFK|1101|30012|202203
1101;30077;17/01/2022;202203;113;5932,50;;SUPER;;NFK|1101|30077|202203
1101;30154;17/01/2022;202203;90;1518,75;;SUPER;;NFK|1101|30154|202203
1101;30209;17/01/2022;202203;125;4679,69;;SUPER;;NFK|1101|30209|202203
1102;10023;17/01/2022;202203;381;4524,38;;SUPER;;NFK|1102|10023|202203
1102;10047;17/01/2022;202203;245;2756,25;;SUPER;;NFK|1102|10047|202203
1102;10112;17/01/2022;202203;136;2881,50;;SUPER;;NFK|1102|10112|202203
1102;10310;17/01/2022;202203;113;3036,88;;SUPER;;NFK|1102|10310|202203
1102;11020;17/01/2022;202203;286;5344,62;;SUPER;;NFK|1102|11020|202203
1102;11085;17/01/2022;202203;186;2080,88;;SUPER;;NFK|1102|11085|202203
1102;11142;17/01/2022;202203;115;2867,81;;SUPER;;NFK|1102|11142|202203
1102;12004;17/01/2022;202203;160;6400,00;;SUPER;;NFK|1102|12004|202203
1102;12066;17/01/2022;202203;112;6790,00;;SUPER;;NFK|1102|12066|202203
1102;12190;17/01/2022;202203;87;1957,50;;SUPER;;NFK|1102|12190|202203
1102;20015;17/01/2022;202203;205;5214,69;;SUPER;C;NFK|1102|20015|202203
1102;20041;17/01/2022;202203;243;2217,38;;SUPER;A;NFK|1102|20041|202203
1102;20088;17/01/2022;202203;130;7345,00;;SUPER;B;NFK|1102|20088|202203
1102;20131;17/01/2022;202203;101;2133,62;;SUPER;C;NFK|1102|20131|202203
1102;30012;17/01/2022;202203;65;1052,19;;SUPER;;NFK|1102|30012|202203
1102;30077;17/01/2022;202203;131;6877,50;;SUPER;;NFK|1102|30077|202203
1102;30154;17/01/2022;202203;74;1248,75;;SUPER;;NFK|1102|30154|202203
1102;30209;17/01/2022;202203;101;3781,19;;SUPER;;NFK|1102|30209|202203
1102;99001;17/01/2022;202203;6;0,00;;SUPER;;NFK|1102|99001|202203
1103;10023;17/01/2022;202203;178;2113,75;;NAER;;NFK|1103|10023|202203
1103;10047;17/01/2022;202203;107;1203,75;;NAER;;NFK|1103|10047|202203
1103;10112;17/01/2022;202203;76;1610,25;;NAER;;NFK|1103|10112|202203
1103;10310;17/01/2022;202203;63;1693,12;;NAER;;NFK|1103|10310|202203
1103;11020;17/01/2022;202203;159;2971,31;;NAER;;NFK|1103|11020|202203
1103;11085;17/01/2022;202203;96;1074,00;;NAER;;NFK|1103|11085|202203
1103;11142;17/01/2022;202203;56;1396,50;;NAER;;NFK|1103|11142|202203
1103;12004;17/01/2022;202203;83;3320,00;;NAER;;NFK|1103|12004|202203
1103;12066;17/01/2022;202203;57;3455,62;;NAER;;NFK|1103|12066|202203
1103;12190;17/01/2022;202203;38;855,00;;NAER;;NFK|1103|12190|202203
1103;20015;17/01/2022;202203;98;2492,88;;NAER;C;NFK|1103|20015|202203
1103;20041;17/01/2022;202203;151;1377,88;;NAER;A;NFK|1103|20041|202203
1103;20088;17/01/2022;202203;72;4068,00;;NAER;B;NFK|1103|20088|202203
1103;20131;17/01/2022;202203;54;1140,75;;NAER;C;NFK|1103|20131|202203
1103;30012;17/01/2022;202203;40;647,50;;NAER;;NFK|1103|30012|202203
1103;30077;17/01/2022;202203;57;2992,50;;NAER;;NFK|1103|30077|202203
1103;30154;17/01/2022;202203;44;742,50;;NAER;;NFK|1103|30154|202203
1103;30209;17/01/2022;202203;59;2208,81;;NAER;;NFK|1103|30209|202203
1108;10023;17/01/2022;202203;663;7873,12;;HYPER;;NFK|1108|10023|202203
1108;10047;17/01/2022;202203;486;5467,50;;HYPER;;NFK|1108|10047|202203
1108;10112;17/01/2022;202203;287;6080,81;;HYPER;;NFK|1108|10112|202203
1108;10310;17/01/2022;202203;238;6396,25;;HYPER;;NFK|1108|10310|202203
1108;11020;17/01/2022;202203;510;9530,62;;HYPER;;NFK|1108|11020|202203
1108;11085;17/01/2022;202203;382;4273,62;;HYPER;;NFK|1108|11085|202203
1108;11142;17/01/2022;202203;247;6159,56;;HYPER;;NFK|1108|11142|202203
1108;12004;17/01/2022;202203;312;12480,00;;HYPER;;NFK|1108|12004|202203
1108;12066;17/01/2022;202203;213;12913,12;;HYPER;;NFK|1108|12066|202203
1108;12190;17/01/2022;202203;193;4342,50;;HYPER;;NFK|1108|12190|202203
1108;20015;17/01/2022;202203;462;11752,12;;HYPER;C;NFK|1108|20015|202203
1108;20041;17/01/2022;202203;468;4270,50;;HYPER;A;NFK|1108|20041|202203
1108;20088;17/01/2022;202203;314;17741,00;;HYPER;B;NFK|1108|20088|202203
1108;20131;17/01/2022;202203;202;4267,25;;HYPER;C;NFK|1108|20131|202203
1108;30012;17/01/2022;202203;136;2201,50;;HYPER;;NFK|1108|30012|202203
1108;30077;17/01/2022;202203;205;10762,50;;HYPER;;NFK|1108|30077|202203
1108;30154;17/01/2022;202203;183;3088,12;;HYPER;;NFK|1108|30154|202203
1108;30209;17/01/2022;202203;242;9059,88;;HYPER;;NFK|1108|30209|202203
3104;10023;17/01/2022;202203;309;3669,38;;SUPER;;NFK|3104|10023|202203
3104;10047;17/01/2022;202203;234;2632,50;;SUPER;;NFK|3104|10047|202203
3104;10112;17/01/2022;202203;112;2373,00;;SUPER;;NFK|3104|10112|202203
3104;10310;17/01/2022;202203;103;2768,12;;SUPER;;NFK|3104|10310|202203
3104;11020;17/01/2022;202203;288;5382,00;;SUPER;;NFK|3104|11020|202203
3104;11085;17/01/2022;202203;155;1734,06;;SUPER;;NFK|3104|11085|202203
3104;11142;17/01/2022;202203;117;2917,69;;SUPER;;NFK|3104|11142|202203
3104;12004;17/01/2022;202203;153;6120,00;;SUPER;;NFK|3104|12004|202203
3104;12066;17/01/2022;202203;0;0,00;;SUPER;;NFK|3104|12066|202203
3104;12190;17/01/2022;202203;71;1597,50;;SUPER;;NFK|3104|12190|202203
3104;20015;17/01/2022;202203;192;4884,00;;SUPER;C;NFK|3104|20015|202203
3104;20041;17/01/2022;202203;269;2454,62;;SUPER;A;NFK|3104|20041|202203
3104;20088;17/01/2022;202203;153;8644,50;;SUPER;B;NFK|3104|20088|202203
3104;20131;17/01/2022;202203;97;2049,12;;SUPER;C;NFK|3104|20131|202203
3104;30012;17/01/2022;202203;73;1181,69;;SUPER;;NFK|3104|30012|202203
3104;30077;17/01/2022;202203;103;5407,50;;SUPER;;NFK|3104|30077|202203
3104;30154;17/01/2022;202203;72;1215,00;;SUPER;;NFK|3104|30154|202203
3104;30209;17/01/2022;202203;99;3706,31;;SUPER;;NFK|3104|30209|202203
3117;10023;17/01/2022;202203;177;2101,88;;NAER;;NFK|3117|10023|202203
3117;10047;17/01/2022;202203;89;1001,25;;NAER;;NFK|3117|10047|202203
3117;10112;17/01/2022;202203;67;1419,56;;NAER;;NFK|3117|10112|202203
3117;10310;17/01/2022;202203;43;1155,62;;NAER;;NFK|3117|10310|202203
3117;11020;17/01/2022;202203;145;2709,69;;NAER;;NFK|3117|11020|202203
3117;11085;17/01/2022;202203;84;939,75;;NAER;;NFK|3117|11085|202203
3117;11142;17/01/2022;202203;48;1197,00;;NAER;;NFK|3117|11142|202203
3117;12004;17/01/2022;202203;79;3160,00;;NAER;;NFK|3117|12004|202203
3117;12066;17/01/2022;202203;53;3213,12;;NAER;;NFK|3117|12066|202203
3117;12190;17/01/2022;202203;33;742,50;;NAER;;NFK|3117|12190|202203
3117;20015;17/01/2022;202203;94;2391,12;;NAER;C;NFK|3117|20015|202203
3117;20041;17/01/2022;202203;120;1095,00;;NAER;A;NFK|3117|20041|202203
3117;20088;17/01/2022;202203;71;4011,50;;NAER;B;NFK|3117|20088|202203
3117;20131;17/01/2022;202203;45;950,62;;NAER;C;NFK|3117|20131|202203
3117;30012;17/01/2022;202203;38;615,12;;NAER;;NFK|3117|30012|202203
3117;30077;17/01/2022;202203;54;2835,00;;NAER;;NFK|3117|30077|202203
3117;30154;17/01/2022;202203;36;607,50;;NAER;;NFK|3117|30154|202203
3117;30209;17/01/2022;202203;51;1909,31;;NAER;;NFK|3117|30209|202203
3122;10023;17/01/2022;202203;109;1294,38;;FRANCHISE;;NFK|3122|10023|202203
3122;10047;17/01/2022;202203;68;765,00;;FRANCHISE;;NFK|3122|10047|202203
3122;10112;17/01/2022;202203;44;932,25;;FRANCHISE;;NFK|3122|10112|202203
3122;10310;17/01/2022;202203;37;994,38;;FRANCHISE;;NFK|3122|10310|202203
3122;11020;17/01/2022;202203;98;1831,38;;FRANCHISE;;NFK|3122|11020|202203
3122;11085;17/01/2022;202203;61;682,44;;FRANCHISE;;NFK|3122|11085|202203
3122;11142;17/01/2022;202203;38;947,62;;FRANCHISE;;NFK|3122|11142|202203
3122;12004;17/01/2022;202203;51;2040,00;;FRANCHISE;;NFK|3122|12004|202203
3122;12066;17/01/2022;202203;41;2485,62;;FRANCHISE;;NFK|3122|12066|202203
3122;12190;17/01/2022;202203;28;630,00;;FRANCHISE;;NFK|3122|12190|202203
3122;20015;17/01/2022;202203;70;1780,62;;FRANCHISE;C;NFK|3122|20015|202203
3122;20041;17/01/2022;202203;90;821,25;;FRANCHISE;A;NFK|3122|20041|202203
3122;20088;17/01/2022;202203;53;2994,50;;FRANCHISE;B;NFK|3122|20088|202203
3122;20131;17/01/2022;202203;34;718,25;;FRANCHISE;C;NFK|3122|20131|202203
3122;30012;17/01/2022;202203;25;404,69;;FRANCHISE;;NFK|3122|30012|202203
3122;30077;17/01/2022;202203;40;2100,00;;FRANCHISE;;NFK|3122|30077|202203
3122;30154;17/01/2022;202203;31;523,12;;FRANCHISE;;NFK|3122|30154|202203
3122;30209;17/01/2022;202203;34;1272,88;;FRANCHISE;;NFK|3122|30209|202203
4201;10023;17/01/2022;202203;684;8122,50;;HYPER;;NFK|4201|10023|202203
4201;10047;17/01/2022;202203;404;4545,00;;HYPER;;NFK|4201|10047|202203
4201;10112;17/01/2022;202203;257;5445,19;;HYPER;;NFK|4201|10112|202203
4201;10310;17/01/2022;202203;211;5670,62;;HYPER;;NFK|4201|10310|202203
4201;11020;17/01/2022;202203;502;9381,12;;HYPER;;NFK|4201|11020|202203
4201;11085;17/01/2022;202203;301;3367,44;;HYPER;;NFK|4201|11085|202203
4201;11142;17/01/2022;202203;227;5660,81;;HYPER;;NFK|4201|11142|202203
4201;12004;17/01/2022;202203;306;12240,00;;HYPER;;NFK|4201|12004|202203
4201;12066;17/01/2022;202203;214;12973,75;;HYPER;;NFK|4201|12066|202203
4201;12190;17/01/2022;202203;161;3622,50;;HYPER;;NFK|4201|12190|202203
4201;20015;17/01/2022;202203;324;8241,75;;HYPER;C;NFK|4201|20015|202203
4201;20041;17/01/2022;202203;528;4818,00;;HYPER;A;NFK|4201|20041|202203
4201;20088;17/01/2022;202203;228;12882,00;;HYPER;B;NFK|4201|20088|202203
4201;20131;17/01/2022;202203;156;3295,50;;HYPER;C;NFK|4201|20131|202203
4201;30012;17/01/2022;202203;113;1829,19;;HYPER;;NFK|4201|30012|202203
4201;30077;17/01/2022;202203;182;9555,00;;HYPER;;NFK|4201|30077|202203
4201;30154;17/01/2022;202203;158;2666,25;;HYPER;;NFK|4201|30154|202203
4201;30209;17/01/2022;202203;196;7337,75;;HYPER;;NFK|4201|30209|202203
4205;10023;17/01/2022;202203;376;4465,00;;SUPER;;NFK|4205|10023|202203
4205;10047;17/01/2022;202203;244;2745,00;;SUPER;;NFK|4205|10047|202203
4205;10112;17/01/2022;202203;127;2690,81;;SUPER;;NFK|4205|10112|202203
4205;10310;17/01/2022;202203;107;2875,62;;SUPER;;NFK|4205|10310|202203
4205;11020;17/01/2022;202203;270;5045,62;;SUPER;;NFK|4205|11020|202203
4205;11085;17/01/2022;202203;195;2181,56;;SUPER;;NFK|4205|11085|202203
4205;11142;17/01/2022;202203;144;3591,00;;SUPER;;NFK|4205|11142|202203
4205;12004;17/01/2022;202203;174;6960,00;;SUPER;;NFK|4205|12004|202203
4205;12066;17/01/2022;202203;103;6244,38;;SUPER;;NFK|4205|12066|202203
4205;12190;17/01/2022;202203;94;2115,00;;SUPER;;NFK|4205|12190|202203
4205;20015;17/01/2022;202203;225;5723,44;;SUPER;C;NFK|4205|20015|202203
4205;20041;17/01/2022;202203;249;2272,12;;SUPER;A;NFK|4205|20041|202203
4205;20088;17/01/2022;202203;132;7458,00;;SUPER;B;NFK|4205|20088|202203
4205;20131;17/01/2022;202203;108;2281,50;;SUPER;C;NFK|4205|20131|202203
4205;30012;17/01/2022;202203;78;1262,62;;SUPER;;NFK|4205|30012|202203
4205;30077;17/01/2022;202203;105;5512,50;;SUPER;;NFK|4205|30077|202203
4205;30154;17/01/2022;202203;81;1366,88;;SUPER;;NFK|4205|30154|202203
4205;30209;17/01/2022;202203;97;3631,44;;SUPER;;NFK|4205|30209|202203
4205;99001;17/01/2022;202203;5;0,00;;SUPER;;NFK|4205|99001|202203
4218;10023;17/01/2022;202203;421;4999,38;;SUPER;;NFK|4218|10023|202203
4218;10047;17/01/2022;202203;281;3161,25;;SUPER;;NFK|4218|10047|202203
4218;10112;17/01/2022;202203;164;3474,75;;SUPER;;NFK|4218|10112|202203
4218;10310;17/01/2022;202203;131;3520,62;;SUPER;;NFK|4218|10310|202203
4218;11020;17/01/2022;202203;350;6540,62;;SUPER;;NFK|4218|11020|202203
4218;11085;17/01/2022;202203;176;1969,00;;SUPER;;NFK|4218|11085|202203
4218;11142;17/01/2022;202203;141;3516,19;;SUPER;;NFK|4218|11142|202203
4218;12004;17/01/2022;202203;192;7680,00;;SUPER;;NFK|4218|12004|202203
4218;12066;17/01/2022;202203;123;7456,88;;SUPER;;NFK|4218|12066|202203
4218;12190;17/01/2022;202203;101;2272,50;;SUPER;;NFK|4218|12190|202203
4218;20015;17/01/2022;202203;260;6613,75;;SUPER;C;NFK|4218|20015|202203
4218;20041;17/01/2022;202203;323;2947,38;;SUPER;A;NFK|4218|20041|202203
4218;20088;17/01/2022;202203;172;9718,00;;SUPER;B;NFK|4218|20088|202203
4218;20131;17/01/2022;202203;101;2133,62;;SUPER;C;NFK|4218|20131|202203
4218;30012;17/01/2022;202203;83;1343,56;;SUPER;;NFK|4218|30012|202203
4218;30077;17/01/2022;202203;137;7192,50;;SUPER;;NFK|4218|30077|202203
4218;30154;17/01/2022;202203;85;1434,38;;SUPER;;NFK|4218|30154|202203
4218;30209;17/01/2022;202203;130;4866,88;;SUPER;;NFK|4218|30209|202203
5502;10023;17/01/2022;202203;313;3716,88;;SUPER;;NFK|5502|10023|202203
5502;10047;17/01/2022;202203;195;2193,75;;SUPER;;NFK|5502|10047|202203
5502;10112;17/01/2022;202203;116;2457,75;;SUPER;;NFK|5502|10112|202203
5502;10310;17/01/2022;202203;96;2580,00;;SUPER;;NFK|5502|10310|202203
5502;11020;17/01/2022;202203;279;5213,81;;SUPER;;NFK|5502|11020|202203
5502;11085;17/01/2022;202203;147;1644,56;;SUPER;;NFK|5502|11085|202203
5502;11142;17/01/2022;202203;123;3067,31;;SUPER;;NFK|5502|11142|202203
5502;12004;17/01/2022;202203;156;6240,00;;SUPER;;NFK|5502|12004|202203
5502;12066;17/01/2022;202203;105;6365,62;;SUPER;;NFK|5502|12066|202203
5502;12190;17/01/2022;202203;79;1777,50;;SUPER;;NFK|5502|12190|202203
5502;20015;17/01/2022;202203;181;4604,19;;SUPER;C;NFK|5502|20015|202203
5502;20041;17/01/2022;202203;255;2326,88;;SUPER;A;NFK|5502|20041|202203
5502;20088;17/01/2022;202203;142;8023,00;;SUPER;B;NFK|5502|20088|202203
5502;20131;17/01/2022;202203;89;1880,12;;SUPER;C;NFK|5502|20131|202203
5502;30012;17/01/2022;202203;67;1084,56;;SUPER;;NFK|5502|30012|202203
5502;30077;17/01/2022;202203;121;6352,50;;SUPER;;NFK|5502|30077|202203
5502;30154;17/01/2022;202203;85;1434,38;;SUPER;;NFK|5502|30154|202203
5502;30209;17/01/2022;202203;103;3856,06;;SUPER;;NFK|5502|30209|202203
5511;10023;17/01/2022;202203;137;1626,88;;PARTNER;;NFK|5511|10023|202203
5511;10047;17/01/2022;202203;97;1091,25;;PARTNER;;NFK|5511|10047|202203
5511;10112;17/01/2022;202203;49;1038,19;;PARTNER;;NFK|5511|10112|202203
5511;10310;17/01/2022;202203;36;967,50;;PARTNER;;NFK|5511|10310|202203
5511;11020;17/01/2022;202203;108;2018,25;;PARTNER;;NFK|5511|11020|202203
5511;11085;17/01/2022;202203;61;682,44;;PARTNER;;NFK|5511|11085|202203
5511;11142;17/01/2022;202203;49;1221,94;;PARTNER;;NFK|5511|11142|202203
5511;12004;17/01/2022;202203;51;2040,00;;PARTNER;;NFK|5511|12004|202203
5511;12066;17/01/2022;202203;45;2728,12;;PARTNER;;NFK|5511|12066|202203
5511;12190;17/01/2022;202203;28;630,00;;PARTNER;;NFK|5511|12190|202203
5511;20015;17/01/2022;202203;73;1856,94;;PARTNER;C;NFK|5511|20015|202203
5511;20041;17/01/2022;202203;103;939,88;;PARTNER;A;NFK|5511|20041|202203
5511;20088;17/01/2022;202203;52;2938,00;;PARTNER;B;NFK|5511|20088|202203
5511;20131;17/01/2022;202203;42;887,25;;PARTNER;C;NFK|5511|20131|202203
5511;30012;17/01/2022;202203;32;518,00;;PARTNER;;NFK|5511|30012|202203
5511;30077;17/01/2022;202203;47;2467,50;;PARTNER;;NFK|5511|30077|202203
5511;30154;17/01/2022;202203;32;540,00;;PARTNER;;NFK|5511|30154|202203
5511;30209;17/01/2022;202203;44;1647,25;;PARTNER;;NFK|5511|30209|202203
9001;10023;17/01/2022;202203;18;213,75;;DEPOT;;NFK|9001|10023|202203
9001;10047;17/01/2022;202203;12;135,00;;DEPOT;;NFK|9001|10047|202203
9001;10112;17/01/2022;202203;7;148,31;;DEPOT;;NFK|9001|10112|202203
9001;10310;17/01/2022;202203;5;134,38;;DEPOT;;NFK|9001|10310|202203
9001;11020;17/01/2022;202203;17;317,69;;DEPOT;;NFK|9001|11020|202203
9001;11085;17/01/2022;202203;10;111,88;;DEPOT;;NFK|9001|11085|202203
9001;11142;17/01/2022;202203;7;174,56;;DEPOT;;NFK|9001|11142|202203
9001;12004;17/01/2022;202203;8;320,00;;DEPOT;;NFK|9001|12004|202203
9001;12066;17/01/2022;202203;7;424,38;;DEPOT;;NFK|9001|12066|202203
9001;12190;17/01/2022;202203;5;112,50;;DEPOT;;NFK|9001|12190|202203
9001;20015;17/01/2022;202203;12;305,25;;DEPOT;C;NFK|9001|20015|202203
9001;20041;17/01/2022;202203;15;136,88;;DEPOT;A;NFK|9001|20041|202203
9001;20088;17/01/2022;202203;7;395,50;;DEPOT;B;NFK|9001|20088|202203
9001;20131;17/01/2022;202203;6;126,75;;DEPOT;C;NFK|9001|20131|202203
9001;30012;17/01/2022;202203;4;64,75;;DEPOT;;NFK|9001|30012|202203
9001;30077;17/01/2022;202203;7;367,50;;DEPOT;;NFK|9001|30077|202203
9001;30154;17/01/2022;202203;5;84,38;;DEPOT;;NFK|9001|30154|202203
9001;30209;17/01/2022;202203;5;187,19;;DEPOT;;NFK|9001|30209|202203
1101;10023;24/01/2022;202204;347;4120,62;;SUPER;;NFK|1101|10023|202204
1101;10047;24/01/2022;202204;223;2508,75;;SUPER;;NFK|1101|10047|202204
1101;10112;24/01/2022;202204;157;3326,44;;SUPER;;NFK|1101|10112|202204
1101;10310;24/01/2022;202204;129;3466,88;;SUPER;;NFK|1101|10310|202204
1101;11020;24/01/2022;202204;325;6073,44;;SUPER;;NFK|1101|11020|202204
1101;11085;24/01/2022;202204;171;1913,06;;SUPER;;NFK|1101|11085|202204
1101;11142;24/01/2022;202204;125;3117,19;;SUPER;;NFK|1101|11142|202204
1101;12004;24/01/2022;202204;165;6600,00;;SUPER;;NFK|1101|12004|202204
1101;12066;24/01/2022;202204;135;8184,38;;SUPER;;NFK|1101|12066|202204
1101;12190;24/01/2022;202204;85;1912,50;;SUPER;;NFK|1101|12190|202204
1101;20015;24/01/2022;202204;263;6690,06;;SUPER;C;NFK|1101|20015|202204
1101;20041;24/01/2022;202204;303;2764,88;;SUPER;A;NFK|1101|20041|202204
1101;20088;24/01/2022;202204;137;7740,50;;SUPER;B;NFK|1101|20088|202204
1101;20131;24/01/2022;202204;123;2598,38;;SUPER;C;NFK|1101|20131|202204
1101;30012;24/01/2022;202204;89;1440,69;;SUPER;;NFK|1101|30012|202204
1101;30077;24/01/2022;202204;122;6405,00;;SUPER;;NFK|1101|30077|202204
1101;30154;24/01/2022;202204;91;1535,62;;SUPER;;NFK|1101|30154|202204
1101;30209;24/01/2022;202204;125;4679,69;;SUPER;;NFK|1101|30209|202204
1102;10023;24/01/2022;202204;384;4560,00;;SUPER;;NFK|1102|10023|202204
1102;10047;24/01/2022;202204;224;2520,00;;SUPER;;NFK|1102|10047|202204
1102;10112;24/01/2022;202204;122;2584,88;;SUPER;;NFK|1102|10112|202204
1102;10310;24/01/2022;202204;100;2687,50;;SUPER;;NFK|1102|10310|202204
1102;11020;24/01/2022;202204;0;0,00;;SUPER;;NFK|1102|11020|202204
1102;11085;24/01/2022;202204;167;1868,31;;SUPER;;NFK|1102|11085|202204
1102;11142;24/01/2022;202204;122;3042,38;;SUPER;;NFK|1102|11142|202204
1102;12004;24/01/2022;202204;157;6280,00;;SUPER;;NFK|1102|12004|202204
1102;12066;24/01/2022;202204;124;7517,50;;SUPER;;NFK|1102|12066|202204
1102;12190;24/01/2022;202204;86;1935,00;;SUPER;;NFK|1102|12190|202204
1102;20015;24/01/2022;202204;206;5240,12;;SUPER;C;NFK|1102|20015|202204
1102;20041;24/01/2022;202204;255;2326,88;;SUPER;A;NFK|1102|20041|202204
1102;20088;24/01/2022;202204;153;8644,50;;SUPER;B;NFK|1102|20088|202204
1102;20131;24/01/2022;202204;92;1943,50;;SUPER;C;NFK|1102|20131|202204
1102;30012;24/01/2022;202204;74;1197,88;;SUPER;;NFK|1102|30012|202204
1102;30077;24/01/2022;202204;125;6562,50;;SUPER;;NFK|1102|30077|202204
1102;30154;24/01/2022;202204;77;1299,38;;SUPER;;NFK|1102|30154|202204
1102;30209;24/01/2022;202204;95;3556,56;;SUPER;;NFK|1102|30209|202204
1103;10023;24/01/2022;202204;201;2386,88;;NAER;;NFK|1103|10023|202204
1103;10047;24/01/2022;202204;115;1293,75;;NAER;;NFK|1103|10047|202204
1103;10112;24/01/2022;202204;70;1483,12;;NAER;;NFK|1103|10112|202204
1103;10310;24/01/2022;202204;57;1531,88;;NAER;;NFK|1103|10310|202204
1103;11020;24/01/2022;202204;141;2634,94;;NAER;;NFK|1103|11020|202204
1103;11085;24/01/2022;202204;101;1129,94;;NAER;;NFK|1103|11085|202204
1103;11142;24/01/2022;202204;57;1421,44;;NAER;;NFK|1103|11142|202204
1103;12004;24/01/2022;202204;84;3360,00;;NAER;;NFK|1103|12004|202204
1103;12066;24/01/2022;202204;67;4061,88;;NAER;;NFK|1103|12066|202204
1103;12190;24/01/2022;202204;49;1102,50;;NAER;;NFK|1103|12190|202204
1103;20015;24/01/2022;202204;118;3001,62;;NAER;C;NFK|1103|20015|202204
1103;20041;24/01/2022;202204;153;1396,12;;NAER;A;NFK|1103|20041|202204
1103;20088;24/01/2022;202204;72;4068,00;;NAER;B;NFK|1103|20088|202204
1103;20131;24/01/2022;202204;53;1119,62;;NAER;C;NFK|1103|20131|202204
1103;30012;24/01/2022;202204;36;582,75;;NAER;;NFK|1103|30012|202204
1103;30077;24/01/2022;202204;68;3570,00;;NAER;;NFK|1103|30077|202204
1103;30154;24/01/2022;202204;40;675,00;;NAER;;NFK|1103|30154|202204
1103;30209;24/01/2022;202204;55;2059,06;;NAER;;NFK|1103|30209|202204
1108;10023;24/01/2022;202204;828;9832,50;;HYPER;;NFK|1108|10023|202204
1108;10047;24/01/2022;202204;440;4950,00;;HYPER;;NFK|1108|10047|202204
1108;10112;24/01/2022;202204;276;5847,75;;HYPER;;NFK|1108|10112|202204
1108;10310;24/01/2022;202204;198;5321,25;;HYPER;;NFK|1108|10310|202204
1108;11020;24/01/2022;202204;574;10726,62;;HYPER;;NFK|1108|11020|202204
1108;11085;24/01/2022;202204;383;4284,81;;HYPER;;NFK|1108|11085|202204
1108;11142;24/01/2022;202204;247;6159,56;;HYPER;;NFK|1108|11142|202204
1108;12004;24/01/2022;202204;283;11320,00;;HYPER;;NFK|1108|12004|202204
1108;12066;24/01/2022;202204;223;13519,38;;HYPER;;NFK|1108|12066|202204
1108;12190;24/01/2022;202204;184;4140,00;;HYPER;;NFK|1108|12190|202204
1108;20015;24/01/2022;202204;419;10658,31;;HYPER;C;NFK|1108|20015|202204
1108;20041;24/01/2022;202204;504;4599,00;;HYPER;A;NFK|1108|20041|202204
1108;20088;24/01/2022;202204;330;18645,00;;HYPER;B;NFK|1108|20088|202204
1108;20131;24/01/2022;202204;204;4309,50;;HYPER;C;NFK|1108|20131|202204
1108;30012;24/01/2022;202204;160;2590,00;;HYPER;;NFK|1108|30012|202204
1108;30077;24/01/2022;202204;225;11812,50;;HYPER;;NFK|1108|30077|202204
1108;30154;24/01/2022;202204;153;2581,88;;HYPER;;NFK|1108|30154|202204
1108;30209;24/01/2022;202204;215;8049,06;;HYPER;;NFK|1108|30209|202204
3104;10023;24/01/2022;202204;361;4286,88;;SUPER;;NFK|3104|10023|202204
3104;10047;24/01/2022;202204;219;2463,75;;SUPER;;NFK|3104|10047|202204
3104;10112;24/01/2022;202204;114;2415,38;;SUPER;;NFK|3104|10112|202204
3104;10310;24/01/2022;202204;98;2633,75;;SUPER;;NFK|3104|10310|202204
3104;11020;24/01/2022;202204;323;6036,06;;SUPER;;NFK|3104|11020|202204
3104;11085;24/01/2022;202204;184;2058,50;;SUPER;;NFK|3104|11085|202204
3104;11142;24/01/2022;202204;105;2618,44;;SUPER;;NFK|3104|11142|202204
3104;12004;24/01/2022;202204;164;6560,00;;SUPER;;NFK|3104|12004|202204
3104;12066;24/01/2022;202204;111;6729,38;;SUPER;;NFK|3104|12066|202204
3104;12190;24/01/2022;202204;71;1597,50;;SUPER;;NFK|3104|12190|202204
3104;20015;24/01/2022;202204;216;5494,50;;SUPER;C;NFK|3104|20015|202204
3104;20041;24/01/2022;202204;225;2053,12;;SUPER;A;NFK|3104|20041|202204
3104;20088;24/01/2022;202204;143;8079,50;;SUPER;B;NFK|3104|20088|202204
3104;20131;24/01/2022;202204;93;1964,62;;SUPER;C;NFK|3104|20131|202204
3104;30012;24/01/2022;202204;66;1068,38;;SUPER;;NFK|3104|30012|202204
3104;30077;24/01/2022;202204;109;5722,50;;SUPER;;NFK|3104|30077|202204
3104;30154;24/01/2022;202204;93;1569,38;;SUPER;;NFK|3104|30154|202204
3104;30209;24/01/2022;202204;95;3556,56;;SUPER;;NFK|3104|30209|202204
3104;99001;24/01/2022;202204;5;0,00;;SUPER;;NFK|3104|99001|202204
3117;10023;24/01/2022;202204;153;1816,88;;NAER;;NFK|3117|10023|202204
3117;10047;24/01/2022;202204;110;1237,50;;NAER;;NFK|3117|10047|202204
3117;10112;24/01/2022;202204;64;1356,00;;NAER;;NFK|3117|10112|202204
3117;10310;24/01/2022;202204;46;1236,25;;NAER;;NFK|3117|10310|202204
3117;11020;24/01/2022;202204;149;2784,44;;NAER;;NFK|3117|11020|202204
3117;11085;24/01/2022;202204;76;850,25;;NAER;;NFK|3117|11085|202204
3117;11142;24/01/2022;202204;63;1571,06;;NAER;;NFK|3117|11142|202204
3117;12004;24/01/2022;202204;75;3000,00;;NAER;;NFK|3117|12004|202204
3117;12066;24/01/2022;202204;46;2788,75;;NAER;;NFK|3117|12066|202204
3117;12190;24/01/2022;202204;36;810,00;;NAER;;NFK|3117|12190|202204
3117;20015;24/01/2022;202204;85;2162,19;;NAER;C;NFK|3117|20015|202204
3117;20041;24/01/2022;202204;105;958,12;;NAER;A;NFK|3117|20041|202204
3117;20088;24/01/2022;202204;59;3333,50;;NAER;B;NFK|3117|20088|202204
3117;20131;24/01/2022;202204;49;1035,12;;NAER;C;NFK|3117|20131|202204
3117;30012;24/01/2022;202204;37;598,94;;NAER;;NFK|3117|30012|202204
3117;30077;24/01/2022;202204;46;2415,00;;NAER;;NFK|3117|30077|202204
3117;30154;24/01/2022;202204;35;590,62;;NAER;;NFK|3117|30154|202204
3117;30209;24/01/2022;202204;46;1722,12;;NAER;;NFK|3117|30209|202204
3117;99001;24/01/2022;202204;3;0,00;;NAER;;NFK|3117|99001|202204
3122;10023;24/01/2022;202204;111;1318,12;;FRANCHISE;;NFK|3122|10023|202204
3122;10047;24/01/2022;202204;77;866,25;;FRANCHISE;;NFK|3122|10047|202204
3122;10112;24/01/2022;202204;38;805,12;;FRANCHISE;;NFK|3122|10112|202204
3122;10310;24/01/2022;202204;31;833,12;;FRANCHISE;;NFK|3122|10310|202204
3122;11020;24/01/2022;202204;93;1737,94;;FRANCHISE;;NFK|3122|11020|202204
3122;11085;24/01/2022;202204;55;615,31;;FRANCHISE;;NFK|3122|11085|202204
3122;11142;24/01/2022;202204;41;1022,44;;FRANCHISE;;NFK|3122|11142|202204
3122;12004;24/01/2022;202204;58;2320,00;;FRANCHISE;;NFK|3122|12004|202204
3122;12066;24/01/2022;202204;36;2182,50;;FRANCHISE;;NFK|3122|12066|202204
3122;12190;24/01/2022;202204;28;630,00;;FRANCHISE;;NFK|3122|12190|202204
3122;20015;24/01/2022;202204;80;2035,00;;FRANCHISE;C;NFK|3122|20015|202204
3122;20041;24/01/2022;202204;83;757,38;;FRANCHISE;A;NFK|3122|20041|202204
3122;20088;24/01/2022;202204;43;2429,50;;FRANCHISE;B;NFK|3122|20088|202204
3122;20131;24/01/2022;202204;29;612,62;;FRANCHISE;C;NFK|3122|20131|202204
3122;30012;24/01/2022;202204;24;388,50;;FRANCHISE;;NFK|3122|30012|202204
3122;30077;24/01/2022;202204;34;1785,00;;FRANCHISE;;NFK|3122|30077|202204
3122;30154;24/01/2022;202204;27;455,62;;FRANCHISE;;NFK|3122|30154|202204
3122;30209;24/01/2022;202204;34;1272,88;;FRANCHISE;;NFK|3122|30209|202204
4201;10023;24/01/2022;202204;724;8597,50;;HYPER;;NFK|4201|10023|202204
4201;10047;24/01/2022;202204;380;4275,00;;HYPER;;NFK|4201|10047|202204
4201;10112;24/01/2022;202204;277;5280,31;MP;HYPER;;NFK|4201|10112|202204
4201;10310;24/01/2022;202204;214;5751,25;;HYPER;;NFK|4201|10310|202204
4201;11020;24/01/2022;202204;560;10465,00;;HYPER;;NFK|4201|11020|202204
4201;11085;24/01/2022;202204;313;3501,69;;HYPER;;NFK|4201|11085|202204
4201;11142;24/01/2022;202204;230;5735,62;;HYPER;;NFK|4201|11142|202204
4201;12004;24/01/2022;202204;280;11200,00;;HYPER;;NFK|4201|12004|202204
4201;12066;24/01/2022;202204;183;11094,38;;HYPER;;NFK|4201|12066|202204
4201;12190;24/01/2022;202204;151;3397,50;;HYPER;;NFK|4201|12190|202204
4201;20015;24/01/2022;202204;377;9589,94;;HYPER;C;NFK|4201|20015|202204
4201;20041;24/01/2022;202204;532;4854,50;;HYPER;A;NFK|4201|20041|202204
4201;20088;24/01/2022;202204;237;13390,50;;HYPER;B;NFK|4201|20088|202204
4201;20131;24/01/2022;202204;160;3380,00;;HYPER;C;NFK|4201|20131|202204
4201;30012;24/01/2022;202204;122;1974,87;;HYPER;;NFK|4201|30012|202204
4201;30077;24/01/2022;202204;210;11025,00;;HYPER;;NFK|4201|30077|202204
4201;30154;24/01/2022;202204;147;2480,62;;HYPER;;NFK|4201|30154|202204
4201;30209;24/01/2022;202204;163;6102,31;;HYPER;;NFK|4201|30209|202204
4205;10023;24/01/2022;202204;394;4678,75;;SUPER;;NFK|4205|10023|202204
4205;10047;24/01/2022;202204;252;2835,00;;SUPER;;NFK|4205|10047|202204
4205;10112;24/01/2022;202204;179;3412,19;MP;SUPER;;NFK|4205|10112|202204
4205;10310;24/01/2022;202204;122;3278,75;;SUPER;;NFK|4205|10310|202204
4205;11020;24/01/2022;202204;313;5849,19;;SUPER;;NFK|4205|11020|202204
4205;11085;24/01/2022;202204;182;2036,12;;SUPER;;NFK|4205|11085|202204
4205;11142;24/01/2022;202204;123;3067,31;;SUPER;;NFK|4205|11142|202204
4205;12004;24/01/2022;202204;171;6840,00;;SUPER;;NFK|4205|12004|202204
4205;12066;24/01/2022;202204;111;6729,38;;SUPER;;NFK|4205|12066|202204
4205;12190;24/01/2022;202204;96;2160,00;;SUPER;;NFK|4205|12190|202204
4205;20015;24/01/2022;202204;205;5214,69;;SUPER;C;NFK|4205|20015|202204
4205;20041;24/01/2022;202204;265;2418,12;;SUPER;A;NFK|4205|20041|202204
4205;20088;24/01/2022;202204;128;7232,00;;SUPER;B;NFK|4205|20088|202204
4205;20131;24/01/2022;202204;91;1922,38;;SUPER;C;NFK|4205|20131|202204
4205;30012;24/01/2022;202204;83;1343,56;;SUPER;;NFK|4205|30012|202204
4205;30077;24/01/2022;202204;115;6037,50;;SUPER;;NFK|4205|30077|202204
4205;30154;24/01/2022;202204;87;1468,12;;SUPER;;NFK|4205|30154|202204
4205;30209;24/01/2022;202204;104;3893,50;;SUPER;;NFK|4205|30209|202204
4205;99001;24/01/2022;202204;5;0,00;;SUPER;;NFK|4205|99001|202204
4218;10023;24/01/2022;202204;377;4476,88;;SUPER;;NFK|4218|10023|202204
4218;10047;24/01/2022;202204;249;2801,25;;SUPER;;NFK|4218|10047|202204
4218;10112;24/01/2022;202204;191;3640,94;MP;SUPER;;NFK|4218|10112|202204
4218;10310;24/01/2022;202204;114;3063,75;;SUPER;;NFK|4218|10310|202204
4218;11020;24/01/2022;202204;306;5718,38;;SUPER;;NFK|4218|11020|202204
4218;11085;24/01/2022;202204;170;1901,87;;SUPER;;NFK|4218|11085|202204
4218;11142;24/01/2022;202204;140;3491,25;;SUPER;;NFK|4218|11142|202204
4218;12004;24/01/2022;202204;189;7560,00;;SUPER;;NFK|4218|12004|202204
4218;12066;24/01/2022;202204;138;8366,25;;SUPER;;NFK|4218|12066|202204
4218;12190;24/01/2022;202204;88;1980,00;;SUPER;;NFK|4218|12190|202204
4218;20015;24/01/2022;202204;216;5494,50;;SUPER;C;NFK|4218|20015|202204
4218;20041;24/01/2022;202204;263;2399,88;;SUPER;A;NFK|4218|20041|202204
4218;20088;24/01/2022;202204;153;8644,50;;SUPER;B;NFK|4218|20088|202204
4218;20131;24/01/2022;202204;121;2556,12;;SUPER;C;NFK|4218|20131|202204
4218;30012;24/01/2022;202204;91;1473,06;;SUPER;;NFK|4218|30012|202204
4218;30077;24/01/2022;202204;121;6352,50;;SUPER;;NFK|4218|30077|202204
4218;30154;24/01/2022;202204;106;1788,75;;SUPER;;NFK|4218|30154|202204
4218;30209;24/01/2022;202204;106;3968,38;;SUPER;;NFK|4218|30209|202204
4218;99001;24/01/2022;202204;6;0,00;;SUPER;;NFK|4218|99001|202204
5502;10023;24/01/2022;202204;324;3847,50;;SUPER;;NFK|5502|10023|202204
5502;10047;24/01/2022;202204;224;2520,00;;SUPER;;NFK|5502|10047|202204
5502;10112;24/01/2022;202204;174;3316,88;MP;SUPER;;NFK|5502|10112|202204
5502;10310;24/01/2022;202204;116;3117,50;;SUPER;;NFK|5502|10310|202204
5502;11020;24/01/2022;202204;283;5288,56;;SUPER;;NFK|5502|11020|202204
5502;11085;24/01/2022;202204;186;2080,88;;SUPER;;NFK|5502|11085|202204
5502;11142;24/01/2022;202204;130;3241,88;;SUPER;;NFK|5502|11142|202204
5502;12004;24/01/2022;202204;134;5360,00;;SUPER;;NFK|5502|12004|202204
5502;12066;24/01/2022;202204;127;7699,38;;SUPER;;NFK|5502|12066|202204
5502;12190;24/01/2022;202204;95;2137,50;;SUPER;;NFK|5502|12190|202204
5502;20015;24/01/2022;202204;196;4985,75;;SUPER;C;NFK|5502|20015|202204
5502;20041;24/01/2022;202204;295;2691,88;;SUPER;A;NFK|5502|20041|202204
5502;20088;24/01/2022;202204;136;7684,00;;SUPER;B;NFK|5502|20088|202204
5502;20131;24/01/2022;202204;105;2218,12;;SUPER;C;NFK|5502|20131|202204
5502;30012;24/01/2022;202204;77;1246,44;;SUPER;;NFK|5502|30012|202204
5502;30077;24/01/2022;202204;107;5617,50;;SUPER;;NFK|5502|30077|202204
5502;30154;24/01/2022;202204;88;1485,00;;SUPER;;NFK|5502|30154|202204
5502;30209;24/01/2022;202204;106;3968,38;;SUPER;;NFK|5502|30209|202204
5511;10023;24/01/2022;202204;159;1888,12;;PARTNER;;NFK|5511|10023|202204
5511;10047;24/01/2022;202204;78;877,50;;PARTNER;;NFK|5511|10047|202204
5511;10112;24/01/2022;202204;58;1105,62;MP;PARTNER;;NFK|5511|10112|202204
5511;10310;24/01/2022;202204;44;1182,50;;PARTNER;;NFK|5511|10310|202204
5511;11020;24/01/2022;202204;101;1887,44;;PARTNER;;NFK|5511|11020|202204
5511;11085;24/01/2022;202204;57;637,69;;PARTNER;;NFK|5511|11085|202204
5511;11142;24/01/2022;202204;54;1346,62;;PARTNER;;NFK|5511|11142|202204
5511;12004;24/01/2022;202204;68;2720,00;;PARTNER;;NFK|5511|12004|202204
5511;12066;24/01/2022;202204;49;2970,62;;PARTNER;;NFK|5511|12066|202204
5511;12190;24/01/2022;202204;29;652,50;;PARTNER;;NFK|5511|12190|202204
5511;20015;24/01/2022;202204;91;2314,81;;PARTNER;C;NFK|5511|20015|202204
5511;20041;24/01/2022;202204;99;903,38;;PARTNER;A;NFK|5511|20041|202204
5511;20088;24/01/2022;202204;55;3107,50;;PARTNER;B;NFK|5511|20088|202204
5511;20131;24/01/2022;202204;38;802,75;;PARTNER;C;NFK|5511|20131|202204
5511;30012;24/01/2022;202204;26;420,88;;PARTNER;;NFK|5511|30012|202204
5511;30077;24/01/2022;202204;44;2310,00;;PARTNER;;NFK|5511|30077|202204
5511;30154;24/01/2022;202204;36;607,50;;PARTNER;;NFK|5511|30154|202204
5511;30209;24/01/2022;202204;43;1609,81;;PARTNER;;NFK|5511|30209|202204
5511;99001;24/01/2022;202204;2;0,00;;PARTNER;;NFK|5511|99001|202204
9001;10023;24/01/2022;202204;22;261,25;;DEPOT;;NFK|9001|10023|202204
9001;10047;24/01/2022;202204;12;135,00;;DEPOT;;NFK|9001|10047|202204
9001;10112;24/01/2022;202204;8;169,50;;DEPOT;;NFK|9001|10112|202204
9001;10310;24/01/2022;202204;6;161,25;;DEPOT;;NFK|9001|10310|202204
9001;11020;24/01/2022;202204;16;299,00;;DEPOT;;NFK|9001|11020|202204
9001;11085;24/01/2022;202204;10;111,88;;DEPOT;;NFK|9001|11085|202204
9001;11142;24/01/2022;202204;8;199,50;;DEPOT;;NFK|9001|11142|202204
9001;12004;24/01/2022;202204;9;360,00;;DEPOT;;NFK|9001|12004|202204
9001;12066;24/01/2022;202204;6;363,75;;DEPOT;;NFK|9001|12066|202204
9001;12190;24/01/2022;202204;5;112,50;;DEPOT;;NFK|9001|12190|202204
9001;20015;24/01/2022;202204;10;254,38;;DEPOT;C;NFK|9001|20015|202204
9001;20041;24/01/2022;202204;16;146,00;;DEPOT;A;NFK|9001|20041|202204
9001;20088;24/01/2022;202204;7;395,50;;DEPOT;B;NFK|9001|20088|202204
9001;20131;24/01/2022;202204;5;105,62;;DEPOT;C;NFK|9001|20131|202204
9001;30012;24/01/2022;202204;4;64,75;;DEPOT;;NFK|9001|30012|202204
9001;30077;24/01/2022;202204;6;315,00;;DEPOT;;NFK|9001|30077|202204
9001;30154;24/01/2022;202204;5;84,38;;DEPOT;;NFK|9001|30154|202204
9001;30209;24/01/2022;202204;5;187,19;;DEPOT;;NFK|9001|30209|202204
1199;10023;24/01/2022;202204;8;95,00;;SUPER;;NFK|1199|10023|202204
1199;10047;24/01/2022;202204;6;67,50;;SUPER;;NFK|1199|10047|202204
1199;10112;24/01/2022;202204;3;63,56;;SUPER;;NFK|1199|10112|202204
1199;10310;24/01/2022;202204;2;53,75;;SUPER;;NFK|1199|10310|202204
1199;11020;24/01/2022;202204;7;130,81;;SUPER;;NFK|1199|11020|202204
1199;11085;24/01/2022;202204;3;33,56;;SUPER;;NFK|1199|11085|202204
1199;11142;24/01/2022;202204;3;74,81;;SUPER;;NFK|1199|11142|202204
1199;12004;24/01/2022;202204;4;160,00;;SUPER;;NFK|1199|12004|202204
1199;12066;24/01/2022;202204;3;181,88;;SUPER;;NFK|1199|12066|202204
1199;12190;24/01/2022;202204;2;45,00;;SUPER;;NFK|1199|12190|202204
1199;20015;24/01/2022;202204;4;101,75;;SUPER;C;NFK|1199|20015|202204
1199;20041;24/01/2022;202204;6;54,75;;SUPER;A;NFK|1199|20041|202204
1199;20088;24/01/2022;202204;3;169,50;;SUPER;B;NFK|1199|20088|202204
1199;20131;24/01/2022;202204;2;42,25;;SUPER;C;NFK|1199|20131|202204
1199;30012;24/01/2022;202204;1;16,19;;SUPER;;NFK|1199|30012|202204
1199;30077;24/01/2022;202204;3;157,50;;SUPER;;NFK|1199|30077|202204
1199;30154;24/01/2022;202204;2;33,75;;SUPER;;NFK|1199|30154|202204
1199;30209;24/01/2022;202204;2;74,88;;SUPER;;NFK|1199|30209|202204
1199;99001;24/01/2022;202204;0;0,00;;SUPER;;NFK|1199|99001|202204
1101;10023;31/01/2022;202205;445;5284,38;;SUPER;;NFK|1101|10023|202205
1101;10047;31/01/2022;202205;236;2655,00;;SUPER;;NFK|1101|10047|202205
1101;10112;31/01/2022;202205;140;2966,25;;SUPER;;NFK|1101|10112|202205
1101;10310;31/01/2022;202205;103;2768,12;;SUPER;;NFK|1101|10310|202205
1101;11020;31/01/2022;202205;351;6559,31;;SUPER;;NFK|1101|11020|202205
1101;11085;31/01/2022;202205;186;2080,88;;SUPER;;NFK|1101|11085|202205
1101;11142;31/01/2022;202205;202;3777,40;3F2;SUPER;;NFK|1101|11142|202205
1101;12004;31/01/2022;202205;159;6360,00;;SUPER;;NFK|1101|12004|202205
1101;12066;31/01/2022;202205;144;8730,00;;SUPER;;NFK|1101|12066|202205
1101;12190;31/01/2022;202205;100;2250,00;;SUPER;;NFK|1101|12190|202205
1101;20015;31/01/2022;202205;239;6079,56;;SUPER;C;NFK|1101|20015|202205
1101;20041;31/01/2022;202205;328;2993,00;;SUPER;A;NFK|1101|20041|202205
1101;20088;31/01/2022;202205;148;8362,00;;SUPER;B;NFK|1101|20088|202205
1101;20131;31/01/2022;202205;96;2028,00;;SUPER;C;NFK|1101|20131|202205
1101;30012;31/01/2022;202205;75;1214,06;;SUPER;;NFK|1101|30012|202205
1101;30077;31/01/2022;202205;132;6930,00;;SUPER;;NFK|1101|30077|202205
1101;30154;31/01/2022;202205;86;1451,25;;SUPER;;NFK|1101|30154|202205
1101;30209;31/01/2022;202205;118;4417,62;;SUPER;;NFK|1101|30209|202205
1102;10023;31/01/2022;202205;383;4548,12;;SUPER;;NFK|1102|10023|202205
1102;10047;31/01/2022;202205;218;2452,50;;SUPER;;NFK|1102|10047|202205
1102;10112;31/01/2022;202205;130;2754,38;;SUPER;;NFK|1102|10112|202205
1102;10310;31/01/2022;202205;117;3144,38;;SUPER;;NFK|1102|10310|202205
1102;11020;31/01/2022;202205;295;5512,81;;SUPER;;NFK|1102|11020|202205
1102;11085;31/01/2022;202205;181;2024,94;;SUPER;;NFK|1102|11085|202205
1102;11142;31/01/2022;202205;199;3721,30;3F2;SUPER;;NFK|1102|11142|202205
1102;12004;31/01/2022;202205;150;6000,00;;SUPER;;NFK|1102|12004|202205
1102;12066;31/01/2022;202205;104;6305,00;;SUPER;;NFK|1102|12066|202205
1102;12190;31/01/2022;202205;79;1777,50;;SUPER;;NFK|1102|12190|202205
1102;20015;31/01/2022;202205;236;6003,25;;SUPER;C;NFK|1102|20015|202205
1102;20041;31/01/2022;202205;263;2399,88;;SUPER;A;NFK|1102|20041|202205
1102;20088;31/01/2022;202205;150;8475,00;;SUPER;B;NFK|1102|20088|202205
1102;20131;31/01/2022;202205;103;2175,88;;SUPER;C;NFK|1102|20131|202205
1102;30012;31/01/2022;202205;85;1375,94;;SUPER;;NFK|1102|30012|202205
1102;30077;31/01/2022;202205;135;7087,50;;SUPER;;NFK|1102|30077|202205
1102;30154;31/01/2022;202205;85;1434,38;;SUPER;;NFK|1102|30154|202205
1102;30209;31/01/2022;202205;111;4155,56;;SUPER;;NFK|1102|30209|202205
1103;10023;31/01/2022;202205;177;2101,88;;NAER;;NFK|1103|10023|202205
1103;10047;31/01/2022;202205;142;1597,50;;NAER;;NFK|1103|10047|202205
1103;10112;31/01/2022;202205;71;1504,31;;NAER;;NFK|1103|10112|202205
1103;10310;31/01/2022;202205;50;1343,75;;NAER;;NFK|1103|10310|202205
1103;11020;31/01/2022;202205;151;2821,81;;NAER;;NFK|1103|11020|202205
1103;11085;31/01/2022;202205;92;1029,25;;NAER;;NFK|1103|11085|202205
1103;11142;31/01/2022;202205;114;2131,80;3F2;NAER;;NFK|1103|11142|202205
1103;12004;31/01/2022;202205;92;3680,00;;NAER;;NFK|1103|12004|202205
1103;12066;31/01/2022;202205;55;3334,38;;NAER;;NFK|1103|12066|202205
1103;12190;31/01/2022;202205;44;990,00;;NAER;;NFK|1103|12190|202205
1103;20015;31/01/2022;202205;105;2670,94;;NAER;C;NFK|1103|20015|202205
1103;20041;31/01/2022;202205;137;1250,12;;NAER;A;NFK|1103|20041|202205
1103;20088;31/01/2022;202205;75;4237,50;;NAER;B;NFK|1103|20088|202205
1103;20131;31/01/2022;202205;48;1014,00;;NAER;C;NFK|1103|20131|202205
1103;30012;31/01/2022;202205;42;679,88;;NAER;;NFK|1103|30012|202205
1103;30077;31/01/2022;202205;71;3727,50;;NAER;;NFK|1103|30077|202205
1103;30154;31/01/2022;202205;46;776,25;;NAER;;NFK|1103|30154|202205
1103;30209;31/01/2022;202205;59;2208,81;;NAER;;NFK|1103|30209|202205
1108;10023;31/01/2022;202205;710;8431,25;;HYPER;;NFK|1108|10023|202205
1108;10047;31/01/2022;202205;0;0,00;;HYPER;;NFK|1108|10047|202205
1108;10112;31/01/2022;202205;277;5868,94;;HYPER;;NFK|1108|10112|202205
1108;10310;31/01/2022;202205;237;6369,38;;HYPER;;NFK|1108|10310|202205
1108;11020;31/01/2022;202205;597;11156,44;;HYPER;;NFK|1108|11020|202205
1108;11085;31/01/2022;202205;335;3747,81;;HYPER;;NFK|1108|11085|202205
1108;11142;31/01/2022;202205;439;8209,30;3F2;HYPER;;NFK|1108|11142|202205
1108;12004;31/01/2022;202205;331;13240,00;;HYPER;;NFK|1108|12004|202205
1108;12066;31/01/2022;202205;241;14610,62;;HYPER;;NFK|1108|12066|202205
1108;12190;31/01/2022;202205;188;4230,00;;HYPER;;NFK|1108|12190|202205
1108;20015;31/01/2022;202205;489;12438,94;;HYPER;C;NFK|1108|20015|202205
1108;20041;31/01/2022;202205;485;4425,62;;HYPER;A;NFK|1108|20041|202205
1108;20088;31/01/2022;202205;279;15763,50;;HYPER;B;NFK|1108|20088|202205
1108;20131;31/01/2022;202205;197;4161,62;;HYPER;C;NFK|1108|20131|202205
1108;30012;31/01/2022;202205;147;2379,56;;HYPER;;NFK|1108|30012|202205
1108;30077;31/01/2022;202205;207;10867,50;;HYPER;;NFK|1108|30077|202205
1108;30154;31/01/2022;202205;160;2700,00;;HYPER;;NFK|1108|30154|202205
1108;30209;31/01/2022;202205;242;9059,88;;HYPER;;NFK|1108|30209|202205
3104;10023;31/01/2022;202205;319;3788,12;;SUPER;;NFK|3104|10023|202205
3104;10047;31/01/2022;202205;219;2463,75;;SUPER;;NFK|3104|10047|202205
3104;10112;31/01/2022;202205;117;2478,94;;SUPER;;NFK|3104|10112|202205
3104;10310;31/01/2022;202205;97;2606,88;;SUPER;;NFK|3104|10310|202205
3104;11020;31/01/2022;202205;329;6148,19;;SUPER;;NFK|3104|11020|202205
3104;11085;31/01/2022;202205;187;2092,06;;SUPER;;NFK|3104|11085|202205
3104;11142;31/01/2022;202205;220;4114,00;3F2;SUPER;;NFK|3104|11142|202205
3104;12004;31/01/2022;202205;163;6520,00;;SUPER;;NFK|3104|12004|202205
3104;12066;31/01/2022;202205;119;7214,38;;SUPER;;NFK|3104|12066|202205
3104;12190;31/01/2022;202205;90;2025,00;;SUPER;;NFK|3104|12190|202205
3104;20015;31/01/2022;202205;223;5672,56;;SUPER;C;NFK|3104|20015|202205
3104;20041;31/01/2022;202205;273;2491,12;;SUPER;A;NFK|3104|20041|202205
3104;20088;31/01/2022;202205;123;6949,50;;SUPER;B;NFK|3104|20088|202205
3104;20131;31/01/2022;202205;94;1985,75;;SUPER;C;NFK|3104|20131|202205
3104;30012;31/01/2022;202205;76;1230,25;;SUPER;;NFK|3104|30012|202205
3104;30077;31/01/2022;202205;118;6195,00;;SUPER;;NFK|3104|30077|202205
3104;30154;31/01/2022;202205;90;1518,75;;SUPER;;NFK|3104|30154|202205
3104;30209;31/01/2022;202205;97;3631,44;;SUPER;;NFK|3104|30209|202205
3117;10023;31/01/2022;202205;183;2173,12;;NAER;;NFK|3117|10023|202205
3117;10047;31/01/2022;202205;98;1102,50;;NAER;;NFK|3117|10047|202205
3117;10112;31/01/2022;202205;61;1292,44;;NAER;;NFK|3117|10112|202205
3117;10310;31/01/2022;202205;44;1182,50;;NAER;;NFK|3117|10310|202205
3117;11020;31/01/2022;202205;143;2672,31;;NAER;;NFK|3117|11020|202205
3117;11085;31/01/2022;202205;86;962,12;;NAER;;NFK|3117|11085|202205
3117;11142;31/01/2022;202205;102;1907,40;3F2;NAER;;NFK|3117|11142|202205
3117;12004;31/01/2022;202205;78;3120,00;;NAER;;NFK|3117|12004|202205
3117;12066;31/01/2022;202205;58;3516,25;;NAER;;NFK|3117|12066|202205
3117;12190;31/01/2022;202205;36;810,00;;NAER;;NFK|3117|12190|202205
3117;20015;31/01/2022;202205;87;2213,06;;NAER;C;NFK|3117|20015|202205
3117;20041;31/01/2022;202205;119;1085,88;;NAER;A;NFK|3117|20041|202205
3117;20088;31/01/2022;202205;72;4068,00;;NAER;B;NFK|3117|20088|202205
3117;20131;31/01/2022;202205;39;823,88;;NAER;C;NFK|3117|20131|202205
3117;30012;31/01/2022;202205;39;631,31;;NAER;;NFK|3117|30012|202205
3117;30077;31/01/2022;202205;51;2677,50;;NAER;;NFK|3117|30077|202205
3117;30154;31/01/2022;202205;38;641,25;;NAER;;NFK|3117|30154|202205
3117;30209;31/01/2022;202205;42;1572,37;;NAER;;NFK|3117|30209|202205
3122;10023;31/01/2022;202205;109;1294,38;;FRANCHISE;;NFK|3122|10023|202205
3122;10047;31/01/2022;202205;74;832,50;;FRANCHISE;;NFK|3122|10047|202205
3122;10112;31/01/2022;202205;46;974,62;;FRANCHISE;;NFK|3122|10112|202205
3122;10310;31/01/2022;202205;34;913,75;;FRANCHISE;;NFK|3122|10310|202205
3122;11020;31/01/2022;202205;100;1868,75;;FRANCHISE;;NFK|3122|11020|202205
3122;11085;31/01/2022;202205;59;660,06;;FRANCHISE;;NFK|3122|11085|202205
3122;11142;31/01/2022;202205;60;1122,00;3F2;FRANCHISE;;NFK|3122|11142|202205
3122;12004;31/01/2022;202205;51;2040,00;;FRANCHISE;;NFK|3122|12004|202205
3122;12066;31/01/2022;202205;42;2546,25;;FRANCHISE;;NFK|3122|12066|202205
3122;12190;31/01/2022;202205;26;585,00;;FRANCHISE;;NFK|3122|12190|202205
3122;20015;31/01/2022;202205;67;1704,31;;FRANCHISE;C;NFK|3122|20015|202205
3122;20041;31/01/2022;202205;98;894,25;;FRANCHISE;A;NFK|3122|20041|202205
3122;20088;31/01/2022;202205;43;2429,50;;FRANCHISE;B;NFK|3122|20088|202205
3122;20131;31/01/2022;202205;30;633,75;;FRANCHISE;C;NFK|3122|20131|202205
3122;30012;31/01/2022;202205;25;404,69;;FRANCHISE;;NFK|3122|30012|202205
3122;30077;31/01/2022;202205;42;2205,00;;FRANCHISE;;NFK|3122|30077|202205
3122;30154;31/01/2022;202205;25;421,88;;FRANCHISE;;NFK|3122|30154|202205
3122;30209;31/01/2022;202205;39;1460,06;;FRANCHISE;;NFK|3122|30209|202205
4201;10023;31/01/2022;202205;576;6840,00;;HYPER;;NFK|4201|10023|202205
4201;10047;31/01/2022;202205;423;4758,75;;HYPER;;NFK|4201|10047|202205
4201;10112;31/01/2022;202205;228;4830,75;;HYPER;;NFK|4201|10112|202205
4201;10310;31/01/2022;202205;166;4461,25;;HYPER;;NFK|4201|10310|202205
4201;11020;31/01/2022;202205;475;8876,56;;HYPER;;NFK|4201|11020|202205
4201;11085;31/01/2022;202205;263;2942,31;;HYPER;;NFK|4201|11085|202205
4201;11142;31/01/2022;202205;332;6208,40;3F2;HYPER;;NFK|4201|11142|202205
4201;12004;31/01/2022;202205;299;11960,00;;HYPER;;NFK|4201|12004|202205
4201;12066;31/01/2022;202205;231;14004,38;;HYPER;;NFK|4201|12066|202205
4201;12190;31/01/2022;202205;155;3487,50;;HYPER;;NFK|4201|12190|202205
4201;20015;31/01/2022;202205;424;10785,50;;HYPER;C;NFK|4201|20015|202205
4201;20041;31/01/2022;202205;431;3932,88;;HYPER;A;NFK|4201|20041|202205
4201;20088;31/01/2022;202205;246;13899,00;;HYPER;B;NFK|4201|20088|202205
4201;20131;31/01/2022;202205;194;4098,25;;HYPER;C;NFK|4201|20131|202205
4201;30012;31/01/2022;202205;137;2217,69;;HYPER;;NFK|4201|30012|202205
4201;30077;31/01/2022;202205;200;10500,00;;HYPER;;NFK|4201|30077|202205
4201;30154;31/01/2022;202205;133;2244,38;;HYPER;;NFK|4201|30154|202205
4201;30209;31/01/2022;202205;195;7300,31;;HYPER;;NFK|4201|30209|202205
4201;99001;31/01/2022;202205;11;0,00;;HYPER;;NFK|4201|99001|202205
4205;10023;31/01/2022;202205;361;4286,88;;SUPER;;NFK|4205|10023|202205
4205;10047;31/01/2022;202205;242;2722,50;;SUPER;;NFK|4205|10047|202205
4205;10112;31/01/2022;202205;139;2945,06;;SUPER;;NFK|4205|10112|202205
4205;10310;31/01/2022;202205;108;2902,50;;SUPER;;NFK|4205|10310|202205
4205;11020;31/01/2022;202205;281;5251,19;;SUPER;;NFK|4205|11020|202205
4205;11085;31/01/2022;202205;170;1901,87;;SUPER;;NFK|4205|11085|202205
4205;11142;31/01/2022;202205;229;4282,30;3F2;SUPER;;NFK|4205|11142|202205
4205;12004;31/01/2022;202205;152;6080,00;;SUPER;;NFK|4205|12004|202205
4205;12066;31/01/2022;202205;115;6971,88;;SUPER;;NFK|4205|12066|202205
4205;12190;31/01/2022;202205;82;1845,00;;SUPER;;NFK|4205|12190|202205
4205;20015;31/01/2022;202205;202;5138,38;;SUPER;C;NFK|4205|20015|202205
4205;20041;31/01/2022;202205;311;2837,88;;SUPER;A;NFK|4205|20041|202205
4205;20088;31/01/2022;202205;145;8192,50;;SUPER;B;NFK|4205|20088|202205
4205;20131;31/01/2022;202205;105;2218,12;;SUPER;C;NFK|4205|20131|202205
4205;30012;31/01/2022;202205;88;1424,50;;SUPER;;NFK|4205|30012|202205
4205;30077;31/01/2022;202205;138;7245,00;;SUPER;;NFK|4205|30077|202205
4205;30154;31/01/2022;202205;82;1383,75;;SUPER;;NFK|4205|30154|202205
4205;30209;31/01/2022;202205;107;4005,81;;SUPER;;NFK|4205|30209|202205
4205;99001;31/01/2022;202205;6;0,00;;SUPER;;NFK|4205|99001|202205
4218;10023;31/01/2022;202205;399;4738,12;;SUPER;;NFK|4218|10023|202205
4218;10047;31/01/2022;202205;247;2778,75;;SUPER;;NFK|4218|10047|202205
4218;10112;31/01/2022;202205;166;3517,12;;SUPER;;NFK|4218|10112|202205
4218;10310;31/01/2022;202205;133;3574,38;;SUPER;;NFK|4218|10310|202205
4218;11020;31/01/2022;202205;331;6185,56;;SUPER;;NFK|4218|11020|202205
4218;11085;31/01/2022;202205;195;2181,56;;SUPER;;NFK|4218|11085|202205
4218;11142;31/01/2022;202205;217;4057,90;3F2;SUPER;;NFK|4218|11142|202205
4218;12004;31/01/2022;202205;164;6560,00;;SUPER;;NFK|4218|12004|202205
4218;12066;31/01/2022;202205;120;7275,00;;SUPER;;NFK|4218|12066|202205
4218;12190;31/01/2022;202205;97;2182,50;;SUPER;;NFK|4218|12190|202205
4218;20015;31/01/2022;202205;212;5392,75;;SUPER;C;NFK|4218|20015|202205
4218;20041;31/01/2022;202205;343;3129,88;;SUPER;A;NFK|4218|20041|202205
4218;20088;31/01/2022;202205;178;10057,00;;SUPER;B;NFK|4218|20088|202205
4218;20131;31/01/2022;202205;102;2154,75;;SUPER;C;NFK|4218|20131|202205
4218;30012;31/01/2022;202205;92;1489,25;;SUPER;;NFK|4218|30012|202205
4218;30077;31/01/2022;202205;138;7245,00;;SUPER;;NFK|4218|30077|202205
4218;30154;31/01/2022;202205;101;1704,38;;SUPER;;NFK|4218|30154|202205
4218;30209;31/01/2022;202205;128;4792,00;;SUPER;;NFK|4218|30209|202205
5502;10023;31/01/2022;202205;387;4595,62;;SUPER;;NFK|5502|10023|202205
5502;10047;31/01/2022;202205;242;2722,50;;SUPER;;NFK|5502|10047|202205
5502;10112;31/01/2022;202205;127;2690,81;;SUPER;;NFK|5502|10112|202205
5502;10310;31/01/2022;202205;104;2795,00;;SUPER;;NFK|5502|10310|202205
5502;11020;31/01/2022;202205;260;4858,75;;SUPER;;NFK|5502|11020|202205
5502;11085;31/01/2022;202205;148;1655,75;;SUPER;;NFK|5502|11085|202205
5502;11142;31/01/2022;202205;224;4188,80;3F2;SUPER;;NFK|5502|11142|202205
5502;12004;31/01/2022;202205;173;6920,00;;SUPER;;NFK|5502|12004|202205
5502;12066;31/01/2022;202205;108;6547,50;;SUPER;;NFK|5502|12066|202205
5502;12190;31/01/2022;202205;91;2047,50;;SUPER;;NFK|5502|12190|202205
5502;20015;31/01/2022;202205;200;5087,50;;SUPER;C;NFK|5502|20015|202205
5502;20041;31/01/2022;202205;304;2774,00;;SUPER;A;NFK|5502|20041|202205
5502;20088;31/01/2022;202205;140;7910,00;;SUPER;B;NFK|5502|20088|202205
5502;20131;31/01/2022;202205;91;1922,38;;SUPER;C;NFK|5502|20131|202205
5502;30012;31/01/2022;202205;85;1375,94;;SUPER;;NFK|5502|30012|202205
5502;30077;31/01/2022;202205;133;6982,50;;SUPER;;NFK|5502|30077|202205
5502;30154;31/01/2022;202205;82;1383,75;;SUPER;;NFK|5502|30154|202205
5502;30209;31/01/2022;202205;109;4080,69;;SUPER;;NFK|5502|30209|202205
5511;10023;31/01/2022;202205;126;1496,25;;PARTNER;;NFK|5511|10023|202205
5511;10047;31/01/2022;202205;82;922,50;;PARTNER;;NFK|5511|10047|202205
5511;10112;31/01/2022;202205;47;995,81;;PARTNER;;NFK|5511|10112|202205
5511;10310;31/01/2022;202205;43;1155,62;;PARTNER;;NFK|5511|10310|202205
5511;11020;31/01/2022;202205;112;2093,00;;PARTNER;;NFK|5511|11020|202205
5511;11085;31/01/2022;202205;61;682,44;;PARTNER;;NFK|5511|11085|202205
5511;11142;31/01/2022;202205;74;1383,80;3F2;PARTNER;;NFK|5511|11142|202205
5511;12004;31/01/2022;202205;55;2200,00;;PARTNER;;NFK|5511|12004|202205
5511;12066;31/01/2022;202205;40;2425,00;;PARTNER;;NFK|5511|12066|202205
5511;12190;31/01/2022;202205;32;720,00;;PARTNER;;NFK|5511|12190|202205
5511;20015;31/01/2022;202205;94;2391,12;;PARTNER;C;NFK|5511|20015|202205
5511;20041;31/01/2022;202205;94;857,75;;PARTNER;A;NFK|5511|20041|202205
5511;20088;31/01/2022;202205;56;3164,00;;PARTNER;B;NFK|5511|20088|202205
5511;20131;31/01/2022;202205;38;802,75;;PARTNER;C;NFK|5511|20131|202205
5511;30012;31/01/2022;202205;26;420,88;;PARTNER;;NFK|5511|30012|202205
5511;30077;31/01/2022;202205;51;2677,50;;PARTNER;;NFK|5511|30077|202205
5511;30154;31/01/2022;202205;29;489,38;;PARTNER;;NFK|5511|30154|202205
5511;30209;31/01/2022;202205;41;1534,94;;PARTNER;;NFK|5511|30209|202205
9001;10023;31/01/2022;202205;21;249,38;;DEPOT;;NFK|9001|10023|202205
9001;10047;31/01/2022;202205;15;168,75;;DEPOT;;NFK|9001|10047|202205
9001;10112;31/01/2022;202205;7;148,31;;DEPOT;;NFK|9001|10112|202205
9001;10310;31/01/2022;202205;6;161,25;;DEPOT;;NFK|9001|10310|202205
9001;11020;31/01/2022;202205;16;299,00;;DEPOT;;NFK|9001|11020|202205
9001;11085;31/01/2022;202205;8;89,50;;DEPOT;;NFK|9001|11085|202205
9001;11142;31/01/2022;202205;10;187,00;3F2;DEPOT;;NFK|9001|11142|202205
9001;12004;31/01/2022;202205;9;360,00;;DEPOT;;NFK|9001|12004|202205
9001;12066;31/01/2022;202205;6;363,75;;DEPOT;;NFK|9001|12066|202205
9001;12190;31/01/2022;202205;4;90,00;;DEPOT;;NFK|9001|12190|202205
9001;20015;31/01/2022;202205;10;254,38;;DEPOT;C;NFK|9001|20015|202205
9001;20041;31/01/2022;202205;13;118,62;;DEPOT;A;NFK|9001|20041|202205
9001;20088;31/01/2022;202205;9;508,50;;DEPOT;B;NFK|9001|20088|202205
9001;20131;31/01/2022;202205;5;105,62;;DEPOT;C;NFK|9001|20131|202205
9001;30012;31/01/2022;202205;4;64,75;;DEPOT;;NFK|9001|30012|202205
9001;30077;31/01/2022;202205;7;367,50;;DEPOT;;NFK|9001|30077|202205
9001;30154;31/01/2022;202205;5;84,38;;DEPOT;;NFK|9001|30154|202205
9001;30209;31/01/2022;202205;5;187,19;;DEPOT;;NFK|9001|30209|202205
1199;10023;31/01/2022;202205;8;95,00;;SUPER;;NFK|1199|10023|202205
1199;10047;31/01/2022;202205;5;56,25;;SUPER;;NFK|1199|10047|202205
1199;10112;31/01/2022;202205;3;63,56;;SUPER;;NFK|1199|10112|202205
1199;10310;31/01/2022;202205;2;53,75;;SUPER;;NFK|1199|10310|202205
1199;11020;31/01/2022;202205;7;130,81;;SUPER;;NFK|1199|11020|202205
1199;11085;31/01/2022;202205;4;44,75;;SUPER;;NFK|1199|11085|202205
1199;11142;31/01/2022;202205;4;74,80;3F2;SUPER;;NFK|1199|11142|202205
1199;12004;31/01/2022;202205;3;120,00;;SUPER;;NFK|1199|12004|202205
1199;12066;31/01/2022;202205;2;121,25;;SUPER;;NFK|1199|12066|202205
1199;12190;31/01/2022;202205;2;45,00;;SUPER;;NFK|1199|12190|202205
1199;20015;31/01/2022;202205;5;127,19;;SUPER;C;NFK|1199|20015|202205
1199;20041;31/01/2022;202205;5;45,62;;SUPER;A;NFK|1199|20041|202205
1199;20088;31/01/2022;202205;3;169,50;;SUPER;B;NFK|1199|20088|202205
1199;20131;31/01/2022;202205;0;0,00;;SUPER;C;NFK|1199|20131|202205
1199;30012;31/01/2022;202205;2;32,38;;SUPER;;NFK|1199|30012|202205
1199;30077;31/01/2022;202205;3;157,50;;SUPER;;NFK|1199|30077|202205
1199;30154;31/01/2022;202205;2;33,75;;SUPER;;NFK|1199|30154|202205
1199;30209;31/01/2022;202205;3;112,31;;SUPER;;NFK|1199|30209|202205
1199;99001;31/01/2022;202205;0;0,00;;SUPER;;NFK|1199|99001|202205
1101;10023;07/02/2022;202206;380;4512,50;;SUPER;;NFK|1101|10023|202206
1101;10047;07/02/2022;202206;230;2587,50;;SUPER;;NFK|1101|10047|202206
1101;10112;07/02/2022;202206;153;3241,69;;SUPER;;NFK|1101|10112|202206
1101;10310;07/02/2022;202206;112;3010,00;;SUPER;;NFK|1101|10310|202206
1101;11020;07/02/2022;202206;325;6073,44;;SUPER;;NFK|1101|11020|202206
1101;11085;07/02/2022;202206;166;1857,12;;SUPER;;NFK|1101|11085|202206
1101;11142;07/02/2022;202206;136;3391,50;;SUPER;;NFK|1101|11142|202206
1101;12004;07/02/2022;202206;163;6520,00;;SUPER;;NFK|1101|12004|202206
1101;12066;07/02/2022;202206;226;9178,43;3F2;SUPER;;NFK|1101|12066|202206
1101;12190;07/02/2022;202206;98;2205,00;;SUPER;;NFK|1101|12190|202206
1101;20015;07/02/2022;202206;218;5545,38;;SUPER;C;NFK|1101|20015|202206
1101;20041;07/02/2022;202206;327;2983,88;;SUPER;A;NFK|1101|20041|202206
1101;20088;07/02/2022;202206;281;12785,50;TILBUD;SUPER;B;NFK|1101|20088|202206
1101;20131;07/02/2022;202206;139;2684,44;KUPON;SUPER;C;NFK|1101|20131|202206
1101;30012;07/02/2022;202206;74;1197,88;;SUPER;;NFK|1101|30012|202206
1101;30077;07/02/2022;202206;115;6037,50;;SUPER;;NFK|1101|30077|202206
1101;30154;07/02/2022;202206;98;1653,75;;SUPER;;NFK|1101|30154|202206
1101;30209;07/02/2022;202206;115;4305,31;;SUPER;;NFK|1101|30209|202206
1102;10023;07/02/2022;202206;394;4678,75;;SUPER;;NFK|1102|10023|202206
1102;10047;07/02/2022;202206;212;2385,00;;SUPER;;NFK|1102|10047|202206
1102;10112;07/02/2022;202206;131;2775,56;;SUPER;;NFK|1102|10112|202206
1102;10310;07/02/2022;202206;118;3171,25;;SUPER;;NFK|1102|10310|202206
1102;11020;07/02/2022;202206;343;6409,81;;SUPER;;NFK|1102|11020|202206
1102;11085;07/02/2022;202206;193;2159,19;;SUPER;;NFK|1102|11085|202206
1102;11142;07/02/2022;202206;114;2842,87;;SUPER;;NFK|1102|11142|202206
1102;12004;07/02/2022;202206;154;6160,00;;SUPER;;NFK|1102|12004|202206
1102;12066;07/02/2022;202206;228;9259,65;3F2;SUPER;;NFK|1102|12066|202206
1102;12190;07/02/2022;202206;82;1845,00;;SUPER;;NFK|1102|12190|202206
1102;20015;07/02/2022;202206;210;5341,88;;SUPER;C;NFK|1102|20015|202206
1102;20041;07/02/2022;202206;246;2244,75;;SUPER;A;NFK|1102|20041|202206
1102;20088;07/02/2022;202206;230;10465,00;TILBUD;SUPER;B;NFK|1102|20088|202206
1102;20131;07/02/2022;202206;128;2472,00;KUPON;SUPER;C;NFK|1102|20131|202206
1102;30012;07/02/2022;202206;86;1392,12;;SUPER;;NFK|1102|30012|202206
1102;30077;07/02/2022;202206;108;5670,00;;SUPER;;NFK|1102|30077|202206
1102;30154;07/02/2022;202206;83;1400,62;;SUPER;;NFK|1102|30154|202206
1102;30209;07/02/2022;202206;103;3856,06;;SUPER;;NFK|1102|30209|202206
1103;10023;07/02/2022;202206;207;2458,12;;NAER;;NFK|1103|10023|202206
1103;10047;07/02/2022;202206;116;1305,00;;NAER;;NFK|1103|10047|202206
1103;10112;07/02/2022;202206;69;1461,94;;NAER;;NFK|1103|10112|202206
1103;10310;07/02/2022;202206;56;1505,00;;NAER;;NFK|1103|10310|202206
1103;11020;07/02/2022;202206;147;2747,06;;NAER;;NFK|1103|11020|202206
1103;11085;07/02/2022;202206;92;1029,25;;NAER;;NFK|1103|11085|202206
1103;11142;07/02/2022;202206;70;1745,62;;NAER;;NFK|1103|11142|202206
1103;12004;07/02/2022;202206;76;3040,00;;NAER;;NFK|1103|12004|202206
1103;12066;07/02/2022;202206;116;4711,05;3F2;NAER;;NFK|1103|12066|202206
1103;12190;07/02/2022;202206;45;1012,50;;NAER;;NFK|1103|12190|202206
1103;20015;07/02/2022;202206;122;3103,38;;NAER;C;NFK|1103|20015|202206
1103;20041;07/02/2022;202206;133;1213,62;;NAER;A;NFK|1103|20041|202206
1103;20088;07/02/2022;202206;130;5915,00;TILBUD;NAER;B;NFK|1103|20088|202206
1103;20131;07/02/2022;202206;69;1332,56;KUPON;NAER;C;NFK|1103|20131|202206
1103;30012;07/02/2022;202206;38;615,12;;NAER;;NFK|1103|30012|202206
1103;30077;07/02/2022;202206;70;3675,00;;NAER;;NFK|1103|30077|202206
1103;30154;07/02/2022;202206;49;826,88;;NAER;;NFK|1103|30154|202206
1103;30209;07/02/2022;202206;52;1946,75;;NAER;;NFK|1103|30209|202206
1108;10023;07/02/2022;202206;693;8229,38;;HYPER;;NFK|1108|10023|202206
1108;10047;07/02/2022;202206;473;5321,25;;HYPER;;NFK|1108|10047|202206
1108;10112;07/02/2022;202206;280;5932,50;;HYPER;;NFK|1108|10112|202206
1108;10310;07/02/2022;202206;236;6342,50;;HYPER;;NFK|1108|10310|202206
1108;11020;07/02/2022;202206;686;12819,62;;HYPER;;NFK|1108|11020|202206
1108;11085;07/02/2022;202206;377;4217,69;;HYPER;;NFK|1108|11085|202206
1108;11142;07/02/2022;202206;263;6558,56;;HYPER;;NFK|1108|11142|202206
1108;12004;07/02/2022;202206;332;13280,00;;HYPER;;NFK|1108|12004|202206
1108;12066;07/02/2022;202206;483;19615,84;3F2;HYPER;;NFK|1108|12066|202206
1108;12190;07/02/2022;202206;202;4545,00;;HYPER;;NFK|1108|12190|202206
1108;20015;07/02/2022;202206;401;10200,44;;HYPER;C;NFK|1108|20015|202206
1108;20041;07/02/2022;202206;494;4507,75;;HYPER;A;NFK|1108|20041|202206
1108;20088;07/02/2022;202206;506;23023,00;TILBUD;HYPER;B;NFK|1108|20088|202206
1108;20131;07/02/2022;202206;264;5098,50;KUPON;HYPER;C;NFK|1108|20131|202206
1108;30012;07/02/2022;202206;180;2913,75;;HYPER;;NFK|1108|30012|202206
1108;30077;07/02/2022;202206;244;12810,00;;HYPER;;NFK|1108|30077|202206
1108;30154;07/02/2022;202206;0;0,00;;HYPER;;NFK|1108|30154|202206
1108;30209;07/02/2022;202206;224;8386,00;;HYPER;;NFK|1108|30209|202206
3104;10023;07/02/2022;202206;402;4773,75;;SUPER;;NFK|3104|10023|202206
3104;10047;07/02/2022;202206;230;2587,50;;SUPER;;NFK|3104|10047|202206
3104;10112;07/02/2022;202206;149;3156,94;;SUPER;;NFK|3104|10112|202206
3104;10310;07/02/2022;202206;121;3251,88;;SUPER;;NFK|3104|10310|202206
3104;11020;07/02/2022;202206;290;5419,38;;SUPER;;NFK|3104|11020|202206
3104;11085;07/02/2022;202206;148;1655,75;;SUPER;;NFK|3104|11085|202206
3104;11142;07/02/2022;202206;111;2768,06;;SUPER;;NFK|3104|11142|202206
3104;12004;07/02/2022;202206;161;6440,00;;SUPER;;NFK|3104|12004|202206
3104;12066;07/02/2022;202206;219;8894,14;3F2;SUPER;;NFK|3104|12066|202206
3104;12190;07/02/2022;202206;92;2070,00;;SUPER;;NFK|3104|12190|202206
3104;20015;07/02/2022;202206;200;5087,50;;SUPER;C;NFK|3104|20015|202206
3104;20041;07/02/2022;202206;287;2618,88;;SUPER;A;NFK|3104|20041|202206
3104;20088;07/02/2022;202206;162;9153,00;;SUPER;B;NFK|3104|20088|202206
3104;20131;07/02/2022;202206;102;1969,88;KUPON;SUPER;C;NFK|3104|20131|202206
3104;30012;07/02/2022;202206;78;1262,62;;SUPER;;NFK|3104|30012|202206
3104;30077;07/02/2022;202206;123;6457,50;;SUPER;;NFK|3104|30077|202206
3104;30154;07/02/2022;202206;76;1282,50;;SUPER;;NFK|3104|30154|202206
3104;30209;07/02/2022;202206;114;4267,88;;SUPER;;NFK|3104|30209|202206
3117;10023;07/02/2022;202206;189;2244,38;;NAER;;NFK|3117|10023|202206
3117;10047;07/02/2022;202206;98;1102,50;;NAER;;NFK|3117|10047|202206
3117;10112;07/02/2022;202206;69;1461,94;;NAER;;NFK|3117|10112|202206
3117;10310;07/02/2022;202206;53;1424,38;;NAER;;NFK|3117|10310|202206
3117;11020;07/02/2022;202206;119;2223,81;;NAER;;NFK|3117|11020|202206
3117;11085;07/02/2022;202206;74;827,88;;NAER;;NFK|3117|11085|202206
3117;11142;07/02/2022;202206;65;1620,94;;NAER;;NFK|3117|11142|202206
3117;12004;07/02/2022;202206;66;2640,00;;NAER;;NFK|3117|12004|202206
3117;12066;07/02/2022;202206;94;3817,58;3F2;NAER;;NFK|3117|12066|202206
3117;12190;07/02/2022;202206;38;855,00;;NAER;;NFK|3117|12190|202206
3117;20015;07/02/2022;202206;109;2772,69;;NAER;C;NFK|3117|20015|202206
3117;20041;07/02/2022;202206;121;1104,12;;NAER;A;NFK|3117|20041|202206
3117;20088;07/02/2022;202206;75;4237,50;;NAER;B;NFK|3117|20088|202206
3117;20131;07/02/2022;202206;50;965,62;KUPON;NAER;C;NFK|3117|20131|202206
3117;30012;07/02/2022;202206;34;550,38;;NAER;;NFK|3117|30012|202206
3117;30077;07/02/2022;202206;61;3202,50;;NAER;;NFK|3117|30077|202206
3117;30154;07/02/2022;202206;35;590,62;;NAER;;NFK|3117|30154|202206
3117;30209;07/02/2022;202206;52;1946,75;;NAER;;NFK|3117|30209|202206
3122;10023;07/02/2022;202206;129;1531,88;;FRANCHISE;;NFK|3122|10023|202206
3122;10047;07/02/2022;202206;90;1012,50;;FRANCHISE;;NFK|3122|10047|202206
3122;10112;07/02/2022;202206;45;953,44;;FRANCHISE;;NFK|3122|10112|202206
3122;10310;07/02/2022;202206;39;1048,12;;FRANCHISE;;NFK|3122|10310|202206
3122;11020;07/02/2022;202206;99;1850,06;;FRANCHISE;;NFK|3122|11020|202206
3122;11085;07/02/2022;202206;63;704,81;;FRANCHISE;;NFK|3122|11085|202206
3122;11142;07/02/2022;202206;46;1147,12;;FRANCHISE;;NFK|3122|11142|202206
3122;12004;07/02/2022;202206;56;2240,00;;FRANCHISE;;NFK|3122|12004|202206
3122;12066;07/02/2022;202206;67;2721,04;3F2;FRANCHISE;;NFK|3122|12066|202206
3122;12190;07/02/2022;202206;26;585,00;;FRANCHISE;;NFK|3122|12190|202206
3122;20015;07/02/2022;202206;64;1628,00;;FRANCHISE;C;NFK|3122|20015|202206
3122;20041;07/02/2022;202206;89;812,12;;FRANCHISE;A;NFK|3122|20041|202206
3122;20088;07/02/2022;202206;53;2994,50;;FRANCHISE;B;NFK|3122|20088|202206
3122;20131;07/02/2022;202206;41;791,81;KUPON;FRANCHISE;C;NFK|3122|20131|202206
3122;30012;07/02/2022;202206;24;388,50;;FRANCHISE;;NFK|3122|30012|202206
3122;30077;07/02/2022;202206;35;1837,50;;FRANCHISE;;NFK|3122|30077|202206
3122;30154;07/02/2022;202206;33;556,88;;FRANCHISE;;NFK|3122|30154|202206
3122;30209;07/02/2022;202206;39;1460,06;;FRANCHISE;;NFK|3122|30209|202206
4201;10023;07/02/2022;202206;716;8502,50;;HYPER;;NFK|4201|10023|202206
4201;10047;07/02/2022;202206;377;4241,25;;HYPER;;NFK|4201|10047|202206
4201;10112;07/02/2022;202206;270;5720,62;;HYPER;;NFK|4201|10112|202206
4201;10310;07/02/2022;202206;212;5697,50;;HYPER;;NFK|4201|10310|202206
4201;11020;07/02/2022;202206;483;9026,06;;HYPER;;NFK|4201|11020|202206
4201;11085;07/02/2022;202206;347;3882,06;;HYPER;;NFK|4201|11085|202206
4201;11142;07/02/2022;202206;247;6159,56;;HYPER;;NFK|4201|11142|202206
4201;12004;07/02/2022;202206;291;11640,00;;HYPER;;NFK|4201|12004|202206
4201;12066;07/02/2022;202206;410;16651,12;3F2;HYPER;;NFK|4201|12066|202206
4201;12190;07/02/2022;202206;165;3712,50;;HYPER;;NFK|4201|12190|202206
4201;20015;07/02/2022;202206;364;9259,25;;HYPER;C;NFK|4201|20015|202206
4201;20041;07/02/2022;202206;507;4626,38;;HYPER;A;NFK|4201|20041|202206
4201;20088;07/02/2022;202206;378;17199,00;TILBUD;HYPER;B;NFK|4201|20088|202206
4201;20131;07/02/2022;202206;210;4055,62;KUPON;HYPER;C;NFK|4201|20131|202206
4201;30012;07/02/2022;202206;133;2152,94;;HYPER;;NFK|4201|30012|202206
4201;30077;07/02/2022;202206;184;9660,00;;HYPER;;NFK|4201|30077|202206
4201;30154;07/02/2022;202206;154;2598,75;;HYPER;;NFK|4201|30154|202206
4201;30209;07/02/2022;202206;171;6401,81;;HYPER;;NFK|4201|30209|202206
4205;10023;07/02/2022;202206;430;5106,25;;SUPER;;NFK|4205|10023|202206
4205;10047;07/02/2022;202206;259;2913,75;;SUPER;;NFK|4205|10047|202206
4205;10112;07/02/2022;202206;125;2648,44;;SUPER;;NFK|4205|10112|202206
4205;10310;07/02/2022;202206;107;2875,62;;SUPER;;NFK|4205|10310|202206
4205;11020;07/02/2022;202206;320;5980,00;;SUPER;;NFK|4205|11020|202206
4205;11085;07/02/2022;202206;160;1790,00;;SUPER;;NFK|4205|11085|202206
4205;11142;07/02/2022;202206;134;3341,62;;SUPER;;NFK|4205|11142|202206
4205;12004;07/02/2022;202206;187;7480,00;;SUPER;;NFK|4205|12004|202206
4205;12066;07/02/2022;202206;216;8772,30;3F2;SUPER;;NFK|4205|12066|202206
4205;12190;07/02/2022;202206;97;2182,50;;SUPER;;NFK|4205|12190|202206
4205;20015;07/02/2022;202206;206;5240,12;;SUPER;C;NFK|4205|20015|202206
4205;20041;07/02/2022;202206;285;2600,62;;SUPER;A;NFK|4205|20041|202206
4205;20088;07/02/2022;202206;254;11557,00;TILBUD;SUPER;B;NFK|4205|20088|202206
4205;20131;07/02/2022;202206;122;2356,12;KUPON;SUPER;C;NFK|4205|20131|202206
4205;30012;07/02/2022;202206;93;1505,44;;SUPER;;NFK|4205|30012|202206
4205;30077;07/02/2022;202206;131;6877,50;;SUPER;;NFK|4205|30077|202206
4205;30154;07/02/2022;202206;82;1383,75;;SUPER;;NFK|4205|30154|202206
4205;30209;07/02/2022;202206;112;4193,00;;SUPER;;NFK|4205|30209|202206
4218;10023;07/02/2022;202206;392;4655,00;;SUPER;;NFK|4218|10023|202206
4218;10047;07/02/2022;202206;254;2857,50;;SUPER;;NFK|4218|10047|202206
4218;10112;07/02/2022;202206;152;3220,50;;SUPER;;NFK|4218|10112|202206
4218;10310;07/02/2022;202206;126;3386,25;;SUPER;;NFK|4218|10310|202206
4218;11020;07/02/2022;202206;316;5905,25;;SUPER;;NFK|4218|11020|202206
4218;11085;07/02/2022;202206;195;2181,56;;SUPER;;NFK|4218|11085|202206
4218;11142;07/02/2022;202206;153;3815,44;;SUPER;;NFK|4218|11142|202206
4218;12004;07/02/2022;202206;165;6600,00;;SUPER;;NFK|4218|12004|202206
4218;12066;07/02/2022;202206;252;10234,35;3F2;SUPER;;NFK|4218|12066|202206
4218;12190;07/02/2022;202206;86;1935,00;;SUPER;;NFK|4218|12190|202206
4218;20015;07/02/2022;202206;276;7020,75;;SUPER;C;NFK|4218|20015|202206
4218;20041;07/02/2022;202206;346;3157,25;;SUPER;A;NFK|4218|20041|202206
4218;20088;07/02/2022;202206;264;12012,00;TILBUD;SUPER;B;NFK|4218|20088|202206
4218;20131;07/02/2022;202206;116;2240,25;KUPON;SUPER;C;NFK|4218|20131|202206
4218;30012;07/02/2022;202206;81;1311,19;;SUPER;;NFK|4218|30012|202206
4218;30077;07/02/2022;202206;149;7822,50;;SUPER;;NFK|4218|30077|202206
4218;30154;07/02/2022;202206;92;1552,50;;SUPER;;NFK|4218|30154|202206
4218;30209;07/02/2022;202206;107;4005,81;;SUPER;;NFK|4218|30209|202206
4218;99001;07/02/2022;202206;6;0,00;;SUPER;;NFK|4218|99001|202206
5502;10023;07/02/2022;202206;396;4702,50;;SUPER;;NFK|5502|10023|202206
5502;10047;07/02/2022;202206;264;2970,00;;SUPER;;NFK|5502|10047|202206
5502;10112;07/02/2022;202206;156;3305,25;;SUPER;;NFK|5502|10112|202206
5502;10310;07/02/2022;202206;115;3090,62;;SUPER;;NFK|5502|10310|202206
5502;11020;07/02/2022;202206;311;5811,81;;SUPER;;NFK|5502|11020|202206
5502;11085;07/02/2022;202206;178;1991,38;;SUPER;;NFK|5502|11085|202206
5502;11142;07/02/2022;202206;130;3241,88;;SUPER;;NFK|5502|11142|202206
5502;12004;07/02/2022;202206;145;5800,00;;SUPER;;NFK|5502|12004|202206
5502;12066;07/02/2022;202206;204;8284,95;3F2;SUPER;;NFK|5502|12066|202206
5502;12190;07/02/2022;202206;79;1777,50;;SUPER;;NFK|5502|12190|202206
5502;20015;07/02/2022;202206;207;5265,56;;SUPER;C;NFK|5502|20015|202206
5502;20041;07/02/2022;202206;276;2518,50;;SUPER;A;NFK|5502|20041|202206
5502;20088;07/02/2022;202206;151;8531,50;;SUPER;B;NFK|5502|20088|202206
5502;20131;07/02/2022;202206;113;2182,31;KUPON;SUPER;C;NFK|5502|20131|202206
5502;30012;07/02/2022;202206;75;1214,06;;SUPER;;NFK|5502|30012|202206
5502;30077;07/02/2022;202206;108;5670,00;;SUPER;;NFK|5502|30077|202206
5502;30154;07/02/2022;202206;94;1586,25;;SUPER;;NFK|5502|30154|202206
5502;30209;07/02/2022;202206;119;4455,06;;SUPER;;NFK|5502|30209|202206
5502;99001;07/02/2022;202206;6;0,00;;SUPER;;NFK|5502|99001|202206
5511;10023;07/02/2022;202206;160;1900,00;;PARTNER;;NFK|5511|10023|202206
5511;10047;07/02/2022;202206;85;956,25;;PARTNER;;NFK|5511|10047|202206
5511;10112;07/02/2022;202206;57;1207,69;;PARTNER;;NFK|5511|10112|202206
5511;10310;07/02/2022;202206;45;1209,38;;PARTNER;;NFK|5511|10310|202206
5511;11020;07/02/2022;202206;116;2167,75;;PARTNER;;NFK|5511|11020|202206
5511;11085;07/02/2022;202206;72;805,50;;PARTNER;;NFK|5511|11085|202206
5511;11142;07/02/2022;202206;49;1221,94;;PARTNER;;NFK|5511|11142|202206
5511;12004;07/02/2022;202206;67;2680,00;;PARTNER;;NFK|5511|12004|202206
5511;12066;07/02/2022;202206;95;3858,19;3F2;PARTNER;;NFK|5511|12066|202206
5511;12190;07/02/2022;202206;31;697,50;;PARTNER;;NFK|5511|12190|202206
5511;20015;07/02/2022;202206;77;1958,69;;PARTNER;C;NFK|5511|20015|202206
5511;20041;07/02/2022;202206;111;1012,88;;PARTNER;A;NFK|5511|20041|202206
5511;20088;07/02/2022;202206;56;3164,00;;PARTNER;B;NFK|5511|20088|202206
5511;20131;07/02/2022;202206;43;830,44;KUPON;PARTNER;C;NFK|5511|20131|202206
5511;30012;07/02/2022;202206;32;518,00;;PARTNER;;NFK|5511|30012|202206
5511;30077;07/02/2022;202206;41;2152,50;;PARTNER;;NFK|5511|30077|202206
5511;30154;07/02/2022;202206;35;590,62;;PARTNER;;NFK|5511|30154|202206
5511;30209;07/02/2022;202206;44;1647,25;;PARTNER;;NFK|5511|30209|202206
5511;99001;07/02/2022;202206;2;0,00;;PARTNER;;NFK|5511|99001|202206
9001;10023;07/02/2022;202206;20;237,50;;DEPOT;;NFK|9001|10023|202206
9001;10047;07/02/2022;202206;15;168,75;;DEPOT;;NFK|9001|10047|202206
9001;10112;07/02/2022;202206;8;169,50;;DEPOT;;NFK|9001|10112|202206
9001;10310;07/02/2022;202206;7;188,12;;DEPOT;;NFK|9001|10310|202206
9001;11020;07/02/2022;202206;15;280,31;;DEPOT;;NFK|9001|11020|202206
9001;11085;07/02/2022;202206;9;100,69;;DEPOT;;NFK|9001|11085|202206
9001;11142;07/02/2022;202206;7;174,56;;DEPOT;;NFK|9001|11142|202206
9001;12004;07/02/2022;202206;9;360,00;;DEPOT;;NFK|9001|12004|202206
9001;12066;07/02/2022;202206;14;568,58;3F2;DEPOT;;NFK|9001|12066|202206
9001;12190;07/02/2022;202206;5;112,50;;DEPOT;;NFK|9001|12190|202206
9001;20015;07/02/2022;202206;11;279,81;;DEPOT;C;NFK|9001|20015|202206
9001;20041;07/02/2022;202206;17;155,12;;DEPOT;A;NFK|9001|20041|202206
9001;20088;07/02/2022;202206;8;452,00;;DEPOT;B;NFK|9001|20088|202206
9001;20131;07/02/2022;202206;0;0,00;KUPON;DEPOT;C;NFK|9001|20131|202206
9001;30012;07/02/2022;202206;4;64,75;;DEPOT;;NFK|9001|30012|202206
9001;30077;07/02/2022;202206;7;367,50;;DEPOT;;NFK|9001|30077|202206
9001;30154;07/02/2022;202206;0;0,00;;DEPOT;;NFK|9001|30154|202206
9001;30209;07/02/2022;202206;6;224,62;;DEPOT;;NFK|9001|30209|202206
1101;10023;14/02/2022;202207;396;4702,50;;SUPER;;NFK|1101|10023|202207
1101;10047;14/02/2022;202207;472;4513,50;AVIS;SUPER;;NFK|1101|10047|202207
1101;10112;14/02/2022;202207;152;3220,50;;SUPER;;NFK|1101|10112|202207
1101;10310;14/02/2022;202207;128;3440,00;;SUPER;;NFK|1101|10310|202207
1101;11020;14/02/2022;202207;335;6260,31;;SUPER;;NFK|1101|11020|202207
1101;11085;14/02/2022;202207;186;2080,88;;SUPER;;NFK|1101|11085|202207
1101;11142;14/02/2022;202207;150;3740,62;;SUPER;;NFK|1101|11142|202207
1101;12004;14/02/2022;202207;201;8040,00;;SUPER;;NFK|1101|12004|202207
1101;12066;14/02/2022;202207;122;7396,25;;SUPER;;NFK|1101|12066|202207
1101;12190;14/02/2022;202207;109;2452,50;;SUPER;;NFK|1101|12190|202207
1101;20015;14/02/2022;202207;229;5825,19;;SUPER;C;NFK|1101|20015|202207
1101;20041;14/02/2022;202207;320;2920,00;;SUPER;A;NFK|1101|20041|202207
1101;20088;14/02/2022;202207;161;9096,50;;SUPER;B;NFK|1101|20088|202207
1101;20131;14/02/2022;202207;99;2091,38;;SUPER;C;NFK|1101|20131|202207
1101;30012;14/02/2022;202207;103;1499,94;TILBUD;SUPER;;NFK|1101|30012|202207
1101;30077;14/02/2022;202207;149;7822,50;;SUPER;;NFK|1101|30077|202207
1101;30154;14/02/2022;202207;110;1856,25;;SUPER;;NFK|1101|30154|202207
1101;30209;14/02/2022;202207;132;4941,75;;SUPER;;NFK|1101|30209|202207
1101;99001;14/02/2022;202207;6;0,00;;SUPER;;NFK|1101|99001|202207
1102;10023;14/02/2022;202207;408;4845,00;;SUPER;;NFK|1102|10023|202207
1102;10047;14/02/2022;202207;442;4226,62;AVIS;SUPER;;NFK|1102|10047|202207
1102;10112;14/02/2022;202207;130;2754,38;;SUPER;;NFK|1102|10112|202207
1102;10310;14/02/2022;202207;113;3036,88;;SUPER;;NFK|1102|10310|202207
1102;11020;14/02/2022;202207;307;5737,06;;SUPER;;NFK|1102|11020|202207
1102;11085;14/02/2022;202207;171;1913,06;;SUPER;;NFK|1102|11085|202207
1102;11142;14/02/2022;202207;123;3067,31;;SUPER;;NFK|1102|11142|202207
1102;12004;14/02/2022;202207;156;6240,00;;SUPER;;NFK|1102|12004|202207
1102;12066;14/02/2022;202207;114;6911,25;;SUPER;;NFK|1102|12066|202207
1102;12190;14/02/2022;202207;100;2250,00;;SUPER;;NFK|1102|12190|202207
1102;20015;14/02/2022;202207;227;5774,31;;SUPER;C;NFK|1102|20015|202207
1102;20041;14/02/2022;202207;263;2399,88;;SUPER;A;NFK|1102|20041|202207
1102;20088;14/02/2022;202207;134;7571,00;;SUPER;B;NFK|1102|20088|202207
1102;20131;14/02/2022;202207;101;2133,62;;SUPER;C;NFK|1102|20131|202207
1102;30012;14/02/2022;202207;103;1499,94;TILBUD;SUPER;;NFK|1102|30012|202207
1102;30077;14/02/2022;202207;112;5880,00;;SUPER;;NFK|1102|30077|202207
1102;30154;14/02/2022;202207;96;1620,00;;SUPER;;NFK|1102|30154|202207
1102;30209;14/02/2022;202207;106;3968,38;;SUPER;;NFK|1102|30209|202207
1103;10023;14/02/2022;202207;215;2553,12;;NAER;;NFK|1103|10023|202207
1103;10047;14/02/2022;202207;211;2017,69;AVIS;NAER;;NFK|1103|10047|202207
1103;10112;14/02/2022;202207;71;1504,31;;NAER;;NFK|1103|10112|202207
1103;10310;14/02/2022;202207;52;1397,50;;NAER;;NFK|1103|10310|202207
1103;11020;14/02/2022;202207;165;3083,44;;NAER;;NFK|1103|11020|202207
1103;11085;14/02/2022;202207;97;1085,19;;NAER;;NFK|1103|11085|202207
1103;11142;14/02/2022;202207;76;1895,25;;NAER;;NFK|1103|11142|202207
1103;12004;14/02/2022;202207;92;3680,00;;NAER;;NFK|1103|12004|202207
1103;12066;14/02/2022;202207;60;3637,50;;NAER;;NFK|1103|12066|202207
1103;12190;14/02/2022;202207;46;1035,00;;NAER;;NFK|1103|12190|202207
1103;20015;14/02/2022;202207;135;3434,06;;NAER;C;NFK|1103|20015|202207
1103;20041;14/02/2022;202207;137;1250,12;;NAER;A;NFK|1103|20041|202207
1103;20088;14/02/2022;202207;75;4237,50;;NAER;B;NFK|1103|20088|202207
1103;20131;14/02/2022;202207;55;1161,88;;NAER;C;NFK|1103|20131|202207
1103;30012;14/02/2022;202207;60;873,75;TILBUD;NAER;;NFK|1103|30012|202207
1103;30077;14/02/2022;202207;60;3150,00;;NAER;;NFK|1103|30077|202207
1103;30154;14/02/2022;202207;47;793,12;;NAER;;NFK|1103|30154|202207
1103;30209;14/02/2022;202207;60;2246,25;;NAER;;NFK|1103|30209|202207
1108;10023;14/02/2022;202207;834;9903,75;;HYPER;;NFK|1108|10023|202207
1108;10047;14/02/2022;202207;811;7755,19;AVIS;HYPER;;NFK|1108|10047|202207
1108;10112;14/02/2022;202207;267;5657,06;;HYPER;;NFK|1108|10112|202207
1108;10310;14/02/2022;202207;251;6745,62;;HYPER;;NFK|1108|10310|202207
1108;11020;14/02/2022;202207;587;10969,56;;HYPER;;NFK|1108|11020|202207
1108;11085;14/02/2022;202207;342;3826,12;;HYPER;;NFK|1108|11085|202207
1108;11142;14/02/2022;202207;249;6209,44;;HYPER;;NFK|1108|11142|202207
1108;12004;14/02/2022;202207;332;13280,00;;HYPER;;NFK|1108|12004|202207
1108;12066;14/02/2022;202207;244;14792,50;;HYPER;;NFK|1108|12066|202207
1108;12190;14/02/2022;202207;171;3847,50;;HYPER;;NFK|1108|12190|202207
1108;20015;14/02/2022;202207;438;11141,62;;HYPER;C;NFK|1108|20015|202207
1108;20041;14/02/2022;202207;645;5885,62;;HYPER;A;NFK|1108|20041|202207
1108;20088;14/02/2022;202207;307;17345,50;;HYPER;B;NFK|1108|20088|202207
1108;20131;14/02/2022;202207;187;3950,38;;HYPER;C;NFK|1108|20131|202207
1108;30012;14/02/2022;202207;219;3189,19;TILBUD;HYPER;;NFK|1108|30012|202207
1108;30077;14/02/2022;202207;276;14490,00;;HYPER;;NFK|1108|30077|202207
1108;30154;14/02/2022;202207;184;3105,00;;HYPER;;NFK|1108|30154|202207
1108;30209;14/02/2022;202207;233;8722,94;;HYPER;;NFK|1108|30209|202207
1108;99001;14/02/2022;202207;11;0,00;;HYPER;;NFK|1108|99001|202207
3104;10023;14/02/2022;202207;380;4512,50;;SUPER;;NFK|3104|10023|202207
3104;10047;14/02/2022;202207;403;3853,69;AVIS;SUPER;;NFK|3104|10047|202207
3104;10112;14/02/2022;202207;133;2817,94;;SUPER;;NFK|3104|10112|202207
3104;10310;14/02/2022;202207;97;2606,88;;SUPER;;NFK|3104|10310|202207
3104;11020;14/02/2022;202207;264;4933,50;;SUPER;;NFK|3104|11020|202207
3104;11085;14/02/2022;202207;0;0,00;;SUPER;;NFK|3104|11085|202207
3104;11142;14/02/2022;202207;139;3466,31;;SUPER;;NFK|3104|11142|202207
3104;12004;14/02/2022;202207;154;6160,00;;SUPER;;NFK|3104|12004|202207
3104;12066;14/02/2022;202207;126;7638,75;;SUPER;;NFK|3104|12066|202207
3104;12190;14/02/2022;202207;98;2205,00;;SUPER;;NFK|3104|12190|202207
3104;20015;14/02/2022;202207;196;4985,75;;SUPER;C;NFK|3104|20015|202207
3104;20041;14/02/2022;202207;291;2655,38;;SUPER;A;NFK|3104|20041|202207
3104;20088;14/02/2022;202207;133;7514,50;;SUPER;B;NFK|3104|20088|202207
3104;20131;14/02/2022;202207;91;1922,38;;SUPER;C;NFK|3104|20131|202207
3104;30012;14/02/2022;202207;109;1587,31;TILBUD;SUPER;;NFK|3104|30012|202207
3104;30077;14/02/2022;202207;111;5827,50;;SUPER;;NFK|3104|30077|202207
3104;30154;14/02/2022;202207;86;1451,25;;SUPER;;NFK|3104|30154|202207
3104;30209;14/02/2022;202207;117;4380,19;;SUPER;;NFK|3104|30209|202207
3117;10023;14/02/2022;202207;196;2327,50;;NAER;;NFK|3117|10023|202207
3117;10047;14/02/2022;202207;159;1520,44;AVIS;NAER;;NFK|3117|10047|202207
3117;10112;14/02/2022;202207;58;1228,88;;NAER;;NFK|3117|10112|202207
3117;10310;14/02/2022;202207;47;1263,12;;NAER;;NFK|3117|10310|202207
3117;11020;14/02/2022;202207;158;2952,62;;NAER;;NFK|3117|11020|202207
3117;11085;14/02/2022;202207;70;783,12;;NAER;;NFK|3117|11085|202207
3117;11142;14/02/2022;202207;59;1471,31;;NAER;;NFK|3117|11142|202207
3117;12004;14/02/2022;202207;65;2600,00;;NAER;;NFK|3117|12004|202207
3117;12066;14/02/2022;202207;57;3455,62;;NAER;;NFK|3117|12066|202207
3117;12190;14/02/2022;202207;40;900,00;;NAER;;NFK|3117|12190|202207
3117;20015;14/02/2022;202207;113;2874,44;;NAER;C;NFK|3117|20015|202207
3117;20041;14/02/2022;202207;137;1250,12;;NAER;A;NFK|3117|20041|202207
3117;20088;14/02/2022;202207;75;4237,50;;NAER;B;NFK|3117|20088|202207
3117;20131;14/02/2022;202207;48;1014,00;;NAER;C;NFK|3117|20131|202207
3117;30012;14/02/2022;202207;49;713,56;TILBUD;NAER;;NFK|3117|30012|202207
3117;30077;14/02/2022;202207;60;3150,00;;NAER;;NFK|3117|30077|202207
3117;30154;14/02/2022;202207;36;607,50;;NAER;;NFK|3117|30154|202207
3117;30209;14/02/2022;202207;48;1797,00;;NAER;;NFK|3117|30209|202207
3117;99001;14/02/2022;202207;3;0,00;;NAER;;NFK|3117|99001|202207
3122;10023;14/02/2022;202207;134;1591,25;;FRANCHISE;;NFK|3122|10023|202207
3122;10047;14/02/2022;202207;138;1319,62;AVIS;FRANCHISE;;NFK|3122|10047|202207
3122;10112;14/02/2022;202207;45;953,44;;FRANCHISE;;NFK|3122|10112|202207
3122;10310;14/02/2022;202207;41;1101,88;;FRANCHISE;;NFK|3122|10310|202207
3122;11020;14/02/2022;202207;109;2036,94;;FRANCHISE;;NFK|3122|11020|202207
3122;11085;14/02/2022;202207;63;704,81;;FRANCHISE;;NFK|3122|11085|202207
3122;11142;14/02/2022;202207;39;972,56;;FRANCHISE;;NFK|3122|11142|202207
3122;12004;14/02/2022;202207;50;2000,00;;FRANCHISE;;NFK|3122|12004|202207
3122;12066;14/02/2022;202207;35;2121,88;;FRANCHISE;;NFK|3122|12066|202207
3122;12190;14/02/2022;202207;30;675,00;;FRANCHISE;;NFK|3122|12190|202207
3122;20015;14/02/2022;202207;73;1856,94;;FRANCHISE;C;NFK|3122|20015|202207
3122;20041;14/02/2022;202207;82;748,25;;FRANCHISE;A;NFK|3122|20041|202207
3122;20088;14/02/2022;202207;55;3107,50;;FRANCHISE;B;NFK|3122|20088|202207
3122;20131;14/02/2022;202207;31;654,88;;FRANCHISE;C;NFK|3122|20131|202207
3122;30012;14/02/2022;202207;39;567,94;TILBUD;FRANCHISE;;NFK|3122|30012|202207
3122;30077;14/02/2022;202207;37;1942,50;;FRANCHISE;;NFK|3122|30077|202207
3122;30154;14/02/2022;202207;30;506,25;;FRANCHISE;;NFK|3122|30154|202207
3122;30209;14/02/2022;202207;34;1272,88;;FRANCHISE;;NFK|3122|30209|202207
4201;10023;14/02/2022;202207;737;8751,88;;HYPER;;NFK|4201|10023|202207
4201;10047;14/02/2022;202207;711;6798,94;AVIS;HYPER;;NFK|4201|10047|202207
4201;10112;14/02/2022;202207;271;5741,81;;HYPER;;NFK|4201|10112|202207
4201;10310;14/02/2022;202207;220;5912,50;;HYPER;;NFK|4201|10310|202207
4201;11020;14/02/2022;202207;583;10894,81;;HYPER;;NFK|4201|11020|202207
4201;11085;14/02/2022;202207;272;3043,00;;HYPER;;NFK|4201|11085|202207
4201;11142;14/02/2022;202207;228;5685,75;;HYPER;;NFK|4201|11142|202207
4201;12004;14/02/2022;202207;327;13080,00;;HYPER;;NFK|4201|12004|202207
4201;12066;14/02/2022;202207;190;11518,75;;HYPER;;NFK|4201|12066|202207
4201;12190;14/02/2022;202207;160;3600,00;;HYPER;;NFK|4201|12190|202207
4201;20015;14/02/2022;202207;439;11167,06;;HYPER;C;NFK|4201|20015|202207
4201;20041;14/02/2022;202207;443;4042,38;;HYPER;A;NFK|4201|20041|202207
4201;20088;14/02/2022;202207;239;13503,50;;HYPER;B;NFK|4201|20088|202207
4201;20131;14/02/2022;202207;197;4161,62;;HYPER;C;NFK|4201|20131|202207
4201;30012;14/02/2022;202207;163;2373,69;TILBUD;HYPER;;NFK|4201|30012|202207
4201;30077;14/02/2022;202207;212;11130,00;;HYPER;;NFK|4201|30077|202207
4201;30154;14/02/2022;202207;143;2413,12;;HYPER;;NFK|4201|30154|202207
4201;30209;14/02/2022;202207;207;7749,56;;HYPER;;NFK|4201|30209|202207
4205;10023;14/02/2022;202207;432;5130,00;;SUPER;;NFK|4205|10023|202207
4205;10047;14/02/2022;202207;454;4341,38;AVIS;SUPER;;NFK|4205|10047|202207
4205;10112;14/02/2022;202207;138;2923,88;;SUPER;;NFK|4205|10112|202207
4205;10310;14/02/2022;202207;105;2821,88;;SUPER;;NFK|4205|10310|202207
4205;11020;14/02/2022;202207;310;5793,12;;SUPER;;NFK|4205|11020|202207
4205;11085;14/02/2022;202207;176;1969,00;;SUPER;;NFK|4205|11085|202207
4205;11142;14/02/2022;202207;139;3466,31;;SUPER;;NFK|4205|11142|202207
4205;12004;14/02/2022;202207;176;7040,00;;SUPER;;NFK|4205|12004|202207
4205;12066;14/02/2022;202207;145;8790,62;;SUPER;;NFK|4205|12066|202207
4205;12190;14/02/2022;202207;104;2340,00;;SUPER;;NFK|4205|12190|202207
4205;20015;14/02/2022;202207;244;6206,75;;SUPER;C;NFK|4205|20015|202207
4205;20041;14/02/2022;202207;306;2792,25;;SUPER;A;NFK|4205|20041|202207
4205;20088;14/02/2022;202207;152;8588,00;;SUPER;B;NFK|4205|20088|202207
4205;20131;14/02/2022;202207;96;2028,00;;SUPER;C;NFK|4205|20131|202207
4205;30012;14/02/2022;202207;99;1441,69;TILBUD;SUPER;;NFK|4205|30012|202207
4205;30077;14/02/2022;202207;120;6300,00;;SUPER;;NFK|4205|30077|202207
4205;30154;14/02/2022;202207;96;1620,00;;SUPER;;NFK|4205|30154|202207
4205;30209;14/02/2022;202207;124;4642,25;;SUPER;;NFK|4205|30209|202207
4205;99001;14/02/2022;202207;6;0,00;;SUPER;;NFK|4205|99001|202207
4218;10023;14/02/2022;202207;490;5818,75;;SUPER;;NFK|4218|10023|202207
4218;10047;14/02/2022;202207;417;3987,56;AVIS;SUPER;;NFK|4218|10047|202207
4218;10112;14/02/2022;202207;146;3093,38;;SUPER;;NFK|4218|10112|202207
4218;10310;14/02/2022;202207;127;3413,12;;SUPER;;NFK|4218|10310|202207
4218;11020;14/02/2022;202207;372;6951,75;;SUPER;;NFK|4218|11020|202207
4218;11085;14/02/2022;202207;219;2450,06;;SUPER;;NFK|4218|11085|202207
4218;11142;14/02/2022;202207;142;3541,12;;SUPER;;NFK|4218|11142|202207
4218;12004;14/02/2022;202207;161;6440,00;;SUPER;;NFK|4218|12004|202207
4218;12066;14/02/2022;202207;121;7335,62;;SUPER;;NFK|4218|12066|202207
4218;12190;14/02/2022;202207;108;2430,00;;SUPER;;NFK|4218|12190|202207
4218;20015;14/02/2022;202207;242;6155,88;;SUPER;C;NFK|4218|20015|202207
4218;20041;14/02/2022;202207;344;3139,00;;SUPER;A;NFK|4218|20041|202207
4218;20088;14/02/2022;202207;0;0,00;;SUPER;B;NFK|4218|20088|202207
4218;20131;14/02/2022;202207;114;2408,25;;SUPER;C;NFK|4218|20131|202207
4218;30012;14/02/2022;202207;128;1864,00;TILBUD;SUPER;;NFK|4218|30012|202207
4218;30077;14/02/2022;202207;119;6247,50;;SUPER;;NFK|4218|30077|202207
4218;30154;14/02/2022;202207;87;1468,12;;SUPER;;NFK|4218|30154|202207
4218;30209;14/02/2022;202207;113;4230,44;;SUPER;;NFK|4218|30209|202207
5502;10023;14/02/2022;202207;405;4809,38;;SUPER;;NFK|5502|10023|202207
5502;10047;14/02/2022;202207;407;3891,94;AVIS;SUPER;;NFK|5502|10047|202207
5502;10112;14/02/2022;202207;149;3156,94;;SUPER;;NFK|5502|10112|202207
5502;10310;14/02/2022;202207;101;2714,38;;SUPER;;NFK|5502|10310|202207
5502;11020;14/02/2022;202207;305;5699,69;;SUPER;;NFK|5502|11020|202207
5502;11085;14/02/2022;202207;163;1823,56;;SUPER;;NFK|5502|11085|202207
5502;11142;14/02/2022;202207;116;2892,75;;SUPER;;NFK|5502|11142|202207
5502;12004;14/02/2022;202207;168;6720,00;;SUPER;;NFK|5502|12004|202207
5502;12066;14/02/2022;202207;112;6790,00;;SUPER;;NFK|5502|12066|202207
5502;12190;14/02/2022;202207;95;2137,50;;SUPER;;NFK|5502|12190|202207
5502;20015;14/02/2022;202207;225;5723,44;;SUPER;C;NFK|5502|20015|202207
5502;20041;14/02/2022;202207;285;2600,62;;SUPER;A;NFK|5502|20041|202207
5502;20088;14/02/2022;202207;169;9548,50;;SUPER;B;NFK|5502|20088|202207
5502;20131;14/02/2022;202207;106;2239,25;;SUPER;C;NFK|5502|20131|202207
5502;30012;14/02/2022;202207;112;1631,00;TILBUD;SUPER;;NFK|5502|30012|202207
5502;30077;14/02/2022;202207;129;6772,50;;SUPER;;NFK|5502|30077|202207
5502;30154;14/02/2022;202207;87;1468,12;;SUPER;;NFK|5502|30154|202207
5502;30209;14/02/2022;202207;126;4717,12;;SUPER;;NFK|5502|30209|202207
5511;10023;14/02/2022;202207;-17;-201,88;;PARTNER;;NFK|5511|10023|202207
5511;10047;14/02/2022;202207;163;1558,69;AVIS;PARTNER;;NFK|5511|10047|202207
5511;10112;14/02/2022;202207;56;1186,50;;PARTNER;;NFK|5511|10112|202207
5511;10310;14/02/2022;202207;47;1263,12;;PARTNER;;NFK|5511|10310|202207
5511;11020;14/02/2022;202207;107;1999,56;;PARTNER;;NFK|5511|11020|202207
5511;11085;14/02/2022;202207;70;783,12;;PARTNER;;NFK|5511|11085|202207
5511;11142;14/02/2022;202207;54;1346,62;;PARTNER;;NFK|5511|11142|202207
5511;12004;14/02/2022;202207;55;2200,00;;PARTNER;;NFK|5511|12004|202207
5511;12066;14/02/2022;202207;45;2728,12;;PARTNER;;NFK|5511|12066|202207
5511;12190;14/02/2022;202207;39;877,50;;PARTNER;;NFK|5511|12190|202207
5511;20015;14/02/2022;202207;90;2289,38;;PARTNER;C;NFK|5511|20015|202207
5511;20041;14/02/2022;202207;110;1003,75;;PARTNER;A;NFK|5511|20041|202207
5511;20088;14/02/2022;202207;54;3051,00;;PARTNER;B;NFK|5511|20088|202207
5511;20131;14/02/2022;202207;45;950,62;;PARTNER;C;NFK|5511|20131|202207
5511;30012;14/02/2022;202207;43;626,19;TILBUD;PARTNER;;NFK|5511|30012|202207
5511;30077;14/02/2022;202207;47;2467,50;;PARTNER;;NFK|5511|30077|202207
5511;30154;14/02/2022;202207;36;607,50;;PARTNER;;NFK|5511|30154|202207
5511;30209;14/02/2022;202207;45;1684,69;;PARTNER;;NFK|5511|30209|202207
5511;99001;14/02/2022;202207;2;0,00;;PARTNER;;NFK|5511|99001|202207
9001;10023;14/02/2022;202207;19;225,62;;DEPOT;;NFK|9001|10023|202207
9001;10047;14/02/2022;202207;21;200,81;AVIS;DEPOT;;NFK|9001|10047|202207
9001;10112;14/02/2022;202207;8;169,50;;DEPOT;;NFK|9001|10112|202207
9001;10310;14/02/2022;202207;6;161,25;;DEPOT;;NFK|9001|10310|202207
9001;11020;14/02/2022;202207;17;317,69;;DEPOT;;NFK|9001|11020|202207
9001;11085;14/02/2022;202207;10;111,88;;DEPOT;;NFK|9001|11085|202207
9001;11142;14/02/2022;202207;7;174,56;;DEPOT;;NFK|9001|11142|202207
9001;12004;14/02/2022;202207;9;360,00;;DEPOT;;NFK|9001|12004|202207
9001;12066;14/02/2022;202207;6;363,75;;DEPOT;;NFK|9001|12066|202207
9001;12190;14/02/2022;202207;5;112,50;;DEPOT;;NFK|9001|12190|202207
9001;20015;14/02/2022;202207;11;279,81;;DEPOT;C;NFK|9001|20015|202207
9001;20041;14/02/2022;202207;16;146,00;;DEPOT;A;NFK|9001|20041|202207
9001;20088;14/02/2022;202207;7;395,50;;DEPOT;B;NFK|9001|20088|202207
9001;20131;14/02/2022;202207;5;105,62;;DEPOT;C;NFK|9001|20131|202207
9001;30012;14/02/2022;202207;6;87,38;TILBUD;DEPOT;;NFK|9001|30012|202207
9001;30077;14/02/2022;202207;7;367,50;;DEPOT;;NFK|9001|30077|202207
9001;30154;14/02/2022;202207;5;84,38;;DEPOT;;NFK|9001|30154|202207
9001;30209;14/02/2022;202207;6;224,62;;DEPOT;;NFK|9001|30209|202207
9001;99001;14/02/2022;202207;0;0,00;;DEPOT;;NFK|9001|99001|202207
1101;10023;21/02/2022;202208;410;4868,75;;SUPER;;NFK|1101|10023|202208
1101;10047;21/02/2022;202208;297;3341,25;;SUPER;;NFK|1101|10047|202208
1101;10112;21/02/2022;202208;151;3199,31;;SUPER;;NFK|1101|10112|202208
1101;10310;21/02/2022;202208;114;3063,75;;SUPER;;NFK|1101|10310|202208
1101;11020;21/02/2022;202208;379;7082,56;;SUPER;;NFK|1101|11020|202208
1101;11085;21/02/2022;202208;183;2047,31;;SUPER;;NFK|1101|11085|202208
1101;11142;21/02/2022;202208;137;3416,44;;SUPER;;NFK|1101|11142|202208
1101;12004;21/02/2022;202208;211;7596,00;TILBUD;SUPER;;NFK|1101|12004|202208
1101;12066;21/02/2022;202208;128;7760,00;;SUPER;;NFK|1101|12066|202208
1101;12190;21/02/2022;202208;108;2430,00;;SUPER;;NFK|1101|12190|202208
1101;20015;21/02/2022;202208;256;6512,00;;SUPER;C;NFK|1101|20015|202208
1101;20041;21/02/2022;202208;345;3148,12;;SUPER;A;NFK|1101|20041|202208
1101;20088;21/02/2022;202208;173;9774,50;;SUPER;B;NFK|1101|20088|202208
1101;20131;21/02/2022;202208;105;2218,12;;SUPER;C;NFK|1101|20131|202208
1101;30012;21/02/2022;202208;101;1634,94;;SUPER;;NFK|1101|30012|202208
1101;30077;21/02/2022;202208;119;6247,50;;SUPER;;NFK|1101|30077|202208
1101;30154;21/02/2022;202208;93;1569,38;;SUPER;;NFK|1101|30154|202208
1101;30209;21/02/2022;202208;133;4979,19;;SUPER;;NFK|1101|30209|202208
1102;10023;21/02/2022;202208;371;4405,62;;SUPER;;NFK|1102|10023|202208
1102;10047;21/02/2022;202208;256;2880,00;;SUPER;;NFK|1102|10047|202208
1102;10112;21/02/2022;202208;145;3072,19;;SUPER;;NFK|1102|10112|202208
1102;10310;21/02/2022;202208;126;3386,25;;SUPER;;NFK|1102|10310|202208
1102;11020;21/02/2022;202208;322;6017,38;;SUPER;;NFK|1102|11020|202208
1102;11085;21/02/2022;202208;166;1857,12;;SUPER;;NFK|1102|11085|202208
1102;11142;21/02/2022;202208;127;3167,06;;SUPER;;NFK|1102|11142|202208
1102;12004;21/02/2022;202208;191;6876,00;TILBUD;SUPER;;NFK|1102|12004|202208
1102;12066;21/02/2022;202208;133;8063,12;;SUPER;;NFK|1102|12066|202208
1102;12190;21/02/2022;202208;82;1845,00;;SUPER;;NFK|1102|12190|202208
1102;20015;21/02/2022;202208;210;5341,88;;SUPER;C;NFK|1102|20015|202208
1102;20041;21/02/2022;202208;305;2783,12;;SUPER;A;NFK|1102|20041|202208
1102;20088;21/02/2022;202208;153;8644,50;;SUPER;B;NFK|1102|20088|202208
1102;20131;21/02/2022;202208;98;2070,25;;SUPER;C;NFK|1102|20131|202208
1102;30012;21/02/2022;202208;76;1230,25;;SUPER;;NFK|1102|30012|202208
1102;30077;21/02/2022;202208;131;6877,50;;SUPER;;NFK|1102|30077|202208
1102;30154;21/02/2022;202208;80;1350,00;;SUPER;;NFK|1102|30154|202208
1102;30209;21/02/2022;202208;109;4080,69;;SUPER;;NFK|1102|30209|202208
1102;99001;21/02/2022;202208;6;0,00;;SUPER;;NFK|1102|99001|202208
1103;10023;21/02/2022;202208;184;2185,00;;NAER;;NFK|1103|10023|202208
1103;10047;21/02/2022;202208;147;1653,75;;NAER;;NFK|1103|10047|202208
1103;10112;21/02/2022;202208;70;1483,12;;NAER;;NFK|1103|10112|202208
1103;10310;21/02/2022;202208;56;1505,00;;NAER;;NFK|1103|10310|202208
1103;11020;21/02/2022;202208;153;2859,19;;NAER;;NFK|1103|11020|202208
1103;11085;21/02/2022;202208;90;1006,87;;NAER;;NFK|1103|11085|202208
1103;11142;21/02/2022;202208;73;1820,44;;NAER;;NFK|1103|11142|202208
1103;12004;21/02/2022;202208;116;4176,00;TILBUD;NAER;;NFK|1103|12004|202208
1103;12066;21/02/2022;202208;73;4425,62;;NAER;;NFK|1103|12066|202208
1103;12190;21/02/2022;202208;44;990,00;;NAER;;NFK|1103|12190|202208
1103;20015;21/02/2022;202208;118;3001,62;;NAER;C;NFK|1103|20015|202208
1103;20041;21/02/2022;202208;155;1414,38;;NAER;A;NFK|1103|20041|202208
1103;20088;21/02/2022;202208;86;4859,00;;NAER;B;NFK|1103|20088|202208
1103;20131;21/02/2022;202208;48;1014,00;;NAER;C;NFK|1103|20131|202208
1103;30012;21/02/2022;202208;38;615,12;;NAER;;NFK|1103|30012|202208
1103;30077;21/02/2022;202208;72;3780,00;;NAER;;NFK|1103|30077|202208
1103;30154;21/02/2022;202208;45;759,38;;NAER;;NFK|1103|30154|202208
1103;30209;21/02/2022;202208;59;2208,81;;NAER;;NFK|1103|30209|202208
1108;10023;21/02/2022;202208;728;8645,00;;HYPER;;NFK|1108|10023|202208
1108;10047;21/02/2022;202208;495;5568,75;;HYPER;;NFK|1108|10047|202208
1108;10112;21/02/2022;202208;288;6102,00;;HYPER;;NFK|1108|10112|202208
1108;10310;21/02/2022;202208;218;5858,75;;HYPER;;NFK|1108|10310|202208
1108;11020;21/02/2022;202208;664;12408,50;;HYPER;;NFK|1108|11020|202208
1108;11085;21/02/2022;202208;366;4094,62;;HYPER;;NFK|1108|11085|202208
1108;11142;21/02/2022;202208;253;6309,19;;HYPER;;NFK|1108|11142|202208
1108;12004;21/02/2022;202208;460;16560,00;TILBUD;HYPER;;NFK|1108|12004|202208
1108;12066;21/02/2022;202208;227;13761,88;;HYPER;;NFK|1108|12066|202208
1108;12190;21/02/2022;202208;196;4410,00;;HYPER;;NFK|1108|12190|202208
1108;20015;21/02/2022;202208;434;11039,88;;HYPER;C;NFK|1108|20015|202208
1108;20041;21/02/2022;202208;526;4799,75;;HYPER;A;NFK|1108|20041|202208
1108;20088;21/02/2022;202208;332;18758,00;;HYPER;B;NFK|1108|20088|202208
1108;20131;21/02/2022;202208;189;3992,62;;HYPER;C;NFK|1108|20131|202208
1108;30012;21/02/2022;202208;180;2913,75;;HYPER;;NFK|1108|30012|202208
1108;30077;21/02/2022;202208;246;12915,00;;HYPER;;NFK|1108|30077|202208
1108;30154;21/02/2022;202208;202;3408,75;;HYPER;;NFK|1108|30154|202208
1108;30209;21/02/2022;202208;214;8011,62;;HYPER;;NFK|1108|30209|202208
3104;10023;21/02/2022;202208;369;4381,88;;SUPER;;NFK|3104|10023|202208
3104;10047;21/02/2022;202208;228;2565,00;;SUPER;;NFK|3104|10047|202208
3104;10112;21/02/2022;202208;123;2606,06;;SUPER;;NFK|3104|10112|202208
3104;10310;21/02/2022;202208;119;3198,12;;SUPER;;NFK|3104|10310|202208
3104;11020;21/02/2022;202208;290;5419,38;;SUPER;;NFK|3104|11020|202208
3104;11085;21/02/2022;202208;152;1700,50;;SUPER;;NFK|3104|11085|202208
3104;11142;21/02/2022;202208;146;3640,88;;SUPER;;NFK|3104|11142|202208
3104;12004;21/02/2022;202208;212;7632,00;TILBUD;SUPER;;NFK|3104|12004|202208
3104;12066;21/02/2022;202208;104;6305,00;;SUPER;;NFK|3104|12066|202208
3104;12190;21/02/2022;202208;93;2092,50;;SUPER;;NFK|3104|12190|202208
3104;20015;21/02/2022;202208;251;6384,81;;SUPER;C;NFK|3104|20015|202208
3104;20041;21/02/2022;202208;266;2427,25;;SUPER;A;NFK|3104|20041|202208
3104;20088;21/02/2022;202208;152;8588,00;;SUPER;B;NFK|3104|20088|202208
3104;20131;21/02/2022;202208;103;2175,88;;SUPER;C;NFK|3104|20131|202208
3104;30012;21/02/2022;202208;81;1311,19;;SUPER;;NFK|3104|30012|202208
3104;30077;21/02/2022;202208;114;5985,00;;SUPER;;NFK|3104|30077|202208
3104;30154;21/02/2022;202208;98;1653,75;;SUPER;;NFK|3104|30154|202208
3104;30209;21/02/2022;202208;105;3930,94;;SUPER;;NFK|3104|30209|202208
3117;10023;21/02/2022;202208;155;1840,62;;NAER;;NFK|3117|10023|202208
3117;10047;21/02/2022;202208;99;1113,75;;NAER;;NFK|3117|10047|202208
3117;10112;21/02/2022;202208;72;1525,50;;NAER;;NFK|3117|10112|202208
3117;10310;21/02/2022;202208;58;1558,75;;NAER;;NFK|3117|10310|202208
3117;11020;21/02/2022;202208;136;2541,50;;NAER;;NFK|3117|11020|202208
3117;11085;21/02/2022;202208;72;805,50;;NAER;;NFK|3117|11085|202208
3117;11142;21/02/2022;202208;57;1421,44;;NAER;;NFK|3117|11142|202208
3117;12004;21/02/2022;202208;105;3780,00;TILBUD;NAER;;NFK|3117|12004|202208
3117;12066;21/02/2022;202208;55;3334,38;;NAER;;NFK|3117|12066|202208
3117;12190;21/02/2022;202208;44;990,00;;NAER;;NFK|3117|12190|202208
3117;20015;21/02/2022;202208;101;2569,19;;NAER;C;NFK|3117|20015|202208
3117;20041;21/02/2022;202208;126;1149,75;;NAER;A;NFK|3117|20041|202208
3117;20088;21/02/2022;202208;73;4124,50;;NAER;B;NFK|3117|20088|202208
3117;20131;21/02/2022;202208;53;1119,62;;NAER;C;NFK|3117|20131|202208
3117;30012;21/02/2022;202208;41;663,69;;NAER;;NFK|3117|30012|202208
3117;30077;21/02/2022;202208;57;2992,50;;NAER;;NFK|3117|30077|202208
3117;30154;21/02/2022;202208;44;742,50;;NAER;;NFK|3117|30154|202208
3117;30209;21/02/2022;202208;56;2096,50;;NAER;;NFK|3117|30209|202208
3122;10023;21/02/2022;202208;113;1341,88;;FRANCHISE;;NFK|3122|10023|202208
3122;10047;21/02/2022;202208;84;945,00;;FRANCHISE;;NFK|3122|10047|202208
3122;10112;21/02/2022;202208;48;1017,00;;FRANCHISE;;NFK|3122|10112|202208
3122;10310;21/02/2022;202208;42;1128,75;;FRANCHISE;;NFK|3122|10310|202208
3122;11020;21/02/2022;202208;94;1756,62;;FRANCHISE;;NFK|3122|11020|202208
3122;11085;21/02/2022;202208;56;626,50;;FRANCHISE;;NFK|3122|11085|202208
3122;11142;21/02/2022;202208;41;1022,44;;FRANCHISE;;NFK|3122|11142|202208
3122;12004;21/02/2022;202208;80;2880,00;TILBUD;FRANCHISE;;NFK|3122|12004|202208
3122;12066;21/02/2022;202208;36;2182,50;;FRANCHISE;;NFK|3122|12066|202208
3122;12190;21/02/2022;202208;32;720,00;;FRANCHISE;;NFK|3122|12190|202208
3122;20015;21/02/2022;202208;84;2136,75;;FRANCHISE;C;NFK|3122|20015|202208
3122;20041;21/02/2022;202208;89;812,12;;FRANCHISE;A;NFK|3122|20041|202208
3122;20088;21/02/2022;202208;54;3051,00;;FRANCHISE;B;NFK|3122|20088|202208
3122;20131;21/02/2022;202208;33;697,12;;FRANCHISE;C;NFK|3122|20131|202208
3122;30012;21/02/2022;202208;25;404,69;;FRANCHISE;;NFK|3122|30012|202208
3122;30077;21/02/2022;202208;39;2047,50;;FRANCHISE;;NFK|3122|30077|202208
3122;30154;21/02/2022;202208;32;540,00;;FRANCHISE;;NFK|3122|30154|202208
3122;30209;21/02/2022;202208;33;1235,44;;FRANCHISE;;NFK|3122|30209|202208
4201;10023;21/02/2022;202208;781;9274,38;;HYPER;;NFK|4201|10023|202208
4201;10047;21/02/2022;202208;412;4635,00;;HYPER;;NFK|4201|10047|202208
4201;10112;21/02/2022;202208;239;5063,81;;HYPER;;NFK|4201|10112|202208
4201;10310;21/02/2022;202208;218;5858,75;;HYPER;;NFK|4201|10310|202208
4201;11020;21/02/2022;202208;516;9642,75;;HYPER;;NFK|4201|11020|202208
4201;11085;21/02/2022;202208;345;3859,69;;HYPER;;NFK|4201|11085|202208
4201;11142;21/02/2022;202208;233;5810,44;;HYPER;;NFK|4201|11142|202208
4201;12004;21/02/2022;202208;430;15480,00;TILBUD;HYPER;;NFK|4201|12004|202208
4201;12066;21/02/2022;202208;229;13883,12;;HYPER;;NFK|4201|12066|202208
4201;12190;21/02/2022;202208;171;3847,50;;HYPER;;NFK|4201|12190|202208
4201;20015;21/02/2022;202208;450;11446,88;;HYPER;C;NFK|4201|20015|202208
4201;20041;21/02/2022;202208;551;5027,88;;HYPER;A;NFK|4201|20041|202208
4201;20088;21/02/2022;202208;305;17232,50;;HYPER;B;NFK|4201|20088|202208
4201;20131;21/02/2022;202208;198;4182,75;;HYPER;C;NFK|4201|20131|202208
4201;30012;21/02/2022;202208;156;2525,25;;HYPER;;NFK|4201|30012|202208
4201;30077;21/02/2022;202208;210;11025,00;;HYPER;;NFK|4201|30077|202208
4201;30154;21/02/2022;202208;139;2345,62;;HYPER;;NFK|4201|30154|202208
4201;30209;21/02/2022;202208;204;7637,25;;HYPER;;NFK|4201|30209|202208
4205;10023;21/02/2022;202208;443;5260,62;;SUPER;;NFK|4205|10023|202208
4205;10047;21/02/2022;202208;225;2531,25;;SUPER;;NFK|4205|10047|202208
4205;10112;21/02/2022;202208;139;2945,06;;SUPER;;NFK|4205|10112|202208
4205;10310;21/02/2022;202208;119;3198,12;;SUPER;;NFK|4205|10310|202208
4205;11020;21/02/2022;202208;331;6185,56;;SUPER;;NFK|4205|11020|202208
4205;11085;21/02/2022;202208;209;2338,19;;SUPER;;NFK|4205|11085|202208
4205;11142;21/02/2022;202208;141;3516,19;;SUPER;;NFK|4205|11142|202208
4205;12004;21/02/2022;202208;241;8676,00;TILBUD;SUPER;;NFK|4205|12004|202208
4205;12066;21/02/2022;202208;116;7032,50;;SUPER;;NFK|4205|12066|202208
4205;12190;21/02/2022;202208;96;2160,00;;SUPER;;NFK|4205|12190|202208
4205;20015;21/02/2022;202208;272;6919,00;;SUPER;C;NFK|4205|20015|202208
4205;20041;21/02/2022;202208;339;3093,38;;SUPER;A;NFK|4205|20041|202208
4205;20088;21/02/2022;202208;181;10226,50;;SUPER;B;NFK|4205|20088|202208
4205;20131;21/02/2022;202208;105;2218,12;;SUPER;C;NFK|4205|20131|202208
4205;30012;21/02/2022;202208;79;1278,81;;SUPER;;NFK|4205|30012|202208
4205;30077;21/02/2022;202208;124;6510,00;;SUPER;;NFK|4205|30077|202208
4205;30154;21/02/2022;202208;99;1670,62;;SUPER;;NFK|4205|30154|202208
4205;30209;21/02/2022;202208;123;4604,81;;SUPER;;NFK|4205|30209|202208
4205;99001;21/02/2022;202208;5;0,00;;SUPER;;NFK|4205|99001|202208
4218;10023;21/02/2022;202208;430;5106,25;;SUPER;;NFK|4218|10023|202208
4218;10047;21/02/2022;202208;303;3408,75;;SUPER;;NFK|4218|10047|202208
4218;10112;21/02/2022;202208;166;3517,12;;SUPER;;NFK|4218|10112|202208
4218;10310;21/02/2022;202208;138;3708,75;;SUPER;;NFK|4218|10310|202208
4218;11020;21/02/2022;202208;336;6279,00;;SUPER;;NFK|4218|11020|202208
4218;11085;21/02/2022;202208;231;2584,31;;SUPER;;NFK|4218|11085|202208
4218;11142;21/02/2022;202208;155;3865,31;;SUPER;;NFK|4218|11142|202208
4218;12004;21/02/2022;202208;221;7956,00;TILBUD;SUPER;;NFK|4218|12004|202208
4218;12066;21/02/2022;202208;122;7396,25;;SUPER;;NFK|4218|12066|202208
4218;12190;21/02/2022;202208;113;2542,50;;SUPER;;NFK|4218|12190|202208
4218;20015;21/02/2022;202208;229;5825,19;;SUPER;C;NFK|4218|20015|202208
4218;20041;21/02/2022;202208;299;2728,38;;SUPER;A;NFK|4218|20041|202208
4218;20088;21/02/2022;202208;189;10678,50;;SUPER;B;NFK|4218|20088|202208
4218;20131;21/02/2022;202208;111;2344,88;;SUPER;C;NFK|4218|20131|202208
4218;30012;21/02/2022;202208;91;1473,06;;SUPER;;NFK|4218|30012|202208
4218;30077;21/02/2022;202208;141;7402,50;;SUPER;;NFK|4218|30077|202208
4218;30154;21/02/2022;202208;99;1670,62;;SUPER;;NFK|4218|30154|202208
4218;30209;21/02/2022;202208;133;4979,19;;SUPER;;NFK|4218|30209|202208
4218;99001;21/02/2022;202208;7;0,00;;SUPER;;NFK|4218|99001|202208
5502;10023;21/02/2022;202208;357;4239,38;;SUPER;;NFK|5502|10023|202208
5502;10047;21/02/2022;202208;266;2992,50;;SUPER;;NFK|5502|10047|202208
5502;10112;21/02/2022;202208;149;3156,94;;SUPER;;NFK|5502|10112|202208
5502;10310;21/02/2022;202208;106;2848,75;;SUPER;;NFK|5502|10310|202208
5502;11020;21/02/2022;202208;309;5774,44;;SUPER;;NFK|5502|11020|202208
5502;11085;21/02/2022;202208;199;2226,31;;SUPER;;NFK|5502|11085|202208
5502;11142;21/02/2022;202208;129;3216,94;;SUPER;;NFK|5502|11142|202208
5502;12004;21/02/2022;202208;226;8136,00;TILBUD;SUPER;;NFK|5502|12004|202208
5502;12066;21/02/2022;202208;132;8002,50;;SUPER;;NFK|5502|12066|202208
5502;12190;21/02/2022;202208;94;2115,00;;SUPER;;NFK|5502|12190|202208
5502;20015;21/02/2022;202208;228;5799,75;;SUPER;C;NFK|5502|20015|202208
5502;20041;21/02/2022;202208;313;2856,12;;SUPER;A;NFK|5502|20041|202208
5502;20088;21/02/2022;202208;134;7571,00;;SUPER;B;NFK|5502|20088|202208
5502;20131;21/02/2022;202208;109;2302,62;;SUPER;C;NFK|5502|20131|202208
5502;30012;21/02/2022;202208;83;1343,56;;SUPER;;NFK|5502|30012|202208
5502;30077;21/02/2022;202208;124;6510,00;;SUPER;;NFK|5502|30077|202208
5502;30154;21/02/2022;202208;95;1603,12;;SUPER;;NFK|5502|30154|202208
5502;30209;21/02/2022;202208;106;3968,38;;SUPER;;NFK|5502|30209|202208
5511;10023;21/02/2022;202208;164;1947,50;;PARTNER;;NFK|5511|10023|202208
5511;10047;21/02/2022;202208;101;1136,25;;PARTNER;;NFK|5511|10047|202208
5511;10112;21/02/2022;202208;59;1250,06;;PARTNER;;NFK|5511|10112|202208
5511;10310;21/02/2022;202208;45;1209,38;;PARTNER;;NFK|5511|10310|202208
5511;11020;21/02/2022;202208;117;2186,44;;PARTNER;;NFK|5511|11020|202208
5511;11085;21/02/2022;202208;63;704,81;;PARTNER;;NFK|5511|11085|202208
5511;11142;21/02/2022;202208;47;1172,06;;PARTNER;;NFK|5511|11142|202208
5511;12004;21/02/2022;202208;90;3240,00;TILBUD;PARTNER;;NFK|5511|12004|202208
5511;12066;21/02/2022;202208;45;2728,12;;PARTNER;;NFK|5511|12066|202208
5511;12190;21/02/2022;202208;35;787,50;;PARTNER;;NFK|5511|12190|202208
5511;20015;21/02/2022;202208;100;2543,75;;PARTNER;C;NFK|5511|20015|202208
5511;20041;21/02/2022;202208;0;0,00;;PARTNER;A;NFK|5511|20041|202208
5511;20088;21/02/2022;202208;63;3559,50;;PARTNER;B;NFK|5511|20088|202208
5511;20131;21/02/2022;202208;43;908,38;;PARTNER;C;NFK|5511|20131|202208
5511;30012;21/02/2022;202208;30;485,62;;PARTNER;;NFK|5511|30012|202208
5511;30077;21/02/2022;202208;49;2572,50;;PARTNER;;NFK|5511|30077|202208
5511;30154;21/02/2022;202208;38;641,25;;PARTNER;;NFK|5511|30154|202208
5511;30209;21/02/2022;202208;47;1759,56;;PARTNER;;NFK|5511|30209|202208
9001;10023;21/02/2022;202208;23;273,12;;DEPOT;;NFK|9001|10023|202208
9001;10047;21/02/2022;202208;13;146,25;;DEPOT;;NFK|9001|10047|202208
9001;10112;21/02/2022;202208;7;148,31;;DEPOT;;NFK|9001|10112|202208
9001;10310;21/02/2022;202208;6;161,25;;DEPOT;;NFK|9001|10310|202208
9001;11020;21/02/2022;202208;15;280,31;;DEPOT;;NFK|9001|11020|202208
9001;11085;21/02/2022;202208;10;111,88;;DEPOT;;NFK|9001|11085|202208
9001;11142;21/02/2022;202208;8;199,50;;DEPOT;;NFK|9001|11142|202208
9001;12004;21/02/2022;202208;11;396,00;TILBUD;DEPOT;;NFK|9001|12004|202208
9001;12066;21/02/2022;202208;7;424,38;;DEPOT;;NFK|9001|12066|202208
9001;12190;21/02/2022;202208;5;112,50;;DEPOT;;NFK|9001|12190|202208
9001;20015;21/02/2022;202208;11;279,81;;DEPOT;C;NFK|9001|20015|202208
9001;20041;21/02/2022;202208;16;146,00;;DEPOT;A;NFK|9001|20041|202208
9001;20088;21/02/2022;202208;8;452,00;;DEPOT;B;NFK|9001|20088|202208
9001;20131;21/02/2022;202208;6;126,75;;DEPOT;C;NFK|9001|20131|202208
9001;30012;21/02/2022;202208;5;80,94;;DEPOT;;NFK|9001|30012|202208
9001;30077;21/02/2022;202208;7;367,50;;DEPOT;;NFK|9001|30077|202208
9001;30154;21/02/2022;202208;5;84,38;;DEPOT;;NFK|9001|30154|202208
9001;30209;21/02/2022;202208;7;262,06;;DEPOT;;NFK|9001|30209|202208
9001;99001;21/02/2022;202208;0;0,00;;DEPOT;;NFK|9001|99001|202208
1101;10023;28/02/2022;202209;416;4940,00;;SUPER;;NFK|1101|10023|202209
1101;10047;28/02/2022;202209;289;3251,25;;SUPER;;NFK|1101|10047|202209
1101;10112;28/02/2022;202209;152;3220,50;;SUPER;;NFK|1101|10112|202209
1101;10310;28/02/2022;202209;160;3224,00;KUPON;SUPER;;NFK|1101|10310|202209
1101;11020;28/02/2022;202209;393;7344,19;;SUPER;;NFK|1101|11020|202209
1101;11085;28/02/2022;202209;198;2215,12;;SUPER;;NFK|1101|11085|202209
1101;11142;28/02/2022;202209;135;3366,56;;SUPER;;NFK|1101|11142|202209
1101;12004;28/02/2022;202209;166;6640,00;;SUPER;;NFK|1101|12004|202209
1101;12066;28/02/2022;202209;137;8305,62;;SUPER;;NFK|1101|12066|202209
1101;12190;28/02/2022;202209;105;2362,50;;SUPER;;NFK|1101|12190|202209
1101;20015;28/02/2022;202209;227;5774,31;;SUPER;C;NFK|1101|20015|202209
1101;20041;28/02/2022;202209;306;2792,25;;SUPER;A;NFK|1101|20041|202209
1101;20088;28/02/2022;202209;176;9944,00;;SUPER;B;NFK|1101|20088|202209
1101;20131;28/02/2022;202209;102;2154,75;;SUPER;C;NFK|1101|20131|202209
1101;30012;28/02/2022;202209;103;1667,31;;SUPER;;NFK|1101|30012|202209
1101;30077;28/02/2022;202209;134;7035,00;;SUPER;;NFK|1101|30077|202209
1101;30154;28/02/2022;202209;115;1940,62;;SUPER;;NFK|1101|30154|202209
1101;30209;28/02/2022;202209;142;5316,12;;SUPER;;NFK|1101|30209|202209
1102;10023;28/02/2022;202209;393;4666,88;;SUPER;;NFK|1102|10023|202209
1102;10047;28/02/2022;202209;270;3037,50;;SUPER;;NFK|1102|10047|202209
1102;10112;28/02/2022;202209;155;3284,06;;SUPER;;NFK|1102|10112|202209
1102;10310;28/02/2022;202209;158;3183,70;KUPON;SUPER;;NFK|1102|10310|202209
1102;11020;28/02/2022;202209;303;5662,31;;SUPER;;NFK|1102|11020|202209
1102;11085;28/02/2022;202209;202;2259,88;;SUPER;;NFK|1102|11085|202209
1102;11142;28/02/2022;202209;130;3241,88;;SUPER;;NFK|1102|11142|202209
1102;12004;28/02/2022;202209;188;7520,00;;SUPER;;NFK|1102|12004|202209
1102;12066;28/02/2022;202209;115;6971,88;;SUPER;;NFK|1102|12066|202209
1102;12190;28/02/2022;202209;93;2092,50;;SUPER;;NFK|1102|12190|202209
1102;20015;28/02/2022;202209;215;5469,06;;SUPER;C;NFK|1102|20015|202209
1102;20041;28/02/2022;202209;306;2792,25;;SUPER;A;NFK|1102|20041|202209
1102;20088;28/02/2022;202209;141;7966,50;;SUPER;B;NFK|1102|20088|202209
1102;20131;28/02/2022;202209;114;2408,25;;SUPER;C;NFK|1102|20131|202209
1102;30012;28/02/2022;202209;75;1214,06;;SUPER;;NFK|1102|30012|202209
1102;30077;28/02/2022;202209;110;5775,00;;SUPER;;NFK|1102|30077|202209
1102;30154;28/02/2022;202209;95;1603,12;;SUPER;;NFK|1102|30154|202209
1102;30209;28/02/2022;202209;110;4118,12;;SUPER;;NFK|1102|30209|202209
1103;10023;28/02/2022;202209;234;2778,75;;NAER;;NFK|1103|10023|202209
1103;10047;28/02/2022;202209;138;1552,50;;NAER;;NFK|1103|10047|202209
1103;10112;28/02/2022;202209;77;1631,44;;NAER;;NFK|1103|10112|202209
1103;10310;28/02/2022;202209;92;1853,80;KUPON;NAER;;NFK|1103|10310|202209
1103;11020;28/02/2022;202209;187;3494,56;;NAER;;NFK|1103|11020|202209
1103;11085;28/02/2022;202209;94;1051,62;;NAER;;NFK|1103|11085|202209
1103;11142;28/02/2022;202209;76;1895,25;;NAER;;NFK|1103|11142|202209
1103;12004;28/02/2022;202209;92;3680,00;;NAER;;NFK|1103|12004|202209
1103;12066;28/02/2022;202209;63;3819,38;;NAER;;NFK|1103|12066|202209
1103;12190;28/02/2022;202209;50;1125,00;;NAER;;NFK|1103|12190|202209
1103;20015;28/02/2022;202209;129;3281,44;;NAER;C;NFK|1103|20015|202209
1103;20041;28/02/2022;202209;173;1578,62;;NAER;A;NFK|1103|20041|202209
1103;20088;28/02/2022;202209;78;4407,00;;NAER;B;NFK|1103|20088|202209
1103;20131;28/02/2022;202209;52;1098,50;;NAER;C;NFK|1103|20131|202209
1103;30012;28/02/2022;202209;44;712,25;;NAER;;NFK|1103|30012|202209
1103;30077;28/02/2022;202209;60;3150,00;;NAER;;NFK|1103|30077|202209
1103;30154;28/02/2022;202209;55;928,12;;NAER;;NFK|1103|30154|202209
1103;30209;28/02/2022;202209;69;2583,19;;NAER;;NFK|1103|30209|202209
1108;10023;28/02/2022;202209;821;9749,38;;HYPER;;NFK|1108|10023|202209
1108;10047;28/02/2022;202209;508;5715,00;;HYPER;;NFK|1108|10047|202209
1108;10112;28/02/2022;202209;298;6313,87;;HYPER;;NFK|1108|10112|202209
1108;10310;28/02/2022;202209;364;7334,60;KUPON;HYPER;;NFK|1108|10310|202209
1108;11020;28/02/2022;202209;669;12501,94;;HYPER;;NFK|1108|11020|202209
1108;11085;28/02/2022;202209;336;3759,00;;HYPER;;NFK|1108|11085|202209
1108;11142;28/02/2022;202209;265;6608,44;;HYPER;;NFK|1108|11142|202209
1108;12004;28/02/2022;202209;380;15200,00;;HYPER;;NFK|1108|12004|202209
1108;12066;28/02/2022;202209;290;17581,25;;HYPER;;NFK|1108|12066|202209
1108;12190;28/02/2022;202209;197;4432,50;;HYPER;;NFK|1108|12190|202209
1108;20015;28/02/2022;202209;441;11217,94;;HYPER;C;NFK|1108|20015|202209
1108;20041;28/02/2022;202209;615;5611,88;;HYPER;A;NFK|1108|20041|202209
1108;20088;28/02/2022;202209;335;18927,50;;HYPER;B;NFK|1108|20088|202209
1108;20131;28/02/2022;202209;188;3971,50;;HYPER;C;NFK|1108|20131|202209
1108;30012;28/02/2022;202209;162;2622,38;;HYPER;;NFK|1108|30012|202209
1108;30077;28/02/2022;202209;270;14175,00;;HYPER;;NFK|1108|30077|202209
1108;30154;28/02/2022;202209;168;2835,00;;HYPER;;NFK|1108|30154|202209
1108;30209;28/02/2022;202209;263;9846,06;;HYPER;;NFK|1108|30209|202209
1108;99001;28/02/2022;202209;11;0,00;;HYPER;;NFK|1108|99001|202209
3104;10023;28/02/2022;202209;395;4690,62;;SUPER;;NFK|3104|10023|202209
3104;10047;28/02/2022;202209;277;3116,25;;SUPER;;NFK|3104|10047|202209
3104;10112;28/02/2022;202209;156;3305,25;;SUPER;;NFK|3104|10112|202209
3104;10310;28/02/2022;202209;146;2941,90;KUPON;SUPER;;NFK|3104|10310|202209
3104;11020;28/02/2022;202209;292;5456,75;;SUPER;;NFK|3104|11020|202209
3104;11085;28/02/2022;202209;174;1946,62;;SUPER;;NFK|3104|11085|202209
3104;11142;28/02/2022;202209;139;3466,31;;SUPER;;NFK|3104|11142|202209
3104;12004;28/02/2022;202209;173;6920,00;;SUPER;;NFK|3104|12004|202209
3104;12066;28/02/2022;202209;131;7941,88;;SUPER;;NFK|3104|12066|202209
3104;12190;28/02/2022;202209;77;1732,50;;SUPER;;NFK|3104|12190|202209
3104;20015;28/02/2022;202209;215;5469,06;;SUPER;C;NFK|3104|20015|202209
3104;20041;28/02/2022;202209;289;2637,12;;SUPER;A;NFK|3104|20041|202209
3104;20088;28/02/2022;202209;138;7797,00;;SUPER;B;NFK|3104|20088|202209
3104;20131;28/02/2022;202209;99;2091,38;;SUPER;C;NFK|3104|20131|202209
3104;30012;28/02/2022;202209;78;1262,62;;SUPER;;NFK|3104|30012|202209
3104;30077;28/02/2022;202209;137;7192,50;;SUPER;;NFK|3104|30077|202209
3104;30154;28/02/2022;202209;101;1704,38;;SUPER;;NFK|3104|30154|202209
3104;30209;28/02/2022;202209;118;4417,62;;SUPER;;NFK|3104|30209|202209
3117;10023;28/02/2022;202209;201;2386,88;;NAER;;NFK|3117|10023|202209
3117;10047;28/02/2022;202209;107;1203,75;;NAER;;NFK|3117|10047|202209
3117;10112;28/02/2022;202209;65;1377,19;;NAER;;NFK|3117|10112|202209
3117;10310;28/02/2022;202209;72;1450,80;KUPON;NAER;;NFK|3117|10310|202209
3117;11020;28/02/2022;202209;141;2634,94;;NAER;;NFK|3117|11020|202209
3117;11085;28/02/2022;202209;81;906,19;;NAER;;NFK|3117|11085|202209
3117;11142;28/02/2022;202209;55;1371,56;;NAER;;NFK|3117|11142|202209
3117;12004;28/02/2022;202209;71;2840,00;;NAER;;NFK|3117|12004|202209
3117;12066;28/02/2022;202209;58;3516,25;;NAER;;NFK|3117|12066|202209
3117;12190;28/02/2022;202209;47;1057,50;;NAER;;NFK|3117|12190|202209
3117;20015;28/02/2022;202209;0;0,00;;NAER;C;NFK|3117|20015|202209
3117;20041;28/02/2022;202209;122;1113,25;;NAER;A;NFK|3117|20041|202209
3117;20088;28/02/2022;202209;76;4294,00;;NAER;B;NFK|3117|20088|202209
3117;20131;28/02/2022;202209;54;1140,75;;NAER;C;NFK|3117|20131|202209
3117;30012;28/02/2022;202209;37;598,94;;NAER;;NFK|3117|30012|202209
3117;30077;28/02/2022;202209;52;2730,00;;NAER;;NFK|3117|30077|202209
3117;30154;28/02/2022;202209;38;641,25;;NAER;;NFK|3117|30154|202209
3117;30209;28/02/2022;202209;57;2133,94;;NAER;;NFK|3117|30209|202209
3122;10023;28/02/2022;202209;143;1698,12;;FRANCHISE;;NFK|3122|10023|202209
3122;10047;28/02/2022;202209;92;1035,00;;FRANCHISE;;NFK|3122|10047|202209
3122;10112;28/02/2022;202209;48;1017,00;;FRANCHISE;;NFK|3122|10112|202209
3122;10310;28/02/2022;202209;46;926,90;KUPON;FRANCHISE;;NFK|3122|10310|202209
3122;11020;28/02/2022;202209;115;2149,06;;FRANCHISE;;NFK|3122|11020|202209
3122;11085;28/02/2022;202209;68;760,75;;FRANCHISE;;NFK|3122|11085|202209
3122;11142;28/02/2022;202209;41;1022,44;;FRANCHISE;;NFK|3122|11142|202209
3122;12004;28/02/2022;202209;53;2120,00;;FRANCHISE;;NFK|3122|12004|202209
3122;12066;28/02/2022;202209;41;2485,62;;FRANCHISE;;NFK|3122|12066|202209
3122;12190;28/02/2022;202209;26;585,00;;FRANCHISE;;NFK|3122|12190|202209
3122;20015;28/02/2022;202209;76;1933,25;;FRANCHISE;C;NFK|3122|20015|202209
3122;20041;28/02/2022;202209;101;921,62;;FRANCHISE;A;NFK|3122|20041|202209
3122;20088;28/02/2022;202209;44;2486,00;;FRANCHISE;B;NFK|3122|20088|202209
3122;20131;28/02/2022;202209;32;676,00;;FRANCHISE;C;NFK|3122|20131|202209
3122;30012;28/02/2022;202209;26;420,88;;FRANCHISE;;NFK|3122|30012|202209
3122;30077;28/02/2022;202209;38;1995,00;;FRANCHISE;;NFK|3122|30077|202209
3122;30154;28/02/2022;202209;31;523,12;;FRANCHISE;;NFK|3122|30154|202209
3122;30209;28/02/2022;202209;38;1422,62;;FRANCHISE;;NFK|3122|30209|202209
4201;10023;28/02/2022;202209;628;7457,50;;HYPER;;NFK|4201|10023|202209
4201;10047;28/02/2022;202209;454;5107,50;;HYPER;;NFK|4201|10047|202209
4201;10112;28/02/2022;202209;287;6080,81;;HYPER;;NFK|4201|10112|202209
4201;10310;28/02/2022;202209;241;4856,15;KUPON;HYPER;;NFK|4201|10310|202209
4201;11020;28/02/2022;202209;550;10278,12;;HYPER;;NFK|4201|11020|202209
4201;11085;28/02/2022;202209;457;4090,15;KUPON;HYPER;;NFK|4201|11085|202209
4201;11142;28/02/2022;202209;208;5187,00;;HYPER;;NFK|4201|11142|202209
4201;12004;28/02/2022;202209;332;13280,00;;HYPER;;NFK|4201|12004|202209
4201;12066;28/02/2022;202209;214;12973,75;;HYPER;;NFK|4201|12066|202209
4201;12190;28/02/2022;202209;166;3735,00;;HYPER;;NFK|4201|12190|202209
4201;20015;28/02/2022;202209;400;10175,00;;HYPER;C;NFK|4201|20015|202209
4201;20041;28/02/2022;202209;575;5246,88;;HYPER;A;NFK|4201|20041|202209
4201;20088;28/02/2022;202209;241;13616,50;;HYPER;B;NFK|4201|20088|202209
4201;20131;28/02/2022;202209;192;4056,00;;HYPER;C;NFK|4201|20131|202209
4201;30012;28/02/2022;202209;150;2428,12;;HYPER;;NFK|4201|30012|202209
4201;30077;28/02/2022;202209;204;10710,00;;HYPER;;NFK|4201|30077|202209
4201;30154;28/02/2022;202209;177;2986,88;;HYPER;;NFK|4201|30154|202209
4201;30209;28/02/2022;202209;198;7412,62;;HYPER;;NFK|4201|30209|202209
4205;10023;28/02/2022;202209;415;4928,12;;SUPER;;NFK|4205|10023|202209
4205;10047;28/02/2022;202209;233;2621,25;;SUPER;;NFK|4205|10047|202209
4205;10112;28/02/2022;202209;145;3072,19;;SUPER;;NFK|4205|10112|202209
4205;10310;28/02/2022;202209;185;3727,75;KUPON;SUPER;;NFK|4205|10310|202209
4205;11020;28/02/2022;202209;363;6783,56;;SUPER;;NFK|4205|11020|202209
4205;11085;28/02/2022;202209;223;1995,85;KUPON;SUPER;;NFK|4205|11085|202209
4205;11142;28/02/2022;202209;151;3765,56;;SUPER;;NFK|4205|11142|202209
4205;12004;28/02/2022;202209;174;6960,00;;SUPER;;NFK|4205|12004|202209
4205;12066;28/02/2022;202209;117;7093,12;;SUPER;;NFK|4205|12066|202209
4205;12190;28/02/2022;202209;83;1867,50;;SUPER;;NFK|4205|12190|202209
4205;20015;28/02/2022;202209;234;5952,38;;SUPER;C;NFK|4205|20015|202209
4205;20041;28/02/2022;202209;330;3011,25;;SUPER;A;NFK|4205|20041|202209
4205;20088;28/02/2022;202209;154;8701,00;;SUPER;B;NFK|4205|20088|202209
4205;20131;28/02/2022;202209;113;2387,12;;SUPER;C;NFK|4205|20131|202209
4205;30012;28/02/2022;202209;88;1424,50;;SUPER;;NFK|4205|30012|202209
4205;30077;28/02/2022;202209;149;7822,50;;SUPER;;NFK|4205|30077|202209
4205;30154;28/02/2022;202209;107;1805,62;;SUPER;;NFK|4205|30154|202209
4205;30209;28/02/2022;202209;106;3968,38;;SUPER;;NFK|4205|30209|202209
4205;99001;28/02/2022;202209;6;0,00;;SUPER;;NFK|4205|99001|202209
4218;10023;28/02/2022;202209;465;5521,88;;SUPER;;NFK|4218|10023|202209
4218;10047;28/02/2022;202209;295;3318,75;;SUPER;;NFK|4218|10047|202209
4218;10112;28/02/2022;202209;174;3686,62;;SUPER;;NFK|4218|10112|202209
4218;10310;28/02/2022;202209;169;3405,35;KUPON;SUPER;;NFK|4218|10310|202209
4218;11020;28/02/2022;202209;390;7288,12;;SUPER;;NFK|4218|11020|202209
4218;11085;28/02/2022;202209;258;2309,10;KUPON;SUPER;;NFK|4218|11085|202209
4218;11142;28/02/2022;202209;137;3416,44;;SUPER;;NFK|4218|11142|202209
4218;12004;28/02/2022;202209;207;8280,00;;SUPER;;NFK|4218|12004|202209
4218;12066;28/02/2022;202209;127;7699,38;;SUPER;;NFK|4218|12066|202209
4218;12190;28/02/2022;202209;96;2160,00;;SUPER;;NFK|4218|12190|202209
4218;20015;28/02/2022;202209;235;5977,81;;SUPER;C;NFK|4218|20015|202209
4218;20041;28/02/2022;202209;288;2628,00;;SUPER;A;NFK|4218|20041|202209
4218;20088;28/02/2022;202209;178;10057,00;;SUPER;B;NFK|4218|20088|202209
4218;20131;28/02/2022;202209;133;2809,62;;SUPER;C;NFK|4218|20131|202209
4218;30012;28/02/2022;202209;94;1521,62;;SUPER;;NFK|4218|30012|202209
4218;30077;28/02/2022;202209;150;7875,00;;SUPER;;NFK|4218|30077|202209
4218;30154;28/02/2022;202209;103;1738,12;;SUPER;;NFK|4218|30154|202209
4218;30209;28/02/2022;202209;147;5503,31;;SUPER;;NFK|4218|30209|202209
5502;10023;28/02/2022;202209;425;5046,88;;SUPER;;NFK|5502|10023|202209
5502;10047;28/02/2022;202209;250;2812,50;;SUPER;;NFK|5502|10047|202209
5502;10112;28/02/2022;202209;161;3411,19;;SUPER;;NFK|5502|10112|202209
5502;10310;28/02/2022;202209;165;3324,75;KUPON;SUPER;;NFK|5502|10310|202209
5502;11020;28/02/2022;202209;337;6297,69;;SUPER;;NFK|5502|11020|202209
5502;11085;28/02/2022;202209;209;1870,55;KUPON;SUPER;;NFK|5502|11085|202209
5502;11142;28/02/2022;202209;129;3216,94;;SUPER;;NFK|5502|11142|202209
5502;12004;28/02/2022;202209;158;6320,00;;SUPER;;NFK|5502|12004|202209
5502;12066;28/02/2022;202209;111;6729,38;;SUPER;;NFK|5502|12066|202209
5502;12190;28/02/2022;202209;88;1980,00;;SUPER;;NFK|5502|12190|202209
5502;20015;28/02/2022;202209;219;5570,81;;SUPER;C;NFK|5502|20015|202209
5502;20041;28/02/2022;202209;314;2865,25;;SUPER;A;NFK|5502|20041|202209
5502;20088;28/02/2022;202209;136;7684,00;;SUPER;B;NFK|5502|20088|202209
5502;20131;28/02/2022;202209;116;2450,50;;SUPER;C;NFK|5502|20131|202209
5502;30012;28/02/2022;202209;89;1440,69;;SUPER;;NFK|5502|30012|202209
5502;30077;28/02/2022;202209;136;7140,00;;SUPER;;NFK|5502|30077|202209
5502;30154;28/02/2022;202209;99;1670,62;;SUPER;;NFK|5502|30154|202209
5502;30209;28/02/2022;202209;121;4529,94;;SUPER;;NFK|5502|30209|202209
5511;10023;28/02/2022;202209;132;1567,50;;PARTNER;;NFK|5511|10023|202209
5511;10047;28/02/2022;202209;103;1158,75;;PARTNER;;NFK|5511|10047|202209
5511;10112;28/02/2022;202209;62;1313,62;;PARTNER;;NFK|5511|10112|202209
5511;10310;28/02/2022;202209;58;1168,70;KUPON;PARTNER;;NFK|5511|10310|202209
5511;11020;28/02/2022;202209;120;2242,50;;PARTNER;;NFK|5511|11020|202209
5511;11085;28/02/2022;202209;79;707,05;KUPON;PARTNER;;NFK|5511|11085|202209
5511;11142;28/02/2022;202209;57;1421,44;;PARTNER;;NFK|5511|11142|202209
5511;12004;28/02/2022;202209;74;2960,00;;PARTNER;;NFK|5511|12004|202209
5511;12066;28/02/2022;202209;0;0,00;;PARTNER;;NFK|5511|12066|202209
5511;12190;28/02/2022;202209;37;832,50;;PARTNER;;NFK|5511|12190|202209
5511;20015;28/02/2022;202209;93;2365,69;;PARTNER;C;NFK|5511|20015|202209
5511;20041;28/02/2022;202209;113;1031,12;;PARTNER;A;NFK|5511|20041|202209
5511;20088;28/02/2022;202209;57;3220,50;;PARTNER;B;NFK|5511|20088|202209
5511;20131;28/02/2022;202209;39;823,88;;PARTNER;C;NFK|5511|20131|202209
5511;30012;28/02/2022;202209;34;550,38;;PARTNER;;NFK|5511|30012|202209
5511;30077;28/02/2022;202209;47;2467,50;;PARTNER;;NFK|5511|30077|202209
5511;30154;28/02/2022;202209;36;607,50;;PARTNER;;NFK|5511|30154|202209
5511;30209;28/02/2022;202209;48;1797,00;;PARTNER;;NFK|5511|30209|202209
9001;10023;28/02/2022;202209;23;273,12;;DEPOT;;NFK|9001|10023|202209
9001;10047;28/02/2022;202209;15;168,75;;DEPOT;;NFK|9001|10047|202209
9001;10112;28/02/2022;202209;9;190,69;;DEPOT;;NFK|9001|10112|202209
9001;10310;28/02/2022;202209;8;161,20;KUPON;DEPOT;;NFK|9001|10310|202209
9001;11020;28/02/2022;202209;16;299,00;;DEPOT;;NFK|9001|11020|202209
9001;11085;28/02/2022;202209;11;123,06;;DEPOT;;NFK|9001|11085|202209
9001;11142;28/02/2022;202209;8;199,50;;DEPOT;;NFK|9001|11142|202209
9001;12004;28/02/2022;202209;8;320,00;;DEPOT;;NFK|9001|12004|202209
9001;12066;28/02/2022;202209;6;363,75;;DEPOT;;NFK|9001|12066|202209
9001;12190;28/02/2022;202209;4;90,00;;DEPOT;;NFK|9001|12190|202209
9001;20015;28/02/2022;202209;12;305,25;;DEPOT;C;NFK|9001|20015|202209
9001;20041;28/02/2022;202209;18;164,25;;DEPOT;A;NFK|9001|20041|202209
9001;20088;28/02/2022;202209;9;508,50;;DEPOT;B;NFK|9001|20088|202209
9001;20131;28/02/2022;202209;5;105,62;;DEPOT;C;NFK|9001|20131|202209
9001;30012;28/02/2022;202209;4;64,75;;DEPOT;;NFK|9001|30012|202209
9001;30077;28/02/2022;202209;7;367,50;;DEPOT;;NFK|9001|30077|202209
9001;30154;28/02/2022;202209;5;84,38;;DEPOT;;NFK|9001|30154|202209
9001;30209;28/02/2022;202209;6;224,62;;DEPOT;;NFK|9001|30209|202209
1101;10023;07/03/2022;202210;420;4987,50;;SUPER;;NFK|1101|10023|202210
1101;10047;07/03/2022;202210;315;3543,75;;SUPER;;NFK|1101|10047|202210
1101;10112;07/03/2022;202210;185;3919,69;;SUPER;;NFK|1101|10112|202210
1101;10310;07/03/2022;202210;115;3090,62;;SUPER;;NFK|1101|10310|202210
1101;11020;07/03/2022;202210;325;6073,44;;SUPER;;NFK|1101|11020|202210
1101;11085;07/03/2022;202210;213;2382,94;;SUPER;;NFK|1101|11085|202210
1101;11142;07/03/2022;202210;146;3640,88;;SUPER;;NFK|1101|11142|202210
1101;12004;07/03/2022;202210;167;6680,00;;SUPER;;NFK|1101|12004|202210
1101;12066;07/03/2022;202210;152;9215,00;;SUPER;;NFK|1101|12066|202210
1101;12190;07/03/2022;202210;94;2115,00;;SUPER;;NFK|1101|12190|202210
1101;20015;07/03/2022;202210;235;5977,81;;SUPER;C;NFK|1101|20015|202210
1101;20041;07/03/2022;202210;290;2646,25;;SUPER;A;NFK|1101|20041|202210
1101;20088;07/03/2022;202210;194;10961,00;;SUPER;B;NFK|1101|20088|202210
1101;20131;07/03/2022;202210;166;3205,88;AVIS;SUPER;C;NFK|1101|20131|202210
1101;30012;07/03/2022;202210;88;1424,50;;SUPER;;NFK|1101|30012|202210
1101;30077;07/03/2022;202210;145;7612,50;;SUPER;;NFK|1101|30077|202210
1101;30154;07/03/2022;202210;102;1721,25;;SUPER;;NFK|1101|30154|202210
1101;30209;07/03/2022;202210;113;4230,44;;SUPER;;NFK|1101|30209|202210
1101;99001;07/03/2022;202210;7;0,00;;SUPER;;NFK|1101|99001|202210
1102;10023;07/03/2022;202210;412;4892,50;;SUPER;;NFK|1102|10023|202210
1102;10047;07/03/2022;202210;256;2880,00;;SUPER;;NFK|1102|10047|202210
1102;10112;07/03/2022;202210;164;3474,75;;SUPER;;NFK|1102|10112|202210
1102;10310;07/03/2022;202210;110;2956,25;;SUPER;;NFK|1102|10310|202210
1102;11020;07/03/2022;202210;327;6110,81;;SUPER;;NFK|1102|11020|202210
1102;11085;07/03/2022;202210;213;2382,94;;SUPER;;NFK|1102|11085|202210
1102;11142;07/03/2022;202210;138;3441,38;;SUPER;;NFK|1102|11142|202210
1102;12004;07/03/2022;202210;158;6320,00;;SUPER;;NFK|1102|12004|202210
1102;12066;07/03/2022;202210;139;8426,88;;SUPER;;NFK|1102|12066|202210
1102;12190;07/03/2022;202210;84;1890,00;;SUPER;;NFK|1102|12190|202210
1102;20015;07/03/2022;202210;209;5316,44;;SUPER;C;NFK|1102|20015|202210
1102;20041;07/03/2022;202210;296;2701,00;;SUPER;A;NFK|1102|20041|202210
1102;20088;07/03/2022;202210;169;9548,50;;SUPER;B;NFK|1102|20088|202210
1102;20131;07/03/2022;202210;137;2645,81;AVIS;SUPER;C;NFK|1102|20131|202210
1102;30012;07/03/2022;202210;94;1521,62;;SUPER;;NFK|1102|30012|202210
1102;30077;07/03/2022;202210;136;7140,00;;SUPER;;NFK|1102|30077|202210
1102;30154;07/03/2022;202210;88;1485,00;;SUPER;;NFK|1102|30154|202210
1102;30209;07/03/2022;202210;108;4043,25;;SUPER;;NFK|1102|30209|202210
1103;10023;07/03/2022;202210;210;2493,75;;NAER;;NFK|1103|10023|202210
1103;10047;07/03/2022;202210;144;1620,00;;NAER;;NFK|1103|10047|202210
1103;10112;07/03/2022;202210;81;1716,19;;NAER;;NFK|1103|10112|202210
1103;10310;07/03/2022;202210;55;1478,12;;NAER;;NFK|1103|10310|202210
1103;11020;07/03/2022;202210;176;3289,00;;NAER;;NFK|1103|11020|202210
1103;11085;07/03/2022;202210;106;1185,88;;NAER;;NFK|1103|11085|202210
1103;11142;07/03/2022;202210;75;1870,31;;NAER;;NFK|1103|11142|202210
1103;12004;07/03/2022;202210;96;3840,00;;NAER;;NFK|1103|12004|202210
1103;12066;07/03/2022;202210;70;4243,75;;NAER;;NFK|1103|12066|202210
1103;12190;07/03/2022;202210;56;1260,00;;NAER;;NFK|1103|12190|202210
1103;20015;07/03/2022;202210;122;3103,38;;NAER;C;NFK|1103|20015|202210
1103;20041;07/03/2022;202210;165;1505,62;;NAER;A;NFK|1103|20041|202210
1103;20088;07/03/2022;202210;86;4859,00;;NAER;B;NFK|1103|20088|202210
1103;20131;07/03/2022;202210;90;1738,12;AVIS;NAER;C;NFK|1103|20131|202210
1103;30012;07/03/2022;202210;39;631,31;;NAER;;NFK|1103|30012|202210
1103;30077;07/03/2022;202210;67;3517,50;;NAER;;NFK|1103|30077|202210
1103;30154;07/03/2022;202210;46;776,25;;NAER;;NFK|1103|30154|202210
1103;30209;07/03/2022;202210;60;2246,25;;NAER;;NFK|1103|30209|202210
1103;99001;07/03/2022;202210;3;0,00;;NAER;;NFK|1103|99001|202210
1108;10023;07/03/2022;202210;859;10200,62;;HYPER;;NFK|1108|10023|202210
1108;10047;07/03/2022;202210;589;6626,25;;HYPER;;NFK|1108|10047|202210
1108;10112;07/03/2022;202210;338;7161,37;;HYPER;;NFK|1108|10112|202210
1108;10310;07/03/2022;202210;248;6665,00;;HYPER;;NFK|1108|10310|202210
1108;11020;07/03/2022;202210;720;13455,00;;HYPER;;NFK|1108|11020|202210
1108;11085;07/03/2022;202210;359;4016,31;;HYPER;;NFK|1108|11085|202210
1108;11142;07/03/2022;202210;271;6758,06;;HYPER;;NFK|1108|11142|202210
1108;12004;07/03/2022;202210;386;15440,00;;HYPER;;NFK|1108|12004|202210
1108;12066;07/03/2022;202210;260;15762,50;;HYPER;;NFK|1108|12066|202210
1108;12190;07/03/2022;202210;167;3757,50;;HYPER;;NFK|1108|12190|202210
1108;20015;07/03/2022;202210;415;10556,56;;HYPER;C;NFK|1108|20015|202210
1108;20041;07/03/2022;202210;564;5146,50;;HYPER;A;NFK|1108|20041|202210
1108;20088;07/03/2022;202210;300;16950,00;;HYPER;B;NFK|1108|20088|202210
1108;20131;07/03/2022;202210;270;5214,38;AVIS;HYPER;C;NFK|1108|20131|202210
1108;30012;07/03/2022;202210;150;2428,12;;HYPER;;NFK|1108|30012|202210
1108;30077;07/03/2022;202210;282;14805,00;;HYPER;;NFK|1108|30077|202210
1108;30154;07/03/2022;202210;190;3206,25;;HYPER;;NFK|1108|30154|202210
1108;30209;07/03/2022;202210;233;8722,94;;HYPER;;NFK|1108|30209|202210
3104;10023;07/03/2022;202210;355;4215,62;;SUPER;;NFK|3104|10023|202210
3104;10047;07/03/2022;202210;227;2553,75;;SUPER;;NFK|3104|10047|202210
3104;10112;07/03/2022;202210;141;2987,44;;SUPER;;NFK|3104|10112|202210
3104;10310;07/03/2022;202210;112;3010,00;;SUPER;;NFK|3104|10310|202210
3104;11020;07/03/2022;202210;289;5400,69;;SUPER;;NFK|3104|11020|202210
3104;11085;07/03/2022;202210;182;2036,12;;SUPER;;NFK|3104|11085|202210
3104;11142;07/03/2022;202210;140;3491,25;;SUPER;;NFK|3104|11142|202210
3104;12004;07/03/2022;202210;146;5840,00;;SUPER;;NFK|3104|12004|202210
3104;12066;07/03/2022;202210;117;7093,12;;SUPER;;NFK|3104|12066|202210
3104;12190;07/03/2022;202210;99;2227,50;;SUPER;;NFK|3104|12190|202210
3104;20015;07/03/2022;202210;207;5265,56;;SUPER;C;NFK|3104|20015|202210
3104;20041;07/03/2022;202210;249;2272,12;;SUPER;A;NFK|3104|20041|202210
3104;20088;07/03/2022;202210;158;8927,00;;SUPER;B;NFK|3104|20088|202210
3104;20131;07/03/2022;202210;107;2260,38;;SUPER;C;NFK|3104|20131|202210
3104;30012;07/03/2022;202210;77;1246,44;;SUPER;;NFK|3104|30012|202210
3104;30077;07/03/2022;202210;136;7140,00;;SUPER;;NFK|3104|30077|202210
3104;30154;07/03/2022;202210;81;1366,88;;SUPER;;NFK|3104|30154|202210
3104;30209;07/03/2022;202210;107;4005,81;;SUPER;;NFK|3104|30209|202210
3104;99001;07/03/2022;202210;6;0,00;;SUPER;;NFK|3104|99001|202210
3117;10023;07/03/2022;202210;171;2030,62;;NAER;;NFK|3117|10023|202210
3117;10047;07/03/2022;202210;104;1170,00;;NAER;;NFK|3117|10047|202210
3117;10112;07/03/2022;202210;75;1589,06;;NAER;;NFK|3117|10112|202210
3117;10310;07/03/2022;202210;46;1236,25;;NAER;;NFK|3117|10310|202210
3117;11020;07/03/2022;202210;138;2578,88;;NAER;;NFK|3117|11020|202210
3117;11085;07/03/2022;202210;82;917,38;;NAER;;NFK|3117|11085|202210
3117;11142;07/03/2022;202210;64;1596,00;;NAER;;NFK|3117|11142|202210
3117;12004;07/03/2022;202210;82;3280,00;;NAER;;NFK|3117|12004|202210
3117;12066;07/03/2022;202210;52;3152,50;;NAER;;NFK|3117|12066|202210
3117;12190;07/03/2022;202210;42;945,00;;NAER;;NFK|3117|12190|202210
3117;20015;07/03/2022;202210;101;2569,19;;NAER;C;NFK|3117|20015|202210
3117;20041;07/03/2022;202210;123;1122,38;;NAER;A;NFK|3117|20041|202210
3117;20088;07/03/2022;202210;70;3955,00;;NAER;B;NFK|3117|20088|202210
3117;20131;07/03/2022;202210;50;1056,25;;NAER;C;NFK|3117|20131|202210
3117;30012;07/03/2022;202210;34;550,38;;NAER;;NFK|3117|30012|202210
3117;30077;07/03/2022;202210;55;2887,50;;NAER;;NFK|3117|30077|202210
3117;30154;07/03/2022;202210;40;675,00;;NAER;;NFK|3117|30154|202210
3117;30209;07/03/2022;202210;52;1946,75;;NAER;;NFK|3117|30209|202210
3122;10023;07/03/2022;202210;136;1615,00;;FRANCHISE;;NFK|3122|10023|202210
3122;10047;07/03/2022;202210;89;1001,25;;FRANCHISE;;NFK|3122|10047|202210
3122;10112;07/03/2022;202210;46;974,62;;FRANCHISE;;NFK|3122|10112|202210
3122;10310;07/03/2022;202210;36;967,50;;FRANCHISE;;NFK|3122|10310|202210
3122;11020;07/03/2022;202210;114;2130,38;;FRANCHISE;;NFK|3122|11020|202210
3122;11085;07/03/2022;202210;70;783,12;;FRANCHISE;;NFK|3122|11085|202210
3122;11142;07/03/2022;202210;47;1172,06;;FRANCHISE;;NFK|3122|11142|202210
3122;12004;07/03/2022;202210;49;1960,00;;FRANCHISE;;NFK|3122|12004|202210
3122;12066;07/03/2022;202210;44;2667,50;;FRANCHISE;;NFK|3122|12066|202210
3122;12190;07/03/2022;202210;35;787,50;;FRANCHISE;;NFK|3122|12190|202210
3122;20015;07/03/2022;202210;70;1780,62;;FRANCHISE;C;NFK|3122|20015|202210
3122;20041;07/03/2022;202210;86;784,75;;FRANCHISE;A;NFK|3122|20041|202210
3122;20088;07/03/2022;202210;57;3220,50;;FRANCHISE;B;NFK|3122|20088|202210
3122;20131;07/03/2022;202210;32;676,00;;FRANCHISE;C;NFK|3122|20131|202210
3122;30012;07/03/2022;202210;26;420,88;;FRANCHISE;;NFK|3122|30012|202210
3122;30077;07/03/2022;202210;37;1942,50;;FRANCHISE;;NFK|3122|30077|202210
3122;30154;07/03/2022;202210;29;489,38;;FRANCHISE;;NFK|3122|30154|202210
3122;30209;07/03/2022;202210;43;1609,81;;FRANCHISE;;NFK|3122|30209|202210
3122;99001;07/03/2022;202210;2;0,00;;FRANCHISE;;NFK|3122|99001|202210
4201;10023;07/03/2022;202210;737;8751,88;;HYPER;;NFK|4201|10023|202210
4201;10047;07/03/2022;202210;413;4646,25;;HYPER;;NFK|4201|10047|202210
4201;10112;07/03/2022;202210;293;6207,94;;HYPER;;NFK|4201|10112|202210
4201;10310;07/03/2022;202210;223;5993,12;;HYPER;;NFK|4201|10310|202210
4201;11020;07/03/2022;202210;579;10820,06;;HYPER;;NFK|4201|11020|202210
4201;11085;07/03/2022;202210;370;4139,37;;HYPER;;NFK|4201|11085|202210
4201;11142;07/03/2022;202210;280;6282,50;MP;HYPER;;NFK|4201|11142|202210
4201;12004;07/03/2022;202210;280;11200,00;;HYPER;;NFK|4201|12004|202210
4201;12066;07/03/2022;202210;231;14004,38;;HYPER;;NFK|4201|12066|202210
4201;12190;07/03/2022;202210;170;3825,00;;HYPER;;NFK|4201|12190|202210
4201;20015;07/03/2022;202210;451;11472,31;;HYPER;C;NFK|4201|20015|202210
4201;20041;07/03/2022;202210;574;5237,75;;HYPER;A;NFK|4201|20041|202210
4201;20088;07/03/2022;202210;299;16893,50;;HYPER;B;NFK|4201|20088|202210
4201;20131;07/03/2022;202210;249;4808,81;AVIS;HYPER;C;NFK|4201|20131|202210
4201;30012;07/03/2022;202210;140;2266,25;;HYPER;;NFK|4201|30012|202210
4201;30077;07/03/2022;202210;227;11917,50;;HYPER;;NFK|4201|30077|202210
4201;30154;07/03/2022;202210;278;3753,00;AVIS;HYPER;;NFK|4201|30154|202210
4201;30209;07/03/2022;202210;235;8797,81;;HYPER;;NFK|4201|30209|202210
4205;10023;07/03/2022;202210;464;5510,00;;SUPER;;NFK|4205|10023|202210
4205;10047;07/03/2022;202210;298;3352,50;;SUPER;;NFK|4205|10047|202210
4205;10112;07/03/2022;202210;169;3580,69;;SUPER;;NFK|4205|10112|202210
4205;10310;07/03/2022;202210;134;3601,25;;SUPER;;NFK|4205|10310|202210
4205;11020;07/03/2022;202210;311;5811,81;;SUPER;;NFK|4205|11020|202210
4205;11085;07/03/2022;202210;189;2114,44;;SUPER;;NFK|4205|11085|202210
4205;11142;07/03/2022;202210;168;3769,50;MP;SUPER;;NFK|4205|11142|202210
4205;12004;07/03/2022;202210;189;7560,00;;SUPER;;NFK|4205|12004|202210
4205;12066;07/03/2022;202210;145;8790,62;;SUPER;;NFK|4205|12066|202210
4205;12190;07/03/2022;202210;106;2385,00;;SUPER;;NFK|4205|12190|202210
4205;20015;07/03/2022;202210;266;6766,38;;SUPER;C;NFK|4205|20015|202210
4205;20041;07/03/2022;202210;329;3002,12;;SUPER;A;NFK|4205|20041|202210
4205;20088;07/03/2022;202210;184;10396,00;;SUPER;B;NFK|4205|20088|202210
4205;20131;07/03/2022;202210;152;2935,50;AVIS;SUPER;C;NFK|4205|20131|202210
4205;30012;07/03/2022;202210;81;1311,19;;SUPER;;NFK|4205|30012|202210
4205;30077;07/03/2022;202210;148;7770,00;;SUPER;;NFK|4205|30077|202210
4205;30154;07/03/2022;202210;192;2592,00;AVIS;SUPER;;NFK|4205|30154|202210
4205;30209;07/03/2022;202210;124;4642,25;;SUPER;;NFK|4205|30209|202210
4218;10023;07/03/2022;202210;421;4999,38;;SUPER;;NFK|4218|10023|202210
4218;10047;07/03/2022;202210;272;3060,00;;SUPER;;NFK|4218|10047|202210
4218;10112;07/03/2022;202210;179;3792,56;;SUPER;;NFK|4218|10112|202210
4218;10310;07/03/2022;202210;115;3090,62;;SUPER;;NFK|4218|10310|202210
4218;11020;07/03/2022;202210;363;6783,56;;SUPER;;NFK|4218|11020|202210
4218;11085;07/03/2022;202210;227;2539,56;;SUPER;;NFK|4218|11085|202210
4218;11142;07/03/2022;202210;161;3612,44;MP;SUPER;;NFK|4218|11142|202210
4218;12004;07/03/2022;202210;207;8280,00;;SUPER;;NFK|4218|12004|202210
4218;12066;07/03/2022;202210;157;9518,12;;SUPER;;NFK|4218|12066|202210
4218;12190;07/03/2022;202210;119;2677,50;;SUPER;;NFK|4218|12190|202210
4218;20015;07/03/2022;202210;281;7147,94;;SUPER;C;NFK|4218|20015|202210
4218;20041;07/03/2022;202210;289;2637,12;;SUPER;A;NFK|4218|20041|202210
4218;20088;07/03/2022;202210;198;11187,00;;SUPER;B;NFK|4218|20088|202210
4218;20131;07/03/2022;202210;167;3225,19;AVIS;SUPER;C;NFK|4218|20131|202210
4218;30012;07/03/2022;202210;98;1586,38;;SUPER;;NFK|4218|30012|202210
4218;30077;07/03/2022;202210;152;7980,00;;SUPER;;NFK|4218|30077|202210
4218;30154;07/03/2022;202210;214;2889,00;AVIS;SUPER;;NFK|4218|30154|202210
4218;30209;07/03/2022;202210;117;4380,19;;SUPER;;NFK|4218|30209|202210
5502;10023;07/03/2022;202210;439;5213,12;;SUPER;;NFK|5502|10023|202210
5502;10047;07/03/2022;202210;282;3172,50;;SUPER;;NFK|5502|10047|202210
5502;10112;07/03/2022;202210;164;3474,75;;SUPER;;NFK|5502|10112|202210
5502;10310;07/03/2022;202210;113;3036,88;;SUPER;;NFK|5502|10310|202210
5502;11020;07/03/2022;202210;357;6671,44;;SUPER;;NFK|5502|11020|202210
5502;11085;07/03/2022;202210;208;2327,00;;SUPER;;NFK|5502|11085|202210
5502;11142;07/03/2022;202210;185;4150,94;MP;SUPER;;NFK|5502|11142|202210
5502;12004;07/03/2022;202210;148;5920,00;;SUPER;;NFK|5502|12004|202210
5502;12066;07/03/2022;202210;137;8305,62;;SUPER;;NFK|5502|12066|202210
5502;12190;07/03/2022;202210;95;2137,50;;SUPER;;NFK|5502|12190|202210
5502;20015;07/03/2022;202210;221;5621,69;;SUPER;C;NFK|5502|20015|202210
5502;20041;07/03/2022;202210;318;2901,75;;SUPER;A;NFK|5502|20041|202210
5502;20088;07/03/2022;202210;148;8362,00;;SUPER;B;NFK|5502|20088|202210
5502;20131;07/03/2022;202210;96;2028,00;;SUPER;C;NFK|5502|20131|202210
5502;30012;07/03/2022;202210;90;1456,88;;SUPER;;NFK|5502|30012|202210
5502;30077;07/03/2022;202210;110;5775,00;;SUPER;;NFK|5502|30077|202210
5502;30154;07/03/2022;202210;176;2376,00;AVIS;SUPER;;NFK|5502|30154|202210
5502;30209;07/03/2022;202210;116;4342,75;;SUPER;;NFK|5502|30209|202210
5502;99001;07/03/2022;202210;6;0,00;;SUPER;;NFK|5502|99001|202210
5511;10023;07/03/2022;202210;165;1959,38;;PARTNER;;NFK|5511|10023|202210
5511;10047;07/03/2022;202210;99;1113,75;;PARTNER;;NFK|5511|10047|202210
5511;10112;07/03/2022;202210;59;1250,06;;PARTNER;;NFK|5511|10112|202210
5511;10310;07/03/2022;202210;51;1370,62;;PARTNER;;NFK|5511|10310|202210
5511;11020;07/03/2022;202210;135;2522,81;;PARTNER;;NFK|5511|11020|202210
5511;11085;07/03/2022;202210;64;716,00;;PARTNER;;NFK|5511|11085|202210
5511;11142;07/03/2022;202210;68;1525,75;MP;PARTNER;;NFK|5511|11142|202210
5511;12004;07/03/2022;202210;68;2720,00;;PARTNER;;NFK|5511|12004|202210
5511;12066;07/03/2022;202210;47;2849,38;;PARTNER;;NFK|5511|12066|202210
5511;12190;07/03/2022;202210;40;900,00;;PARTNER;;NFK|5511|12190|202210
5511;20015;07/03/2022;202210;85;2162,19;;PARTNER;C;NFK|5511|20015|202210
5511;20041;07/03/2022;202210;115;1049,38;;PARTNER;A;NFK|5511|20041|202210
5511;20088;07/03/2022;202210;64;3616,00;;PARTNER;B;NFK|5511|20088|202210
5511;20131;07/03/2022;202210;43;908,38;;PARTNER;C;NFK|5511|20131|202210
5511;30012;07/03/2022;202210;32;518,00;;PARTNER;;NFK|5511|30012|202210
5511;30077;07/03/2022;202210;45;2362,50;;PARTNER;;NFK|5511|30077|202210
5511;30154;07/03/2022;202210;66;891,00;AVIS;PARTNER;;NFK|5511|30154|202210
5511;30209;07/03/2022;202210;47;1759,56;;PARTNER;;NFK|5511|30209|202210
5511;99001;07/03/2022;202210;3;0,00;;PARTNER;;NFK|5511|99001|202210
9001;10023;07/03/2022;202210;22;261,25;;DEPOT;;NFK|9001|10023|202210
9001;10047;07/03/2022;202210;14;157,50;;DEPOT;;NFK|9001|10047|202210
9001;10112;07/03/2022;202210;8;169,50;;DEPOT;;NFK|9001|10112|202210
9001;10310;07/03/2022;202210;7;188,12;;DEPOT;;NFK|9001|10310|202210
9001;11020;07/03/2022;202210;18;336,37;;DEPOT;;NFK|9001|11020|202210
9001;11085;07/03/2022;202210;11;123,06;;DEPOT;;NFK|9001|11085|202210
9001;11142;07/03/2022;202210;7;174,56;;DEPOT;;NFK|9001|11142|202210
9001;12004;07/03/2022;202210;10;400,00;;DEPOT;;NFK|9001|12004|202210
9001;12066;07/03/2022;202210;6;363,75;;DEPOT;;NFK|9001|12066|202210
9001;12190;07/03/2022;202210;5;112,50;;DEPOT;;NFK|9001|12190|202210
9001;20015;07/03/2022;202210;12;305,25;;DEPOT;C;NFK|9001|20015|202210
9001;20041;07/03/2022;202210;15;136,88;;DEPOT;A;NFK|9001|20041|202210
9001;20088;07/03/2022;202210;10;565,00;;DEPOT;B;NFK|9001|20088|202210
9001;20131;07/03/2022;202210;6;126,75;;DEPOT;C;NFK|9001|20131|202210
9001;30012;07/03/2022;202210;4;64,75;;DEPOT;;NFK|9001|30012|202210
9001;30077;07/03/2022;202210;6;315,00;;DEPOT;;NFK|9001|30077|202210
9001;30154;07/03/2022;202210;5;84,38;;DEPOT;;NFK|9001|30154|202210
9001;30209;07/03/2022;202210;7;262,06;;DEPOT;;NFK|9001|30209|202210
9001;99001;07/03/2022;202210;0;0,00;;DEPOT;;NFK|9001|99001|202210
1199;10023;07/03/2022;202210;8;95,00;;SUPER;;NFK|1199|10023|202210
1199;10047;07/03/2022;202210;5;56,25;;SUPER;;NFK|1199|10047|202210
1199;10112;07/03/2022;202210;3;63,56;;SUPER;;NFK|1199|10112|202210
1199;10310;07/03/2022;202210;3;80,62;;SUPER;;NFK|1199|10310|202210
1199;11020;07/03/2022;202210;7;130,81;;SUPER;;NFK|1199|11020|202210
1199;11085;07/03/2022;202210;4;44,75;;SUPER;;NFK|1199|11085|202210
1199;11142;07/03/2022;202210;3;74,81;;SUPER;;NFK|1199|11142|202210
1199;12004;07/03/2022;202210;4;160,00;;SUPER;;NFK|1199|12004|202210
1199;12066;07/03/2022;202210;3;181,88;;SUPER;;NFK|1199|12066|202210
1199;12190;07/03/2022;202210;2;45,00;;SUPER;;NFK|1199|12190|202210
1199;20015;07/03/2022;202210;6;152,62;;SUPER;C;NFK|1199|20015|202210
1199;20041;07/03/2022;202210;6;54,75;;SUPER;A;NFK|1199|20041|202210
1199;20088;07/03/2022;202210;3;169,50;;SUPER;B;NFK|1199|20088|202210
1199;20131;07/03/2022;202210;4;77,25;AVIS;SUPER;C;NFK|1199|20131|202210
1199;30012;07/03/2022;202210;2;32,38;;SUPER;;NFK|1199|30012|202210
1199;30077;07/03/2022;202210;3;157,50;;SUPER;;NFK|1199|30077|202210
1199;30154;07/03/2022;202210;2;33,75;;SUPER;;NFK|1199|30154|202210
1199;30209;07/03/2022;202210;3;112,31;;SUPER;;NFK|1199|30209|202210
1199;99001;07/03/2022;202210;0;0,00;;SUPER;;NFK|1199|99001|202210
1101;10023;14/03/2022;202211;465;5521,88;;SUPER;;NFK|1101|10023|202211
1101;10047;14/03/2022;202211;257;2891,25;;SUPER;;NFK|1101|10047|202211
1101;10112;14/03/2022;202211;151;3199,31;;SUPER;;NFK|1101|10112|202211
1101;10310;14/03/2022;202211;116;3117,50;;SUPER;;NFK|1101|10310|202211
1101;11020;14/03/2022;202211;315;5886,56;;SUPER;;NFK|1101|11020|202211
1101;11085;14/03/2022;202211;184;2058,50;;SUPER;;NFK|1101|11085|202211
1101;11142;14/03/2022;202211;163;4064,81;;SUPER;;NFK|1101|11142|202211
1101;12004;14/03/2022;202211;212;8480,00;;SUPER;;NFK|1101|12004|202211
1101;12066;14/03/2022;202211;129;7820,62;;SUPER;;NFK|1101|12066|202211
1101;12190;14/03/2022;202211;108;2430,00;;SUPER;;NFK|1101|12190|202211
1101;20015;14/03/2022;202211;228;5799,75;;SUPER;C;NFK|1101|20015|202211
1101;20041;14/03/2022;202211;339;3093,38;;SUPER;A;NFK|1101|20041|202211
1101;20088;14/03/2022;202211;157;8870,50;;SUPER;B;NFK|1101|20088|202211
1101;20131;14/03/2022;202211;125;2640,62;;SUPER;C;NFK|1101|20131|202211
1101;30012;14/03/2022;202211;95;1537,81;;SUPER;;NFK|1101|30012|202211
1101;30077;14/03/2022;202211;153;8032,50;;SUPER;;NFK|1101|30077|202211
1101;30154;14/03/2022;202211;101;1704,38;;SUPER;;NFK|1101|30154|202211
1101;30209;14/03/2022;202211;115;4305,31;;SUPER;;NFK|1101|30209|202211
1102;10023;14/03/2022;202211;412;4892,50;;SUPER;;NFK|1102|10023|202211
1102;10047;14/03/2022;202211;232;2610,00;;SUPER;;NFK|1102|10047|202211
1102;10112;14/03/2022;202211;148;3135,75;;SUPER;;NFK|1102|10112|202211
1102;10310;14/03/2022;202211;121;3251,88;;SUPER;;NFK|1102|10310|202211
1102;11020;14/03/2022;202211;307;5737,06;;SUPER;;NFK|1102|11020|202211
1102;11085;14/03/2022;202211;215;2405,31;;SUPER;;NFK|1102|11085|202211
1102;11142;14/03/2022;202211;127;3167,06;;SUPER;;NFK|1102|11142|202211
1102;12004;14/03/2022;202211;201;8040,00;;SUPER;;NFK|1102|12004|202211
1102;12066;14/03/2022;202211;138;8366,25;;SUPER;;NFK|1102|12066|202211
1102;12190;14/03/2022;202211;89;2002,50;;SUPER;;NFK|1102|12190|202211
1102;20015;14/03/2022;202211;214;5443,62;;SUPER;C;NFK|1102|20015|202211
1102;20041;14/03/2022;202211;282;2573,25;;SUPER;A;NFK|1102|20041|202211
1102;20088;14/03/2022;202211;173;9774,50;;SUPER;B;NFK|1102|20088|202211
1102;20131;14/03/2022;202211;99;2091,38;;SUPER;C;NFK|1102|20131|202211
1102;30012;14/03/2022;202211;90;1456,88;;SUPER;;NFK|1102|30012|202211
1102;30077;14/03/2022;202211;144;7560,00;;SUPER;;NFK|1102|30077|202211
1102;30154;14/03/2022;202211;99;1670,62;;SUPER;;NFK|1102|30154|202211
1102;30209;14/03/2022;202211;110;4118,12;;SUPER;;NFK|1102|30209|202211
1103;10023;14/03/2022;202211;220;2612,50;;NAER;;NFK|1103|10023|202211
1103;10047;14/03/2022;202211;150;1687,50;;NAER;;NFK|1103|10047|202211
1103;10112;14/03/2022;202211;88;1864,50;;NAER;;NFK|1103|10112|202211
1103;10310;14/03/2022;202211;58;1558,75;;NAER;;NFK|1103|10310|202211
1103;11020;14/03/2022;202211;172;3214,25;;NAER;;NFK|1103|11020|202211
1103;11085;14/03/2022;202211;103;1152,31;;NAER;;NFK|1103|11085|202211
1103;11142;14/03/2022;202211;82;2044,87;;NAER;;NFK|1103|11142|202211
1103;12004;14/03/2022;202211;91;3640,00;;NAER;;NFK|1103|12004|202211
1103;12066;14/03/2022;202211;60;3637,50;;NAER;;NFK|1103|12066|202211
1103;12190;14/03/2022;202211;53;1192,50;;NAER;;NFK|1103|12190|202211
1103;20015;14/03/2022;202211;125;3179,69;;NAER;C;NFK|1103|20015|202211
1103;20041;14/03/2022;202211;172;1569,50;;NAER;A;NFK|1103|20041|202211
1103;20088;14/03/2022;202211;73;4124,50;;NAER;B;NFK|1103|20088|202211
1103;20131;14/03/2022;202211;60;1267,50;;NAER;C;NFK|1103|20131|202211
1103;30012;14/03/2022;202211;49;793,19;;NAER;;NFK|1103|30012|202211
1103;30077;14/03/2022;202211;60;3150,00;;NAER;;NFK|1103|30077|202211
1103;30154;14/03/2022;202211;45;759,38;;NAER;;NFK|1103|30154|202211
1103;30209;14/03/2022;202211;60;2246,25;;NAER;;NFK|1103|30209|202211
1108;10023;14/03/2022;202211;880;10450,00;;HYPER;;NFK|1108|10023|202211
1108;10047;14/03/2022;202211;577;6491,25;;HYPER;;NFK|1108|10047|202211
1108;10112;14/03/2022;202211;297;6292,69;;HYPER;;NFK|1108|10112|202211
1108;10310;14/03/2022;202211;227;6100,62;;HYPER;;NFK|1108|10310|202211
1108;11020;14/03/2022;202211;659;12315,06;;HYPER;;NFK|1108|11020|202211
1108;11085;14/03/2022;202211;415;4642,81;;HYPER;;NFK|1108|11085|202211
1108;11142;14/03/2022;202211;265;6608,44;;HYPER;;NFK|1108|11142|202211
1108;12004;14/03/2022;202211;322;12880,00;;HYPER;;NFK|1108|12004|202211
1108;12066;14/03/2022;202211;278;16853,75;;HYPER;;NFK|1108|12066|202211
1108;12190;14/03/2022;202211;170;3825,00;;HYPER;;NFK|1108|12190|202211
1108;20015;14/03/2022;202211;491;12489,81;;HYPER;C;NFK|1108|20015|202211
1108;20041;14/03/2022;202211;625;5703,12;;HYPER;A;NFK|1108|20041|202211
1108;20088;14/03/2022;202211;354;20001,00;;HYPER;B;NFK|1108|20088|202211
1108;20131;14/03/2022;202211;237;5006,62;;HYPER;C;NFK|1108|20131|202211
1108;30012;14/03/2022;202211;165;2670,94;;HYPER;;NFK|1108|30012|202211
1108;30077;14/03/2022;202211;246;12915,00;;HYPER;;NFK|1108|30077|202211
1108;30154;14/03/2022;202211;219;3695,62;;HYPER;;NFK|1108|30154|202211
1108;30209;14/03/2022;202211;220;8236,25;;HYPER;;NFK|1108|30209|202211
3104;10023;14/03/2022;202211;394;4678,75;;SUPER;;NFK|3104|10023|202211
3104;10047;14/03/2022;202211;274;3082,50;;SUPER;;NFK|3104|10047|202211
3104;10112;14/03/2022;202211;153;3241,69;;SUPER;;NFK|3104|10112|202211
3104;10310;14/03/2022;202211;104;2795,00;;SUPER;;NFK|3104|10310|202211
3104;11020;14/03/2022;202211;348;6503,25;;SUPER;;NFK|3104|11020|202211
3104;11085;14/03/2022;202211;180;2013,75;;SUPER;;NFK|3104|11085|202211
3104;11142;14/03/2022;202211;141;3516,19;;SUPER;;NFK|3104|11142|202211
3104;12004;14/03/2022;202211;171;6840,00;;SUPER;;NFK|3104|12004|202211
3104;12066;14/03/2022;202211;139;8426,88;;SUPER;;NFK|3104|12066|202211
3104;12190;14/03/2022;202211;103;2317,50;;SUPER;;NFK|3104|12190|202211
3104;20015;14/03/2022;202211;229;5825,19;;SUPER;C;NFK|3104|20015|202211
3104;20041;14/03/2022;202211;272;2482,00;;SUPER;A;NFK|3104|20041|202211
3104;20088;14/03/2022;202211;144;8136,00;;SUPER;B;NFK|3104|20088|202211
3104;20131;14/03/2022;202211;92;1943,50;;SUPER;C;NFK|3104|20131|202211
3104;30012;14/03/2022;202211;79;1278,81;;SUPER;;NFK|3104|30012|202211
3104;30077;14/03/2022;202211;122;6405,00;;SUPER;;NFK|3104|30077|202211
3104;30154;14/03/2022;202211;98;1653,75;;SUPER;;NFK|3104|30154|202211
3104;30209;14/03/2022;202211;124;4642,25;;SUPER;;NFK|3104|30209|202211
3117;10023;14/03/2022;202211;161;1911,88;;NAER;;NFK|3117|10023|202211
3117;10047;14/03/2022;202211;125;1406,25;;NAER;;NFK|3117|10047|202211
3117;10112;14/03/2022;202211;62;1313,62;;NAER;;NFK|3117|10112|202211
3117;10310;14/03/2022;202211;47;1263,12;;NAER;;NFK|3117|10310|202211
3117;11020;14/03/2022;202211;138;2578,88;;NAER;;NFK|3117|11020|202211
3117;11085;14/03/2022;202211;89;995,69;;NAER;;NFK|3117|11085|202211
3117;11142;14/03/2022;202211;72;1795,50;;NAER;;NFK|3117|11142|202211
3117;12004;14/03/2022;202211;73;2920,00;;NAER;;NFK|3117|12004|202211
3117;12066;14/03/2022;202211;63;3819,38;;NAER;;NFK|3117|12066|202211
3117;12190;14/03/2022;202211;43;967,50;;NAER;;NFK|3117|12190|202211
3117;20015;14/03/2022;202211;102;2594,62;;NAER;C;NFK|3117|20015|202211
3117;20041;14/03/2022;202211;144;1314,00;;NAER;A;NFK|3117|20041|202211
3117;20088;14/03/2022;202211;73;4124,50;;NAER;B;NFK|3117|20088|202211
3117;20131;14/03/2022;202211;51;1077,38;;NAER;C;NFK|3117|20131|202211
3117;30012;14/03/2022;202211;43;696,06;;NAER;;NFK|3117|30012|202211
3117;30077;14/03/2022;202211;65;3412,50;;NAER;;NFK|3117|30077|202211
3117;30154;14/03/2022;202211;45;759,38;;NAER;;NFK|3117|30154|202211
3117;30209;14/03/2022;202211;47;1759,56;;NAER;;NFK|3117|30209|202211
3122;10023;14/03/2022;202211;141;1674,38;;FRANCHISE;;NFK|3122|10023|202211
3122;10047;14/03/2022;202211;84;945,00;;FRANCHISE;;NFK|3122|10047|202211
3122;10112;14/03/2022;202211;52;1101,75;;FRANCHISE;;NFK|3122|10112|202211
3122;10310;14/03/2022;202211;40;1075,00;;FRANCHISE;;NFK|3122|10310|202211
3122;11020;14/03/2022;202211;100;1868,75;;FRANCHISE;;NFK|3122|11020|202211
3122;11085;14/03/2022;202211;70;783,12;;FRANCHISE;;NFK|3122|11085|202211
3122;11142;14/03/2022;202211;51;1271,81;;FRANCHISE;;NFK|3122|11142|202211
3122;12004;14/03/2022;202211;65;2600,00;;FRANCHISE;;NFK|3122|12004|202211
3122;12066;14/03/2022;202211;46;2788,75;;FRANCHISE;;NFK|3122|12066|202211
3122;12190;14/03/2022;202211;30;675,00;;FRANCHISE;;NFK|3122|12190|202211
3122;20015;14/03/2022;202211;76;1933,25;;FRANCHISE;C;NFK|3122|20015|202211
3122;20041;14/03/2022;202211;105;958,12;;FRANCHISE;A;NFK|3122|20041|202211
3122;20088;14/03/2022;202211;60;3390,00;;FRANCHISE;B;NFK|3122|20088|202211
3122;20131;14/03/2022;202211;38;802,75;;FRANCHISE;C;NFK|3122|20131|202211
3122;30012;14/03/2022;202211;28;453,25;;FRANCHISE;;NFK|3122|30012|202211
3122;30077;14/03/2022;202211;49;2572,50;;FRANCHISE;;NFK|3122|30077|202211
3122;30154;14/03/2022;202211;35;590,62;;FRANCHISE;;NFK|3122|30154|202211
3122;30209;14/03/2022;202211;43;1609,81;;FRANCHISE;;NFK|3122|30209|202211
4201;10023;14/03/2022;202211;629;7469,38;;HYPER;;NFK|4201|10023|202211
4201;10047;14/03/2022;202211;511;5748,75;;HYPER;;NFK|4201|10047|202211
4201;10112;14/03/2022;202211;294;6229,12;;HYPER;;NFK|4201|10112|202211
4201;10310;14/03/2022;202211;225;6046,88;;HYPER;;NFK|4201|10310|202211
4201;11020;14/03/2022;202211;608;11362,00;;HYPER;;NFK|4201|11020|202211
4201;11085;14/03/2022;202211;359;4016,31;;HYPER;;NFK|4201|11085|202211
4201;11142;14/03/2022;202211;233;5810,44;;HYPER;;NFK|4201|11142|202211
4201;12004;14/03/2022;202211;336;13440,00;;HYPER;;NFK|4201|12004|202211
4201;12066;14/03/2022;202211;208;12610,00;;HYPER;;NFK|4201|12066|202211
4201;12190;14/03/2022;202211;145;3262,50;;HYPER;;NFK|4201|12190|202211
4201;20015;14/03/2022;202211;420;10683,75;;HYPER;C;NFK|4201|20015|202211
4201;20041;14/03/2022;202211;508;4635,50;;HYPER;A;NFK|4201|20041|202211
4201;20088;14/03/2022;202211;278;15707,00;;HYPER;B;NFK|4201|20088|202211
4201;20131;14/03/2022;202211;171;3612,38;;HYPER;C;NFK|4201|20131|202211
4201;30012;14/03/2022;202211;185;2694,06;AVIS;HYPER;;NFK|4201|30012|202211
4201;30077;14/03/2022;202211;226;11865,00;;HYPER;;NFK|4201|30077|202211
4201;30154;14/03/2022;202211;167;2818,12;;HYPER;;NFK|4201|30154|202211
4201;30209;14/03/2022;202211;228;8535,75;;HYPER;;NFK|4201|30209|202211
4205;10023;14/03/2022;202211;465;5521,88;;SUPER;;NFK|4205|10023|202211
4205;10047;14/03/2022;202211;265;2981,25;;SUPER;;NFK|4205|10047|202211
4205;10112;14/03/2022;202211;174;3686,62;;SUPER;;NFK|4205|10112|202211
4205;10310;14/03/2022;202211;137;3681,88;;SUPER;;NFK|4205|10310|202211
4205;11020;14/03/2022;202211;300;5606,25;;SUPER;;NFK|4205|11020|202211
4205;11085;14/03/2022;202211;175;1957,81;;SUPER;;NFK|4205|11085|202211
4205;11142;14/03/2022;202211;134;3341,62;;SUPER;;NFK|4205|11142|202211
4205;12004;14/03/2022;202211;205;8200,00;;SUPER;;NFK|4205|12004|202211
4205;12066;14/03/2022;202211;136;8245,00;;SUPER;;NFK|4205|12066|202211
4205;12190;14/03/2022;202211;85;1912,50;;SUPER;;NFK|4205|12190|202211
4205;20015;14/03/2022;202211;219;5570,81;;SUPER;C;NFK|4205|20015|202211
4205;20041;14/03/2022;202211;292;2664,50;;SUPER;A;NFK|4205|20041|202211
4205;20088;14/03/2022;202211;174;9831,00;;SUPER;B;NFK|4205|20088|202211
4205;20131;14/03/2022;202211;103;2175,88;;SUPER;C;NFK|4205|20131|202211
4205;30012;14/03/2022;202211;140;2038,75;AVIS;SUPER;;NFK|4205|30012|202211
4205;30077;14/03/2022;202211;138;7245,00;;SUPER;;NFK|4205|30077|202211
4205;30154;14/03/2022;202211;112;1890,00;;SUPER;;NFK|4205|30154|202211
4205;30209;14/03/2022;202211;142;5316,12;;SUPER;;NFK|4205|30209|202211
4218;10023;14/03/2022;202211;517;6139,38;;SUPER;;NFK|4218|10023|202211
4218;10047;14/03/2022;202211;276;3105,00;;SUPER;;NFK|4218|10047|202211
4218;10112;14/03/2022;202211;157;3326,44;;SUPER;;NFK|4218|10112|202211
4218;10310;14/03/2022;202211;121;3251,88;;SUPER;;NFK|4218|10310|202211
4218;11020;14/03/2022;202211;380;7101,25;;SUPER;;NFK|4218|11020|202211
4218;11085;14/03/2022;202211;219;2450,06;;SUPER;;NFK|4218|11085|202211
4218;11142;14/03/2022;202211;172;4289,25;;SUPER;;NFK|4218|11142|202211
4218;12004;14/03/2022;202211;189;7560,00;;SUPER;;NFK|4218|12004|202211
4218;12066;14/03/2022;202211;151;9154,38;;SUPER;;NFK|4218|12066|202211
4218;12190;14/03/2022;202211;110;2475,00;;SUPER;;NFK|4218|12190|202211
4218;20015;14/03/2022;202211;242;6155,88;;SUPER;C;NFK|4218|20015|202211
4218;20041;14/03/2022;202211;340;3102,50;;SUPER;A;NFK|4218|20041|202211
4218;20088;14/03/2022;202211;156;8814,00;;SUPER;B;NFK|4218|20088|202211
4218;20131;14/03/2022;202211;123;2598,38;;SUPER;C;NFK|4218|20131|202211
4218;30012;14/03/2022;202211;123;1791,19;AVIS;SUPER;;NFK|4218|30012|202211
4218;30077;14/03/2022;202211;138;7245,00;;SUPER;;NFK|4218|30077|202211
4218;30154;14/03/2022;202211;99;1670,62;;SUPER;;NFK|4218|30154|202211
4218;30209;14/03/2022;202211;146;5465,88;;SUPER;;NFK|4218|30209|202211
5502;10023;14/03/2022;202211;376;4465,00;;SUPER;;NFK|5502|10023|202211
5502;10047;14/03/2022;202211;230;2587,50;;SUPER;;NFK|5502|10047|202211
5502;10112;14/03/2022;202211;167;3538,31;;SUPER;;NFK|5502|10112|202211
5502;10310;14/03/2022;202211;116;3117,50;;SUPER;;NFK|5502|10310|202211
5502;11020;14/03/2022;202211;348;6503,25;;SUPER;;NFK|5502|11020|202211
5502;11085;14/03/2022;202211;213;2382,94;;SUPER;;NFK|5502|11085|202211
5502;11142;14/03/2022;202211;146;3640,88;;SUPER;;NFK|5502|11142|202211
5502;12004;14/03/2022;202211;193;7720,00;;SUPER;;NFK|5502|12004|202211
5502;12066;14/03/2022;202211;132;8002,50;;SUPER;;NFK|5502|12066|202211
5502;12190;14/03/2022;202211;102;2295,00;;SUPER;;NFK|5502|12190|202211
5502;20015;14/03/2022;202211;266;6766,38;;SUPER;C;NFK|5502|20015|202211
5502;20041;14/03/2022;202211;265;2418,12;;SUPER;A;NFK|5502|20041|202211
5502;20088;14/03/2022;202211;161;9096,50;;SUPER;B;NFK|5502|20088|202211
5502;20131;14/03/2022;202211;123;2598,38;;SUPER;C;NFK|5502|20131|202211
5502;30012;14/03/2022;202211;128;1864,00;AVIS;SUPER;;NFK|5502|30012|202211
5502;30077;14/03/2022;202211;125;6562,50;;SUPER;;NFK|5502|30077|202211
5502;30154;14/03/2022;202211;107;1805,62;;SUPER;;NFK|5502|30154|202211
5502;30209;14/03/2022;202211;105;3930,94;;SUPER;;NFK|5502|30209|202211
5511;10023;14/03/2022;202211;170;2018,75;;PARTNER;;NFK|5511|10023|202211
5511;10047;14/03/2022;202211;98;1102,50;;PARTNER;;NFK|5511|10047|202211
5511;10112;14/03/2022;202211;53;1122,94;;PARTNER;;NFK|5511|10112|202211
5511;10310;14/03/2022;202211;47;1263,12;;PARTNER;;NFK|5511|10310|202211
5511;11020;14/03/2022;202211;136;2541,50;;PARTNER;;NFK|5511|11020|202211
5511;11085;14/03/2022;202211;67;749,56;;PARTNER;;NFK|5511|11085|202211
5511;11142;14/03/2022;202211;54;1346,62;;PARTNER;;NFK|5511|11142|202211
5511;12004;14/03/2022;202211;59;2360,00;;PARTNER;;NFK|5511|12004|202211
5511;12066;14/03/2022;202211;52;3152,50;;PARTNER;;NFK|5511|12066|202211
5511;12190;14/03/2022;202211;40;900,00;;PARTNER;;NFK|5511|12190|202211
5511;20015;14/03/2022;202211;101;2569,19;;PARTNER;C;NFK|5511|20015|202211
5511;20041;14/03/2022;202211;121;1104,12;;PARTNER;A;NFK|5511|20041|202211
5511;20088;14/03/2022;202211;67;3785,50;;PARTNER;B;NFK|5511|20088|202211
5511;20131;14/03/2022;202211;37;781,62;;PARTNER;C;NFK|5511|20131|202211
5511;30012;14/03/2022;202211;44;640,75;AVIS;PARTNER;;NFK|5511|30012|202211
5511;30077;14/03/2022;202211;48;2520,00;;PARTNER;;NFK|5511|30077|202211
5511;30154;14/03/2022;202211;40;675,00;;PARTNER;;NFK|5511|30154|202211
5511;30209;14/03/2022;202211;49;1834,44;;PARTNER;;NFK|5511|30209|202211
9001;10023;14/03/2022;202211;25;296,88;;DEPOT;;NFK|9001|10023|202211
9001;10047;14/03/2022;202211;14;157,50;;DEPOT;;NFK|9001|10047|202211
9001;10112;14/03/2022;202211;8;169,50;;DEPOT;;NFK|9001|10112|202211
9001;10310;14/03/2022;202211;7;188,12;;DEPOT;;NFK|9001|10310|202211
9001;11020;14/03/2022;202211;16;299,00;;DEPOT;;NFK|9001|11020|202211
9001;11085;14/03/2022;202211;11;123,06;;DEPOT;;NFK|9001|11085|202211
9001;11142;14/03/2022;202211;7;174,56;;DEPOT;;NFK|9001|11142|202211
9001;12004;14/03/2022;202211;10;400,00;;DEPOT;;NFK|9001|12004|202211
9001;12066;14/03/2022;202211;8;485,00;;DEPOT;;NFK|9001|12066|202211
9001;12190;14/03/2022;202211;6;135,00;;DEPOT;;NFK|9001|12190|202211
9001;20015;14/03/2022;202211;14;356,12;;DEPOT;C;NFK|9001|20015|202211
9001;20041;14/03/2022;202211;15;136,88;;DEPOT;A;NFK|9001|20041|202211
9001;20088;14/03/2022;202211;8;452,00;;DEPOT;B;NFK|9001|20088|202211
9001;20131;14/03/2022;202211;6;126,75;;DEPOT;C;NFK|9001|20131|202211
9001;30012;14/03/2022;202211;4;64,75;;DEPOT;;NFK|9001|30012|202211
9001;30077;14/03/2022;202211;7;367,50;;DEPOT;;NFK|9001|30077|202211
9001;30154;14/03/2022;202211;6;101,25;;DEPOT;;NFK|9001|30154|202211
9001;30209;14/03/2022;202211;7;262,06;;DEPOT;;NFK|9001|30209|202211
9001;99001;14/03/2022;202211;0;0,00;;DEPOT;;NFK|9001|99001|202211
1101;10023;21/03/2022;202212;509;6044,38;;SUPER;;NFK|1101|10023|202212
1101;10047;21/03/2022;202212;294;3307,50;;SUPER;;NFK|1101|10047|202212
1101;10112;21/03/2022;202212;152;3220,50;;SUPER;;NFK|1101|10112|202212
1101;10310;21/03/2022;202212;143;3843,12;;SUPER;;NFK|1101|10310|202212
1101;11020;21/03/2022;202212;380;7101,25;;SUPER;;NFK|1101|11020|202212
1101;11085;21/03/2022;202212;232;2595,50;;SUPER;;NFK|1101|11085|202212
1101;11142;21/03/2022;202212;134;3341,62;;SUPER;;NFK|1101|11142|202212
1101;12004;21/03/2022;202212;218;7412,00;MP;SUPER;;NFK|1101|12004|202212
1101;12066;21/03/2022;202212;128;7760,00;;SUPER;;NFK|1101|12066|202212
1101;12190;21/03/2022;202212;114;2565,00;;SUPER;;NFK|1101|12190|202212
1101;20015;21/03/2022;202212;262;6664,62;;SUPER;C;NFK|1101|20015|202212
1101;20041;21/03/2022;202212;295;2691,88;;SUPER;A;NFK|1101|20041|202212
1101;20088;21/03/2022;202212;186;10509,00;;SUPER;B;NFK|1101|20088|202212
1101;20131;21/03/2022;202212;115;2429,38;;SUPER;C;NFK|1101|20131|202212
1101;30012;21/03/2022;202212;87;1408,31;;SUPER;;NFK|1101|30012|202212
1101;30077;21/03/2022;202212;164;8610,00;;SUPER;;NFK|1101|30077|202212
1101;30154;21/03/2022;202212;112;1890,00;;SUPER;;NFK|1101|30154|202212
1101;30209;21/03/2022;202212;142;5316,12;;SUPER;;NFK|1101|30209|202212
1102;10023;21/03/2022;202212;424;5035,00;;SUPER;;NFK|1102|10023|202212
1102;10047;21/03/2022;202212;292;3285,00;;SUPER;;NFK|1102|10047|202212
1102;10112;21/03/2022;202212;132;2796,75;;SUPER;;NFK|1102|10112|202212
1102;10310;21/03/2022;202212;125;3359,38;;SUPER;;NFK|1102|10310|202212
1102;11020;21/03/2022;202212;292;5456,75;;SUPER;;NFK|1102|11020|202212
1102;11085;21/03/2022;202212;208;2327,00;;SUPER;;NFK|1102|11085|202212
1102;11142;21/03/2022;202212;158;3940,12;;SUPER;;NFK|1102|11142|202212
1102;12004;21/03/2022;202212;220;7480,00;MP;SUPER;;NFK|1102|12004|202212
1102;12066;21/03/2022;202212;143;8669,38;;SUPER;;NFK|1102|12066|202212
1102;12190;21/03/2022;202212;100;2250,00;;SUPER;;NFK|1102|12190|202212
1102;20015;21/03/2022;202212;227;5774,31;;SUPER;C;NFK|1102|20015|202212
1102;20041;21/03/2022;202212;311;2837,88;;SUPER;A;NFK|1102|20041|202212
1102;20088;21/03/2022;202212;150;8475,00;;SUPER;B;NFK|1102|20088|202212
1102;20131;21/03/2022;202212;126;2661,75;;SUPER;C;NFK|1102|20131|202212
1102;30012;21/03/2022;202212;80;1295,00;;SUPER;;NFK|1102|30012|202212
1102;30077;21/03/2022;202212;143;7507,50;;SUPER;;NFK|1102|30077|202212
1102;30154;21/03/2022;202212;88;1485,00;;SUPER;;NFK|1102|30154|202212
1102;30209;21/03/2022;202212;128;4792,00;;SUPER;;NFK|1102|30209|202212
1102;99001;21/03/2022;202212;6;0,00;;SUPER;;NFK|1102|99001|202212
1103;10023;21/03/2022;202212;212;2517,50;;NAER;;NFK|1103|10023|202212
1103;10047;21/03/2022;202212;134;1507,50;;NAER;;NFK|1103|10047|202212
1103;10112;21/03/2022;202212;72;1525,50;;NAER;;NFK|1103|10112|202212
1103;10310;21/03/2022;202212;72;1935,00;;NAER;;NFK|1103|10310|202212
1103;11020;21/03/2022;202212;165;3083,44;;NAER;;NFK|1103|11020|202212
1103;11085;21/03/2022;202212;101;1129,94;;NAER;;NFK|1103|11085|202212
1103;11142;21/03/2022;202212;81;2019,94;;NAER;;NFK|1103|11142|202212
1103;12004;21/03/2022;202212;119;4046,00;MP;NAER;;NFK|1103|12004|202212
1103;12066;21/03/2022;202212;68;4122,50;;NAER;;NFK|1103|12066|202212
1103;12190;21/03/2022;202212;58;1305,00;;NAER;;NFK|1103|12190|202212
1103;20015;21/03/2022;202212;113;2874,44;;NAER;C;NFK|1103|20015|202212
1103;20041;21/03/2022;202212;171;1560,38;;NAER;A;NFK|1103|20041|202212
1103;20088;21/03/2022;202212;86;4859,00;;NAER;B;NFK|1103|20088|202212
1103;20131;21/03/2022;202212;56;1183,00;;NAER;C;NFK|1103|20131|202212
1103;30012;21/03/2022;202212;42;679,88;;NAER;;NFK|1103|30012|202212
1103;30077;21/03/2022;202212;67;3517,50;;NAER;;NFK|1103|30077|202212
1103;30154;21/03/2022;202212;50;843,75;;NAER;;NFK|1103|30154|202212
1103;30209;21/03/2022;202212;60;2246,25;;NAER;;NFK|1103|30209|202212
1108;10023;21/03/2022;202212;776;9215,00;;HYPER;;NFK|1108|10023|202212
1108;10047;21/03/2022;202212;470;5287,50;;HYPER;;NFK|1108|10047|202212
1108;10112;21/03/2022;202212;319;6758,81;;HYPER;;NFK|1108|10112|202212
1108;10310;21/03/2022;202212;219;5885,62;;HYPER;;NFK|1108|10310|202212
1108;11020;21/03/2022;202212;724;13529,75;;HYPER;;NFK|1108|11020|202212
1108;11085;21/03/2022;202212;408;4564,50;;HYPER;;NFK|1108|11085|202212
1108;11142;21/03/2022;202212;327;8154,56;;HYPER;;NFK|1108|11142|202212
1108;12004;21/03/2022;202212;478;16252,00;MP;HYPER;;NFK|1108|12004|202212
1108;12066;21/03/2022;202212;248;15035,00;;HYPER;;NFK|1108|12066|202212
1108;12190;21/03/2022;202212;180;4050,00;;HYPER;;NFK|1108|12190|202212
1108;20015;21/03/2022;202212;496;12617,00;;HYPER;C;NFK|1108|20015|202212
1108;20041;21/03/2022;202212;683;6232,38;;HYPER;A;NFK|1108|20041|202212
1108;20088;21/03/2022;202212;322;18193,00;;HYPER;B;NFK|1108|20088|202212
1108;20131;21/03/2022;202212;0;0,00;;HYPER;C;NFK|1108|20131|202212
1108;30012;21/03/2022;202212;169;2735,69;;HYPER;;NFK|1108|30012|202212
1108;30077;21/03/2022;202212;245;12862,50;;HYPER;;NFK|1108|30077|202212
1108;30154;21/03/2022;202212;169;2851,88;;HYPER;;NFK|1108|30154|202212
1108;30209;21/03/2022;202212;218;8161,37;;HYPER;;NFK|1108|30209|202212
1108;99001;21/03/2022;202212;13;0,00;;HYPER;;NFK|1108|99001|202212
3104;10023;21/03/2022;202212;403;4785,62;;SUPER;;NFK|3104|10023|202212
3104;10047;21/03/2022;202212;266;2992,50;;SUPER;;NFK|3104|10047|202212
3104;10112;21/03/2022;202212;146;3093,38;;SUPER;;NFK|3104|10112|202212
3104;10310;21/03/2022;202212;104;2795,00;;SUPER;;NFK|3104|10310|202212
3104;11020;21/03/2022;202212;290;5419,38;;SUPER;;NFK|3104|11020|202212
3104;11085;21/03/2022;202212;197;2203,94;;SUPER;;NFK|3104|11085|202212
3104;11142;21/03/2022;202212;140;3491,25;;SUPER;;NFK|3104|11142|202212
3104;12004;21/03/2022;202212;167;6680,00;;SUPER;;NFK|3104|12004|202212
3104;12066;21/03/2022;202212;136;8245,00;;SUPER;;NFK|3104|12066|202212
3104;12190;21/03/2022;202212;102;2295,00;;SUPER;;NFK|3104|12190|202212
3104;20015;21/03/2022;202212;214;5443,62;;SUPER;C;NFK|3104|20015|202212
3104;20041;21/03/2022;202212;293;2673,62;;SUPER;A;NFK|3104|20041|202212
3104;20088;21/03/2022;202212;173;9774,50;;SUPER;B;NFK|3104|20088|202212
3104;20131;21/03/2022;202212;98;2070,25;;SUPER;C;NFK|3104|20131|202212
3104;30012;21/03/2022;202212;75;1214,06;;SUPER;;NFK|3104|30012|202212
3104;30077;21/03/2022;202212;132;6930,00;;SUPER;;NFK|3104|30077|202212
3104;30154;21/03/2022;202212;86;1451,25;;SUPER;;NFK|3104|30154|202212
3104;30209;21/03/2022;202212;113;4230,44;;SUPER;;NFK|3104|30209|202212
3117;10023;21/03/2022;202212;213;2529,38;;NAER;;NFK|3117|10023|202212
3117;10047;21/03/2022;202212;133;1496,25;;NAER;;NFK|3117|10047|202212
3117;10112;21/03/2022;202212;59;1250,06;;NAER;;NFK|3117|10112|202212
3117;10310;21/03/2022;202212;54;1451,25;;NAER;;NFK|3117|10310|202212
3117;11020;21/03/2022;202212;168;3139,50;;NAER;;NFK|3117|11020|202212
3117;11085;21/03/2022;202212;77;861,44;;NAER;;NFK|3117|11085|202212
3117;11142;21/03/2022;202212;70;1745,62;;NAER;;NFK|3117|11142|202212
3117;12004;21/03/2022;202212;86;3440,00;;NAER;;NFK|3117|12004|202212
3117;12066;21/03/2022;202212;53;3213,12;;NAER;;NFK|3117|12066|202212
3117;12190;21/03/2022;202212;40;900,00;;NAER;;NFK|3117|12190|202212
3117;20015;21/03/2022;202212;114;2899,88;;NAER;C;NFK|3117|20015|202212
3117;20041;21/03/2022;202212;135;1231,88;;NAER;A;NFK|3117|20041|202212
3117;20088;21/03/2022;202212;0;0,00;;NAER;B;NFK|3117|20088|202212
3117;20131;21/03/2022;202212;55;1161,88;;NAER;C;NFK|3117|20131|202212
3117;30012;21/03/2022;202212;40;647,50;;NAER;;NFK|3117|30012|202212
3117;30077;21/03/2022;202212;58;3045,00;;NAER;;NFK|3117|30077|202212
3117;30154;21/03/2022;202212;44;742,50;;NAER;;NFK|3117|30154|202212
3117;30209;21/03/2022;202212;48;1797,00;;NAER;;NFK|3117|30209|202212
3117;99001;21/03/2022;202212;3;0,00;;NAER;;NFK|3117|99001|202212
3122;10023;21/03/2022;202212;126;1496,25;;FRANCHISE;;NFK|3122|10023|202212
3122;10047;21/03/2022;202212;99;1113,75;;FRANCHISE;;NFK|3122|10047|202212
3122;10112;21/03/2022;202212;50;1059,38;;FRANCHISE;;NFK|3122|10112|202212
3122;10310;21/03/2022;202212;43;1155,62;;FRANCHISE;;NFK|3122|10310|202212
3122;11020;21/03/2022;202212;112;2093,00;;FRANCHISE;;NFK|3122|11020|202212
3122;11085;21/03/2022;202212;56;626,50;;FRANCHISE;;NFK|3122|11085|202212
3122;11142;21/03/2022;202212;42;1047,38;;FRANCHISE;;NFK|3122|11142|202212
3122;12004;21/03/2022;202212;59;2360,00;;FRANCHISE;;NFK|3122|12004|202212
3122;12066;21/03/2022;202212;46;2788,75;;FRANCHISE;;NFK|3122|12066|202212
3122;12190;21/03/2022;202212;27;607,50;;FRANCHISE;;NFK|3122|12190|202212
3122;20015;21/03/2022;202212;87;2213,06;;FRANCHISE;C;NFK|3122|20015|202212
3122;20041;21/03/2022;202212;102;930,75;;FRANCHISE;A;NFK|3122|20041|202212
3122;20088;21/03/2022;202212;56;3164,00;;FRANCHISE;B;NFK|3122|20088|202212
3122;20131;21/03/2022;202212;40;845,00;;FRANCHISE;C;NFK|3122|20131|202212
3122;30012;21/03/2022;202212;31;501,81;;FRANCHISE;;NFK|3122|30012|202212
3122;30077;21/03/2022;202212;47;2467,50;;FRANCHISE;;NFK|3122|30077|202212
3122;30154;21/03/2022;202212;33;556,88;;FRANCHISE;;NFK|3122|30154|202212
3122;30209;21/03/2022;202212;37;1385,19;;FRANCHISE;;NFK|3122|30209|202212
4201;10023;21/03/2022;202212;751;8918,12;;HYPER;;NFK|4201|10023|202212
4201;10047;21/03/2022;202212;458;5152,50;;HYPER;;NFK|4201|10047|202212
4201;10112;21/03/2022;202212;268;5678,25;;HYPER;;NFK|4201|10112|202212
4201;10310;21/03/2022;202212;196;5267,50;;HYPER;;NFK|4201|10310|202212
4201;11020;21/03/2022;202212;622;11623,62;;HYPER;;NFK|4201|11020|202212
4201;11085;21/03/2022;202212;340;3803,75;;HYPER;;NFK|4201|11085|202212
4201;11142;21/03/2022;202212;217;5411,44;;HYPER;;NFK|4201|11142|202212
4201;12004;21/03/2022;202212;454;15436,00;MP;HYPER;;NFK|4201|12004|202212
4201;12066;21/03/2022;202212;249;15095,62;;HYPER;;NFK|4201|12066|202212
4201;12190;21/03/2022;202212;167;3757,50;;HYPER;;NFK|4201|12190|202212
4201;20015;21/03/2022;202212;461;11726,69;;HYPER;C;NFK|4201|20015|202212
4201;20041;21/03/2022;202212;546;4982,25;;HYPER;A;NFK|4201|20041|202212
4201;20088;21/03/2022;202212;322;18193,00;;HYPER;B;NFK|4201|20088|202212
4201;20131;21/03/2022;202212;182;3844,75;;HYPER;C;NFK|4201|20131|202212
4201;30012;21/03/2022;202212;153;2476,69;;HYPER;;NFK|4201|30012|202212
4201;30077;21/03/2022;202212;228;11970,00;;HYPER;;NFK|4201|30077|202212
4201;30154;21/03/2022;202212;163;2750,62;;HYPER;;NFK|4201|30154|202212
4201;30209;21/03/2022;202212;234;8760,38;;HYPER;;NFK|4201|30209|202212
4205;10023;21/03/2022;202212;480;5700,00;;SUPER;;NFK|4205|10023|202212
4205;10047;21/03/2022;202212;269;3026,25;;SUPER;;NFK|4205|10047|202212
4205;10112;21/03/2022;202212;175;3707,81;;SUPER;;NFK|4205|10112|202212
4205;10310;21/03/2022;202212;112;3010,00;;SUPER;;NFK|4205|10310|202212
4205;11020;21/03/2022;202212;382;7138,62;;SUPER;;NFK|4205|11020|202212
4205;11085;21/03/2022;202212;177;1980,19;;SUPER;;NFK|4205|11085|202212
4205;11142;21/03/2022;202212;167;4164,56;;SUPER;;NFK|4205|11142|202212
4205;12004;21/03/2022;202212;214;7276,00;MP;SUPER;;NFK|4205|12004|202212
4205;12066;21/03/2022;202212;156;9457,50;;SUPER;;NFK|4205|12066|202212
4205;12190;21/03/2022;202212;94;2115,00;;SUPER;;NFK|4205|12190|202212
4205;20015;21/03/2022;202212;227;5774,31;;SUPER;C;NFK|4205|20015|202212
4205;20041;21/03/2022;202212;326;2974,75;;SUPER;A;NFK|4205|20041|202212
4205;20088;21/03/2022;202212;151;8531,50;;SUPER;B;NFK|4205|20088|202212
4205;20131;21/03/2022;202212;126;2661,75;;SUPER;C;NFK|4205|20131|202212
4205;30012;21/03/2022;202212;100;1618,75;;SUPER;;NFK|4205|30012|202212
4205;30077;21/03/2022;202212;141;7402,50;;SUPER;;NFK|4205|30077|202212
4205;30154;21/03/2022;202212;108;1822,50;;SUPER;;NFK|4205|30154|202212
4205;30209;21/03/2022;202212;0;0,00;;SUPER;;NFK|4205|30209|202212
4218;10023;21/03/2022;202212;425;5046,88;;SUPER;;NFK|4218|10023|202212
4218;10047;21/03/2022;202212;327;3678,75;;SUPER;;NFK|4218|10047|202212
4218;10112;21/03/2022;202212;162;3432,38;;SUPER;;NFK|4218|10112|202212
4218;10310;21/03/2022;202212;130;3493,75;;SUPER;;NFK|4218|10310|202212
4218;11020;21/03/2022;202212;389;7269,44;;SUPER;;NFK|4218|11020|202212
4218;11085;21/03/2022;202212;188;2103,25;;SUPER;;NFK|4218|11085|202212
4218;11142;21/03/2022;202212;169;4214,44;;SUPER;;NFK|4218|11142|202212
4218;12004;21/03/2022;202212;233;7922,00;MP;SUPER;;NFK|4218|12004|202212
4218;12066;21/03/2022;202212;149;9033,12;;SUPER;;NFK|4218|12066|202212
4218;12190;21/03/2022;202212;95;2137,50;;SUPER;;NFK|4218|12190|202212
4218;20015;21/03/2022;202212;237;6028,69;;SUPER;C;NFK|4218|20015|202212
4218;20041;21/03/2022;202212;380;3467,50;;SUPER;A;NFK|4218|20041|202212
4218;20088;21/03/2022;202212;193;10904,50;;SUPER;B;NFK|4218|20088|202212
4218;20131;21/03/2022;202212;115;2429,38;;SUPER;C;NFK|4218|20131|202212
4218;30012;21/03/2022;202212;94;1521,62;;SUPER;;NFK|4218|30012|202212
4218;30077;21/03/2022;202212;160;8400,00;;SUPER;;NFK|4218|30077|202212
4218;30154;21/03/2022;202212;122;2058,75;;SUPER;;NFK|4218|30154|202212
4218;30209;21/03/2022;202212;146;5465,88;;SUPER;;NFK|4218|30209|202212
5502;10023;21/03/2022;202212;441;5236,88;;SUPER;;NFK|5502|10023|202212
5502;10047;21/03/2022;202212;238;2677,50;;SUPER;;NFK|5502|10047|202212
5502;10112;21/03/2022;202212;165;3495,94;;SUPER;;NFK|5502|10112|202212
5502;10310;21/03/2022;202212;130;3493,75;;SUPER;;NFK|5502|10310|202212
5502;11020;21/03/2022;202212;313;5849,19;;SUPER;;NFK|5502|11020|202212
5502;11085;21/03/2022;202212;189;2114,44;;SUPER;;NFK|5502|11085|202212
5502;11142;21/03/2022;202212;125;3117,19;;SUPER;;NFK|5502|11142|202212
5502;12004;21/03/2022;202212;193;7720,00;;SUPER;;NFK|5502|12004|202212
5502;12066;21/03/2022;202212;133;8063,12;;SUPER;;NFK|5502|12066|202212
5502;12190;21/03/2022;202212;83;1867,50;;SUPER;;NFK|5502|12190|202212
5502;20015;21/03/2022;202212;259;6588,31;;SUPER;C;NFK|5502|20015|202212
5502;20041;21/03/2022;202212;322;2938,25;;SUPER;A;NFK|5502|20041|202212
5502;20088;21/03/2022;202212;161;9096,50;;SUPER;B;NFK|5502|20088|202212
5502;20131;21/03/2022;202212;95;2006,88;;SUPER;C;NFK|5502|20131|202212
5502;30012;21/03/2022;202212;94;1521,62;;SUPER;;NFK|5502|30012|202212
5502;30077;21/03/2022;202212;122;6405,00;;SUPER;;NFK|5502|30077|202212
5502;30154;21/03/2022;202212;103;1738,12;;SUPER;;NFK|5502|30154|202212
5502;30209;21/03/2022;202212;110;4118,12;;SUPER;;NFK|5502|30209|202212
5511;10023;21/03/2022;202212;145;1721,88;;PARTNER;;NFK|5511|10023|202212
5511;10047;21/03/2022;202212;105;1181,25;;PARTNER;;NFK|5511|10047|202212
5511;10112;21/03/2022;202212;66;1398,38;;PARTNER;;NFK|5511|10112|202212
5511;10310;21/03/2022;202212;43;1155,62;;PARTNER;;NFK|5511|10310|202212
5511;11020;21/03/2022;202212;114;2130,38;;PARTNER;;NFK|5511|11020|202212
5511;11085;21/03/2022;202212;67;749,56;;PARTNER;;NFK|5511|11085|202212
5511;11142;21/03/2022;202212;47;1172,06;;PARTNER;;NFK|5511|11142|202212
5511;12004;21/03/2022;202212;76;3040,00;;PARTNER;;NFK|5511|12004|202212
5511;12066;21/03/2022;202212;44;2667,50;;PARTNER;;NFK|5511|12066|202212
5511;12190;21/03/2022;202212;34;765,00;;PARTNER;;NFK|5511|12190|202212
5511;20015;21/03/2022;202212;82;2085,88;;PARTNER;C;NFK|5511|20015|202212
5511;20041;21/03/2022;202212;106;967,25;;PARTNER;A;NFK|5511|20041|202212
5511;20088;21/03/2022;202212;54;3051,00;;PARTNER;B;NFK|5511|20088|202212
5511;20131;21/03/2022;202212;47;992,88;;PARTNER;C;NFK|5511|20131|202212
5511;30012;21/03/2022;202212;31;501,81;;PARTNER;;NFK|5511|30012|202212
5511;30077;21/03/2022;202212;46;2415,00;;PARTNER;;NFK|5511|30077|202212
5511;30154;21/03/2022;202212;35;590,62;;PARTNER;;NFK|5511|30154|202212
5511;30209;21/03/2022;202212;49;1834,44;;PARTNER;;NFK|5511|30209|202212
9001;10023;21/03/2022;202212;22;261,25;;DEPOT;;NFK|9001|10023|202212
9001;10047;21/03/2022;202212;15;168,75;;DEPOT;;NFK|9001|10047|202212
9001;10112;21/03/2022;202212;7;148,31;;DEPOT;;NFK|9001|10112|202212
9001;10310;21/03/2022;202212;6;161,25;;DEPOT;;NFK|9001|10310|202212
9001;11020;21/03/2022;202212;18;336,37;;DEPOT;;NFK|9001|11020|202212
9001;11085;21/03/2022;202212;11;123,06;;DEPOT;;NFK|9001|11085|202212
9001;11142;21/03/2022;202212;8;199,50;;DEPOT;;NFK|9001|11142|202212
9001;12004;21/03/2022;202212;10;400,00;;DEPOT;;NFK|9001|12004|202212
9001;12066;21/03/2022;202212;8;485,00;;DEPOT;;NFK|9001|12066|202212
9001;12190;21/03/2022;202212;5;112,50;;DEPOT;;NFK|9001|12190|202212
9001;20015;21/03/2022;202212;13;330,69;;DEPOT;C;NFK|9001|20015|202212
9001;20041;21/03/2022;202212;16;146,00;;DEPOT;A;NFK|9001|20041|202212
9001;20088;21/03/2022;202212;8;452,00;;DEPOT;B;NFK|9001|20088|202212
9001;20131;21/03/2022;202212;5;105,62;;DEPOT;C;NFK|9001|20131|202212
9001;30012;21/03/2022;202212;5;80,94;;DEPOT;;NFK|9001|30012|202212
9001;30077;21/03/2022;202212;7;367,50;;DEPOT;;NFK|9001|30077|202212
9001;30154;21/03/2022;202212;5;84,38;;DEPOT;;NFK|9001|30154|202212
9001;30209;21/03/2022;202212;7;262,06;;DEPOT;;NFK|9001|30209|202212
9001;99001;21/03/2022;202212;0;0,00;;DEPOT;;NFK|9001|99001|202212
1199;10023;21/03/2022;202212;9;106,88;;SUPER;;NFK|1199|10023|202212
1199;10047;21/03/2022;202212;5;56,25;;SUPER;;NFK|1199|10047|202212
1199;10112;21/03/2022;202212;3;63,56;;SUPER;;NFK|1199|10112|202212
1199;10310;21/03/2022;202212;3;80,62;;SUPER;;NFK|1199|10310|202212
1199;11020;21/03/2022;202212;7;130,81;;SUPER;;NFK|1199|11020|202212
1199;11085;21/03/2022;202212;5;55,94;;SUPER;;NFK|1199|11085|202212
1199;11142;21/03/2022;202212;3;74,81;;SUPER;;NFK|1199|11142|202212
1199;12004;21/03/2022;202212;5;170,00;MP;SUPER;;NFK|1199|12004|202212
1199;12066;21/03/2022;202212;3;181,88;;SUPER;;NFK|1199|12066|202212
1199;12190;21/03/2022;202212;2;45,00;;SUPER;;NFK|1199|12190|202212
1199;20015;21/03/2022;202212;5;127,19;;SUPER;C;NFK|1199|20015|202212
1199;20041;21/03/2022;202212;7;63,88;;SUPER;A;NFK|1199|20041|202212
1199;20088;21/03/2022;202212;4;226,00;;SUPER;B;NFK|1199|20088|202212
1199;20131;21/03/2022;202212;2;42,25;;SUPER;C;NFK|1199|20131|202212
1199;30012;21/03/2022;202212;2;32,38;;SUPER;;NFK|1199|30012|202212
1199;30077;21/03/2022;202212;3;157,50;;SUPER;;NFK|1199|30077|202212
1199;30154;21/03/2022;202212;2;33,75;;SUPER;;NFK|1199|30154|202212
1199;30209;21/03/2022;202212;2;74,88;;SUPER;;NFK|1199|30209|202212
1101;10023;28/03/2022;202213;515;6115,62;;SUPER;;NFK|1101|10023|202213
1101;10047;28/03/2022;202213;296;3330,00;;SUPER;;NFK|1101|10047|202213
1101;10112;28/03/2022;202213;184;3898,50;;SUPER;;NFK|1101|10112|202213
1101;10310;28/03/2022;202213;130;3493,75;;SUPER;;NFK|1101|10310|202213
1101;11020;28/03/2022;202213;377;7045,19;;SUPER;;NFK|1101|11020|202213
1101;11085;28/03/2022;202213;186;2080,88;;SUPER;;NFK|1101|11085|202213
1101;11142;28/03/2022;202213;159;3965,06;;SUPER;;NFK|1101|11142|202213
1101;12004;28/03/2022;202213;221;8840,00;;SUPER;;NFK|1101|12004|202213
1101;12066;28/03/2022;202213;230;9340,88;MP;SUPER;;NFK|1101|12066|202213
1101;12190;28/03/2022;202213;106;2385,00;;SUPER;;NFK|1101|12190|202213
1101;20015;28/03/2022;202213;263;6690,06;;SUPER;C;NFK|1101|20015|202213
1101;20041;28/03/2022;202213;310;2828,75;;SUPER;A;NFK|1101|20041|202213
1101;20088;28/03/2022;202213;165;9322,50;;SUPER;B;NFK|1101|20088|202213
1101;20131;28/03/2022;202213;111;2344,88;;SUPER;C;NFK|1101|20131|202213
1101;30012;28/03/2022;202213;93;1505,44;;SUPER;;NFK|1101|30012|202213
1101;30077;28/03/2022;202213;142;7455,00;;SUPER;;NFK|1101|30077|202213
1101;30154;28/03/2022;202213;148;1998,00;MP;SUPER;;NFK|1101|30154|202213
1101;30209;28/03/2022;202213;137;5128,94;;SUPER;;NFK|1101|30209|202213
1102;10023;28/03/2022;202213;383;4548,12;;SUPER;;NFK|1102|10023|202213
1102;10047;28/03/2022;202213;297;3341,25;;SUPER;;NFK|1102|10047|202213
1102;10112;28/03/2022;202213;141;2987,44;;SUPER;;NFK|1102|10112|202213
1102;10310;28/03/2022;202213;136;3655,00;;SUPER;;NFK|1102|10310|202213
1102;11020;28/03/2022;202213;371;6933,06;;SUPER;;NFK|1102|11020|202213
1102;11085;28/03/2022;202213;171;1913,06;;SUPER;;NFK|1102|11085|202213
1102;11142;28/03/2022;202213;139;3466,31;;SUPER;;NFK|1102|11142|202213
1102;12004;28/03/2022;202213;180;7200,00;;SUPER;;NFK|1102|12004|202213
1102;12066;28/03/2022;202213;0;0,00;MP;SUPER;;NFK|1102|12066|202213
1102;12190;28/03/2022;202213;90;2025,00;;SUPER;;NFK|1102|12190|202213
1102;20015;28/03/2022;202213;241;6130,44;;SUPER;C;NFK|1102|20015|202213
1102;20041;28/03/2022;202213;340;3102,50;;SUPER;A;NFK|1102|20041|202213
1102;20088;28/03/2022;202213;147;8305,50;;SUPER;B;NFK|1102|20088|202213
1102;20131;28/03/2022;202213;125;2640,62;;SUPER;C;NFK|1102|20131|202213
1102;30012;28/03/2022;202213;87;1408,31;;SUPER;;NFK|1102|30012|202213
1102;30077;28/03/2022;202213;135;7087,50;;SUPER;;NFK|1102|30077|202213
1102;30154;28/03/2022;202213;140;1890,00;MP;SUPER;;NFK|1102|30154|202213
1102;30209;28/03/2022;202213;127;4754,56;;SUPER;;NFK|1102|30209|202213
1103;10023;28/03/2022;202213;225;2671,88;;NAER;;NFK|1103|10023|202213
1103;10047;28/03/2022;202213;154;1732,50;;NAER;;NFK|1103|10047|202213
1103;10112;28/03/2022;202213;76;1610,25;;NAER;;NFK|1103|10112|202213
1103;10310;28/03/2022;202213;61;1639,38;;NAER;;NFK|1103|10310|202213
1103;11020;28/03/2022;202213;176;3289,00;;NAER;;NFK|1103|11020|202213
1103;11085;28/03/2022;202213;90;1006,87;;NAER;;NFK|1103|11085|202213
1103;11142;28/03/2022;202213;72;1795,50;;NAER;;NFK|1103|11142|202213
1103;12004;28/03/2022;202213;88;3520,00;;NAER;;NFK|1103|12004|202213
1103;12066;28/03/2022;202213;103;4183,09;MP;NAER;;NFK|1103|12066|202213
1103;12190;28/03/2022;202213;52;1170,00;;NAER;;NFK|1103|12190|202213
1103;20015;28/03/2022;202213;129;3281,44;;NAER;C;NFK|1103|20015|202213
1103;20041;28/03/2022;202213;156;1423,50;;NAER;A;NFK|1103|20041|202213
1103;20088;28/03/2022;202213;82;4633,00;;NAER;B;NFK|1103|20088|202213
1103;20131;28/03/2022;202213;60;1267,50;;NAER;C;NFK|1103|20131|202213
1103;30012;28/03/2022;202213;51;825,56;;NAER;;NFK|1103|30012|202213
1103;30077;28/03/2022;202213;69;3622,50;;NAER;;NFK|1103|30077|202213
1103;30154;28/03/2022;202213;78;1053,00;MP;NAER;;NFK|1103|30154|202213
1103;30209;28/03/2022;202213;64;2396,00;;NAER;;NFK|1103|30209|202213
1103;99001;28/03/2022;202213;3;0,00;;NAER;;NFK|1103|99001|202213
1108;10023;28/03/2022;202213;781;9274,38;;HYPER;;NFK|1108|10023|202213
1108;10047;28/03/2022;202213;586;6592,50;;HYPER;;NFK|1108|10047|202213
1108;10112;28/03/2022;202213;343;7267,31;;HYPER;;NFK|1108|10112|202213
1108;10310;28/03/2022;202213;241;6476,88;;HYPER;;NFK|1108|10310|202213
1108;11020;28/03/2022;202213;770;14389,38;;HYPER;;NFK|1108|11020|202213
1108;11085;28/03/2022;202213;364;4072,25;;HYPER;;NFK|1108|11085|202213
1108;11142;28/03/2022;202213;255;6359,06;;HYPER;;NFK|1108|11142|202213
1108;12004;28/03/2022;202213;379;15160,00;;HYPER;;NFK|1108|12004|202213
1108;12066;28/03/2022;202213;449;18235,01;MP;HYPER;;NFK|1108|12066|202213
1108;12190;28/03/2022;202213;207;4657,50;;HYPER;;NFK|1108|12190|202213
1108;20015;28/03/2022;202213;480;12210,00;;HYPER;C;NFK|1108|20015|202213
1108;20041;28/03/2022;202213;639;5830,88;;HYPER;A;NFK|1108|20041|202213
1108;20088;28/03/2022;202213;353;19944,50;;HYPER;B;NFK|1108|20088|202213
1108;20131;28/03/2022;202213;222;4689,75;;HYPER;C;NFK|1108|20131|202213
1108;30012;28/03/2022;202213;196;3172,75;;HYPER;;NFK|1108|30012|202213
1108;30077;28/03/2022;202213;249;13072,50;;HYPER;;NFK|1108|30077|202213
1108;30154;28/03/2022;202213;302;4077,00;MP;HYPER;;NFK|1108|30154|202213
1108;30209;28/03/2022;202213;279;10445,06;;HYPER;;NFK|1108|30209|202213
3104;10023;28/03/2022;202213;414;4916,25;;SUPER;;NFK|3104|10023|202213
3104;10047;28/03/2022;202213;268;3015,00;;SUPER;;NFK|3104|10047|202213
3104;10112;28/03/2022;202213;139;2945,06;;SUPER;;NFK|3104|10112|202213
3104;10310;28/03/2022;202213;102;2741,25;;SUPER;;NFK|3104|10310|202213
3104;11020;28/03/2022;202213;355;6634,06;;SUPER;;NFK|3104|11020|202213
3104;11085;28/03/2022;202213;167;1868,31;;SUPER;;NFK|3104|11085|202213
3104;11142;28/03/2022;202213;137;3416,44;;SUPER;;NFK|3104|11142|202213
3104;12004;28/03/2022;202213;174;6960,00;;SUPER;;NFK|3104|12004|202213
3104;12066;28/03/2022;202213;230;9340,88;MP;SUPER;;NFK|3104|12066|202213
3104;12190;28/03/2022;202213;102;2295,00;;SUPER;;NFK|3104|12190|202213
3104;20015;28/03/2022;202213;214;5443,62;;SUPER;C;NFK|3104|20015|202213
3104;20041;28/03/2022;202213;294;2682,75;;SUPER;A;NFK|3104|20041|202213
3104;20088;28/03/2022;202213;175;9887,50;;SUPER;B;NFK|3104|20088|202213
3104;20131;28/03/2022;202213;119;2513,88;;SUPER;C;NFK|3104|20131|202213
3104;30012;28/03/2022;202213;79;1278,81;;SUPER;;NFK|3104|30012|202213
3104;30077;28/03/2022;202213;142;7455,00;;SUPER;;NFK|3104|30077|202213
3104;30154;28/03/2022;202213;107;1805,62;;SUPER;;NFK|3104|30154|202213
3104;30209;28/03/2022;202213;104;3893,50;;SUPER;;NFK|3104|30209|202213
3104;99001;28/03/2022;202213;7;0,00;;SUPER;;NFK|3104|99001|202213
3117;10023;28/03/2022;202213;204;2422,50;;NAER;;NFK|3117|10023|202213
3117;10047;28/03/2022;202213;121;1361,25;;NAER;;NFK|3117|10047|202213
3117;10112;28/03/2022;202213;65;1377,19;;NAER;;NFK|3117|10112|202213
3117;10310;28/03/2022;202213;57;1531,88;;NAER;;NFK|3117|10310|202213
3117;11020;28/03/2022;202213;144;2691,00;;NAER;;NFK|3117|11020|202213
3117;11085;28/03/2022;202213;92;1029,25;;NAER;;NFK|3117|11085|202213
3117;11142;28/03/2022;202213;70;1745,62;;NAER;;NFK|3117|11142|202213
3117;12004;28/03/2022;202213;73;2920,00;;NAER;;NFK|3117|12004|202213
3117;12066;28/03/2022;202213;106;4304,93;MP;NAER;;NFK|3117|12066|202213
3117;12190;28/03/2022;202213;45;1012,50;;NAER;;NFK|3117|12190|202213
3117;20015;28/03/2022;202213;100;2543,75;;NAER;C;NFK|3117|20015|202213
3117;20041;28/03/2022;202213;157;1432,62;;NAER;A;NFK|3117|20041|202213
3117;20088;28/03/2022;202213;75;4237,50;;NAER;B;NFK|3117|20088|202213
3117;20131;28/03/2022;202213;50;1056,25;;NAER;C;NFK|3117|20131|202213
3117;30012;28/03/2022;202213;35;566,56;;NAER;;NFK|3117|30012|202213
3117;30077;28/03/2022;202213;53;2782,50;;NAER;;NFK|3117|30077|202213
3117;30154;28/03/2022;202213;41;691,88;;NAER;;NFK|3117|30154|202213
3117;30209;28/03/2022;202213;53;1984,19;;NAER;;NFK|3117|30209|202213
3122;10023;28/03/2022;202213;139;1650,62;;FRANCHISE;;NFK|3122|10023|202213
3122;10047;28/03/2022;202213;88;990,00;;FRANCHISE;;NFK|3122|10047|202213
3122;10112;28/03/2022;202213;49;1038,19;;FRANCHISE;;NFK|3122|10112|202213
3122;10310;28/03/2022;202213;37;994,38;;FRANCHISE;;NFK|3122|10310|202213
3122;11020;28/03/2022;202213;109;2036,94;;FRANCHISE;;NFK|3122|11020|202213
3122;11085;28/03/2022;202213;68;760,75;;FRANCHISE;;NFK|3122|11085|202213
3122;11142;28/03/2022;202213;51;1271,81;;FRANCHISE;;NFK|3122|11142|202213
3122;12004;28/03/2022;202213;56;2240,00;;FRANCHISE;;NFK|3122|12004|202213
3122;12066;28/03/2022;202213;75;3045,94;MP;FRANCHISE;;NFK|3122|12066|202213
3122;12190;28/03/2022;202213;33;742,50;;FRANCHISE;;NFK|3122|12190|202213
3122;20015;28/03/2022;202213;76;1933,25;;FRANCHISE;C;NFK|3122|20015|202213
3122;20041;28/03/2022;202213;101;921,62;;FRANCHISE;A;NFK|3122|20041|202213
3122;20088;28/03/2022;202213;54;3051,00;;FRANCHISE;B;NFK|3122|20088|202213
3122;20131;28/03/2022;202213;39;823,88;;FRANCHISE;C;NFK|3122|20131|202213
3122;30012;28/03/2022;202213;30;485,62;;FRANCHISE;;NFK|3122|30012|202213
3122;30077;28/03/2022;202213;46;2415,00;;FRANCHISE;;NFK|3122|30077|202213
3122;30154;28/03/2022;202213;31;523,12;;FRANCHISE;;NFK|3122|30154|202213
3122;30209;28/03/2022;202213;43;1609,81;;FRANCHISE;;NFK|3122|30209|202213
3122;99001;28/03/2022;202213;2;0,00;;FRANCHISE;;NFK|3122|99001|202213
4201;10023;28/03/2022;202213;659;7825,62;;HYPER;;NFK|4201|10023|202213
4201;10047;28/03/2022;202213;430;4837,50;;HYPER;;NFK|4201|10047|202213
4201;10112;28/03/2022;202213;271;5741,81;;HYPER;;NFK|4201|10112|202213
4201;10310;28/03/2022;202213;239;6423,12;;HYPER;;NFK|4201|10310|202213
4201;11020;28/03/2022;202213;567;10595,81;;HYPER;;NFK|4201|11020|202213
4201;11085;28/03/2022;202213;359;4016,31;;HYPER;;NFK|4201|11085|202213
4201;11142;28/03/2022;202213;260;6483,75;;HYPER;;NFK|4201|11142|202213
4201;12004;28/03/2022;202213;308;12320,00;;HYPER;;NFK|4201|12004|202213
4201;12066;28/03/2022;202213;374;15189,08;MP;HYPER;;NFK|4201|12066|202213
4201;12190;28/03/2022;202213;168;3780,00;;HYPER;;NFK|4201|12190|202213
4201;20015;28/03/2022;202213;392;9971,50;;HYPER;C;NFK|4201|20015|202213
4201;20041;28/03/2022;202213;544;4964,00;;HYPER;A;NFK|4201|20041|202213
4201;20088;28/03/2022;202213;265;14972,50;;HYPER;B;NFK|4201|20088|202213
4201;20131;28/03/2022;202213;213;4499,62;;HYPER;C;NFK|4201|20131|202213
4201;30012;28/03/2022;202213;143;2314,81;;HYPER;;NFK|4201|30012|202213
4201;30077;28/03/2022;202213;213;11182,50;;HYPER;;NFK|4201|30077|202213
4201;30154;28/03/2022;202213;235;3172,50;MP;HYPER;;NFK|4201|30154|202213
4201;30209;28/03/2022;202213;205;7674,69;;HYPER;;NFK|4201|30209|202213
4201;99001;28/03/2022;202213;11;0,00;;HYPER;;NFK|4201|99001|202213
4205;10023;28/03/2022;202213;489;5806,88;;SUPER;;NFK|4205|10023|202213
4205;10047;28/03/2022;202213;261;2936,25;;SUPER;;NFK|4205|10047|202213
4205;10112;28/03/2022;202213;152;3220,50;;SUPER;;NFK|4205|10112|202213
4205;10310;28/03/2022;202213;144;3870,00;;SUPER;;NFK|4205|10310|202213
4205;11020;28/03/2022;202213;310;5793,12;;SUPER;;NFK|4205|11020|202213
4205;11085;28/03/2022;202213;181;2024,94;;SUPER;;NFK|4205|11085|202213
4205;11142;28/03/2022;202213;132;3291,75;;SUPER;;NFK|4205|11142|202213
4205;12004;28/03/2022;202213;187;7480,00;;SUPER;;NFK|4205|12004|202213
4205;12066;28/03/2022;202213;222;9015,98;MP;SUPER;;NFK|4205|12066|202213
4205;12190;28/03/2022;202213;112;2520,00;;SUPER;;NFK|4205|12190|202213
4205;20015;28/03/2022;202213;269;6842,69;;SUPER;C;NFK|4205|20015|202213
4205;20041;28/03/2022;202213;288;2628,00;;SUPER;A;NFK|4205|20041|202213
4205;20088;28/03/2022;202213;153;8644,50;;SUPER;B;NFK|4205|20088|202213
4205;20131;28/03/2022;202213;129;2725,12;;SUPER;C;NFK|4205|20131|202213
4205;30012;28/03/2022;202213;86;1392,12;;SUPER;;NFK|4205|30012|202213
4205;30077;28/03/2022;202213;132;6930,00;;SUPER;;NFK|4205|30077|202213
4205;30154;28/03/2022;202213;150;2025,00;MP;SUPER;;NFK|4205|30154|202213
4205;30209;28/03/2022;202213;129;4829,44;;SUPER;;NFK|4205|30209|202213
4218;10023;28/03/2022;202213;507;6020,62;;SUPER;;NFK|4218|10023|202213
4218;10047;28/03/2022;202213;310;3487,50;;SUPER;;NFK|4218|10047|202213
4218;10112;28/03/2022;202213;153;3241,69;;SUPER;;NFK|4218|10112|202213
4218;10310;28/03/2022;202213;134;3601,25;;SUPER;;NFK|4218|10310|202213
4218;11020;28/03/2022;202213;404;7549,75;;SUPER;;NFK|4218|11020|202213
4218;11085;28/03/2022;202213;243;2718,56;;SUPER;;NFK|4218|11085|202213
4218;11142;28/03/2022;202213;181;4513,69;;SUPER;;NFK|4218|11142|202213
4218;12004;28/03/2022;202213;227;9080,00;;SUPER;;NFK|4218|12004|202213
4218;12066;28/03/2022;202213;244;9909,45;MP;SUPER;;NFK|4218|12066|202213
4218;12190;28/03/2022;202213;117;2632,50;;SUPER;;NFK|4218|12190|202213
4218;20015;28/03/2022;202213;275;6995,31;;SUPER;C;NFK|4218|20015|202213
4218;20041;28/03/2022;202213;337;3075,12;;SUPER;A;NFK|4218|20041|202213
4218;20088;28/03/2022;202213;183;10339,50;;SUPER;B;NFK|4218|20088|202213
4218;20131;28/03/2022;202213;116;2450,50;;SUPER;C;NFK|4218|20131|202213
4218;30012;28/03/2022;202213;109;1764,44;;SUPER;;NFK|4218|30012|202213
4218;30077;28/03/2022;202213;137;7192,50;;SUPER;;NFK|4218|30077|202213
4218;30154;28/03/2022;202213;137;1849,50;MP;SUPER;;NFK|4218|30154|202213
4218;30209;28/03/2022;202213;136;5091,50;;SUPER;;NFK|4218|30209|202213
5502;10023;28/03/2022;202213;367;4358,12;;SUPER;;NFK|5502|10023|202213
5502;10047;28/03/2022;202213;288;3240,00;;SUPER;;NFK|5502|10047|202213
5502;10112;28/03/2022;202213;148;3135,75;;SUPER;;NFK|5502|10112|202213
5502;10310;28/03/2022;202213;116;3117,50;;SUPER;;NFK|5502|10310|202213
5502;11020;28/03/2022;202213;338;6316,37;;SUPER;;NFK|5502|11020|202213
5502;11085;28/03/2022;202213;174;1946,62;;SUPER;;NFK|5502|11085|202213
5502;11142;28/03/2022;202213;156;3890,25;;SUPER;;NFK|5502|11142|202213
5502;12004;28/03/2022;202213;186;7440,00;;SUPER;;NFK|5502|12004|202213
5502;12066;28/03/2022;202213;220;8934,75;MP;SUPER;;NFK|5502|12066|202213
5502;12190;28/03/2022;202213;90;2025,00;;SUPER;;NFK|5502|12190|202213
5502;20015;28/03/2022;202213;216;5494,50;;SUPER;C;NFK|5502|20015|202213
5502;20041;28/03/2022;202213;318;2901,75;;SUPER;A;NFK|5502|20041|202213
5502;20088;28/03/2022;202213;168;9492,00;;SUPER;B;NFK|5502|20088|202213
5502;20131;28/03/2022;202213;99;2091,38;;SUPER;C;NFK|5502|20131|202213
5502;30012;28/03/2022;202213;83;1343,56;;SUPER;;NFK|5502|30012|202213
5502;30077;28/03/2022;202213;141;7402,50;;SUPER;;NFK|5502|30077|202213
5502;30154;28/03/2022;202213;87;1468,12;;SUPER;;NFK|5502|30154|202213
5502;30209;28/03/2022;202213;108;4043,25;;SUPER;;NFK|5502|30209|202213
5502;99001;28/03/2022;202213;6;0,00;;SUPER;;NFK|5502|99001|202213
5511;10023;28/03/2022;202213;156;1852,50;;PARTNER;;NFK|5511|10023|202213
5511;10047;28/03/2022;202213;109;1226,25;;PARTNER;;NFK|5511|10047|202213
5511;10112;28/03/2022;202213;52;1101,75;;PARTNER;;NFK|5511|10112|202213
5511;10310;28/03/2022;202213;51;1370,62;;PARTNER;;NFK|5511|10310|202213
5511;11020;28/03/2022;202213;140;2616,25;;PARTNER;;NFK|5511|11020|202213
5511;11085;28/03/2022;202213;66;738,37;;PARTNER;;NFK|5511|11085|202213
5511;11142;28/03/2022;202213;49;1221,94;;PARTNER;;NFK|5511|11142|202213
5511;12004;28/03/2022;202213;61;2440,00;;PARTNER;;NFK|5511|12004|202213
5511;12066;28/03/2022;202213;75;3045,94;MP;PARTNER;;NFK|5511|12066|202213
5511;12190;28/03/2022;202213;40;900,00;;PARTNER;;NFK|5511|12190|202213
5511;20015;28/03/2022;202213;91;2314,81;;PARTNER;C;NFK|5511|20015|202213
5511;20041;28/03/2022;202213;124;1131,50;;PARTNER;A;NFK|5511|20041|202213
5511;20088;28/03/2022;202213;70;3955,00;;PARTNER;B;NFK|5511|20088|202213
5511;20131;28/03/2022;202213;38;802,75;;PARTNER;C;NFK|5511|20131|202213
5511;30012;28/03/2022;202213;31;501,81;;PARTNER;;NFK|5511|30012|202213
5511;30077;28/03/2022;202213;52;2730,00;;PARTNER;;NFK|5511|30077|202213
5511;30154;28/03/2022;202213;40;675,00;;PARTNER;;NFK|5511|30154|202213
5511;30209;28/03/2022;202213;48;1797,00;;PARTNER;;NFK|5511|30209|202213
9001;10023;28/03/2022;202213;25;296,88;;DEPOT;;NFK|9001|10023|202213
9001;10047;28/03/2022;202213;16;180,00;;DEPOT;;NFK|9001|10047|202213
9001;10112;28/03/2022;202213;8;169,50;;DEPOT;;NFK|9001|10112|202213
9001;10310;28/03/2022;202213;7;188,12;;DEPOT;;NFK|9001|10310|202213
9001;11020;28/03/2022;202213;17;317,69;;DEPOT;;NFK|9001|11020|202213
9001;11085;28/03/2022;202213;12;134,25;;DEPOT;;NFK|9001|11085|202213
9001;11142;28/03/2022;202213;8;199,50;;DEPOT;;NFK|9001|11142|202213
9001;12004;28/03/2022;202213;9;360,00;;DEPOT;;NFK|9001|12004|202213
9001;12066;28/03/2022;202213;13;527,96;MP;DEPOT;;NFK|9001|12066|202213
9001;12190;28/03/2022;202213;6;135,00;;DEPOT;;NFK|9001|12190|202213
9001;20015;28/03/2022;202213;15;381,56;;DEPOT;C;NFK|9001|20015|202213
9001;20041;28/03/2022;202213;15;136,88;;DEPOT;A;NFK|9001|20041|202213
9001;20088;28/03/2022;202213;10;565,00;;DEPOT;B;NFK|9001|20088|202213
9001;20131;28/03/2022;202213;6;126,75;;DEPOT;C;NFK|9001|20131|202213
9001;30012;28/03/2022;202213;4;64,75;;DEPOT;;NFK|9001|30012|202213
9001;30077;28/03/2022;202213;7;367,50;;DEPOT;;NFK|9001|30077|202213
9001;30154;28/03/2022;202213;5;84,38;;DEPOT;;NFK|9001|30154|202213
9001;30209;28/03/2022;202213;6;224,62;;DEPOT;;NFK|9001|30209|202213
9001;99001;28/03/2022;202213;0;0,00;;DEPOT;;NFK|9001|99001|202213
1101;10023;04/04/2022;202214;529;6281,88;;SUPER;;NFK|1101|10023|202214
1101;10047;04/04/2022;202214;333;3746,25;;SUPER;;NFK|1101|10047|202214
1101;10112;04/04/2022;202214;164;3474,75;;SUPER;;NFK|1101|10112|202214
1101;10310;04/04/2022;202214;122;3278,75;;SUPER;;NFK|1101|10310|202214
1101;11020;04/04/2022;202214;428;7998,25;;SUPER;;NFK|1101|11020|202214
1101;11085;04/04/2022;202214;202;2259,88;;SUPER;;NFK|1101|11085|202214
1101;11142;04/04/2022;202214;146;3640,88;;SUPER;;NFK|1101|11142|202214
1101;12004;04/04/2022;202214;173;6920,00;;SUPER;;NFK|1101|12004|202214
1101;12066;04/04/2022;202214;402;16326,23;AVIS;SUPER;;NFK|1101|12066|202214
1101;12190;04/04/2022;202214;100;2250,00;;SUPER;;NFK|1101|12190|202214
1101;20015;04/04/2022;202214;417;8267,03;3F2;SUPER;C;NFK|1101|20015|202214
1101;20041;04/04/2022;202214;339;3093,38;;SUPER;A;NFK|1101|20041|202214
1101;20088;04/04/2022;202214;160;9040,00;;SUPER;B;NFK|1101|20088|202214
1101;20131;04/04/2022;202214;129;2725,12;;SUPER;C;NFK|1101|20131|202214
1101;30012;04/04/2022;202214;98;1586,38;;SUPER;;NFK|1101|30012|202214
1101;30077;04/04/2022;202214;159;8347,50;;SUPER;;NFK|1101|30077|202214
1101;30154;04/04/2022;202214;98;1653,75;;SUPER;;NFK|1101|30154|202214
1101;30209;04/04/2022;202214;141;5278,69;;SUPER;;NFK|1101|30209|202214
1102;10023;04/04/2022;202214;469;5569,38;;SUPER;;NFK|1102|10023|202214
1102;10047;04/04/2022;202214;298;3352,50;;SUPER;;NFK|1102|10047|202214
1102;10112;04/04/2022;202214;172;3644,25;;SUPER;;NFK|1102|10112|202214
1102;10310;04/04/2022;202214;110;2956,25;;SUPER;;NFK|1102|10310|202214
1102;11020;04/04/2022;202214;336;6279,00;;SUPER;;NFK|1102|11020|202214
1102;11085;04/04/2022;202214;191;2136,81;;SUPER;;NFK|1102|11085|202214
1102;11142;04/04/2022;202214;137;3416,44;;SUPER;;NFK|1102|11142|202214
1102;12004;04/04/2022;202214;171;6840,00;;SUPER;;NFK|1102|12004|202214
1102;12066;04/04/2022;202214;303;12305,59;AVIS;SUPER;;NFK|1102|12066|202214
1102;12190;04/04/2022;202214;101;2272,50;;SUPER;;NFK|1102|12190|202214
1102;20015;04/04/2022;202214;413;8187,73;3F2;SUPER;C;NFK|1102|20015|202214
1102;20041;04/04/2022;202214;352;3212,00;;SUPER;A;NFK|1102|20041|202214
1102;20088;04/04/2022;202214;189;10678,50;;SUPER;B;NFK|1102|20088|202214
1102;20131;04/04/2022;202214;123;2598,38;;SUPER;C;NFK|1102|20131|202214
1102;30012;04/04/2022;202214;84;1359,75;;SUPER;;NFK|1102|30012|202214
1102;30077;04/04/2022;202214;134;7035,00;;SUPER;;NFK|1102|30077|202214
1102;30154;04/04/2022;202214;113;1906,88;;SUPER;;NFK|1102|30154|202214
1102;30209;04/04/2022;202214;120;4492,50;;SUPER;;NFK|1102|30209|202214
1103;10023;04/04/2022;202214;201;2386,88;;NAER;;NFK|1103|10023|202214
1103;10047;04/04/2022;202214;126;1417,50;;NAER;;NFK|1103|10047|202214
1103;10112;04/04/2022;202214;85;1800,94;;NAER;;NFK|1103|10112|202214
1103;10310;04/04/2022;202214;59;1585,62;;NAER;;NFK|1103|10310|202214
1103;11020;04/04/2022;202214;197;3681,44;;NAER;;NFK|1103|11020|202214
1103;11085;04/04/2022;202214;107;1197,06;;NAER;;NFK|1103|11085|202214
1103;11142;04/04/2022;202214;79;1970,06;;NAER;;NFK|1103|11142|202214
1103;12004;04/04/2022;202214;87;3480,00;;NAER;;NFK|1103|12004|202214
1103;12066;04/04/2022;202214;162;6579,23;AVIS;NAER;;NFK|1103|12066|202214
1103;12190;04/04/2022;202214;59;1327,50;;NAER;;NFK|1103|12190|202214
1103;20015;04/04/2022;202214;234;4639,05;3F2;NAER;C;NFK|1103|20015|202214
1103;20041;04/04/2022;202214;157;1432,62;;NAER;A;NFK|1103|20041|202214
1103;20088;04/04/2022;202214;89;5028,50;;NAER;B;NFK|1103|20088|202214
1103;20131;04/04/2022;202214;66;1394,25;;NAER;C;NFK|1103|20131|202214
1103;30012;04/04/2022;202214;51;825,56;;NAER;;NFK|1103|30012|202214
1103;30077;04/04/2022;202214;61;3202,50;;NAER;;NFK|1103|30077|202214
1103;30154;04/04/2022;202214;58;978,75;;NAER;;NFK|1103|30154|202214
1103;30209;04/04/2022;202214;58;2171,38;;NAER;;NFK|1103|30209|202214
1108;10023;04/04/2022;202214;749;8894,38;;HYPER;;NFK|1108|10023|202214
1108;10047;04/04/2022;202214;559;6288,75;;HYPER;;NFK|1108|10047|202214
1108;10112;04/04/2022;202214;280;5932,50;;HYPER;;NFK|1108|10112|202214
1108;10310;04/04/2022;202214;-28;-752,50;;HYPER;;NFK|1108|10310|202214
1108;11020;04/04/2022;202214;652;12184,25;;HYPER;;NFK|1108|11020|202214
1108;11085;04/04/2022;202214;445;4978,44;;HYPER;;NFK|1108|11085|202214
1108;11142;04/04/2022;202214;334;8329,12;;HYPER;;NFK|1108|11142|202214
1108;12004;04/04/2022;202214;420;16800,00;;HYPER;;NFK|1108|12004|202214
1108;12066;04/04/2022;202214;646;26235,68;AVIS;HYPER;;NFK|1108|12066|202214
1108;12190;04/04/2022;202214;215;4837,50;;HYPER;;NFK|1108|12190|202214
1108;20015;04/04/2022;202214;779;15443,67;3F2;HYPER;C;NFK|1108|20015|202214
1108;20041;04/04/2022;202214;550;5018,75;;HYPER;A;NFK|1108|20041|202214
1108;20088;04/04/2022;202214;339;19153,50;;HYPER;B;NFK|1108|20088|202214
1108;20131;04/04/2022;202214;217;4584,12;;HYPER;C;NFK|1108|20131|202214
1108;30012;04/04/2022;202214;166;2687,12;;HYPER;;NFK|1108|30012|202214
1108;30077;04/04/2022;202214;299;15697,50;;HYPER;;NFK|1108|30077|202214
1108;30154;04/04/2022;202214;225;3796,88;;HYPER;;NFK|1108|30154|202214
1108;30209;04/04/2022;202214;252;9434,25;;HYPER;;NFK|1108|30209|202214
3104;10023;04/04/2022;202214;463;5498,12;;SUPER;;NFK|3104|10023|202214
3104;10047;04/04/2022;202214;290;3262,50;;SUPER;;NFK|3104|10047|202214
3104;10112;04/04/2022;202214;150;3178,12;;SUPER;;NFK|3104|10112|202214
3104;10310;04/04/2022;202214;131;3520,62;;SUPER;;NFK|3104|10310|202214
3104;11020;04/04/2022;202214;361;6746,19;;SUPER;;NFK|3104|11020|202214
3104;11085;04/04/2022;202214;164;1834,75;;SUPER;;NFK|3104|11085|202214
3104;11142;04/04/2022;202214;147;3665,81;;SUPER;;NFK|3104|11142|202214
3104;12004;04/04/2022;202214;156;6240,00;;SUPER;;NFK|3104|12004|202214
3104;12066;04/04/2022;202214;145;8790,62;;SUPER;;NFK|3104|12066|202214
3104;12190;04/04/2022;202214;101;2272,50;;SUPER;;NFK|3104|12190|202214
3104;20015;04/04/2022;202214;272;6919,00;;SUPER;C;NFK|3104|20015|202214
3104;20041;04/04/2022;202214;300;2737,50;;SUPER;A;NFK|3104|20041|202214
3104;20088;04/04/2022;202214;144;8136,00;;SUPER;B;NFK|3104|20088|202214
3104;20131;04/04/2022;202214;110;2323,75;;SUPER;C;NFK|3104|20131|202214
3104;30012;04/04/2022;202214;92;1489,25;;SUPER;;NFK|3104|30012|202214
3104;30077;04/04/2022;202214;118;6195,00;;SUPER;;NFK|3104|30077|202214
3104;30154;04/04/2022;202214;86;1451,25;;SUPER;;NFK|3104|30154|202214
3104;30209;04/04/2022;202214;120;4492,50;;SUPER;;NFK|3104|30209|202214
3104;99001;04/04/2022;202214;7;0,00;;SUPER;;NFK|3104|99001|202214
3117;10023;04/04/2022;202214;177;2101,88;;NAER;;NFK|3117|10023|202214
3117;10047;04/04/2022;202214;119;1338,75;;NAER;;NFK|3117|10047|202214
3117;10112;04/04/2022;202214;74;1567,88;;NAER;;NFK|3117|10112|202214
3117;10310;04/04/2022;202214;57;1531,88;;NAER;;NFK|3117|10310|202214
3117;11020;04/04/2022;202214;173;3232,94;;NAER;;NFK|3117|11020|202214
3117;11085;04/04/2022;202214;89;995,69;;NAER;;NFK|3117|11085|202214
3117;11142;04/04/2022;202214;66;1645,88;;NAER;;NFK|3117|11142|202214
3117;12004;04/04/2022;202214;92;3680,00;;NAER;;NFK|3117|12004|202214
3117;12066;04/04/2022;202214;61;3698,12;;NAER;;NFK|3117|12066|202214
3117;12190;04/04/2022;202214;49;1102,50;;NAER;;NFK|3117|12190|202214
3117;20015;04/04/2022;202214;120;3052,50;;NAER;C;NFK|3117|20015|202214
3117;20041;04/04/2022;202214;137;1250,12;;NAER;A;NFK|3117|20041|202214
3117;20088;04/04/2022;202214;73;4124,50;;NAER;B;NFK|3117|20088|202214
3117;20131;04/04/2022;202214;46;971,75;;NAER;C;NFK|3117|20131|202214
3117;30012;04/04/2022;202214;40;647,50;;NAER;;NFK|3117|30012|202214
3117;30077;04/04/2022;202214;63;3307,50;;NAER;;NFK|3117|30077|202214
3117;30154;04/04/2022;202214;45;759,38;;NAER;;NFK|3117|30154|202214
3117;30209;04/04/2022;202214;50;1871,88;;NAER;;NFK|3117|30209|202214
3122;10023;04/04/2022;202214;131;1555,62;;FRANCHISE;;NFK|3122|10023|202214
3122;10047;04/04/2022;202214;82;922,50;;FRANCHISE;;NFK|3122|10047|202214
3122;10112;04/04/2022;202214;46;974,62;;FRANCHISE;;NFK|3122|10112|202214
3122;10310;04/04/2022;202214;46;1236,25;;FRANCHISE;;NFK|3122|10310|202214
3122;11020;04/04/2022;202214;98;1831,38;;FRANCHISE;;NFK|3122|11020|202214
3122;11085;04/04/2022;202214;69;771,94;;FRANCHISE;;NFK|3122|11085|202214
3122;11142;04/04/2022;202214;0;0,00;;FRANCHISE;;NFK|3122|11142|202214
3122;12004;04/04/2022;202214;64;2560,00;;FRANCHISE;;NFK|3122|12004|202214
3122;12066;04/04/2022;202214;45;2728,12;;FRANCHISE;;NFK|3122|12066|202214
3122;12190;04/04/2022;202214;37;832,50;;FRANCHISE;;NFK|3122|12190|202214
3122;20015;04/04/2022;202214;73;1856,94;;FRANCHISE;C;NFK|3122|20015|202214
3122;20041;04/04/2022;202214;94;857,75;;FRANCHISE;A;NFK|3122|20041|202214
3122;20088;04/04/2022;202214;60;3390,00;;FRANCHISE;B;NFK|3122|20088|202214
3122;20131;04/04/2022;202214;37;781,62;;FRANCHISE;C;NFK|3122|20131|202214
3122;30012;04/04/2022;202214;0;0,00;;FRANCHISE;;NFK|3122|30012|202214
3122;30077;04/04/2022;202214;44;2310,00;;FRANCHISE;;NFK|3122|30077|202214
3122;30154;04/04/2022;202214;36;607,50;;FRANCHISE;;NFK|3122|30154|202214
3122;30209;04/04/2022;202214;43;1609,81;;FRANCHISE;;NFK|3122|30209|202214
3122;99001;04/04/2022;202214;0;0,00;;FRANCHISE;;NFK|3122|99001|202214
4201;10023;04/04/2022;202214;719;8538,12;;HYPER;;NFK|4201|10023|202214
4201;10047;04/04/2022;202214;464;5220,00;;HYPER;;NFK|4201|10047|202214
4201;10112;04/04/2022;202214;287;6080,81;;HYPER;;NFK|4201|10112|202214
4201;10310;04/04/2022;202214;241;6476,88;;HYPER;;NFK|4201|10310|202214
4201;11020;04/04/2022;202214;616;11511,50;;HYPER;;NFK|4201|11020|202214
4201;11085;04/04/2022;202214;350;3915,62;;HYPER;;NFK|4201|11085|202214
4201;11142;04/04/2022;202214;260;6483,75;;HYPER;;NFK|4201|11142|202214
4201;12004;04/04/2022;202214;339;13560,00;;HYPER;;NFK|4201|12004|202214
4201;12066;04/04/2022;202214;586;23798,92;AVIS;HYPER;;NFK|4201|12066|202214
4201;12190;04/04/2022;202214;156;3510,00;;HYPER;;NFK|4201|12190|202214
4201;20015;04/04/2022;202214;645;12787,12;3F2;HYPER;C;NFK|4201|20015|202214
4201;20041;04/04/2022;202214;519;4735,88;;HYPER;A;NFK|4201|20041|202214
4201;20088;04/04/2022;202214;278;15707,00;;HYPER;B;NFK|4201|20088|202214
4201;20131;04/04/2022;202214;212;4478,50;;HYPER;C;NFK|4201|20131|202214
4201;30012;04/04/2022;202214;171;2768,06;;HYPER;;NFK|4201|30012|202214
4201;30077;04/04/2022;202214;268;14070,00;;HYPER;;NFK|4201|30077|202214
4201;30154;04/04/2022;202214;195;3290,62;;HYPER;;NFK|4201|30154|202214
4201;30209;04/04/2022;202214;215;8049,06;;HYPER;;NFK|4201|30209|202214
4205;10023;04/04/2022;202214;468;5557,50;;SUPER;;NFK|4205|10023|202214
4205;10047;04/04/2022;202214;291;3273,75;;SUPER;;NFK|4205|10047|202214
4205;10112;04/04/2022;202214;183;3877,31;;SUPER;;NFK|4205|10112|202214
4205;10310;04/04/2022;202214;134;3601,25;;SUPER;;NFK|4205|10310|202214
4205;11020;04/04/2022;202214;383;7157,31;;SUPER;;NFK|4205|11020|202214
4205;11085;04/04/2022;202214;179;2002,56;;SUPER;;NFK|4205|11085|202214
4205;11142;04/04/2022;202214;148;3690,75;;SUPER;;NFK|4205|11142|202214
4205;12004;04/04/2022;202214;215;8600,00;;SUPER;;NFK|4205|12004|202214
4205;12066;04/04/2022;202214;364;14782,95;AVIS;SUPER;;NFK|4205|12066|202214
4205;12190;04/04/2022;202214;100;2250,00;;SUPER;;NFK|4205|12190|202214
4205;20015;04/04/2022;202214;427;8465,27;3F2;SUPER;C;NFK|4205|20015|202214
4205;20041;04/04/2022;202214;362;3303,25;;SUPER;A;NFK|4205|20041|202214
4205;20088;04/04/2022;202214;154;8701,00;;SUPER;B;NFK|4205|20088|202214
4205;20131;04/04/2022;202214;118;2492,75;;SUPER;C;NFK|4205|20131|202214
4205;30012;04/04/2022;202214;92;1489,25;;SUPER;;NFK|4205|30012|202214
4205;30077;04/04/2022;202214;121;6352,50;;SUPER;;NFK|4205|30077|202214
4205;30154;04/04/2022;202214;113;1906,88;;SUPER;;NFK|4205|30154|202214
4205;30209;04/04/2022;202214;124;4642,25;;SUPER;;NFK|4205|30209|202214
4218;10023;04/04/2022;202214;527;6258,12;;SUPER;;NFK|4218|10023|202214
4218;10047;04/04/2022;202214;339;3813,75;;SUPER;;NFK|4218|10047|202214
4218;10112;04/04/2022;202214;167;3538,31;;SUPER;;NFK|4218|10112|202214
4218;10310;04/04/2022;202214;142;3816,25;;SUPER;;NFK|4218|10310|202214
4218;11020;04/04/2022;202214;414;7736,62;;SUPER;;NFK|4218|11020|202214
4218;11085;04/04/2022;202214;248;2774,50;;SUPER;;NFK|4218|11085|202214
4218;11142;04/04/2022;202214;141;3516,19;;SUPER;;NFK|4218|11142|202214
4218;12004;04/04/2022;202214;223;8920,00;;SUPER;;NFK|4218|12004|202214
4218;12066;04/04/2022;202214;363;14742,34;AVIS;SUPER;;NFK|4218|12066|202214
4218;12190;04/04/2022;202214;99;2227,50;;SUPER;;NFK|4218|12190|202214
4218;20015;04/04/2022;202214;434;8604,05;3F2;SUPER;C;NFK|4218|20015|202214
4218;20041;04/04/2022;202214;314;2865,25;;SUPER;A;NFK|4218|20041|202214
4218;20088;04/04/2022;202214;199;11243,50;;SUPER;B;NFK|4218|20088|202214
4218;20131;04/04/2022;202214;132;2788,50;;SUPER;C;NFK|4218|20131|202214
4218;30012;04/04/2022;202214;93;1505,44;;SUPER;;NFK|4218|30012|202214
4218;30077;04/04/2022;202214;140;7350,00;;SUPER;;NFK|4218|30077|202214
4218;30154;04/04/2022;202214;116;1957,50;;SUPER;;NFK|4218|30154|202214
4218;30209;04/04/2022;202214;147;5503,31;;SUPER;;NFK|4218|30209|202214
5502;10023;04/04/2022;202214;420;4987,50;;SUPER;;NFK|5502|10023|202214
5502;10047;04/04/2022;202214;230;2587,50;;SUPER;;NFK|5502|10047|202214
5502;10112;04/04/2022;202214;153;3241,69;;SUPER;;NFK|5502|10112|202214
5502;10310;04/04/2022;202214;111;2983,12;;SUPER;;NFK|5502|10310|202214
5502;11020;04/04/2022;202214;298;5568,87;;SUPER;;NFK|5502|11020|202214
5502;11085;04/04/2022;202214;192;2148,00;;SUPER;;NFK|5502|11085|202214
5502;11142;04/04/2022;202214;126;3142,12;;SUPER;;NFK|5502|11142|202214
5502;12004;04/04/2022;202214;182;7280,00;;SUPER;;NFK|5502|12004|202214
5502;12066;04/04/2022;202214;120;7275,00;;SUPER;;NFK|5502|12066|202214
5502;12190;04/04/2022;202214;96;2160,00;;SUPER;;NFK|5502|12190|202214
5502;20015;04/04/2022;202214;267;6791,81;;SUPER;C;NFK|5502|20015|202214
5502;20041;04/04/2022;202214;332;3029,50;;SUPER;A;NFK|5502|20041|202214
5502;20088;04/04/2022;202214;170;9605,00;;SUPER;B;NFK|5502|20088|202214
5502;20131;04/04/2022;202214;125;2640,62;;SUPER;C;NFK|5502|20131|202214
5502;30012;04/04/2022;202214;82;1327,37;;SUPER;;NFK|5502|30012|202214
5502;30077;04/04/2022;202214;128;6720,00;;SUPER;;NFK|5502|30077|202214
5502;30154;04/04/2022;202214;93;1569,38;;SUPER;;NFK|5502|30154|202214
5502;30209;04/04/2022;202214;126;4717,12;;SUPER;;NFK|5502|30209|202214
5502;99001;04/04/2022;202214;6;0,00;;SUPER;;NFK|5502|99001|202214
5511;10023;04/04/2022;202214;171;2030,62;;PARTNER;;NFK|5511|10023|202214
5511;10047;04/04/2022;202214;92;1035,00;;PARTNER;;NFK|5511|10047|202214
5511;10112;04/04/2022;202214;63;1334,81;;PARTNER;;NFK|5511|10112|202214
5511;10310;04/04/2022;202214;51;1370,62;;PARTNER;;NFK|5511|10310|202214
5511;11020;04/04/2022;202214;130;2429,38;;PARTNER;;NFK|5511|11020|202214
5511;11085;04/04/2022;202214;77;861,44;;PARTNER;;NFK|5511|11085|202214
5511;11142;04/04/2022;202214;59;1471,31;;PARTNER;;NFK|5511|11142|202214
5511;12004;04/04/2022;202214;64;2560,00;;PARTNER;;NFK|5511|12004|202214
5511;12066;04/04/2022;202214;49;2970,62;;PARTNER;;NFK|5511|12066|202214
5511;12190;04/04/2022;202214;39;877,50;;PARTNER;;NFK|5511|12190|202214
5511;20015;04/04/2022;202214;95;2416,56;;PARTNER;C;NFK|5511|20015|202214
5511;20041;04/04/2022;202214;135;1231,88;;PARTNER;A;NFK|5511|20041|202214
5511;20088;04/04/2022;202214;56;3164,00;;PARTNER;B;NFK|5511|20088|202214
5511;20131;04/04/2022;202214;41;866,12;;PARTNER;C;NFK|5511|20131|202214
5511;30012;04/04/2022;202214;39;631,31;;PARTNER;;NFK|5511|30012|202214
5511;30077;04/04/2022;202214;54;2835,00;;PARTNER;;NFK|5511|30077|202214
5511;30154;04/04/2022;202214;38;641,25;;PARTNER;;NFK|5511|30154|202214
5511;30209;04/04/2022;202214;54;2021,62;;PARTNER;;NFK|5511|30209|202214
5511;99001;04/04/2022;202214;2;0,00;;PARTNER;;NFK|5511|99001|202214
9001;10023;04/04/2022;202214;22;261,25;;DEPOT;;NFK|9001|10023|202214
9001;10047;04/04/2022;202214;14;157,50;;DEPOT;;NFK|9001|10047|202214
9001;10112;04/04/2022;202214;8;169,50;;DEPOT;;NFK|9001|10112|202214
9001;10310;04/04/2022;202214;7;188,12;;DEPOT;;NFK|9001|10310|202214
9001;11020;04/04/2022;202214;21;392,44;;DEPOT;;NFK|9001|11020|202214
9001;11085;04/04/2022;202214;11;123,06;;DEPOT;;NFK|9001|11085|202214
9001;11142;04/04/2022;202214;8;199,50;;DEPOT;;NFK|9001|11142|202214
9001;12004;04/04/2022;202214;10;400,00;;DEPOT;;NFK|9001|12004|202214
9001;12066;04/04/2022;202214;8;485,00;;DEPOT;;NFK|9001|12066|202214
9001;12190;04/04/2022;202214;5;112,50;;DEPOT;;NFK|9001|12190|202214
9001;20015;04/04/2022;202214;14;356,12;;DEPOT;C;NFK|9001|20015|202214
9001;20041;04/04/2022;202214;17;155,12;;DEPOT;A;NFK|9001|20041|202214
9001;20088;04/04/2022;202214;10;565,00;;DEPOT;B;NFK|9001|20088|202214
9001;20131;04/04/2022;202214;7;147,88;;DEPOT;C;NFK|9001|20131|202214
9001;30012;04/04/2022;202214;5;80,94;;DEPOT;;NFK|9001|30012|202214
9001;30077;04/04/2022;202214;7;367,50;;DEPOT;;NFK|9001|30077|202214
9001;30154;04/04/2022;202214;5;84,38;;DEPOT;;NFK|9001|30154|202214
9001;30209;04/04/2022;202214;7;262,06;;DEPOT;;NFK|9001|30209|202214
1101;10023;11/04/2022;202215;573;6804,38;;SUPER;;NFK|1101|10023|202215
1101;10047;11/04/2022;202215;309;3476,25;;SUPER;;NFK|1101|10047|202215
1101;10112;11/04/2022;202215;211;4470,56;;SUPER;;NFK|1101|10112|202215
1101;10310;11/04/2022;202215;140;3762,50;;SUPER;;NFK|1101|10310|202215
1101;11020;11/04/2022;202215;397;7418,94;;SUPER;;NFK|1101|11020|202215
1101;11085;11/04/2022;202215;208;2327,00;;SUPER;;NFK|1101|11085|202215
1101;11142;11/04/2022;202215;194;4837,88;;SUPER;;NFK|1101|11142|202215
1101;12004;11/04/2022;202215;204;8160,00;;SUPER;;NFK|1101|12004|202215
1101;12066;11/04/2022;202215;177;10730,62;;SUPER;;NFK|1101|12066|202215
1101;12190;11/04/2022;202215;115;2587,50;;SUPER;;NFK|1101|12190|202215
1101;20015;11/04/2022;202215;270;6868,12;;SUPER;C;NFK|1101|20015|202215
1101;20041;11/04/2022;202215;334;3047,75;;SUPER;A;NFK|1101|20041|202215
1101;20088;11/04/2022;202215;204;11526,00;;SUPER;B;NFK|1101|20088|202215
1101;20131;11/04/2022;202215;132;2788,50;;SUPER;C;NFK|1101|20131|202215
1101;30012;11/04/2022;202215;96;1554,00;;SUPER;;NFK|1101|30012|202215
1101;30077;11/04/2022;202215;183;9607,50;;SUPER;;NFK|1101|30077|202215
1101;30154;11/04/2022;202215;243;2745,90;TILBUD;SUPER;;NFK|1101|30154|202215
1101;30209;11/04/2022;202215;152;5690,50;;SUPER;;NFK|1101|30209|202215
1102;10023;11/04/2022;202215;518;6151,25;;SUPER;;NFK|1102|10023|202215
1102;10047;11/04/2022;202215;269;3026,25;;SUPER;;NFK|1102|10047|202215
1102;10112;11/04/2022;202215;169;3580,69;;SUPER;;NFK|1102|10112|202215
1102;10310;11/04/2022;202215;151;4058,12;;SUPER;;NFK|1102|10310|202215
1102;11020;11/04/2022;202215;395;7381,56;;SUPER;;NFK|1102|11020|202215
1102;11085;11/04/2022;202215;225;2517,19;;SUPER;;NFK|1102|11085|202215
1102;11142;11/04/2022;202215;148;3690,75;;SUPER;;NFK|1102|11142|202215
1102;12004;11/04/2022;202215;218;8720,00;;SUPER;;NFK|1102|12004|202215
1102;12066;11/04/2022;202215;142;8608,75;;SUPER;;NFK|1102|12066|202215
1102;12190;11/04/2022;202215;102;2295,00;;SUPER;;NFK|1102|12190|202215
1102;20015;11/04/2022;202215;296;7529,50;;SUPER;C;NFK|1102|20015|202215
1102;20041;11/04/2022;202215;341;3111,62;;SUPER;A;NFK|1102|20041|202215
1102;20088;11/04/2022;202215;179;10113,50;;SUPER;B;NFK|1102|20088|202215
1102;20131;11/04/2022;202215;117;2471,62;;SUPER;C;NFK|1102|20131|202215
1102;30012;11/04/2022;202215;85;1375,94;;SUPER;;NFK|1102|30012|202215
1102;30077;11/04/2022;202215;143;7507,50;;SUPER;;NFK|1102|30077|202215
1102;30154;11/04/2022;202215;198;2237,40;TILBUD;SUPER;;NFK|1102|30154|202215
1102;30209;11/04/2022;202215;137;5128,94;;SUPER;;NFK|1102|30209|202215
1103;10023;11/04/2022;202215;275;3265,62;;NAER;;NFK|1103|10023|202215
1103;10047;11/04/2022;202215;136;1530,00;;NAER;;NFK|1103|10047|202215
1103;10112;11/04/2022;202215;102;2161,12;;NAER;;NFK|1103|10112|202215
1103;10310;11/04/2022;202215;72;1935,00;;NAER;;NFK|1103|10310|202215
1103;11020;11/04/2022;202215;207;3868,31;;NAER;;NFK|1103|11020|202215
1103;11085;11/04/2022;202215;104;1163,50;;NAER;;NFK|1103|11085|202215
1103;11142;11/04/2022;202215;88;2194,50;;NAER;;NFK|1103|11142|202215
1103;12004;11/04/2022;202215;95;3800,00;;NAER;;NFK|1103|12004|202215
1103;12066;11/04/2022;202215;84;5092,50;;NAER;;NFK|1103|12066|202215
1103;12190;11/04/2022;202215;49;1102,50;;NAER;;NFK|1103|12190|202215
1103;20015;11/04/2022;202215;159;4044,56;;NAER;C;NFK|1103|20015|202215
1103;20041;11/04/2022;202215;182;1660,75;;NAER;A;NFK|1103|20041|202215
1103;20088;11/04/2022;202215;91;5141,50;;NAER;B;NFK|1103|20088|202215
1103;20131;11/04/2022;202215;66;1394,25;;NAER;C;NFK|1103|20131|202215
1103;30012;11/04/2022;202215;46;744,62;;NAER;;NFK|1103|30012|202215
1103;30077;11/04/2022;202215;78;4095,00;;NAER;;NFK|1103|30077|202215
1103;30154;11/04/2022;202215;104;1175,20;TILBUD;NAER;;NFK|1103|30154|202215
1103;30209;11/04/2022;202215;71;2658,06;;NAER;;NFK|1103|30209|202215
1108;10023;11/04/2022;202215;990;11756,25;;HYPER;;NFK|1108|10023|202215
1108;10047;11/04/2022;202215;650;7312,50;;HYPER;;NFK|1108|10047|202215
1108;10112;11/04/2022;202215;322;6822,38;;HYPER;;NFK|1108|10112|202215
1108;10310;11/04/2022;202215;263;7068,12;;HYPER;;NFK|1108|10310|202215
1108;11020;11/04/2022;202215;671;12539,31;;HYPER;;NFK|1108|11020|202215
1108;11085;11/04/2022;202215;468;5235,75;;HYPER;;NFK|1108|11085|202215
1108;11142;11/04/2022;202215;336;8379,00;;HYPER;;NFK|1108|11142|202215
1108;12004;11/04/2022;202215;364;14560,00;;HYPER;;NFK|1108|12004|202215
1108;12066;11/04/2022;202215;326;19763,75;;HYPER;;NFK|1108|12066|202215
1108;12190;11/04/2022;202215;230;5175,00;;HYPER;;NFK|1108|12190|202215
1108;20015;11/04/2022;202215;532;13532,75;;HYPER;C;NFK|1108|20015|202215
1108;20041;11/04/2022;202215;626;5712,25;;HYPER;A;NFK|1108|20041|202215
1108;20088;11/04/2022;202215;410;23165,00;;HYPER;B;NFK|1108|20088|202215
1108;20131;11/04/2022;202215;253;5344,62;;HYPER;C;NFK|1108|20131|202215
1108;30012;11/04/2022;202215;202;3269,87;;HYPER;;NFK|1108|30012|202215
1108;30077;11/04/2022;202215;302;15855,00;;HYPER;;NFK|1108|30077|202215
1108;30154;11/04/2022;202215;438;4949,40;TILBUD;HYPER;;NFK|1108|30154|202215
1108;30209;11/04/2022;202215;306;11455,87;;HYPER;;NFK|1108|30209|202215
3104;10023;11/04/2022;202215;490;5818,75;;SUPER;;NFK|3104|10023|202215
3104;10047;11/04/2022;202215;319;3588,75;;SUPER;;NFK|3104|10047|202215
3104;10112;11/04/2022;202215;149;3156,94;;SUPER;;NFK|3104|10112|202215
3104;10310;11/04/2022;202215;140;3762,50;;SUPER;;NFK|3104|10310|202215
3104;11020;11/04/2022;202215;365;6820,94;;SUPER;;NFK|3104|11020|202215
3104;11085;11/04/2022;202215;219;2450,06;;SUPER;;NFK|3104|11085|202215
3104;11142;11/04/2022;202215;175;4364,06;;SUPER;;NFK|3104|11142|202215
3104;12004;11/04/2022;202215;196;7840,00;;SUPER;;NFK|3104|12004|202215
3104;12066;11/04/2022;202215;160;9700,00;;SUPER;;NFK|3104|12066|202215
3104;12190;11/04/2022;202215;97;2182,50;;SUPER;;NFK|3104|12190|202215
3104;20015;11/04/2022;202215;282;7173,38;;SUPER;C;NFK|3104|20015|202215
3104;20041;11/04/2022;202215;302;2755,75;;SUPER;A;NFK|3104|20041|202215
3104;20088;11/04/2022;202215;194;10961,00;;SUPER;B;NFK|3104|20088|202215
3104;20131;11/04/2022;202215;132;2788,50;;SUPER;C;NFK|3104|20131|202215
3104;30012;11/04/2022;202215;101;1634,94;;SUPER;;NFK|3104|30012|202215
3104;30077;11/04/2022;202215;141;7402,50;;SUPER;;NFK|3104|30077|202215
3104;30154;11/04/2022;202215;227;2565,10;TILBUD;SUPER;;NFK|3104|30154|202215
3104;30209;11/04/2022;202215;119;4455,06;;SUPER;;NFK|3104|30209|202215
3104;99001;11/04/2022;202215;6;0,00;;SUPER;;NFK|3104|99001|202215
3117;10023;11/04/2022;202215;228;2707,50;;NAER;;NFK|3117|10023|202215
3117;10047;11/04/2022;202215;123;1383,75;;NAER;;NFK|3117|10047|202215
3117;10112;11/04/2022;202215;68;1440,75;;NAER;;NFK|3117|10112|202215
3117;10310;11/04/2022;202215;56;1505,00;;NAER;;NFK|3117|10310|202215
3117;11020;11/04/2022;202215;185;3457,19;;NAER;;NFK|3117|11020|202215
3117;11085;11/04/2022;202215;102;1141,12;;NAER;;NFK|3117|11085|202215
3117;11142;11/04/2022;202215;68;1695,75;;NAER;;NFK|3117|11142|202215
3117;12004;11/04/2022;202215;87;3480,00;;NAER;;NFK|3117|12004|202215
3117;12066;11/04/2022;202215;61;3698,12;;NAER;;NFK|3117|12066|202215
3117;12190;11/04/2022;202215;52;1170,00;;NAER;;NFK|3117|12190|202215
3117;20015;11/04/2022;202215;126;3205,12;;NAER;C;NFK|3117|20015|202215
3117;20041;11/04/2022;202215;160;1460,00;;NAER;A;NFK|3117|20041|202215
3117;20088;11/04/2022;202215;81;4576,50;;NAER;B;NFK|3117|20088|202215
3117;20131;11/04/2022;202215;50;1056,25;;NAER;C;NFK|3117|20131|202215
3117;30012;11/04/2022;202215;47;760,81;;NAER;;NFK|3117|30012|202215
3117;30077;11/04/2022;202215;59;3097,50;;NAER;;NFK|3117|30077|202215
3117;30154;11/04/2022;202215;110;1243,00;TILBUD;NAER;;NFK|3117|30154|202215
3117;30209;11/04/2022;202215;58;2171,38;;NAER;;NFK|3117|30209|202215
3122;10023;11/04/2022;202215;152;1805,00;;FRANCHISE;;NFK|3122|10023|202215
3122;10047;11/04/2022;202215;90;1012,50;;FRANCHISE;;NFK|3122|10047|202215
3122;10112;11/04/2022;202215;50;1059,38;;FRANCHISE;;NFK|3122|10112|202215
3122;10310;11/04/2022;202215;44;1182,50;;FRANCHISE;;NFK|3122|10310|202215
3122;11020;11/04/2022;202215;129;2410,69;;FRANCHISE;;NFK|3122|11020|202215
3122;11085;11/04/2022;202215;72;805,50;;FRANCHISE;;NFK|3122|11085|202215
3122;11142;11/04/2022;202215;59;1471,31;;FRANCHISE;;NFK|3122|11142|202215
3122;12004;11/04/2022;202215;71;2840,00;;FRANCHISE;;NFK|3122|12004|202215
3122;12066;11/04/2022;202215;49;2970,62;;FRANCHISE;;NFK|3122|12066|202215
3122;12190;11/04/2022;202215;32;720,00;;FRANCHISE;;NFK|3122|12190|202215
3122;20015;11/04/2022;202215;0;0,00;;FRANCHISE;C;NFK|3122|20015|202215
3122;20041;11/04/2022;202215;126;1149,75;;FRANCHISE;A;NFK|3122|20041|202215
3122;20088;11/04/2022;202215;55;3107,50;;FRANCHISE;B;NFK|3122|20088|202215
3122;20131;11/04/2022;202215;41;866,12;;FRANCHISE;C;NFK|3122|20131|202215
3122;30012;11/04/2022;202215;30;485,62;;FRANCHISE;;NFK|3122|30012|202215
3122;30077;11/04/2022;202215;46;2415,00;;FRANCHISE;;NFK|3122|30077|202215
3122;30154;11/04/2022;202215;78;881,40;TILBUD;FRANCHISE;;NFK|3122|30154|202215
3122;30209;11/04/2022;202215;50;1871,88;;FRANCHISE;;NFK|3122|30209|202215
4201;10023;11/04/2022;202215;713;8466,88;;HYPER;;NFK|4201|10023|202215
4201;10047;11/04/2022;202215;535;6018,75;;HYPER;;NFK|4201|10047|202215
4201;10112;11/04/2022;202215;337;6070,21;MP;HYPER;;NFK|4201|10112|202215
4201;10310;11/04/2022;202215;227;6100,62;;HYPER;;NFK|4201|10310|202215
4201;11020;11/04/2022;202215;571;10670,56;;HYPER;;NFK|4201|11020|202215
4201;11085;11/04/2022;202215;328;3669,50;;HYPER;;NFK|4201|11085|202215
4201;11142;11/04/2022;202215;254;6334,12;;HYPER;;NFK|4201|11142|202215
4201;12004;11/04/2022;202215;350;14000,00;;HYPER;;NFK|4201|12004|202215
4201;12066;11/04/2022;202215;294;17823,75;;HYPER;;NFK|4201|12066|202215
4201;12190;11/04/2022;202215;168;3780,00;;HYPER;;NFK|4201|12190|202215
4201;20015;11/04/2022;202215;426;10836,38;;HYPER;C;NFK|4201|20015|202215
4201;20041;11/04/2022;202215;545;4973,12;;HYPER;A;NFK|4201|20041|202215
4201;20088;11/04/2022;202215;305;17232,50;;HYPER;B;NFK|4201|20088|202215
4201;20131;11/04/2022;202215;202;4267,25;;HYPER;C;NFK|4201|20131|202215
4201;30012;11/04/2022;202215;219;2658,11;KUPON;HYPER;;NFK|4201|30012|202215
4201;30077;11/04/2022;202215;360;16065,00;3F2;HYPER;;NFK|4201|30077|202215
4201;30154;11/04/2022;202215;350;3955,00;TILBUD;HYPER;;NFK|4201|30154|202215
4201;30209;11/04/2022;202215;232;8685,50;;HYPER;;NFK|4201|30209|202215
4205;10023;11/04/2022;202215;447;5308,12;;SUPER;;NFK|4205|10023|202215
4205;10047;11/04/2022;202215;269;3026,25;;SUPER;;NFK|4205|10047|202215
4205;10112;11/04/2022;202215;249;4485,11;MP;SUPER;;NFK|4205|10112|202215
4205;10310;11/04/2022;202215;159;4273,12;;SUPER;;NFK|4205|10310|202215
4205;11020;11/04/2022;202215;393;7344,19;;SUPER;;NFK|4205|11020|202215
4205;11085;11/04/2022;202215;245;2740,94;;SUPER;;NFK|4205|11085|202215
4205;11142;11/04/2022;202215;160;3990,00;;SUPER;;NFK|4205|11142|202215
4205;12004;11/04/2022;202215;184;7360,00;;SUPER;;NFK|4205|12004|202215
4205;12066;11/04/2022;202215;160;9700,00;;SUPER;;NFK|4205|12066|202215
4205;12190;11/04/2022;202215;117;2632,50;;SUPER;;NFK|4205|12190|202215
4205;20015;11/04/2022;202215;259;6588,31;;SUPER;C;NFK|4205|20015|202215
4205;20041;11/04/2022;202215;328;2993,00;;SUPER;A;NFK|4205|20041|202215
4205;20088;11/04/2022;202215;195;11017,50;;SUPER;B;NFK|4205|20088|202215
4205;20131;11/04/2022;202215;116;2450,50;;SUPER;C;NFK|4205|20131|202215
4205;30012;11/04/2022;202215;126;1529,33;KUPON;SUPER;;NFK|4205|30012|202215
4205;30077;11/04/2022;202215;237;10576,13;3F2;SUPER;;NFK|4205|30077|202215
4205;30154;11/04/2022;202215;218;2463,40;TILBUD;SUPER;;NFK|4205|30154|202215
4205;30209;11/04/2022;202215;142;5316,12;;SUPER;;NFK|4205|30209|202215
4218;10023;11/04/2022;202215;470;5581,25;;SUPER;;NFK|4218|10023|202215
4218;10047;11/04/2022;202215;326;3667,50;;SUPER;;NFK|4218|10047|202215
4218;10112;11/04/2022;202215;263;4737,29;MP;SUPER;;NFK|4218|10112|202215
4218;10310;11/04/2022;202215;135;3628,12;;SUPER;;NFK|4218|10310|202215
4218;11020;11/04/2022;202215;462;8633,62;;SUPER;;NFK|4218|11020|202215
4218;11085;11/04/2022;202215;251;2808,06;;SUPER;;NFK|4218|11085|202215
4218;11142;11/04/2022;202215;200;4987,50;;SUPER;;NFK|4218|11142|202215
4218;12004;11/04/2022;202215;233;9320,00;;SUPER;;NFK|4218|12004|202215
4218;12066;11/04/2022;202215;176;10670,00;;SUPER;;NFK|4218|12066|202215
4218;12190;11/04/2022;202215;109;2452,50;;SUPER;;NFK|4218|12190|202215
4218;20015;11/04/2022;202215;283;7198,81;;SUPER;C;NFK|4218|20015|202215
4218;20041;11/04/2022;202215;389;3549,62;;SUPER;A;NFK|4218|20041|202215
4218;20088;11/04/2022;202215;220;12430,00;;SUPER;B;NFK|4218|20088|202215
4218;20131;11/04/2022;202215;128;2704,00;;SUPER;C;NFK|4218|20131|202215
4218;30012;11/04/2022;202215;128;1553,60;KUPON;SUPER;;NFK|4218|30012|202215
4218;30077;11/04/2022;202215;254;11334,75;3F2;SUPER;;NFK|4218|30077|202215
4218;30154;11/04/2022;202215;244;2757,20;TILBUD;SUPER;;NFK|4218|30154|202215
4218;30209;11/04/2022;202215;147;5503,31;;SUPER;;NFK|4218|30209|202215
5502;10023;11/04/2022;202215;505;5996,88;;SUPER;;NFK|5502|10023|202215
5502;10047;11/04/2022;202215;324;3645,00;;SUPER;;NFK|5502|10047|202215
5502;10112;11/04/2022;202215;225;4052,81;MP;SUPER;;NFK|5502|10112|202215
5502;10310;11/04/2022;202215;133;3574,38;;SUPER;;NFK|5502|10310|202215
5502;11020;11/04/2022;202215;396;7400,25;;SUPER;;NFK|5502|11020|202215
5502;11085;11/04/2022;202215;235;2629,06;;SUPER;;NFK|5502|11085|202215
5502;11142;11/04/2022;202215;163;4064,81;;SUPER;;NFK|5502|11142|202215
5502;12004;11/04/2022;202215;170;6800,00;;SUPER;;NFK|5502|12004|202215
5502;12066;11/04/2022;202215;144;8730,00;;SUPER;;NFK|5502|12066|202215
5502;12190;11/04/2022;202215;100;2250,00;;SUPER;;NFK|5502|12190|202215
5502;20015;11/04/2022;202215;257;6537,44;;SUPER;C;NFK|5502|20015|202215
5502;20041;11/04/2022;202215;304;2774,00;;SUPER;A;NFK|5502|20041|202215
5502;20088;11/04/2022;202215;170;9605,00;;SUPER;B;NFK|5502|20088|202215
5502;20131;11/04/2022;202215;126;2661,75;;SUPER;C;NFK|5502|20131|202215
5502;30012;11/04/2022;202215;133;1614,29;KUPON;SUPER;;NFK|5502|30012|202215
5502;30077;11/04/2022;202215;180;8032,50;3F2;SUPER;;NFK|5502|30077|202215
5502;30154;11/04/2022;202215;231;2610,30;TILBUD;SUPER;;NFK|5502|30154|202215
5502;30209;11/04/2022;202215;134;5016,62;;SUPER;;NFK|5502|30209|202215
5511;10023;11/04/2022;202215;193;2291,88;;PARTNER;;NFK|5511|10023|202215
5511;10047;11/04/2022;202215;103;1158,75;;PARTNER;;NFK|5511|10047|202215
5511;10112;11/04/2022;202215;94;1693,17;MP;PARTNER;;NFK|5511|10112|202215
5511;10310;11/04/2022;202215;45;1209,38;;PARTNER;;NFK|5511|10310|202215
5511;11020;11/04/2022;202215;142;2653,62;;PARTNER;;NFK|5511|11020|202215
5511;11085;11/04/2022;202215;72;805,50;;PARTNER;;NFK|5511|11085|202215
5511;11142;11/04/2022;202215;63;1571,06;;PARTNER;;NFK|5511|11142|202215
5511;12004;11/04/2022;202215;74;2960,00;;PARTNER;;NFK|5511|12004|202215
5511;12066;11/04/2022;202215;50;3031,25;;PARTNER;;NFK|5511|12066|202215
5511;12190;11/04/2022;202215;41;922,50;;PARTNER;;NFK|5511|12190|202215
5511;20015;11/04/2022;202215;113;2874,44;;PARTNER;C;NFK|5511|20015|202215
5511;20041;11/04/2022;202215;145;1323,12;;PARTNER;A;NFK|5511|20041|202215
5511;20088;11/04/2022;202215;72;4068,00;;PARTNER;B;NFK|5511|20088|202215
5511;20131;11/04/2022;202215;48;1014,00;;PARTNER;C;NFK|5511|20131|202215
5511;30012;11/04/2022;202215;49;594,74;KUPON;PARTNER;;NFK|5511|30012|202215
5511;30077;11/04/2022;202215;72;3213,00;3F2;PARTNER;;NFK|5511|30077|202215
5511;30154;11/04/2022;202215;91;1028,30;TILBUD;PARTNER;;NFK|5511|30154|202215
5511;30209;11/04/2022;202215;48;1797,00;;PARTNER;;NFK|5511|30209|202215
9001;10023;11/04/2022;202215;25;296,88;;DEPOT;;NFK|9001|10023|202215
9001;10047;11/04/2022;202215;16;180,00;;DEPOT;;NFK|9001|10047|202215
9001;10112;11/04/2022;202215;10;211,88;;DEPOT;;NFK|9001|10112|202215
9001;10310;11/04/2022;202215;8;215,00;;DEPOT;;NFK|9001|10310|202215
9001;11020;11/04/2022;202215;19;355,06;;DEPOT;;NFK|9001|11020|202215
9001;11085;11/04/2022;202215;13;145,44;;DEPOT;;NFK|9001|11085|202215
9001;11142;11/04/2022;202215;10;249,38;;DEPOT;;NFK|9001|11142|202215
9001;12004;11/04/2022;202215;12;480,00;;DEPOT;;NFK|9001|12004|202215
9001;12066;11/04/2022;202215;7;424,38;;DEPOT;;NFK|9001|12066|202215
9001;12190;11/04/2022;202215;6;135,00;;DEPOT;;NFK|9001|12190|202215
9001;20015;11/04/2022;202215;17;432,44;;DEPOT;C;NFK|9001|20015|202215
9001;20041;11/04/2022;202215;20;182,50;;DEPOT;A;NFK|9001|20041|202215
9001;20088;11/04/2022;202215;10;565,00;;DEPOT;B;NFK|9001|20088|202215
9001;20131;11/04/2022;202215;6;126,75;;DEPOT;C;NFK|9001|20131|202215
9001;30012;11/04/2022;202215;6;97,12;;DEPOT;;NFK|9001|30012|202215
9001;30077;11/04/2022;202215;9;472,50;;DEPOT;;NFK|9001|30077|202215
9001;30154;11/04/2022;202215;13;146,90;TILBUD;DEPOT;;NFK|9001|30154|202215
9001;30209;11/04/2022;202215;7;262,06;;DEPOT;;NFK|9001|30209|202215
9001;99001;11/04/2022;202215;0;0,00;;DEPOT;;NFK|9001|99001|202215
1101;10023;18/04/2022;202216;494;5866,25;;SUPER;;NFK|1101|10023|202216
1101;10047;18/04/2022;202216;341;3836,25;;SUPER;;NFK|1101|10047|202216
1101;10112;18/04/2022;202216;163;3453,56;;SUPER;;NFK|1101|10112|202216
1101;10310;18/04/2022;202216;167;4488,12;;SUPER;;NFK|1101|10310|202216
1101;11020;18/04/2022;202216;443;8278,56;;SUPER;;NFK|1101|11020|202216
1101;11085;18/04/2022;202216;240;2685,00;;SUPER;;NFK|1101|11085|202216
1101;11142;18/04/2022;202216;164;4089,75;;SUPER;;NFK|1101|11142|202216
1101;12004;18/04/2022;202216;191;7640,00;;SUPER;;NFK|1101|12004|202216
1101;12066;18/04/2022;202216;224;11544,40;KUPON;SUPER;;NFK|1101|12066|202216
1101;12190;18/04/2022;202216;118;2655,00;;SUPER;;NFK|1101|12190|202216
1101;20015;18/04/2022;202216;339;8623,31;;SUPER;C;NFK|1101|20015|202216
1101;20041;18/04/2022;202216;404;3686,50;;SUPER;A;NFK|1101|20041|202216
1101;20088;18/04/2022;202216;366;17659,50;AVIS;SUPER;B;NFK|1101|20088|202216
1101;20131;18/04/2022;202216;133;2809,62;;SUPER;C;NFK|1101|20131|202216
1101;30012;18/04/2022;202216;97;1570,19;;SUPER;;NFK|1101|30012|202216
1101;30077;18/04/2022;202216;226;10085,25;3F2;SUPER;;NFK|1101|30077|202216
1101;30154;18/04/2022;202216;113;1906,88;;SUPER;;NFK|1101|30154|202216
1101;30209;18/04/2022;202216;156;5840,25;;SUPER;;NFK|1101|30209|202216
1102;10023;18/04/2022;202216;466;5533,75;;SUPER;;NFK|1102|10023|202216
1102;10047;18/04/2022;202216;315;3543,75;;SUPER;;NFK|1102|10047|202216
1102;10112;18/04/2022;202216;158;3347,62;;SUPER;;NFK|1102|10112|202216
1102;10310;18/04/2022;202216;155;4165,62;;SUPER;;NFK|1102|10310|202216
1102;11020;18/04/2022;202216;392;7325,50;;SUPER;;NFK|1102|11020|202216
1102;11085;18/04/2022;202216;243;2718,56;;SUPER;;NFK|1102|11085|202216
1102;11142;18/04/2022;202216;144;3591,00;;SUPER;;NFK|1102|11142|202216
1102;12004;18/04/2022;202216;216;8640,00;;SUPER;;NFK|1102|12004|202216
1102;12066;18/04/2022;202216;157;8091,39;KUPON;SUPER;;NFK|1102|12066|202216
1102;12190;18/04/2022;202216;97;2182,50;;SUPER;;NFK|1102|12190|202216
1102;20015;18/04/2022;202216;274;6969,88;;SUPER;C;NFK|1102|20015|202216
1102;20041;18/04/2022;202216;388;3540,50;;SUPER;A;NFK|1102|20041|202216
1102;20088;18/04/2022;202216;324;15633,00;AVIS;SUPER;B;NFK|1102|20088|202216
1102;20131;18/04/2022;202216;119;2513,88;;SUPER;C;NFK|1102|20131|202216
1102;30012;18/04/2022;202216;93;1505,44;;SUPER;;NFK|1102|30012|202216
1102;30077;18/04/2022;202216;210;9371,25;3F2;SUPER;;NFK|1102|30077|202216
1102;30154;18/04/2022;202216;96;1620,00;;SUPER;;NFK|1102|30154|202216
1102;30209;18/04/2022;202216;141;5278,69;;SUPER;;NFK|1102|30209|202216
1103;10023;18/04/2022;202216;283;3360,62;;NAER;;NFK|1103|10023|202216
1103;10047;18/04/2022;202216;156;1755,00;;NAER;;NFK|1103|10047|202216
1103;10112;18/04/2022;202216;99;2097,56;;NAER;;NFK|1103|10112|202216
1103;10310;18/04/2022;202216;73;1961,88;;NAER;;NFK|1103|10310|202216
1103;11020;18/04/2022;202216;206;3849,62;;NAER;;NFK|1103|11020|202216
1103;11085;18/04/2022;202216;119;1331,31;;NAER;;NFK|1103|11085|202216
1103;11142;18/04/2022;202216;74;1845,38;;NAER;;NFK|1103|11142|202216
1103;12004;18/04/2022;202216;120;4800,00;;NAER;;NFK|1103|12004|202216
1103;12066;18/04/2022;202216;106;5462,98;KUPON;NAER;;NFK|1103|12066|202216
1103;12190;18/04/2022;202216;55;1237,50;;NAER;;NFK|1103|12190|202216
1103;20015;18/04/2022;202216;134;3408,62;;NAER;C;NFK|1103|20015|202216
1103;20041;18/04/2022;202216;199;1815,88;;NAER;A;NFK|1103|20041|202216
1103;20088;18/04/2022;202216;144;6948,00;AVIS;NAER;B;NFK|1103|20088|202216
1103;20131;18/04/2022;202216;76;1605,50;;NAER;C;NFK|1103|20131|202216
1103;30012;18/04/2022;202216;50;809,38;;NAER;;NFK|1103|30012|202216
1103;30077;18/04/2022;202216;99;4417,88;3F2;NAER;;NFK|1103|30077|202216
1103;30154;18/04/2022;202216;56;945,00;;NAER;;NFK|1103|30154|202216
1103;30209;18/04/2022;202216;82;3069,88;;NAER;;NFK|1103|30209|202216
1108;10023;18/04/2022;202216;1033;12266,88;;HYPER;;NFK|1108|10023|202216
1108;10047;18/04/2022;202216;661;7436,25;;HYPER;;NFK|1108|10047|202216
1108;10112;18/04/2022;202216;384;8136,00;;HYPER;;NFK|1108|10112|202216
1108;10310;18/04/2022;202216;283;7605,62;;HYPER;;NFK|1108|10310|202216
1108;11020;18/04/2022;202216;685;12800,94;;HYPER;;NFK|1108|11020|202216
1108;11085;18/04/2022;202216;401;4486,19;;HYPER;;NFK|1108|11085|202216
1108;11142;18/04/2022;202216;346;8628,38;;HYPER;;NFK|1108|11142|202216
1108;12004;18/04/2022;202216;401;16040,00;;HYPER;;NFK|1108|12004|202216
1108;12066;18/04/2022;202216;398;20511,92;KUPON;HYPER;;NFK|1108|12066|202216
1108;12190;18/04/2022;202216;201;4522,50;;HYPER;;NFK|1108|12190|202216
1108;20015;18/04/2022;202216;542;13787,12;;HYPER;C;NFK|1108|20015|202216
1108;20041;18/04/2022;202216;675;6159,38;;HYPER;A;NFK|1108|20041|202216
1108;20088;18/04/2022;202216;582;28081,50;AVIS;HYPER;B;NFK|1108|20088|202216
1108;20131;18/04/2022;202216;291;6147,38;;HYPER;C;NFK|1108|20131|202216
1108;30012;18/04/2022;202216;182;2946,12;;HYPER;;NFK|1108|30012|202216
1108;30077;18/04/2022;202216;403;17983,88;3F2;HYPER;;NFK|1108|30077|202216
1108;30154;18/04/2022;202216;229;3864,38;;HYPER;;NFK|1108|30154|202216
1108;30209;18/04/2022;202216;309;11568,19;;HYPER;;NFK|1108|30209|202216
1108;99001;18/04/2022;202216;16;0,00;;HYPER;;NFK|1108|99001|202216
3104;10023;18/04/2022;202216;505;5996,88;;SUPER;;NFK|3104|10023|202216
3104;10047;18/04/2022;202216;320;3600,00;;SUPER;;NFK|3104|10047|202216
3104;10112;18/04/2022;202216;180;3813,75;;SUPER;;NFK|3104|10112|202216
3104;10310;18/04/2022;202216;139;3735,62;;SUPER;;NFK|3104|10310|202216
3104;11020;18/04/2022;202216;397;7418,94;;SUPER;;NFK|3104|11020|202216
3104;11085;18/04/2022;202216;195;2181,56;;SUPER;;NFK|3104|11085|202216
3104;11142;18/04/2022;202216;158;3940,12;;SUPER;;NFK|3104|11142|202216
3104;12004;18/04/2022;202216;211;8440,00;;SUPER;;NFK|3104|12004|202216
3104;12066;18/04/2022;202216;185;9534,44;KUPON;SUPER;;NFK|3104|12066|202216
3104;12190;18/04/2022;202216;106;2385,00;;SUPER;;NFK|3104|12190|202216
3104;20015;18/04/2022;202216;265;6740,94;;SUPER;C;NFK|3104|20015|202216
3104;20041;18/04/2022;202216;310;2828,75;;SUPER;A;NFK|3104|20041|202216
3104;20088;18/04/2022;202216;172;9718,00;;SUPER;B;NFK|3104|20088|202216
3104;20131;18/04/2022;202216;133;2809,62;;SUPER;C;NFK|3104|20131|202216
3104;30012;18/04/2022;202216;106;1715,87;;SUPER;;NFK|3104|30012|202216
3104;30077;18/04/2022;202216;211;9415,88;3F2;SUPER;;NFK|3104|30077|202216
3104;30154;18/04/2022;202216;97;1636,88;;SUPER;;NFK|3104|30154|202216
3104;30209;18/04/2022;202216;135;5054,06;;SUPER;;NFK|3104|30209|202216
3117;10023;18/04/2022;202216;208;2470,00;;NAER;;NFK|3117|10023|202216
3117;10047;18/04/2022;202216;119;1338,75;;NAER;;NFK|3117|10047|202216
3117;10112;18/04/2022;202216;71;1504,31;;NAER;;NFK|3117|10112|202216
3117;10310;18/04/2022;202216;68;1827,50;;NAER;;NFK|3117|10310|202216
3117;11020;18/04/2022;202216;184;3438,50;;NAER;;NFK|3117|11020|202216
3117;11085;18/04/2022;202216;96;1074,00;;NAER;;NFK|3117|11085|202216
3117;11142;18/04/2022;202216;69;1720,69;;NAER;;NFK|3117|11142|202216
3117;12004;18/04/2022;202216;97;3880,00;;NAER;;NFK|3117|12004|202216
3117;12066;18/04/2022;202216;83;4277,61;KUPON;NAER;;NFK|3117|12066|202216
3117;12190;18/04/2022;202216;44;990,00;;NAER;;NFK|3117|12190|202216
3117;20015;18/04/2022;202216;115;2925,31;;NAER;C;NFK|3117|20015|202216
3117;20041;18/04/2022;202216;141;1286,62;;NAER;A;NFK|3117|20041|202216
3117;20088;18/04/2022;202216;78;4407,00;;NAER;B;NFK|3117|20088|202216
3117;20131;18/04/2022;202216;52;1098,50;;NAER;C;NFK|3117|20131|202216
3117;30012;18/04/2022;202216;48;777,00;;NAER;;NFK|3117|30012|202216
3117;30077;18/04/2022;202216;84;3748,50;3F2;NAER;;NFK|3117|30077|202216
3117;30154;18/04/2022;202216;44;742,50;;NAER;;NFK|3117|30154|202216
3117;30209;18/04/2022;202216;69;2583,19;;NAER;;NFK|3117|30209|202216
3122;10023;18/04/2022;202216;134;1591,25;;FRANCHISE;;NFK|3122|10023|202216
3122;10047;18/04/2022;202216;90;1012,50;;FRANCHISE;;NFK|3122|10047|202216
3122;10112;18/04/2022;202216;56;1186,50;;FRANCHISE;;NFK|3122|10112|202216
3122;10310;18/04/2022;202216;48;1290,00;;FRANCHISE;;NFK|3122|10310|202216
3122;11020;18/04/2022;202216;132;2466,75;;FRANCHISE;;NFK|3122|11020|202216
3122;11085;18/04/2022;202216;75;839,06;;FRANCHISE;;NFK|3122|11085|202216
3122;11142;18/04/2022;202216;48;1197,00;;FRANCHISE;;NFK|3122|11142|202216
3122;12004;18/04/2022;202216;73;2920,00;;FRANCHISE;;NFK|3122|12004|202216
3122;12066;18/04/2022;202216;66;3401,47;KUPON;FRANCHISE;;NFK|3122|12066|202216
3122;12190;18/04/2022;202216;40;900,00;;FRANCHISE;;NFK|3122|12190|202216
3122;20015;18/04/2022;202216;100;2543,75;;FRANCHISE;C;NFK|3122|20015|202216
3122;20041;18/04/2022;202216;101;921,62;;FRANCHISE;A;NFK|3122|20041|202216
3122;20088;18/04/2022;202216;68;3842,00;;FRANCHISE;B;NFK|3122|20088|202216
3122;20131;18/04/2022;202216;36;760,50;;FRANCHISE;C;NFK|3122|20131|202216
3122;30012;18/04/2022;202216;34;550,38;;FRANCHISE;;NFK|3122|30012|202216
3122;30077;18/04/2022;202216;76;3391,50;3F2;FRANCHISE;;NFK|3122|30077|202216
3122;30154;18/04/2022;202216;31;523,12;;FRANCHISE;;NFK|3122|30154|202216
3122;30209;18/04/2022;202216;47;1759,56;;FRANCHISE;;NFK|3122|30209|202216
3122;99001;18/04/2022;202216;2;0,00;;FRANCHISE;;NFK|3122|99001|202216
4201;10023;18/04/2022;202216;930;11043,75;;HYPER;;NFK|4201|10023|202216
4201;10047;18/04/2022;202216;498;5602,50;;HYPER;;NFK|4201|10047|202216
4201;10112;18/04/2022;202216;297;6292,69;;HYPER;;NFK|4201|10112|202216
4201;10310;18/04/2022;202216;248;6665,00;;HYPER;;NFK|4201|10310|202216
4201;11020;18/04/2022;202216;705;13174,69;;HYPER;;NFK|4201|11020|202216
4201;11085;18/04/2022;202216;394;4407,88;;HYPER;;NFK|4201|11085|202216
4201;11142;18/04/2022;202216;285;7107,19;;HYPER;;NFK|4201|11142|202216
4201;12004;18/04/2022;202216;326;13040,00;;HYPER;;NFK|4201|12004|202216
4201;12066;18/04/2022;202216;278;14327,42;KUPON;HYPER;;NFK|4201|12066|202216
4201;12190;18/04/2022;202216;191;4297,50;;HYPER;;NFK|4201|12190|202216
4201;20015;18/04/2022;202216;465;11828,44;;HYPER;C;NFK|4201|20015|202216
4201;20041;18/04/2022;202216;524;4781,50;;HYPER;A;NFK|4201|20041|202216
4201;20088;18/04/2022;202216;504;24318,00;AVIS;HYPER;B;NFK|4201|20088|202216
4201;20131;18/04/2022;202216;196;4140,50;;HYPER;C;NFK|4201|20131|202216
4201;30012;18/04/2022;202216;151;2444,31;;HYPER;;NFK|4201|30012|202216
4201;30077;18/04/2022;202216;409;18251,62;3F2;HYPER;;NFK|4201|30077|202216
4201;30154;18/04/2022;202216;188;3172,50;;HYPER;;NFK|4201|30154|202216
4201;30209;18/04/2022;202216;245;9172,19;;HYPER;;NFK|4201|30209|202216
4205;10023;18/04/2022;202216;553;6566,88;;SUPER;;NFK|4205|10023|202216
4205;10047;18/04/2022;202216;354;3982,50;;SUPER;;NFK|4205|10047|202216
4205;10112;18/04/2022;202216;179;3792,56;;SUPER;;NFK|4205|10112|202216
4205;10310;18/04/2022;202216;164;4407,50;;SUPER;;NFK|4205|10310|202216
4205;11020;18/04/2022;202216;362;6764,88;;SUPER;;NFK|4205|11020|202216
4205;11085;18/04/2022;202216;247;2763,31;;SUPER;;NFK|4205|11085|202216
4205;11142;18/04/2022;202216;190;4738,12;;SUPER;;NFK|4205|11142|202216
4205;12004;18/04/2022;202216;192;7680,00;;SUPER;;NFK|4205|12004|202216
4205;12066;18/04/2022;202216;199;10255,96;KUPON;SUPER;;NFK|4205|12066|202216
4205;12190;18/04/2022;202216;108;2430,00;;SUPER;;NFK|4205|12190|202216
4205;20015;18/04/2022;202216;276;7020,75;;SUPER;C;NFK|4205|20015|202216
4205;20041;18/04/2022;202216;327;2983,88;;SUPER;A;NFK|4205|20041|202216
4205;20088;18/04/2022;202216;281;13558,25;AVIS;SUPER;B;NFK|4205|20088|202216
4205;20131;18/04/2022;202216;126;2661,75;;SUPER;C;NFK|4205|20131|202216
4205;30012;18/04/2022;202216;102;1651,12;;SUPER;;NFK|4205|30012|202216
4205;30077;18/04/2022;202216;241;10754,62;3F2;SUPER;;NFK|4205|30077|202216
4205;30154;18/04/2022;202216;106;1788,75;;SUPER;;NFK|4205|30154|202216
4205;30209;18/04/2022;202216;146;5465,88;;SUPER;;NFK|4205|30209|202216
4218;10023;18/04/2022;202216;468;5557,50;;SUPER;;NFK|4218|10023|202216
4218;10047;18/04/2022;202216;328;3690,00;;SUPER;;NFK|4218|10047|202216
4218;10112;18/04/2022;202216;195;4131,56;;SUPER;;NFK|4218|10112|202216
4218;10310;18/04/2022;202216;154;4138,75;;SUPER;;NFK|4218|10310|202216
4218;11020;18/04/2022;202216;367;6858,31;;SUPER;;NFK|4218|11020|202216
4218;11085;18/04/2022;202216;257;2875,19;;SUPER;;NFK|4218|11085|202216
4218;11142;18/04/2022;202216;175;4364,06;;SUPER;;NFK|4218|11142|202216
4218;12004;18/04/2022;202216;216;8640,00;;SUPER;;NFK|4218|12004|202216
4218;12066;18/04/2022;202216;211;10874,41;KUPON;SUPER;;NFK|4218|12066|202216
4218;12190;18/04/2022;202216;116;2610,00;;SUPER;;NFK|4218|12190|202216
4218;20015;18/04/2022;202216;342;8699,62;;SUPER;C;NFK|4218|20015|202216
4218;20041;18/04/2022;202216;429;3914,62;;SUPER;A;NFK|4218|20041|202216
4218;20088;18/04/2022;202216;336;16212,00;AVIS;SUPER;B;NFK|4218|20088|202216
4218;20131;18/04/2022;202216;132;2788,50;;SUPER;C;NFK|4218|20131|202216
4218;30012;18/04/2022;202216;101;1634,94;;SUPER;;NFK|4218|30012|202216
4218;30077;18/04/2022;202216;262;11691,75;3F2;SUPER;;NFK|4218|30077|202216
4218;30154;18/04/2022;202216;105;1771,88;;SUPER;;NFK|4218|30154|202216
4218;30209;18/04/2022;202216;175;6551,56;;SUPER;;NFK|4218|30209|202216
5502;10023;18/04/2022;202216;511;6068,12;;SUPER;;NFK|5502|10023|202216
5502;10047;18/04/2022;202216;295;3318,75;;SUPER;;NFK|5502|10047|202216
5502;10112;18/04/2022;202216;184;3898,50;;SUPER;;NFK|5502|10112|202216
5502;10310;18/04/2022;202216;131;3520,62;;SUPER;;NFK|5502|10310|202216
5502;11020;18/04/2022;202216;374;6989,12;;SUPER;;NFK|5502|11020|202216
5502;11085;18/04/2022;202216;239;2673,81;;SUPER;;NFK|5502|11085|202216
5502;11142;18/04/2022;202216;159;3965,06;;SUPER;;NFK|5502|11142|202216
5502;12004;18/04/2022;202216;178;7120,00;;SUPER;;NFK|5502|12004|202216
5502;12066;18/04/2022;202216;196;10101,35;KUPON;SUPER;;NFK|5502|12066|202216
5502;12190;18/04/2022;202216;102;2295,00;;SUPER;;NFK|5502|12190|202216
5502;20015;18/04/2022;202216;277;7046,19;;SUPER;C;NFK|5502|20015|202216
5502;20041;18/04/2022;202216;383;3494,88;;SUPER;A;NFK|5502|20041|202216
5502;20088;18/04/2022;202216;199;11243,50;;SUPER;B;NFK|5502|20088|202216
5502;20131;18/04/2022;202216;122;2577,25;;SUPER;C;NFK|5502|20131|202216
5502;30012;18/04/2022;202216;93;1505,44;;SUPER;;NFK|5502|30012|202216
5502;30077;18/04/2022;202216;220;9817,50;3F2;SUPER;;NFK|5502|30077|202216
5502;30154;18/04/2022;202216;105;1771,88;;SUPER;;NFK|5502|30154|202216
5502;30209;18/04/2022;202216;132;4941,75;;SUPER;;NFK|5502|30209|202216
5511;10023;18/04/2022;202216;162;1923,75;;PARTNER;;NFK|5511|10023|202216
5511;10047;18/04/2022;202216;99;1113,75;;PARTNER;;NFK|5511|10047|202216
5511;10112;18/04/2022;202216;74;1567,88;;PARTNER;;NFK|5511|10112|202216
5511;10310;18/04/2022;202216;50;1343,75;;PARTNER;;NFK|5511|10310|202216
5511;11020;18/04/2022;202216;129;2410,69;;PARTNER;;NFK|5511|11020|202216
5511;11085;18/04/2022;202216;88;984,50;;PARTNER;;NFK|5511|11085|202216
5511;11142;18/04/2022;202216;60;1496,25;;PARTNER;;NFK|5511|11142|202216
5511;12004;18/04/2022;202216;85;3400,00;;PARTNER;;NFK|5511|12004|202216
5511;12066;18/04/2022;202216;64;3298,40;KUPON;PARTNER;;NFK|5511|12066|202216
5511;12190;18/04/2022;202216;43;967,50;;PARTNER;;NFK|5511|12190|202216
5511;20015;18/04/2022;202216;103;2620,06;;PARTNER;C;NFK|5511|20015|202216
5511;20041;18/04/2022;202216;146;1332,25;;PARTNER;A;NFK|5511|20041|202216
5511;20088;18/04/2022;202216;70;3955,00;;PARTNER;B;NFK|5511|20088|202216
5511;20131;18/04/2022;202216;44;929,50;;PARTNER;C;NFK|5511|20131|202216
5511;30012;18/04/2022;202216;39;631,31;;PARTNER;;NFK|5511|30012|202216
5511;30077;18/04/2022;202216;74;3302,25;3F2;PARTNER;;NFK|5511|30077|202216
5511;30154;18/04/2022;202216;44;742,50;;PARTNER;;NFK|5511|30154|202216
5511;30209;18/04/2022;202216;51;1909,31;;PARTNER;;NFK|5511|30209|202216
9001;10023;18/04/2022;202216;29;344,38;;DEPOT;;NFK|9001|10023|202216
9001;10047;18/04/2022;202216;14;157,50;;DEPOT;;NFK|9001|10047|202216
9001;10112;18/04/2022;202216;10;211,88;;DEPOT;;NFK|9001|10112|202216
9001;10310;18/04/2022;202216;8;215,00;;DEPOT;;NFK|9001|10310|202216
9001;11020;18/04/2022;202216;21;392,44;;DEPOT;;NFK|9001|11020|202216
9001;11085;18/04/2022;202216;11;123,06;;DEPOT;;NFK|9001|11085|202216
9001;11142;18/04/2022;202216;10;249,38;;DEPOT;;NFK|9001|11142|202216
9001;12004;18/04/2022;202216;12;480,00;;DEPOT;;NFK|9001|12004|202216
9001;12066;18/04/2022;202216;9;463,84;KUPON;DEPOT;;NFK|9001|12066|202216
9001;12190;18/04/2022;202216;6;135,00;;DEPOT;;NFK|9001|12190|202216
9001;20015;18/04/2022;202216;13;330,69;;DEPOT;C;NFK|9001|20015|202216
9001;20041;18/04/2022;202216;21;191,62;;DEPOT;A;NFK|9001|20041|202216
9001;20088;18/04/2022;202216;10;565,00;;DEPOT;B;NFK|9001|20088|202216
9001;20131;18/04/2022;202216;6;126,75;;DEPOT;C;NFK|9001|20131|202216
9001;30012;18/04/2022;202216;6;97,12;;DEPOT;;NFK|9001|30012|202216
9001;30077;18/04/2022;202216;11;490,88;3F2;DEPOT;;NFK|9001|30077|202216
9001;30154;18/04/2022;202216;6;101,25;;DEPOT;;NFK|9001|30154|202216
9001;30209;18/04/2022;202216;8;299,50;;DEPOT;;NFK|9001|30209|202216
1101;10023;25/04/2022;202217;417;4951,88;;SUPER;;NFK|1101|10023|202217
1101;10047;25/04/2022;202217;309;3476,25;;SUPER;;NFK|1101|10047|202217
1101;10112;25/04/2022;202217;199;4216,31;;SUPER;;NFK|1101|10112|202217
1101;10310;25/04/2022;202217;140;3762,50;;SUPER;;NFK|1101|10310|202217
1101;11020;25/04/2022;202217;354;6615,38;;SUPER;;NFK|1101|11020|202217
1101;11085;25/04/2022;202217;229;2561,94;;SUPER;;NFK|1101|11085|202217
1101;11142;25/04/2022;202217;183;4563,56;;SUPER;;NFK|1101|11142|202217
1101;12004;25/04/2022;202217;276;9936,00;TILBUD;SUPER;;NFK|1101|12004|202217
1101;12066;25/04/2022;202217;148;8972,50;;SUPER;;NFK|1101|12066|202217
1101;12190;25/04/2022;202217;115;2587,50;;SUPER;;NFK|1101|12190|202217
1101;20015;25/04/2022;202217;262;6664,62;;SUPER;C;NFK|1101|20015|202217
1101;20041;25/04/2022;202217;338;3084,25;;SUPER;A;NFK|1101|20041|202217
1101;20088;25/04/2022;202217;194;10961,00;;SUPER;B;NFK|1101|20088|202217
1101;20131;25/04/2022;202217;120;2535,00;;SUPER;C;NFK|1101|20131|202217
1101;30012;25/04/2022;202217;130;1893,12;TILBUD;SUPER;;NFK|1101|30012|202217
1101;30077;25/04/2022;202217;131;6877,50;;SUPER;;NFK|1101|30077|202217
1101;30154;25/04/2022;202217;117;1974,38;;SUPER;;NFK|1101|30154|202217
1101;30209;25/04/2022;202217;149;5578,19;;SUPER;;NFK|1101|30209|202217
1101;99001;25/04/2022;202217;8;0,00;;SUPER;;NFK|1101|99001|202217
1102;10023;25/04/2022;202217;435;5165,62;;SUPER;;NFK|1102|10023|202217
1102;10047;25/04/2022;202217;309;3476,25;;SUPER;;NFK|1102|10047|202217
1102;10112;25/04/2022;202217;175;3707,81;;SUPER;;NFK|1102|10112|202217
1102;10310;25/04/2022;202217;121;3251,88;;SUPER;;NFK|1102|10310|202217
1102;11020;25/04/2022;202217;372;6951,75;;SUPER;;NFK|1102|11020|202217
1102;11085;25/04/2022;202217;203;2271,06;;SUPER;;NFK|1102|11085|202217
1102;11142;25/04/2022;202217;135;3366,56;;SUPER;;NFK|1102|11142|202217
1102;12004;25/04/2022;202217;254;9144,00;TILBUD;SUPER;;NFK|1102|12004|202217
1102;12066;25/04/2022;202217;151;9154,38;;SUPER;;NFK|1102|12066|202217
1102;12190;25/04/2022;202217;93;2092,50;;SUPER;;NFK|1102|12190|202217
1102;20015;25/04/2022;202217;245;6232,19;;SUPER;C;NFK|1102|20015|202217
1102;20041;25/04/2022;202217;312;2847,00;;SUPER;A;NFK|1102|20041|202217
1102;20088;25/04/2022;202217;176;9944,00;;SUPER;B;NFK|1102|20088|202217
1102;20131;25/04/2022;202217;128;2704,00;;SUPER;C;NFK|1102|20131|202217
1102;30012;25/04/2022;202217;126;1834,88;TILBUD;SUPER;;NFK|1102|30012|202217
1102;30077;25/04/2022;202217;153;8032,50;;SUPER;;NFK|1102|30077|202217
1102;30154;25/04/2022;202217;112;1890,00;;SUPER;;NFK|1102|30154|202217
1102;30209;25/04/2022;202217;132;4941,75;;SUPER;;NFK|1102|30209|202217
1102;99001;25/04/2022;202217;7;0,00;;SUPER;;NFK|1102|99001|202217
1103;10023;25/04/2022;202217;229;2719,38;;NAER;;NFK|1103|10023|202217
1103;10047;25/04/2022;202217;131;1473,75;;NAER;;NFK|1103|10047|202217
1103;10112;25/04/2022;202217;85;1800,94;;NAER;;NFK|1103|10112|202217
1103;10310;25/04/2022;202217;65;1746,88;;NAER;;NFK|1103|10310|202217
1103;11020;25/04/2022;202217;193;3606,69;;NAER;;NFK|1103|11020|202217
1103;11085;25/04/2022;202217;95;1062,81;;NAER;;NFK|1103|11085|202217
1103;11142;25/04/2022;202217;75;1870,31;;NAER;;NFK|1103|11142|202217
1103;12004;25/04/2022;202217;112;4032,00;TILBUD;NAER;;NFK|1103|12004|202217
1103;12066;25/04/2022;202217;82;4971,25;;NAER;;NFK|1103|12066|202217
1103;12190;25/04/2022;202217;55;1237,50;;NAER;;NFK|1103|12190|202217
1103;20015;25/04/2022;202217;120;3052,50;;NAER;C;NFK|1103|20015|202217
1103;20041;25/04/2022;202217;157;1432,62;;NAER;A;NFK|1103|20041|202217
1103;20088;25/04/2022;202217;95;5367,50;;NAER;B;NFK|1103|20088|202217
1103;20131;25/04/2022;202217;69;1457,62;;NAER;C;NFK|1103|20131|202217
1103;30012;25/04/2022;202217;57;830,06;TILBUD;NAER;;NFK|1103|30012|202217
1103;30077;25/04/2022;202217;68;3570,00;;NAER;;NFK|1103|30077|202217
1103;30154;25/04/2022;202217;50;843,75;;NAER;;NFK|1103|30154|202217
1103;30209;25/04/2022;202217;71;2658,06;;NAER;;NFK|1103|30209|202217
1108;10023;25/04/2022;202217;953;11316,88;;HYPER;;NFK|1108|10023|202217
1108;10047;25/04/2022;202217;589;6626,25;;HYPER;;NFK|1108|10047|202217
1108;10112;25/04/2022;202217;290;6144,38;;HYPER;;NFK|1108|10112|202217
1108;10310;25/04/2022;202217;242;6503,75;;HYPER;;NFK|1108|10310|202217
1108;11020;25/04/2022;202217;737;13772,69;;HYPER;;NFK|1108|11020|202217
1108;11085;25/04/2022;202217;411;4598,06;;HYPER;;NFK|1108|11085|202217
1108;11142;25/04/2022;202217;336;8379,00;;HYPER;;NFK|1108|11142|202217
1108;12004;25/04/2022;202217;472;16992,00;TILBUD;HYPER;;NFK|1108|12004|202217
1108;12066;25/04/2022;202217;284;17217,50;;HYPER;;NFK|1108|12066|202217
1108;12190;25/04/2022;202217;198;4455,00;;HYPER;;NFK|1108|12190|202217
1108;20015;25/04/2022;202217;572;14550,25;;HYPER;C;NFK|1108|20015|202217
1108;20041;25/04/2022;202217;622;5675,75;;HYPER;A;NFK|1108|20041|202217
1108;20088;25/04/2022;202217;337;19040,50;;HYPER;B;NFK|1108|20088|202217
1108;20131;25/04/2022;202217;225;4753,12;;HYPER;C;NFK|1108|20131|202217
1108;30012;25/04/2022;202217;239;3480,44;TILBUD;HYPER;;NFK|1108|30012|202217
1108;30077;25/04/2022;202217;294;15435,00;;HYPER;;NFK|1108|30077|202217
1108;30154;25/04/2022;202217;232;3915,00;;HYPER;;NFK|1108|30154|202217
1108;30209;25/04/2022;202217;262;9808,62;;HYPER;;NFK|1108|30209|202217
3104;10023;25/04/2022;202217;387;4595,62;;SUPER;;NFK|3104|10023|202217
3104;10047;25/04/2022;202217;265;2981,25;;SUPER;;NFK|3104|10047|202217
3104;10112;25/04/2022;202217;165;3495,94;;SUPER;;NFK|3104|10112|202217
3104;10310;25/04/2022;202217;132;3547,50;;SUPER;;NFK|3104|10310|202217
3104;11020;25/04/2022;202217;326;6092,12;;SUPER;;NFK|3104|11020|202217
3104;11085;25/04/2022;202217;221;2472,44;;SUPER;;NFK|3104|11085|202217
3104;11142;25/04/2022;202217;136;3391,50;;SUPER;;NFK|3104|11142|202217
3104;12004;25/04/2022;202217;243;8748,00;TILBUD;SUPER;;NFK|3104|12004|202217
3104;12066;25/04/2022;202217;122;7396,25;;SUPER;;NFK|3104|12066|202217
3104;12190;25/04/2022;202217;109;2452,50;;SUPER;;NFK|3104|12190|202217
3104;20015;25/04/2022;202217;241;6130,44;;SUPER;C;NFK|3104|20015|202217
3104;20041;25/04/2022;202217;326;2974,75;;SUPER;A;NFK|3104|20041|202217
3104;20088;25/04/2022;202217;171;9661,50;;SUPER;B;NFK|3104|20088|202217
3104;20131;25/04/2022;202217;124;2619,50;;SUPER;C;NFK|3104|20131|202217
3104;30012;25/04/2022;202217;79;1278,81;;SUPER;;NFK|3104|30012|202217
3104;30077;25/04/2022;202217;138;7245,00;;SUPER;;NFK|3104|30077|202217
3104;30154;25/04/2022;202217;94;1586,25;;SUPER;;NFK|3104|30154|202217
3104;30209;25/04/2022;202217;127;4754,56;;SUPER;;NFK|3104|30209|202217
3117;10023;25/04/2022;202217;176;2090,00;;NAER;;NFK|3117|10023|202217
3117;10047;25/04/2022;202217;107;1203,75;;NAER;;NFK|3117|10047|202217
3117;10112;25/04/2022;202217;76;1610,25;;NAER;;NFK|3117|10112|202217
3117;10310;25/04/2022;202217;59;1585,62;;NAER;;NFK|3117|10310|202217
3117;11020;25/04/2022;202217;146;2728,38;;NAER;;NFK|3117|11020|202217
3117;11085;25/04/2022;202217;102;1141,12;;NAER;;NFK|3117|11085|202217
3117;11142;25/04/2022;202217;65;1620,94;;NAER;;NFK|3117|11142|202217
3117;12004;25/04/2022;202217;116;4176,00;TILBUD;NAER;;NFK|3117|12004|202217
3117;12066;25/04/2022;202217;55;3334,38;;NAER;;NFK|3117|12066|202217
3117;12190;25/04/2022;202217;39;877,50;;NAER;;NFK|3117|12190|202217
3117;20015;25/04/2022;202217;117;2976,19;;NAER;C;NFK|3117|20015|202217
3117;20041;25/04/2022;202217;139;1268,38;;NAER;A;NFK|3117|20041|202217
3117;20088;25/04/2022;202217;81;4576,50;;NAER;B;NFK|3117|20088|202217
3117;20131;25/04/2022;202217;56;1183,00;;NAER;C;NFK|3117|20131|202217
3117;30012;25/04/2022;202217;45;728,44;;NAER;;NFK|3117|30012|202217
3117;30077;25/04/2022;202217;59;3097,50;;NAER;;NFK|3117|30077|202217
3117;30154;25/04/2022;202217;51;860,62;;NAER;;NFK|3117|30154|202217
3117;30209;25/04/2022;202217;52;1946,75;;NAER;;NFK|3117|30209|202217
3122;10023;25/04/2022;202217;157;1864,38;;FRANCHISE;;NFK|3122|10023|202217
3122;10047;25/04/2022;202217;82;922,50;;FRANCHISE;;NFK|3122|10047|202217
3122;10112;25/04/2022;202217;53;1122,94;;FRANCHISE;;NFK|3122|10112|202217
3122;10310;25/04/2022;202217;40;1075,00;;FRANCHISE;;NFK|3122|10310|202217
3122;11020;25/04/2022;202217;116;2167,75;;FRANCHISE;;NFK|3122|11020|202217
3122;11085;25/04/2022;202217;74;827,88;;FRANCHISE;;NFK|3122|11085|202217
3122;11142;25/04/2022;202217;52;1296,75;;FRANCHISE;;NFK|3122|11142|202217
3122;12004;25/04/2022;202217;81;2916,00;TILBUD;FRANCHISE;;NFK|3122|12004|202217
3122;12066;25/04/2022;202217;51;3091,88;;FRANCHISE;;NFK|3122|12066|202217
3122;12190;25/04/2022;202217;36;810,00;;FRANCHISE;;NFK|3122|12190|202217
3122;20015;25/04/2022;202217;88;2238,50;;FRANCHISE;C;NFK|3122|20015|202217
3122;20041;25/04/2022;202217;112;1022,00;;FRANCHISE;A;NFK|3122|20041|202217
3122;20088;25/04/2022;202217;48;2712,00;;FRANCHISE;B;NFK|3122|20088|202217
3122;20131;25/04/2022;202217;38;802,75;;FRANCHISE;C;NFK|3122|20131|202217
3122;30012;25/04/2022;202217;27;437,06;;FRANCHISE;;NFK|3122|30012|202217
3122;30077;25/04/2022;202217;49;2572,50;;FRANCHISE;;NFK|3122|30077|202217
3122;30154;25/04/2022;202217;36;607,50;;FRANCHISE;;NFK|3122|30154|202217
3122;30209;25/04/2022;202217;45;1684,69;;FRANCHISE;;NFK|3122|30209|202217
4201;10023;25/04/2022;202217;678;8051,25;;HYPER;;NFK|4201|10023|202217
4201;10047;25/04/2022;202217;494;5557,50;;HYPER;;NFK|4201|10047|202217
4201;10112;25/04/2022;202217;269;5699,44;;HYPER;;NFK|4201|10112|202217
4201;10310;25/04/2022;202217;221;5939,38;;HYPER;;NFK|4201|10310|202217
4201;11020;25/04/2022;202217;560;10465,00;;HYPER;;NFK|4201|11020|202217
4201;11085;25/04/2022;202217;310;3468,12;;HYPER;;NFK|4201|11085|202217
4201;11142;25/04/2022;202217;264;6583,50;;HYPER;;NFK|4201|11142|202217
4201;12004;25/04/2022;202217;409;14724,00;TILBUD;HYPER;;NFK|4201|12004|202217
4201;12066;25/04/2022;202217;232;14065,00;;HYPER;;NFK|4201|12066|202217
4201;12190;25/04/2022;202217;188;4230,00;;HYPER;;NFK|4201|12190|202217
4201;20015;25/04/2022;202217;467;11879,31;;HYPER;C;NFK|4201|20015|202217
4201;20041;25/04/2022;202217;515;4699,38;;HYPER;A;NFK|4201|20041|202217
4201;20088;25/04/2022;202217;264;14916,00;;HYPER;B;NFK|4201|20088|202217
4201;20131;25/04/2022;202217;177;3739,12;;HYPER;C;NFK|4201|20131|202217
4201;30012;25/04/2022;202217;208;3029,00;TILBUD;HYPER;;NFK|4201|30012|202217
4201;30077;25/04/2022;202217;244;12810,00;;HYPER;;NFK|4201|30077|202217
4201;30154;25/04/2022;202217;163;2750,62;;HYPER;;NFK|4201|30154|202217
4201;30209;25/04/2022;202217;227;8498,31;;HYPER;;NFK|4201|30209|202217
4205;10023;25/04/2022;202217;401;4761,88;;SUPER;;NFK|4205|10023|202217
4205;10047;25/04/2022;202217;258;2902,50;;SUPER;;NFK|4205|10047|202217
4205;10112;25/04/2022;202217;144;3051,00;;SUPER;;NFK|4205|10112|202217
4205;10310;25/04/2022;202217;132;3547,50;;SUPER;;NFK|4205|10310|202217
4205;11020;25/04/2022;202217;396;7400,25;;SUPER;;NFK|4205|11020|202217
4205;11085;25/04/2022;202217;239;2673,81;;SUPER;;NFK|4205|11085|202217
4205;11142;25/04/2022;202217;144;3591,00;;SUPER;;NFK|4205|11142|202217
4205;12004;25/04/2022;202217;260;9360,00;TILBUD;SUPER;;NFK|4205|12004|202217
4205;12066;25/04/2022;202217;126;7638,75;;SUPER;;NFK|4205|12066|202217
4205;12190;25/04/2022;202217;90;2025,00;;SUPER;;NFK|4205|12190|202217
4205;20015;25/04/2022;202217;234;5952,38;;SUPER;C;NFK|4205|20015|202217
4205;20041;25/04/2022;202217;360;3285,00;;SUPER;A;NFK|4205|20041|202217
4205;20088;25/04/2022;202217;193;10904,50;;SUPER;B;NFK|4205|20088|202217
4205;20131;25/04/2022;202217;116;2450,50;;SUPER;C;NFK|4205|20131|202217
4205;30012;25/04/2022;202217;128;1864,00;TILBUD;SUPER;;NFK|4205|30012|202217
4205;30077;25/04/2022;202217;138;7245,00;;SUPER;;NFK|4205|30077|202217
4205;30154;25/04/2022;202217;105;1771,88;;SUPER;;NFK|4205|30154|202217
4205;30209;25/04/2022;202217;129;4829,44;;SUPER;;NFK|4205|30209|202217
4218;10023;25/04/2022;202217;468;5557,50;;SUPER;;NFK|4218|10023|202217
4218;10047;25/04/2022;202217;297;3341,25;;SUPER;;NFK|4218|10047|202217
4218;10112;25/04/2022;202217;161;3411,19;;SUPER;;NFK|4218|10112|202217
4218;10310;25/04/2022;202217;137;3681,88;;SUPER;;NFK|4218|10310|202217
4218;11020;25/04/2022;202217;432;8073,00;;SUPER;;NFK|4218|11020|202217
4218;11085;25/04/2022;202217;244;2729,75;;SUPER;;NFK|4218|11085|202217
4218;11142;25/04/2022;202217;183;4563,56;;SUPER;;NFK|4218|11142|202217
4218;12004;25/04/2022;202217;256;9216,00;TILBUD;SUPER;;NFK|4218|12004|202217
4218;12066;25/04/2022;202217;175;10609,38;;SUPER;;NFK|4218|12066|202217
4218;12190;25/04/2022;202217;105;2362,50;;SUPER;;NFK|4218|12190|202217
4218;20015;25/04/2022;202217;288;7326,00;;SUPER;C;NFK|4218|20015|202217
4218;20041;25/04/2022;202217;404;3686,50;;SUPER;A;NFK|4218|20041|202217
4218;20088;25/04/2022;202217;212;11978,00;;SUPER;B;NFK|4218|20088|202217
4218;20131;25/04/2022;202217;143;3020,88;;SUPER;C;NFK|4218|20131|202217
4218;30012;25/04/2022;202217;150;2184,38;TILBUD;SUPER;;NFK|4218|30012|202217
4218;30077;25/04/2022;202217;148;7770,00;;SUPER;;NFK|4218|30077|202217
4218;30154;25/04/2022;202217;119;2008,12;;SUPER;;NFK|4218|30154|202217
4218;30209;25/04/2022;202217;149;5578,19;;SUPER;;NFK|4218|30209|202217
4218;99001;25/04/2022;202217;6;0,00;;SUPER;;NFK|4218|99001|202217
5502;10023;25/04/2022;202217;431;5118,12;;SUPER;;NFK|5502|10023|202217
5502;10047;25/04/2022;202217;270;3037,50;;SUPER;;NFK|5502|10047|202217
5502;10112;25/04/2022;202217;144;3051,00;;SUPER;;NFK|5502|10112|202217
5502;10310;25/04/2022;202217;132;3547,50;;SUPER;;NFK|5502|10310|202217
5502;11020;25/04/2022;202217;300;5606,25;;SUPER;;NFK|5502|11020|202217
5502;11085;25/04/2022;202217;174;1946,62;;SUPER;;NFK|5502|11085|202217
5502;11142;25/04/2022;202217;141;3516,19;;SUPER;;NFK|5502|11142|202217
5502;12004;25/04/2022;202217;255;9180,00;TILBUD;SUPER;;NFK|5502|12004|202217
5502;12066;25/04/2022;202217;137;8305,62;;SUPER;;NFK|5502|12066|202217
5502;12190;25/04/2022;202217;107;2407,50;;SUPER;;NFK|5502|12190|202217
5502;20015;25/04/2022;202217;258;6562,87;;SUPER;C;NFK|5502|20015|202217
5502;20041;25/04/2022;202217;283;2582,38;;SUPER;A;NFK|5502|20041|202217
5502;20088;25/04/2022;202217;146;8249,00;;SUPER;B;NFK|5502|20088|202217
5502;20131;25/04/2022;202217;129;2725,12;;SUPER;C;NFK|5502|20131|202217
5502;30012;25/04/2022;202217;79;1278,81;;SUPER;;NFK|5502|30012|202217
5502;30077;25/04/2022;202217;118;6195,00;;SUPER;;NFK|5502|30077|202217
5502;30154;25/04/2022;202217;100;1687,50;;SUPER;;NFK|5502|30154|202217
5502;30209;25/04/2022;202217;113;4230,44;;SUPER;;NFK|5502|30209|202217
5502;99001;25/04/2022;202217;7;0,00;;SUPER;;NFK|5502|99001|202217
5511;10023;25/04/2022;202217;166;1971,25;;PARTNER;;NFK|5511|10023|202217
5511;10047;25/04/2022;202217;95;1068,75;;PARTNER;;NFK|5511|10047|202217
5511;10112;25/04/2022;202217;64;1356,00;;PARTNER;;NFK|5511|10112|202217
5511;10310;25/04/2022;202217;51;1370,62;;PARTNER;;NFK|5511|10310|202217
5511;11020;25/04/2022;202217;117;2186,44;;PARTNER;;NFK|5511|11020|202217
5511;11085;25/04/2022;202217;87;973,31;;PARTNER;;NFK|5511|11085|202217
5511;11142;25/04/2022;202217;60;1496,25;;PARTNER;;NFK|5511|11142|202217
5511;12004;25/04/2022;202217;106;3816,00;TILBUD;PARTNER;;NFK|5511|12004|202217
5511;12066;25/04/2022;202217;56;3395,00;;PARTNER;;NFK|5511|12066|202217
5511;12190;25/04/2022;202217;42;945,00;;PARTNER;;NFK|5511|12190|202217
5511;20015;25/04/2022;202217;106;2696,38;;PARTNER;C;NFK|5511|20015|202217
5511;20041;25/04/2022;202217;118;1076,75;;PARTNER;A;NFK|5511|20041|202217
5511;20088;25/04/2022;202217;58;3277,00;;PARTNER;B;NFK|5511|20088|202217
5511;20131;25/04/2022;202217;50;1056,25;;PARTNER;C;NFK|5511|20131|202217
5511;30012;25/04/2022;202217;33;534,19;;PARTNER;;NFK|5511|30012|202217
5511;30077;25/04/2022;202217;60;3150,00;;PARTNER;;NFK|5511|30077|202217
5511;30154;25/04/2022;202217;35;590,62;;PARTNER;;NFK|5511|30154|202217
5511;30209;25/04/2022;202217;43;1609,81;;PARTNER;;NFK|5511|30209|202217
9001;10023;25/04/2022;202217;27;320,62;;DEPOT;;NFK|9001|10023|202217
9001;10047;25/04/2022;202217;15;168,75;;DEPOT;;NFK|9001|10047|202217
9001;10112;25/04/2022;202217;10;211,88;;DEPOT;;NFK|9001|10112|202217
9001;10310;25/04/2022;202217;-1;-26,88;;DEPOT;;NFK|9001|10310|202217
9001;11020;25/04/2022;202217;17;317,69;;DEPOT;;NFK|9001|11020|202217
9001;11085;25/04/2022;202217;10;111,88;;DEPOT;;NFK|9001|11085|202217
9001;11142;25/04/2022;202217;9;224,44;;DEPOT;;NFK|9001|11142|202217
9001;12004;25/04/2022;202217;12;432,00;TILBUD;DEPOT;;NFK|9001|12004|202217
9001;12066;25/04/2022;202217;8;485,00;;DEPOT;;NFK|9001|12066|202217
9001;12190;25/04/2022;202217;5;112,50;;DEPOT;;NFK|9001|12190|202217
9001;20015;25/04/2022;202217;16;407,00;;DEPOT;C;NFK|9001|20015|202217
9001;20041;25/04/2022;202217;17;155,12;;DEPOT;A;NFK|9001|20041|202217
9001;20088;25/04/2022;202217;8;452,00;;DEPOT;B;NFK|9001|20088|202217
9001;20131;25/04/2022;202217;7;147,88;;DEPOT;C;NFK|9001|20131|202217
9001;30012;25/04/2022;202217;5;80,94;;DEPOT;;NFK|9001|30012|202217
9001;30077;25/04/2022;202217;8;420,00;;DEPOT;;NFK|9001|30077|202217
9001;30154;25/04/2022;202217;6;101,25;;DEPOT;;NFK|9001|30154|202217
9001;30209;25/04/2022;202217;8;299,50;;DEPOT;;NFK|9001|30209|202217
9001;99001;25/04/2022;202217;0;0,00;;DEPOT;;NFK|9001|99001|202217
1101;10023;02/05/2022;202218;484;5747,50;;SUPER;;NFK|1101|10023|202218
1101;10047;02/05/2022;202218;264;2970,00;;SUPER;;NFK|1101|10047|202218
1101;10112;02/05/2022;202218;183;3877,31;;SUPER;;NFK|1101|10112|202218
1101;10310;02/05/2022;202218;139;3735,62;;SUPER;;NFK|1101|10310|202218
1101;11020;02/05/2022;202218;436;8147,75;;SUPER;;NFK|1101|11020|202218
1101;11085;02/05/2022;202218;241;2696,19;;SUPER;;NFK|1101|11085|202218
1101;11142;02/05/2022;202218;146;3640,88;;SUPER;;NFK|1101|11142|202218
1101;12004;02/05/2022;202218;217;8680,00;;SUPER;;NFK|1101|12004|202218
1101;12066;02/05/2022;202218;158;9578,75;;SUPER;;NFK|1101|12066|202218
1101;12190;02/05/2022;202218;103;2317,50;;SUPER;;NFK|1101|12190|202218
1101;20015;02/05/2022;202218;253;6435,69;;SUPER;C;NFK|1101|20015|202218
1101;20041;02/05/2022;202218;399;3640,88;;SUPER;A;NFK|1101|20041|202218
1101;20088;02/05/2022;202218;176;9944,00;;SUPER;B;NFK|1101|20088|202218
1101;20131;02/05/2022;202218;116;2450,50;;SUPER;C;NFK|1101|20131|202218
1101;30012;02/05/2022;202218;88;1424,50;;SUPER;;NFK|1101|30012|202218
1101;30077;02/05/2022;202218;137;7192,50;;SUPER;;NFK|1101|30077|202218
1101;30154;02/05/2022;202218;118;1991,25;;SUPER;;NFK|1101|30154|202218
1101;30209;02/05/2022;202218;215;6439,25;MP;SUPER;;NFK|1101|30209|202218
1102;10023;02/05/2022;202218;449;5331,88;;SUPER;;NFK|1102|10023|202218
1102;10047;02/05/2022;202218;303;3408,75;;SUPER;;NFK|1102|10047|202218
1102;10112;02/05/2022;202218;165;3495,94;;SUPER;;NFK|1102|10112|202218
1102;10310;02/05/2022;202218;134;3601,25;;SUPER;;NFK|1102|10310|202218
1102;11020;02/05/2022;202218;400;7475,00;;SUPER;;NFK|1102|11020|202218
1102;11085;02/05/2022;202218;203;2271,06;;SUPER;;NFK|1102|11085|202218
1102;11142;02/05/2022;202218;142;3541,12;;SUPER;;NFK|1102|11142|202218
1102;12004;02/05/2022;202218;168;6720,00;;SUPER;;NFK|1102|12004|202218
1102;12066;02/05/2022;202218;130;7881,25;;SUPER;;NFK|1102|12066|202218
1102;12190;02/05/2022;202218;109;2452,50;;SUPER;;NFK|1102|12190|202218
1102;20015;02/05/2022;202218;248;6308,50;;SUPER;C;NFK|1102|20015|202218
1102;20041;02/05/2022;202218;288;2628,00;;SUPER;A;NFK|1102|20041|202218
1102;20088;02/05/2022;202218;173;9774,50;;SUPER;B;NFK|1102|20088|202218
1102;20131;02/05/2022;202218;110;2323,75;;SUPER;C;NFK|1102|20131|202218
1102;30012;02/05/2022;202218;99;1602,56;;SUPER;;NFK|1102|30012|202218
1102;30077;02/05/2022;202218;125;6562,50;;SUPER;;NFK|1102|30077|202218
1102;30154;02/05/2022;202218;109;1839,38;;SUPER;;NFK|1102|30154|202218
1102;30209;02/05/2022;202218;174;5211,30;MP;SUPER;;NFK|1102|30209|202218
1103;10023;02/05/2022;202218;230;2731,25;;NAER;;NFK|1103|10023|202218
1103;10047;02/05/2022;202218;138;1552,50;;NAER;;NFK|1103|10047|202218
1103;10112;02/05/2022;202218;79;1673,81;;NAER;;NFK|1103|10112|202218
1103;10310;02/05/2022;202218;64;1720,00;;NAER;;NFK|1103|10310|202218
1103;11020;02/05/2022;202218;176;3289,00;;NAER;;NFK|1103|11020|202218
1103;11085;02/05/2022;202218;93;1040,44;;NAER;;NFK|1103|11085|202218
1103;11142;02/05/2022;202218;87;2169,56;;NAER;;NFK|1103|11142|202218
1103;12004;02/05/2022;202218;86;3440,00;;NAER;;NFK|1103|12004|202218
1103;12066;02/05/2022;202218;81;4910,62;;NAER;;NFK|1103|12066|202218
1103;12190;02/05/2022;202218;56;1260,00;;NAER;;NFK|1103|12190|202218
1103;20015;02/05/2022;202218;135;3434,06;;NAER;C;NFK|1103|20015|202218
1103;20041;02/05/2022;202218;171;1560,38;;NAER;A;NFK|1103|20041|202218
1103;20088;02/05/2022;202218;91;5141,50;;NAER;B;NFK|1103|20088|202218
1103;20131;02/05/2022;202218;-7;-126,88;;NAER;C;NFK|1103|20131|202218
1103;30012;02/05/2022;202218;47;760,81;;NAER;;NFK|1103|30012|202218
1103;30077;02/05/2022;202218;71;3727,50;;NAER;;NFK|1103|30077|202218
1103;30154;02/05/2022;202218;49;826,88;;NAER;;NFK|1103|30154|202218
1103;30209;02/05/2022;202218;100;2995,00;MP;NAER;;NFK|1103|30209|202218
1103;99001;02/05/2022;202218;4;0,00;;NAER;;NFK|1103|99001|202218
1108;10023;02/05/2022;202218;910;10806,25;;HYPER;;NFK|1108|10023|202218
1108;10047;02/05/2022;202218;563;6333,75;;HYPER;;NFK|1108|10047|202218
1108;10112;02/05/2022;202218;353;7479,19;;HYPER;;NFK|1108|10112|202218
1108;10310;02/05/2022;202218;287;7713,12;;HYPER;;NFK|1108|10310|202218
1108;11020;02/05/2022;202218;674;12595,38;;HYPER;;NFK|1108|11020|202218
1108;11085;02/05/2022;202218;356;3982,75;;HYPER;;NFK|1108|11085|202218
1108;11142;02/05/2022;202218;331;8254,31;;HYPER;;NFK|1108|11142|202218
1108;12004;02/05/2022;202218;404;16160,00;;HYPER;;NFK|1108|12004|202218
1108;12066;02/05/2022;202218;316;19157,50;;HYPER;;NFK|1108|12066|202218
1108;12190;02/05/2022;202218;228;5130,00;;HYPER;;NFK|1108|12190|202218
1108;20015;02/05/2022;202218;457;11624,94;;HYPER;C;NFK|1108|20015|202218
1108;20041;02/05/2022;202218;621;5666,62;;HYPER;A;NFK|1108|20041|202218
1108;20088;02/05/2022;202218;324;18306,00;;HYPER;B;NFK|1108|20088|202218
1108;20131;02/05/2022;202218;221;4668,62;;HYPER;C;NFK|1108|20131|202218
1108;30012;02/05/2022;202218;159;2573,81;;HYPER;;NFK|1108|30012|202218
1108;30077;02/05/2022;202218;310;16275,00;;HYPER;;NFK|1108|30077|202218
1108;30154;02/05/2022;202218;187;3155,62;;HYPER;;NFK|1108|30154|202218
1108;30209;02/05/2022;202218;342;10242,90;MP;HYPER;;NFK|1108|30209|202218
3104;10023;02/05/2022;202218;411;4880,62;;SUPER;;NFK|3104|10023|202218
3104;10047;02/05/2022;202218;300;3375,00;;SUPER;;NFK|3104|10047|202218
3104;10112;02/05/2022;202218;151;3199,31;;SUPER;;NFK|3104|10112|202218
3104;10310;02/05/2022;202218;134;3601,25;;SUPER;;NFK|3104|10310|202218
3104;11020;02/05/2022;202218;360;6727,50;;SUPER;;NFK|3104|11020|202218
3104;11085;02/05/2022;202218;205;2293,44;;SUPER;;NFK|3104|11085|202218
3104;11142;02/05/2022;202218;128;3192,00;;SUPER;;NFK|3104|11142|202218
3104;12004;02/05/2022;202218;166;6640,00;;SUPER;;NFK|3104|12004|202218
3104;12066;02/05/2022;202218;135;8184,38;;SUPER;;NFK|3104|12066|202218
3104;12190;02/05/2022;202218;90;2025,00;;SUPER;;NFK|3104|12190|202218
3104;20015;02/05/2022;202218;214;5443,62;;SUPER;C;NFK|3104|20015|202218
3104;20041;02/05/2022;202218;287;2618,88;;SUPER;A;NFK|3104|20041|202218
3104;20088;02/05/2022;202218;162;9153,00;;SUPER;B;NFK|3104|20088|202218
3104;20131;02/05/2022;202218;128;2704,00;;SUPER;C;NFK|3104|20131|202218
3104;30012;02/05/2022;202218;77;1246,44;;SUPER;;NFK|3104|30012|202218
3104;30077;02/05/2022;202218;130;6825,00;;SUPER;;NFK|3104|30077|202218
3104;30154;02/05/2022;202218;99;1670,62;;SUPER;;NFK|3104|30154|202218
3104;30209;02/05/2022;202218;154;4612,30;MP;SUPER;;NFK|3104|30209|202218
3117;10023;02/05/2022;202218;213;2529,38;;NAER;;NFK|3117|10023|202218
3117;10047;02/05/2022;202218;112;1260,00;;NAER;;NFK|3117|10047|202218
3117;10112;02/05/2022;202218;79;1673,81;;NAER;;NFK|3117|10112|202218
3117;10310;02/05/2022;202218;54;1451,25;;NAER;;NFK|3117|10310|202218
3117;11020;02/05/2022;202218;176;3289,00;;NAER;;NFK|3117|11020|202218
3117;11085;02/05/2022;202218;81;906,19;;NAER;;NFK|3117|11085|202218
3117;11142;02/05/2022;202218;68;1695,75;;NAER;;NFK|3117|11142|202218
3117;12004;02/05/2022;202218;79;3160,00;;NAER;;NFK|3117|12004|202218
3117;12066;02/05/2022;202218;63;3819,38;;NAER;;NFK|3117|12066|202218
3117;12190;02/05/2022;202218;49;1102,50;;NAER;;NFK|3117|12190|202218
3117;20015;02/05/2022;202218;101;2569,19;;NAER;C;NFK|3117|20015|202218
3117;20041;02/05/2022;202218;126;1149,75;;NAER;A;NFK|3117|20041|202218
3117;20088;02/05/2022;202218;68;3842,00;;NAER;B;NFK|3117|20088|202218
3117;20131;02/05/2022;202218;50;1056,25;;NAER;C;NFK|3117|20131|202218
3117;30012;02/05/2022;202218;46;744,62;;NAER;;NFK|3117|30012|202218
3117;30077;02/05/2022;202218;67;3517,50;;NAER;;NFK|3117|30077|202218
3117;30154;02/05/2022;202218;40;675,00;;NAER;;NFK|3117|30154|202218
3117;30209;02/05/2022;202218;81;2425,95;MP;NAER;;NFK|3117|30209|202218
3122;10023;02/05/2022;202218;130;1543,75;;FRANCHISE;;NFK|3122|10023|202218
3122;10047;02/05/2022;202218;96;1080,00;;FRANCHISE;;NFK|3122|10047|202218
3122;10112;02/05/2022;202218;47;995,81;;FRANCHISE;;NFK|3122|10112|202218
3122;10310;02/05/2022;202218;45;1209,38;;FRANCHISE;;NFK|3122|10310|202218
3122;11020;02/05/2022;202218;132;2466,75;;FRANCHISE;;NFK|3122|11020|202218
3122;11085;02/05/2022;202218;74;827,88;;FRANCHISE;;NFK|3122|11085|202218
3122;11142;02/05/2022;202218;44;1097,25;;FRANCHISE;;NFK|3122|11142|202218
3122;12004;02/05/2022;202218;67;2680,00;;FRANCHISE;;NFK|3122|12004|202218
3122;12066;02/05/2022;202218;39;2364,38;;FRANCHISE;;NFK|3122|12066|202218
3122;12190;02/05/2022;202218;34;765,00;;FRANCHISE;;NFK|3122|12190|202218
3122;20015;02/05/2022;202218;88;2238,50;;FRANCHISE;C;NFK|3122|20015|202218
3122;20041;02/05/2022;202218;116;1058,50;;FRANCHISE;A;NFK|3122|20041|202218
3122;20088;02/05/2022;202218;49;2768,50;;FRANCHISE;B;NFK|3122|20088|202218
3122;20131;02/05/2022;202218;33;697,12;;FRANCHISE;C;NFK|3122|20131|202218
3122;30012;02/05/2022;202218;32;518,00;;FRANCHISE;;NFK|3122|30012|202218
3122;30077;02/05/2022;202218;46;2415,00;;FRANCHISE;;NFK|3122|30077|202218
3122;30154;02/05/2022;202218;33;556,88;;FRANCHISE;;NFK|3122|30154|202218
3122;30209;02/05/2022;202218;62;1856,90;MP;FRANCHISE;;NFK|3122|30209|202218
3122;99001;02/05/2022;202218;2;0,00;;FRANCHISE;;NFK|3122|99001|202218
4201;10023;02/05/2022;202218;752;8930,00;;HYPER;;NFK|4201|10023|202218
4201;10047;02/05/2022;202218;498;5602,50;;HYPER;;NFK|4201|10047|202218
4201;10112;02/05/2022;202218;386;6952,83;KUPON;HYPER;;NFK|4201|10112|202218
4201;10310;02/05/2022;202218;224;6020,00;;HYPER;;NFK|4201|10310|202218
4201;11020;02/05/2022;202218;638;11922,62;;HYPER;;NFK|4201|11020|202218
4201;11085;02/05/2022;202218;319;3568,81;;HYPER;;NFK|4201|11085|202218
4201;11142;02/05/2022;202218;252;6284,25;;HYPER;;NFK|4201|11142|202218
4201;12004;02/05/2022;202218;311;12440,00;;HYPER;;NFK|4201|12004|202218
4201;12066;02/05/2022;202218;231;14004,38;;HYPER;;NFK|4201|12066|202218
4201;12190;02/05/2022;202218;186;4185,00;;HYPER;;NFK|4201|12190|202218
4201;20015;02/05/2022;202218;392;9971,50;;HYPER;C;NFK|4201|20015|202218
4201;20041;02/05/2022;202218;522;4763,25;;HYPER;A;NFK|4201|20041|202218
4201;20088;02/05/2022;202218;302;17063,00;;HYPER;B;NFK|4201|20088|202218
4201;20131;02/05/2022;202218;197;4161,62;;HYPER;C;NFK|4201|20131|202218
4201;30012;02/05/2022;202218;160;2590,00;;HYPER;;NFK|4201|30012|202218
4201;30077;02/05/2022;202218;256;13440,00;;HYPER;;NFK|4201|30077|202218
4201;30154;02/05/2022;202218;184;3105,00;;HYPER;;NFK|4201|30154|202218
4201;30209;02/05/2022;202218;316;9464,20;MP;HYPER;;NFK|4201|30209|202218
4201;99001;02/05/2022;202218;11;0,00;;HYPER;;NFK|4201|99001|202218
4205;10023;02/05/2022;202218;496;5890,00;;SUPER;;NFK|4205|10023|202218
4205;10047;02/05/2022;202218;318;3577,50;;SUPER;;NFK|4205|10047|202218
4205;10112;02/05/2022;202218;205;3692,56;KUPON;SUPER;;NFK|4205|10112|202218
4205;10310;02/05/2022;202218;134;3601,25;;SUPER;;NFK|4205|10310|202218
4205;11020;02/05/2022;202218;376;7026,50;;SUPER;;NFK|4205|11020|202218
4205;11085;02/05/2022;202218;197;2203,94;;SUPER;;NFK|4205|11085|202218
4205;11142;02/05/2022;202218;155;3865,31;;SUPER;;NFK|4205|11142|202218
4205;12004;02/05/2022;202218;200;8000,00;;SUPER;;NFK|4205|12004|202218
4205;12066;02/05/2022;202218;132;8002,50;;SUPER;;NFK|4205|12066|202218
4205;12190;02/05/2022;202218;113;2542,50;;SUPER;;NFK|4205|12190|202218
4205;20015;02/05/2022;202218;298;7580,37;;SUPER;C;NFK|4205|20015|202218
4205;20041;02/05/2022;202218;351;3202,88;;SUPER;A;NFK|4205|20041|202218
4205;20088;02/05/2022;202218;180;10170,00;;SUPER;B;NFK|4205|20088|202218
4205;20131;02/05/2022;202218;122;2577,25;;SUPER;C;NFK|4205|20131|202218
4205;30012;02/05/2022;202218;102;1651,12;;SUPER;;NFK|4205|30012|202218
4205;30077;02/05/2022;202218;124;6510,00;;SUPER;;NFK|4205|30077|202218
4205;30154;02/05/2022;202218;99;1670,62;;SUPER;;NFK|4205|30154|202218
4205;30209;02/05/2022;202218;200;5990,00;MP;SUPER;;NFK|4205|30209|202218
4205;99001;02/05/2022;202218;6;0,00;;SUPER;;NFK|4205|99001|202218
4218;10023;02/05/2022;202218;443;5260,62;;SUPER;;NFK|4218|10023|202218
4218;10047;02/05/2022;202218;329;3701,25;;SUPER;;NFK|4218|10047|202218
4218;10112;02/05/2022;202218;232;4178,90;KUPON;SUPER;;NFK|4218|10112|202218
4218;10310;02/05/2022;202218;125;3359,38;;SUPER;;NFK|4218|10310|202218
4218;11020;02/05/2022;202218;349;6521,94;;SUPER;;NFK|4218|11020|202218
4218;11085;02/05/2022;202218;202;2259,88;;SUPER;;NFK|4218|11085|202218
4218;11142;02/05/2022;202218;183;4563,56;;SUPER;;NFK|4218|11142|202218
4218;12004;02/05/2022;202218;0;0,00;;SUPER;;NFK|4218|12004|202218
4218;12066;02/05/2022;202218;145;8790,62;;SUPER;;NFK|4218|12066|202218
4218;12190;02/05/2022;202218;98;2205,00;;SUPER;;NFK|4218|12190|202218
4218;20015;02/05/2022;202218;321;8165,44;;SUPER;C;NFK|4218|20015|202218
4218;20041;02/05/2022;202218;310;2828,75;;SUPER;A;NFK|4218|20041|202218
4218;20088;02/05/2022;202218;203;11469,50;;SUPER;B;NFK|4218|20088|202218
4218;20131;02/05/2022;202218;147;3105,38;;SUPER;C;NFK|4218|20131|202218
4218;30012;02/05/2022;202218;101;1634,94;;SUPER;;NFK|4218|30012|202218
4218;30077;02/05/2022;202218;163;8557,50;;SUPER;;NFK|4218|30077|202218
4218;30154;02/05/2022;202218;99;1670,62;;SUPER;;NFK|4218|30154|202218
4218;30209;02/05/2022;202218;181;5420,95;MP;SUPER;;NFK|4218|30209|202218
5502;10023;02/05/2022;202218;430;5106,25;;SUPER;;NFK|5502|10023|202218
5502;10047;02/05/2022;202218;283;3183,75;;SUPER;;NFK|5502|10047|202218
5502;10112;02/05/2022;202218;217;3908,71;KUPON;SUPER;;NFK|5502|10112|202218
5502;10310;02/05/2022;202218;115;3090,62;;SUPER;;NFK|5502|10310|202218
5502;11020;02/05/2022;202218;352;6578,00;;SUPER;;NFK|5502|11020|202218
5502;11085;02/05/2022;202218;183;2047,31;;SUPER;;NFK|5502|11085|202218
5502;11142;02/05/2022;202218;165;4114,69;;SUPER;;NFK|5502|11142|202218
5502;12004;02/05/2022;202218;207;8280,00;;SUPER;;NFK|5502|12004|202218
5502;12066;02/05/2022;202218;140;8487,50;;SUPER;;NFK|5502|12066|202218
5502;12190;02/05/2022;202218;91;2047,50;;SUPER;;NFK|5502|12190|202218
5502;20015;02/05/2022;202218;252;6410,25;;SUPER;C;NFK|5502|20015|202218
5502;20041;02/05/2022;202218;300;2737,50;;SUPER;A;NFK|5502|20041|202218
5502;20088;02/05/2022;202218;168;9492,00;;SUPER;B;NFK|5502|20088|202218
5502;20131;02/05/2022;202218;124;2619,50;;SUPER;C;NFK|5502|20131|202218
5502;30012;02/05/2022;202218;87;1408,31;;SUPER;;NFK|5502|30012|202218
5502;30077;02/05/2022;202218;118;6195,00;;SUPER;;NFK|5502|30077|202218
5502;30154;02/05/2022;202218;89;1501,88;;SUPER;;NFK|5502|30154|202218
5502;30209;02/05/2022;202218;179;5361,05;MP;SUPER;;NFK|5502|30209|202218
5511;10023;02/05/2022;202218;176;2090,00;;PARTNER;;NFK|5511|10023|202218
5511;10047;02/05/2022;202218;114;1282,50;;PARTNER;;NFK|5511|10047|202218
5511;10112;02/05/2022;202218;84;1513,05;KUPON;PARTNER;;NFK|5511|10112|202218
5511;10310;02/05/2022;202218;46;1236,25;;PARTNER;;NFK|5511|10310|202218
5511;11020;02/05/2022;202218;130;2429,38;;PARTNER;;NFK|5511|11020|202218
5511;11085;02/05/2022;202218;78;872,62;;PARTNER;;NFK|5511|11085|202218
5511;11142;02/05/2022;202218;58;1446,38;;PARTNER;;NFK|5511|11142|202218
5511;12004;02/05/2022;202218;74;2960,00;;PARTNER;;NFK|5511|12004|202218
5511;12066;02/05/2022;202218;47;2849,38;;PARTNER;;NFK|5511|12066|202218
5511;12190;02/05/2022;202218;36;810,00;;PARTNER;;NFK|5511|12190|202218
5511;20015;02/05/2022;202218;90;2289,38;;PARTNER;C;NFK|5511|20015|202218
5511;20041;02/05/2022;202218;0;0,00;;PARTNER;A;NFK|5511|20041|202218
5511;20088;02/05/2022;202218;74;4181,00;;PARTNER;B;NFK|5511|20088|202218
5511;20131;02/05/2022;202218;40;845,00;;PARTNER;C;NFK|5511|20131|202218
5511;30012;02/05/2022;202218;38;615,12;;PARTNER;;NFK|5511|30012|202218
5511;30077;02/05/2022;202218;49;2572,50;;PARTNER;;NFK|5511|30077|202218
5511;30154;02/05/2022;202218;39;658,12;;PARTNER;;NFK|5511|30154|202218
5511;30209;02/05/2022;202218;72;2156,40;MP;PARTNER;;NFK|5511|30209|202218
9001;10023;02/05/2022;202218;21;249,38;;DEPOT;;NFK|9001|10023|202218
9001;10047;02/05/2022;202218;15;168,75;;DEPOT;;NFK|9001|10047|202218
9001;10112;02/05/2022;202218;9;190,69;;DEPOT;;NFK|9001|10112|202218
9001;10310;02/05/2022;202218;8;215,00;;DEPOT;;NFK|9001|10310|202218
9001;11020;02/05/2022;202218;20;373,75;;DEPOT;;NFK|9001|11020|202218
9001;11085;02/05/2022;202218;12;134,25;;DEPOT;;NFK|9001|11085|202218
9001;11142;02/05/2022;202218;9;224,44;;DEPOT;;NFK|9001|11142|202218
9001;12004;02/05/2022;202218;10;400,00;;DEPOT;;NFK|9001|12004|202218
9001;12066;02/05/2022;202218;7;424,38;;DEPOT;;NFK|9001|12066|202218
9001;12190;02/05/2022;202218;5;112,50;;DEPOT;;NFK|9001|12190|202218
9001;20015;02/05/2022;202218;12;305,25;;DEPOT;C;NFK|9001|20015|202218
9001;20041;02/05/2022;202218;17;155,12;;DEPOT;A;NFK|9001|20041|202218
9001;20088;02/05/2022;202218;10;565,00;;DEPOT;B;NFK|9001|20088|202218
9001;20131;02/05/2022;202218;7;147,88;;DEPOT;C;NFK|9001|20131|202218
9001;30012;02/05/2022;202218;5;80,94;;DEPOT;;NFK|9001|30012|202218
9001;30077;02/05/2022;202218;8;420,00;;DEPOT;;NFK|9001|30077|202218
9001;30154;02/05/2022;202218;5;84,38;;DEPOT;;NFK|9001|30154|202218
9001;30209;02/05/2022;202218;10;299,50;MP;DEPOT;;NFK|9001|30209|202218
1101;10023;09/05/2022;202219;455;5403,12;;SUPER;;NFK|1101|10023|202219
1101;10047;09/05/2022;202219;367;4128,75;;SUPER;;NFK|1101|10047|202219
1101;10112;09/05/2022;202219;208;4407,00;;SUPER;;NFK|1101|10112|202219
1101;10310;09/05/2022;202219;153;4111,88;;SUPER;;NFK|1101|10310|202219
1101;11020;09/05/2022;202219;395;7381,56;;SUPER;;NFK|1101|11020|202219
1101;11085;09/05/2022;202219;276;3087,75;;SUPER;;NFK|1101|11085|202219
1101;11142;09/05/2022;202219;160;3990,00;;SUPER;;NFK|1101|11142|202219
1101;12004;09/05/2022;202219;233;9320,00;;SUPER;;NFK|1101|12004|202219
1101;12066;09/05/2022;202219;170;10306,25;;SUPER;;NFK|1101|12066|202219
1101;12190;09/05/2022;202219;105;2362,50;;SUPER;;NFK|1101|12190|202219
1101;20015;09/05/2022;202219;301;7656,69;;SUPER;C;NFK|1101|20015|202219
1101;20041;09/05/2022;202219;331;3020,38;;SUPER;A;NFK|1101|20041|202219
1101;20088;09/05/2022;202219;195;11017,50;;SUPER;B;NFK|1101|20088|202219
1101;20131;09/05/2022;202219;122;2577,25;;SUPER;C;NFK|1101|20131|202219
1101;30012;09/05/2022;202219;95;1537,81;;SUPER;;NFK|1101|30012|202219
1101;30077;09/05/2022;202219;147;7717,50;;SUPER;;NFK|1101|30077|202219
1101;30154;09/05/2022;202219;135;2278,12;;SUPER;;NFK|1101|30154|202219
1101;30209;09/05/2022;202219;138;5166,37;;SUPER;;NFK|1101|30209|202219
1101;99001;09/05/2022;202219;7;0,00;;SUPER;;NFK|1101|99001|202219
1102;10023;09/05/2022;202219;502;5961,25;;SUPER;;NFK|1102|10023|202219
1102;10047;09/05/2022;202219;345;3881,25;;SUPER;;NFK|1102|10047|202219
1102;10112;09/05/2022;202219;157;3326,44;;SUPER;;NFK|1102|10112|202219
1102;10310;09/05/2022;202219;124;3332,50;;SUPER;;NFK|1102|10310|202219
1102;11020;09/05/2022;202219;427;7979,56;;SUPER;;NFK|1102|11020|202219
1102;11085;09/05/2022;202219;227;2539,56;;SUPER;;NFK|1102|11085|202219
1102;11142;09/05/2022;202219;148;3690,75;;SUPER;;NFK|1102|11142|202219
1102;12004;09/05/2022;202219;209;8360,00;;SUPER;;NFK|1102|12004|202219
1102;12066;09/05/2022;202219;145;8790,62;;SUPER;;NFK|1102|12066|202219
1102;12190;09/05/2022;202219;110;2475,00;;SUPER;;NFK|1102|12190|202219
1102;20015;09/05/2022;202219;318;8089,12;;SUPER;C;NFK|1102|20015|202219
1102;20041;09/05/2022;202219;328;2993,00;;SUPER;A;NFK|1102|20041|202219
1102;20088;09/05/2022;202219;182;10283,00;;SUPER;B;NFK|1102|20088|202219
1102;20131;09/05/2022;202219;114;2408,25;;SUPER;C;NFK|1102|20131|202219
1102;30012;09/05/2022;202219;106;1715,87;;SUPER;;NFK|1102|30012|202219
1102;30077;09/05/2022;202219;161;8452,50;;SUPER;;NFK|1102|30077|202219
1102;30154;09/05/2022;202219;99;1670,62;;SUPER;;NFK|1102|30154|202219
1102;30209;09/05/2022;202219;141;5278,69;;SUPER;;NFK|1102|30209|202219
1103;10023;09/05/2022;202219;268;3182,50;;NAER;;NFK|1103|10023|202219
1103;10047;09/05/2022;202219;161;1811,25;;NAER;;NFK|1103|10047|202219
1103;10112;09/05/2022;202219;103;2182,31;;NAER;;NFK|1103|10112|202219
1103;10310;09/05/2022;202219;80;2150,00;;NAER;;NFK|1103|10310|202219
1103;11020;09/05/2022;202219;211;3943,06;;NAER;;NFK|1103|11020|202219
1103;11085;09/05/2022;202219;107;1197,06;;NAER;;NFK|1103|11085|202219
1103;11142;09/05/2022;202219;84;2094,75;;NAER;;NFK|1103|11142|202219
1103;12004;09/05/2022;202219;110;4400,00;;NAER;;NFK|1103|12004|202219
1103;12066;09/05/2022;202219;79;4789,38;;NAER;;NFK|1103|12066|202219
1103;12190;09/05/2022;202219;59;1327,50;;NAER;;NFK|1103|12190|202219
1103;20015;09/05/2022;202219;156;3968,25;;NAER;C;NFK|1103|20015|202219
1103;20041;09/05/2022;202219;173;1578,62;;NAER;A;NFK|1103|20041|202219
1103;20088;09/05/2022;202219;100;5650,00;;NAER;B;NFK|1103|20088|202219
1103;20131;09/05/2022;202219;58;1225,25;;NAER;C;NFK|1103|20131|202219
1103;30012;09/05/2022;202219;55;890,31;;NAER;;NFK|1103|30012|202219
1103;30077;09/05/2022;202219;74;3885,00;;NAER;;NFK|1103|30077|202219
1103;30154;09/05/2022;202219;57;961,88;;NAER;;NFK|1103|30154|202219
1103;30209;09/05/2022;202219;83;3107,31;;NAER;;NFK|1103|30209|202219
1108;10023;09/05/2022;202219;958;11376,25;;HYPER;;NFK|1108|10023|202219
1108;10047;09/05/2022;202219;590;6637,50;;HYPER;;NFK|1108|10047|202219
1108;10112;09/05/2022;202219;404;8559,75;;HYPER;;NFK|1108|10112|202219
1108;10310;09/05/2022;202219;280;7525,00;;HYPER;;NFK|1108|10310|202219
1108;11020;09/05/2022;202219;883;16501,06;;HYPER;;NFK|1108|11020|202219
1108;11085;09/05/2022;202219;504;5638,50;;HYPER;;NFK|1108|11085|202219
1108;11142;09/05/2022;202219;343;8553,56;;HYPER;;NFK|1108|11142|202219
1108;12004;09/05/2022;202219;415;16600,00;;HYPER;;NFK|1108|12004|202219
1108;12066;09/05/2022;202219;315;19096,88;;HYPER;;NFK|1108|12066|202219
1108;12190;09/05/2022;202219;229;5152,50;;HYPER;;NFK|1108|12190|202219
1108;20015;09/05/2022;202219;605;15389,69;;HYPER;C;NFK|1108|20015|202219
1108;20041;09/05/2022;202219;753;6871,12;;HYPER;A;NFK|1108|20041|202219
1108;20088;09/05/2022;202219;429;24238,50;;HYPER;B;NFK|1108|20088|202219
1108;20131;09/05/2022;202219;279;5893,88;;HYPER;C;NFK|1108|20131|202219
1108;30012;09/05/2022;202219;193;3124,19;;HYPER;;NFK|1108|30012|202219
1108;30077;09/05/2022;202219;-33;-1732,50;;HYPER;;NFK|1108|30077|202219
1108;30154;09/05/2022;202219;194;3273,75;;HYPER;;NFK|1108|30154|202219
1108;30209;09/05/2022;202219;263;9846,06;;HYPER;;NFK|1108|30209|202219
3104;10023;09/05/2022;202219;508;6032,50;;SUPER;;NFK|3104|10023|202219
3104;10047;09/05/2022;202219;-33;-371,25;;SUPER;;NFK|3104|10047|202219
3104;10112;09/05/2022;202219;166;3517,12;;SUPER;;NFK|3104|10112|202219
3104;10310;09/05/2022;202219;132;3547,50;;SUPER;;NFK|3104|10310|202219
3104;11020;09/05/2022;202219;411;7680,56;;SUPER;;NFK|3104|11020|202219
3104;11085;09/05/2022;202219;189;2114,44;;SUPER;;NFK|3104|11085|202219
3104;11142;09/05/2022;202219;140;3491,25;;SUPER;;NFK|3104|11142|202219
3104;12004;09/05/2022;202219;194;7760,00;;SUPER;;NFK|3104|12004|202219
3104;12066;09/05/2022;202219;161;9760,62;;SUPER;;NFK|3104|12066|202219
3104;12190;09/05/2022;202219;112;2520,00;;SUPER;;NFK|3104|12190|202219
3104;20015;09/05/2022;202219;289;7351,44;;SUPER;C;NFK|3104|20015|202219
3104;20041;09/05/2022;202219;295;2691,88;;SUPER;A;NFK|3104|20041|202219
3104;20088;09/05/2022;202219;196;11074,00;;SUPER;B;NFK|3104|20088|202219
3104;20131;09/05/2022;202219;115;2429,38;;SUPER;C;NFK|3104|20131|202219
3104;30012;09/05/2022;202219;87;1408,31;;SUPER;;NFK|3104|30012|202219
3104;30077;09/05/2022;202219;128;6720,00;;SUPER;;NFK|3104|30077|202219
3104;30154;09/05/2022;202219;107;1805,62;;SUPER;;NFK|3104|30154|202219
3104;30209;09/05/2022;202219;130;4866,88;;SUPER;;NFK|3104|30209|202219
3104;99001;09/05/2022;202219;8;0,00;;SUPER;;NFK|3104|99001|202219
3117;10023;09/05/2022;202219;244;2897,50;;NAER;;NFK|3117|10023|202219
3117;10047;09/05/2022;202219;119;1338,75;;NAER;;NFK|3117|10047|202219
3117;10112;09/05/2022;202219;89;1885,69;;NAER;;NFK|3117|10112|202219
3117;10310;09/05/2022;202219;71;1908,12;;NAER;;NFK|3117|10310|202219
3117;11020;09/05/2022;202219;177;3307,69;;NAER;;NFK|3117|11020|202219
3117;11085;09/05/2022;202219;108;1208,25;;NAER;;NFK|3117|11085|202219
3117;11142;09/05/2022;202219;76;1895,25;;NAER;;NFK|3117|11142|202219
3117;12004;09/05/2022;202219;93;3720,00;;NAER;;NFK|3117|12004|202219
3117;12066;09/05/2022;202219;62;3758,75;;NAER;;NFK|3117|12066|202219
3117;12190;09/05/2022;202219;47;1057,50;;NAER;;NFK|3117|12190|202219
3117;20015;09/05/2022;202219;121;3077,94;;NAER;C;NFK|3117|20015|202219
3117;20041;09/05/2022;202219;149;1359,62;;NAER;A;NFK|3117|20041|202219
3117;20088;09/05/2022;202219;90;5085,00;;NAER;B;NFK|3117|20088|202219
3117;20131;09/05/2022;202219;59;1246,38;;NAER;C;NFK|3117|20131|202219
3117;30012;09/05/2022;202219;44;712,25;;NAER;;NFK|3117|30012|202219
3117;30077;09/05/2022;202219;62;3255,00;;NAER;;NFK|3117|30077|202219
3117;30154;09/05/2022;202219;44;742,50;;NAER;;NFK|3117|30154|202219
3117;30209;09/05/2022;202219;70;2620,62;;NAER;;NFK|3117|30209|202219
3117;99001;09/05/2022;202219;3;0,00;;NAER;;NFK|3117|99001|202219
3122;10023;09/05/2022;202219;144;1710,00;;FRANCHISE;;NFK|3122|10023|202219
3122;10047;09/05/2022;202219;110;1237,50;;FRANCHISE;;NFK|3122|10047|202219
3122;10112;09/05/2022;202219;64;1356,00;;FRANCHISE;;NFK|3122|10112|202219
3122;10310;09/05/2022;202219;44;1182,50;;FRANCHISE;;NFK|3122|10310|202219
3122;11020;09/05/2022;202219;130;2429,38;;FRANCHISE;;NFK|3122|11020|202219
3122;11085;09/05/2022;202219;79;883,81;;FRANCHISE;;NFK|3122|11085|202219
3122;11142;09/05/2022;202219;59;1471,31;;FRANCHISE;;NFK|3122|11142|202219
3122;12004;09/05/2022;202219;59;2360,00;;FRANCHISE;;NFK|3122|12004|202219
3122;12066;09/05/2022;202219;55;3334,38;;FRANCHISE;;NFK|3122|12066|202219
3122;12190;09/05/2022;202219;33;742,50;;FRANCHISE;;NFK|3122|12190|202219
3122;20015;09/05/2022;202219;98;2492,88;;FRANCHISE;C;NFK|3122|20015|202219
3122;20041;09/05/2022;202219;103;939,88;;FRANCHISE;A;NFK|3122|20041|202219
3122;20088;09/05/2022;202219;62;3503,00;;FRANCHISE;B;NFK|3122|20088|202219
3122;20131;09/05/2022;202219;39;823,88;;FRANCHISE;C;NFK|3122|20131|202219
3122;30012;09/05/2022;202219;30;485,62;;FRANCHISE;;NFK|3122|30012|202219
3122;30077;09/05/2022;202219;50;2625,00;;FRANCHISE;;NFK|3122|30077|202219
3122;30154;09/05/2022;202219;35;590,62;;FRANCHISE;;NFK|3122|30154|202219
3122;30209;09/05/2022;202219;48;1797,00;;FRANCHISE;;NFK|3122|30209|202219
3122;99001;09/05/2022;202219;2;0,00;;FRANCHISE;;NFK|3122|99001|202219
4201;10023;09/05/2022;202219;920;10925,00;;HYPER;;NFK|4201|10023|202219
4201;10047;09/05/2022;202219;492;5535,00;;HYPER;;NFK|4201|10047|202219
4201;10112;09/05/2022;202219;275;5826,56;;HYPER;;NFK|4201|10112|202219
4201;10310;09/05/2022;202219;257;6906,88;;HYPER;;NFK|4201|10310|202219
4201;11020;09/05/2022;202219;630;11773,12;;HYPER;;NFK|4201|11020|202219
4201;11085;09/05/2022;202219;419;4687,56;;HYPER;;NFK|4201|11085|202219
4201;11142;09/05/2022;202219;253;6309,19;;HYPER;;NFK|4201|11142|202219
4201;12004;09/05/2022;202219;323;12920,00;;HYPER;;NFK|4201|12004|202219
4201;12066;09/05/2022;202219;246;14913,75;;HYPER;;NFK|4201|12066|202219
4201;12190;09/05/2022;202219;213;4792,50;;HYPER;;NFK|4201|12190|202219
4201;20015;09/05/2022;202219;494;12566,12;;HYPER;C;NFK|4201|20015|202219
4201;20041;09/05/2022;202219;620;5657,50;;HYPER;A;NFK|4201|20041|202219
4201;20088;09/05/2022;202219;349;19718,50;;HYPER;B;NFK|4201|20088|202219
4201;20131;09/05/2022;202219;205;4330,62;;HYPER;C;NFK|4201|20131|202219
4201;30012;09/05/2022;202219;174;2816,62;;HYPER;;NFK|4201|30012|202219
4201;30077;09/05/2022;202219;283;14857,50;;HYPER;;NFK|4201|30077|202219
4201;30154;09/05/2022;202219;202;3408,75;;HYPER;;NFK|4201|30154|202219
4201;30209;09/05/2022;202219;234;8760,38;;HYPER;;NFK|4201|30209|202219
4205;10023;09/05/2022;202219;535;6353,12;;SUPER;;NFK|4205|10023|202219
4205;10047;09/05/2022;202219;293;3296,25;;SUPER;;NFK|4205|10047|202219
4205;10112;09/05/2022;202219;158;3347,62;;SUPER;;NFK|4205|10112|202219
4205;10310;09/05/2022;202219;159;4273,12;;SUPER;;NFK|4205|10310|202219
4205;11020;09/05/2022;202219;395;7381,56;;SUPER;;NFK|4205|11020|202219
4205;11085;09/05/2022;202219;218;2438,88;;SUPER;;NFK|4205|11085|202219
4205;11142;09/05/2022;202219;179;4463,81;;SUPER;;NFK|4205|11142|202219
4205;12004;09/05/2022;202219;206;8240,00;;SUPER;;NFK|4205|12004|202219
4205;12066;09/05/2022;202219;137;8305,62;;SUPER;;NFK|4205|12066|202219
4205;12190;09/05/2022;202219;117;2632,50;;SUPER;;NFK|4205|12190|202219
4205;20015;09/05/2022;202219;332;8445,25;;SUPER;C;NFK|4205|20015|202219
4205;20041;09/05/2022;202219;374;3412,75;;SUPER;A;NFK|4205|20041|202219
4205;20088;09/05/2022;202219;211;11921,50;;SUPER;B;NFK|4205|20088|202219
4205;20131;09/05/2022;202219;141;2978,62;;SUPER;C;NFK|4205|20131|202219
4205;30012;09/05/2022;202219;100;1618,75;;SUPER;;NFK|4205|30012|202219
4205;30077;09/05/2022;202219;142;7455,00;;SUPER;;NFK|4205|30077|202219
4205;30154;09/05/2022;202219;129;2176,88;;SUPER;;NFK|4205|30154|202219
4205;30209;09/05/2022;202219;140;5241,25;;SUPER;;NFK|4205|30209|202219
4218;10023;09/05/2022;202219;480;5700,00;;SUPER;;NFK|4218|10023|202219
4218;10047;09/05/2022;202219;321;3611,25;;SUPER;;NFK|4218|10047|202219
4218;10112;09/05/2022;202219;176;3729,00;;SUPER;;NFK|4218|10112|202219
4218;10310;09/05/2022;202219;164;4407,50;;SUPER;;NFK|4218|10310|202219
4218;11020;09/05/2022;202219;428;7998,25;;SUPER;;NFK|4218|11020|202219
4218;11085;09/05/2022;202219;241;2696,19;;SUPER;;NFK|4218|11085|202219
4218;11142;09/05/2022;202219;174;4339,12;;SUPER;;NFK|4218|11142|202219
4218;12004;09/05/2022;202219;198;7920,00;;SUPER;;NFK|4218|12004|202219
4218;12066;09/05/2022;202219;183;11094,38;;SUPER;;NFK|4218|12066|202219
4218;12190;09/05/2022;202219;110;2475,00;;SUPER;;NFK|4218|12190|202219
4218;20015;09/05/2022;202219;317;8063,69;;SUPER;C;NFK|4218|20015|202219
4218;20041;09/05/2022;202219;404;3686,50;;SUPER;A;NFK|4218|20041|202219
4218;20088;09/05/2022;202219;221;12486,50;;SUPER;B;NFK|4218|20088|202219
4218;20131;09/05/2022;202219;128;2704,00;;SUPER;C;NFK|4218|20131|202219
4218;30012;09/05/2022;202219;97;1570,19;;SUPER;;NFK|4218|30012|202219
4218;30077;09/05/2022;202219;179;9397,50;;SUPER;;NFK|4218|30077|202219
4218;30154;09/05/2022;202219;124;2092,50;;SUPER;;NFK|4218|30154|202219
4218;30209;09/05/2022;202219;158;5915,12;;SUPER;;NFK|4218|30209|202219
5502;10023;09/05/2022;202219;410;4868,75;;SUPER;;NFK|5502|10023|202219
5502;10047;09/05/2022;202219;338;3802,50;;SUPER;;NFK|5502|10047|202219
5502;10112;09/05/2022;202219;173;3665,44;;SUPER;;NFK|5502|10112|202219
5502;10310;09/05/2022;202219;135;3628,12;;SUPER;;NFK|5502|10310|202219
5502;11020;09/05/2022;202219;344;6428,50;;SUPER;;NFK|5502|11020|202219
5502;11085;09/05/2022;202219;204;2282,25;;SUPER;;NFK|5502|11085|202219
5502;11142;09/05/2022;202219;166;4139,62;;SUPER;;NFK|5502|11142|202219
5502;12004;09/05/2022;202219;219;8760,00;;SUPER;;NFK|5502|12004|202219
5502;12066;09/05/2022;202219;163;9881,88;;SUPER;;NFK|5502|12066|202219
5502;12190;09/05/2022;202219;108;2430,00;;SUPER;;NFK|5502|12190|202219
5502;20015;09/05/2022;202219;243;6181,31;;SUPER;C;NFK|5502|20015|202219
5502;20041;09/05/2022;202219;313;2856,12;;SUPER;A;NFK|5502|20041|202219
5502;20088;09/05/2022;202219;162;9153,00;;SUPER;B;NFK|5502|20088|202219
5502;20131;09/05/2022;202219;113;2387,12;;SUPER;C;NFK|5502|20131|202219
5502;30012;09/05/2022;202219;106;1715,87;;SUPER;;NFK|5502|30012|202219
5502;30077;09/05/2022;202219;134;7035,00;;SUPER;;NFK|5502|30077|202219
5502;30154;09/05/2022;202219;101;1704,38;;SUPER;;NFK|5502|30154|202219
5502;30209;09/05/2022;202219;151;5653,06;;SUPER;;NFK|5502|30209|202219
5511;10023;09/05/2022;202219;158;1876,25;;PARTNER;;NFK|5511|10023|202219
5511;10047;09/05/2022;202219;109;1226,25;;PARTNER;;NFK|5511|10047|202219
5511;10112;09/05/2022;202219;60;1271,25;;PARTNER;;NFK|5511|10112|202219
5511;10310;09/05/2022;202219;48;1290,00;;PARTNER;;NFK|5511|10310|202219
5511;11020;09/05/2022;202219;146;2728,38;;PARTNER;;NFK|5511|11020|202219
5511;11085;09/05/2022;202219;78;872,62;;PARTNER;;NFK|5511|11085|202219
5511;11142;09/05/2022;202219;69;1720,69;;PARTNER;;NFK|5511|11142|202219
5511;12004;09/05/2022;202219;77;3080,00;;PARTNER;;NFK|5511|12004|202219
5511;12066;09/05/2022;202219;55;3334,38;;PARTNER;;NFK|5511|12066|202219
5511;12190;09/05/2022;202219;43;967,50;;PARTNER;;NFK|5511|12190|202219
5511;20015;09/05/2022;202219;102;2594,62;;PARTNER;C;NFK|5511|20015|202219
5511;20041;09/05/2022;202219;125;1140,62;;PARTNER;A;NFK|5511|20041|202219
5511;20088;09/05/2022;202219;75;4237,50;;PARTNER;B;NFK|5511|20088|202219
5511;20131;09/05/2022;202219;43;908,38;;PARTNER;C;NFK|5511|20131|202219
5511;30012;09/05/2022;202219;36;582,75;;PARTNER;;NFK|5511|30012|202219
5511;30077;09/05/2022;202219;63;3307,50;;PARTNER;;NFK|5511|30077|202219
5511;30154;09/05/2022;202219;45;759,38;;PARTNER;;NFK|5511|30154|202219
5511;30209;09/05/2022;202219;56;2096,50;;PARTNER;;NFK|5511|30209|202219
9001;10023;09/05/2022;202219;25;296,88;;DEPOT;;NFK|9001|10023|202219
9001;10047;09/05/2022;202219;19;213,75;;DEPOT;;NFK|9001|10047|202219
9001;10112;09/05/2022;202219;9;190,69;;DEPOT;;NFK|9001|10112|202219
9001;10310;09/05/2022;202219;8;215,00;;DEPOT;;NFK|9001|10310|202219
9001;11020;09/05/2022;202219;22;411,12;;DEPOT;;NFK|9001|11020|202219
9001;11085;09/05/2022;202219;12;134,25;;DEPOT;;NFK|9001|11085|202219
9001;11142;09/05/2022;202219;9;224,44;;DEPOT;;NFK|9001|11142|202219
9001;12004;09/05/2022;202219;12;480,00;;DEPOT;;NFK|9001|12004|202219
9001;12066;09/05/2022;202219;7;424,38;;DEPOT;;NFK|9001|12066|202219
9001;12190;09/05/2022;202219;6;135,00;;DEPOT;;NFK|9001|12190|202219
9001;20015;09/05/2022;202219;14;356,12;;DEPOT;C;NFK|9001|20015|202219
9001;20041;09/05/2022;202219;21;191,62;;DEPOT;A;NFK|9001|20041|202219
9001;20088;09/05/2022;202219;10;565,00;;DEPOT;B;NFK|9001|20088|202219
9001;20131;09/05/2022;202219;7;147,88;;DEPOT;C;NFK|9001|20131|202219
9001;30012;09/05/2022;202219;5;80,94;;DEPOT;;NFK|9001|30012|202219
9001;30077;09/05/2022;202219;9;472,50;;DEPOT;;NFK|9001|30077|202219
9001;30154;09/05/2022;202219;7;118,12;;DEPOT;;NFK|9001|30154|202219
9001;30209;09/05/2022;202219;8;299,50;;DEPOT;;NFK|9001|30209|202219
1101;10023;16/05/2022;202220;951;8463,90;AVIS;SUPER;;NFK|1101|10023|202220
1101;10047;16/05/2022;202220;332;3735,00;;SUPER;;NFK|1101|10047|202220
1101;10112;16/05/2022;202220;181;3834,94;;SUPER;;NFK|1101|10112|202220
1101;10310;16/05/2022;202220;124;3332,50;;SUPER;;NFK|1101|10310|202220
1101;11020;16/05/2022;202220;436;8147,75;;SUPER;;NFK|1101|11020|202220
1101;11085;16/05/2022;202220;215;2405,31;;SUPER;;NFK|1101|11085|202220
1101;11142;16/05/2022;202220;160;3990,00;;SUPER;;NFK|1101|11142|202220
1101;12004;16/05/2022;202220;218;8720,00;;SUPER;;NFK|1101|12004|202220
1101;12066;16/05/2022;202220;225;9137,81;MP;SUPER;;NFK|1101|12066|202220
1101;12190;16/05/2022;202220;98;2205,00;;SUPER;;NFK|1101|12190|202220
1101;20015;16/05/2022;202220;319;8114,56;;SUPER;C;NFK|1101|20015|202220
1101;20041;16/05/2022;202220;318;2901,75;;SUPER;A;NFK|1101|20041|202220
1101;20088;16/05/2022;202220;176;9944,00;;SUPER;B;NFK|1101|20088|202220
1101;20131;16/05/2022;202220;123;2598,38;;SUPER;C;NFK|1101|20131|202220
1101;30012;16/05/2022;202220;86;1392,12;;SUPER;;NFK|1101|30012|202220
1101;30077;16/05/2022;202220;164;8610,00;;SUPER;;NFK|1101|30077|202220
1101;30154;16/05/2022;202220;119;2008,12;;SUPER;;NFK|1101|30154|202220
1101;30209;16/05/2022;202220;135;5054,06;;SUPER;;NFK|1101|30209|202220
1102;10023;16/05/2022;202220;792;7048,80;AVIS;SUPER;;NFK|1102|10023|202220
1102;10047;16/05/2022;202220;275;3093,75;;SUPER;;NFK|1102|10047|202220
1102;10112;16/05/2022;202220;153;3241,69;;SUPER;;NFK|1102|10112|202220
1102;10310;16/05/2022;202220;131;3520,62;;SUPER;;NFK|1102|10310|202220
1102;11020;16/05/2022;202220;395;7381,56;;SUPER;;NFK|1102|11020|202220
1102;11085;16/05/2022;202220;209;2338,19;;SUPER;;NFK|1102|11085|202220
1102;11142;16/05/2022;202220;164;4089,75;;SUPER;;NFK|1102|11142|202220
1102;12004;16/05/2022;202220;190;7600,00;;SUPER;;NFK|1102|12004|202220
1102;12066;16/05/2022;202220;239;9706,39;MP;SUPER;;NFK|1102|12066|202220
1102;12190;16/05/2022;202220;100;2250,00;;SUPER;;NFK|1102|12190|202220
1102;20015;16/05/2022;202220;226;5748,88;;SUPER;C;NFK|1102|20015|202220
1102;20041;16/05/2022;202220;318;2901,75;;SUPER;A;NFK|1102|20041|202220
1102;20088;16/05/2022;202220;168;9492,00;;SUPER;B;NFK|1102|20088|202220
1102;20131;16/05/2022;202220;114;2408,25;;SUPER;C;NFK|1102|20131|202220
1102;30012;16/05/2022;202220;99;1602,56;;SUPER;;NFK|1102|30012|202220
1102;30077;16/05/2022;202220;160;8400,00;;SUPER;;NFK|1102|30077|202220
1102;30154;16/05/2022;202220;96;1620,00;;SUPER;;NFK|1102|30154|202220
1102;30209;16/05/2022;202220;144;5391,00;;SUPER;;NFK|1102|30209|202220
1103;10023;16/05/2022;202220;446;3969,40;AVIS;NAER;;NFK|1103|10023|202220
1103;10047;16/05/2022;202220;-14;-157,50;;NAER;;NFK|1103|10047|202220
1103;10112;16/05/2022;202220;88;1864,50;;NAER;;NFK|1103|10112|202220
1103;10310;16/05/2022;202220;71;1908,12;;NAER;;NFK|1103|10310|202220
1103;11020;16/05/2022;202220;186;3475,88;;NAER;;NFK|1103|11020|202220
1103;11085;16/05/2022;202220;118;1320,12;;NAER;;NFK|1103|11085|202220
1103;11142;16/05/2022;202220;86;2144,62;;NAER;;NFK|1103|11142|202220
1103;12004;16/05/2022;202220;100;4000,00;;NAER;;NFK|1103|12004|202220
1103;12066;16/05/2022;202220;108;4386,15;MP;NAER;;NFK|1103|12066|202220
1103;12190;16/05/2022;202220;52;1170,00;;NAER;;NFK|1103|12190|202220
1103;20015;16/05/2022;202220;142;3612,12;;NAER;C;NFK|1103|20015|202220
1103;20041;16/05/2022;202220;155;1414,38;;NAER;A;NFK|1103|20041|202220
1103;20088;16/05/2022;202220;93;5254,50;;NAER;B;NFK|1103|20088|202220
1103;20131;16/05/2022;202220;64;1352,00;;NAER;C;NFK|1103|20131|202220
1103;30012;16/05/2022;202220;43;696,06;;NAER;;NFK|1103|30012|202220
1103;30077;16/05/2022;202220;71;3727,50;;NAER;;NFK|1103|30077|202220
1103;30154;16/05/2022;202220;58;978,75;;NAER;;NFK|1103|30154|202220
1103;30209;16/05/2022;202220;60;2246,25;;NAER;;NFK|1103|30209|202220
1103;99001;16/05/2022;202220;3;0,00;;NAER;;NFK|1103|99001|202220
1108;10023;16/05/2022;202220;1594;14186,60;AVIS;HYPER;;NFK|1108|10023|202220
1108;10047;16/05/2022;202220;508;5715,00;;HYPER;;NFK|1108|10047|202220
1108;10112;16/05/2022;202220;295;6250,31;;HYPER;;NFK|1108|10112|202220
1108;10310;16/05/2022;202220;239;6423,12;;HYPER;;NFK|1108|10310|202220
1108;11020;16/05/2022;202220;630;11773,12;;HYPER;;NFK|1108|11020|202220
1108;11085;16/05/2022;202220;420;4698,75;;HYPER;;NFK|1108|11085|202220
1108;11142;16/05/2022;202220;335;8354,06;;HYPER;;NFK|1108|11142|202220
1108;12004;16/05/2022;202220;365;14600,00;;HYPER;;NFK|1108|12004|202220
1108;12066;16/05/2022;202220;504;20468,70;MP;HYPER;;NFK|1108|12066|202220
1108;12190;16/05/2022;202220;216;4860,00;;HYPER;;NFK|1108|12190|202220
1108;20015;16/05/2022;202220;525;13354,69;;HYPER;C;NFK|1108|20015|202220
1108;20041;16/05/2022;202220;563;5137,38;;HYPER;A;NFK|1108|20041|202220
1108;20088;16/05/2022;202220;395;22317,50;;HYPER;B;NFK|1108|20088|202220
1108;20131;16/05/2022;202220;221;4668,62;;HYPER;C;NFK|1108|20131|202220
1108;30012;16/05/2022;202220;186;3010,88;;HYPER;;NFK|1108|30012|202220
1108;30077;16/05/2022;202220;313;16432,50;;HYPER;;NFK|1108|30077|202220
1108;30154;16/05/2022;202220;215;3628,12;;HYPER;;NFK|1108|30154|202220
1108;30209;16/05/2022;202220;257;9621,44;;HYPER;;NFK|1108|30209|202220
1108;99001;16/05/2022;202220;12;0,00;;HYPER;;NFK|1108|99001|202220
3104;10023;16/05/2022;202220;922;8205,80;AVIS;SUPER;;NFK|3104|10023|202220
3104;10047;16/05/2022;202220;300;3375,00;;SUPER;;NFK|3104|10047|202220
3104;10112;16/05/2022;202220;136;2881,50;;SUPER;;NFK|3104|10112|202220
3104;10310;16/05/2022;202220;119;3198,12;;SUPER;;NFK|3104|10310|202220
3104;11020;16/05/2022;202220;347;6484,56;;SUPER;;NFK|3104|11020|202220
3104;11085;16/05/2022;202220;173;1935,44;;SUPER;;NFK|3104|11085|202220
3104;11142;16/05/2022;202220;125;3117,19;;SUPER;;NFK|3104|11142|202220
3104;12004;16/05/2022;202220;166;6640,00;;SUPER;;NFK|3104|12004|202220
3104;12066;16/05/2022;202220;118;7153,75;;SUPER;;NFK|3104|12066|202220
3104;12190;16/05/2022;202220;0;0,00;;SUPER;;NFK|3104|12190|202220
3104;20015;16/05/2022;202220;268;6817,25;;SUPER;C;NFK|3104|20015|202220
3104;20041;16/05/2022;202220;313;2856,12;;SUPER;A;NFK|3104|20041|202220
3104;20088;16/05/2022;202220;156;8814,00;;SUPER;B;NFK|3104|20088|202220
3104;20131;16/05/2022;202220;129;2725,12;;SUPER;C;NFK|3104|20131|202220
3104;30012;16/05/2022;202220;93;1505,44;;SUPER;;NFK|3104|30012|202220
3104;30077;16/05/2022;202220;119;6247,50;;SUPER;;NFK|3104|30077|202220
3104;30154;16/05/2022;202220;85;1434,38;;SUPER;;NFK|3104|30154|202220
3104;30209;16/05/2022;202220;132;4941,75;;SUPER;;NFK|3104|30209|202220
3117;10023;16/05/2022;202220;420;3738,00;AVIS;NAER;;NFK|3117|10023|202220
3117;10047;16/05/2022;202220;124;1395,00;;NAER;;NFK|3117|10047|202220
3117;10112;16/05/2022;202220;72;1525,50;;NAER;;NFK|3117|10112|202220
3117;10310;16/05/2022;202220;53;1424,38;;NAER;;NFK|3117|10310|202220
3117;11020;16/05/2022;202220;156;2915,25;;NAER;;NFK|3117|11020|202220
3117;11085;16/05/2022;202220;96;1074,00;;NAER;;NFK|3117|11085|202220
3117;11142;16/05/2022;202220;66;1645,88;;NAER;;NFK|3117|11142|202220
3117;12004;16/05/2022;202220;96;3840,00;;NAER;;NFK|3117|12004|202220
3117;12066;16/05/2022;202220;64;3880,00;;NAER;;NFK|3117|12066|202220
3117;12190;16/05/2022;202220;42;945,00;;NAER;;NFK|3117|12190|202220
3117;20015;16/05/2022;202220;130;3306,88;;NAER;C;NFK|3117|20015|202220
3117;20041;16/05/2022;202220;135;1231,88;;NAER;A;NFK|3117|20041|202220
3117;20088;16/05/2022;202220;73;4124,50;;NAER;B;NFK|3117|20088|202220
3117;20131;16/05/2022;202220;51;1077,38;;NAER;C;NFK|3117|20131|202220
3117;30012;16/05/2022;202220;41;663,69;;NAER;;NFK|3117|30012|202220
3117;30077;16/05/2022;202220;64;3360,00;;NAER;;NFK|3117|30077|202220
3117;30154;16/05/2022;202220;42;708,75;;NAER;;NFK|3117|30154|202220
3117;30209;16/05/2022;202220;56;2096,50;;NAER;;NFK|3117|30209|202220
3122;10023;16/05/2022;202220;255;2269,50;AVIS;FRANCHISE;;NFK|3122|10023|202220
3122;10047;16/05/2022;202220;100;1125,00;;FRANCHISE;;NFK|3122|10047|202220
3122;10112;16/05/2022;202220;51;1080,56;;FRANCHISE;;NFK|3122|10112|202220
3122;10310;16/05/2022;202220;47;1263,12;;FRANCHISE;;NFK|3122|10310|202220
3122;11020;16/05/2022;202220;128;2392,00;;FRANCHISE;;NFK|3122|11020|202220
3122;11085;16/05/2022;202220;65;727,19;;FRANCHISE;;NFK|3122|11085|202220
3122;11142;16/05/2022;202220;46;1147,12;;FRANCHISE;;NFK|3122|11142|202220
3122;12004;16/05/2022;202220;61;2440,00;;FRANCHISE;;NFK|3122|12004|202220
3122;12066;16/05/2022;202220;50;3031,25;;FRANCHISE;;NFK|3122|12066|202220
3122;12190;16/05/2022;202220;31;697,50;;FRANCHISE;;NFK|3122|12190|202220
3122;20015;16/05/2022;202220;78;1984,12;;FRANCHISE;C;NFK|3122|20015|202220
3122;20041;16/05/2022;202220;112;1022,00;;FRANCHISE;A;NFK|3122|20041|202220
3122;20088;16/05/2022;202220;51;2881,50;;FRANCHISE;B;NFK|3122|20088|202220
3122;20131;16/05/2022;202220;44;929,50;;FRANCHISE;C;NFK|3122|20131|202220
3122;30012;16/05/2022;202220;31;501,81;;FRANCHISE;;NFK|3122|30012|202220
3122;30077;16/05/2022;202220;48;2520,00;;FRANCHISE;;NFK|3122|30077|202220
3122;30154;16/05/2022;202220;37;624,38;;FRANCHISE;;NFK|3122|30154|202220
3122;30209;16/05/2022;202220;41;1534,94;;FRANCHISE;;NFK|3122|30209|202220
4201;10023;16/05/2022;202220;1422;12655,80;AVIS;HYPER;;NFK|4201|10023|202220
4201;10047;16/05/2022;202220;466;5242,50;;HYPER;;NFK|4201|10047|202220
4201;10112;16/05/2022;202220;299;6335,06;;HYPER;;NFK|4201|10112|202220
4201;10310;16/05/2022;202220;212;5697,50;;HYPER;;NFK|4201|10310|202220
4201;11020;16/05/2022;202220;706;13193,37;;HYPER;;NFK|4201|11020|202220
4201;11085;16/05/2022;202220;391;4374,31;;HYPER;;NFK|4201|11085|202220
4201;11142;16/05/2022;202220;247;6159,56;;HYPER;;NFK|4201|11142|202220
4201;12004;16/05/2022;202220;287;11480,00;;HYPER;;NFK|4201|12004|202220
4201;12066;16/05/2022;202220;375;15229,69;MP;HYPER;;NFK|4201|12066|202220
4201;12190;16/05/2022;202220;189;4252,50;;HYPER;;NFK|4201|12190|202220
4201;20015;16/05/2022;202220;487;12388,06;;HYPER;C;NFK|4201|20015|202220
4201;20041;16/05/2022;202220;533;4863,62;;HYPER;A;NFK|4201|20041|202220
4201;20088;16/05/2022;202220;275;15537,50;;HYPER;B;NFK|4201|20088|202220
4201;20131;16/05/2022;202220;228;4816,50;;HYPER;C;NFK|4201|20131|202220
4201;30012;16/05/2022;202220;169;2735,69;;HYPER;;NFK|4201|30012|202220
4201;30077;16/05/2022;202220;261;13702,50;;HYPER;;NFK|4201|30077|202220
4201;30154;16/05/2022;202220;197;3324,38;;HYPER;;NFK|4201|30154|202220
4201;30209;16/05/2022;202220;221;8273,69;;HYPER;;NFK|4201|30209|202220
4205;10023;16/05/2022;202220;899;8001,10;AVIS;SUPER;;NFK|4205|10023|202220
4205;10047;16/05/2022;202220;325;3656,25;;SUPER;;NFK|4205|10047|202220
4205;10112;16/05/2022;202220;145;3072,19;;SUPER;;NFK|4205|10112|202220
4205;10310;16/05/2022;202220;122;3278,75;;SUPER;;NFK|4205|10310|202220
4205;11020;16/05/2022;202220;372;6951,75;;SUPER;;NFK|4205|11020|202220
4205;11085;16/05/2022;202220;241;2696,19;;SUPER;;NFK|4205|11085|202220
4205;11142;16/05/2022;202220;171;4264,31;;SUPER;;NFK|4205|11142|202220
4205;12004;16/05/2022;202220;215;8600,00;;SUPER;;NFK|4205|12004|202220
4205;12066;16/05/2022;202220;243;9868,84;MP;SUPER;;NFK|4205|12066|202220
4205;12190;16/05/2022;202220;115;2587,50;;SUPER;;NFK|4205|12190|202220
4205;20015;16/05/2022;202220;296;7529,50;;SUPER;C;NFK|4205|20015|202220
4205;20041;16/05/2022;202220;366;3339,75;;SUPER;A;NFK|4205|20041|202220
4205;20088;16/05/2022;202220;154;8701,00;;SUPER;B;NFK|4205|20088|202220
4205;20131;16/05/2022;202220;115;2429,38;;SUPER;C;NFK|4205|20131|202220
4205;30012;16/05/2022;202220;106;1715,87;;SUPER;;NFK|4205|30012|202220
4205;30077;16/05/2022;202220;140;7350,00;;SUPER;;NFK|4205|30077|202220
4205;30154;16/05/2022;202220;92;1552,50;;SUPER;;NFK|4205|30154|202220
4205;30209;16/05/2022;202220;120;4492,50;;SUPER;;NFK|4205|30209|202220
4205;99001;16/05/2022;202220;7;0,00;;SUPER;;NFK|4205|99001|202220
4218;10023;16/05/2022;202220;1057;9407,30;AVIS;SUPER;;NFK|4218|10023|202220
4218;10047;16/05/2022;202220;347;3903,75;;SUPER;;NFK|4218|10047|202220
4218;10112;16/05/2022;202220;172;3644,25;;SUPER;;NFK|4218|10112|202220
4218;10310;16/05/2022;202220;133;3574,38;;SUPER;;NFK|4218|10310|202220
4218;11020;16/05/2022;202220;377;7045,19;;SUPER;;NFK|4218|11020|202220
4218;11085;16/05/2022;202220;239;2673,81;;SUPER;;NFK|4218|11085|202220
4218;11142;16/05/2022;202220;172;4289,25;;SUPER;;NFK|4218|11142|202220
4218;12004;16/05/2022;202220;206;8240,00;;SUPER;;NFK|4218|12004|202220
4218;12066;16/05/2022;202220;273;11087,21;MP;SUPER;;NFK|4218|12066|202220
4218;12190;16/05/2022;202220;104;2340,00;;SUPER;;NFK|4218|12190|202220
4218;20015;16/05/2022;202220;284;7224,25;;SUPER;C;NFK|4218|20015|202220
4218;20041;16/05/2022;202220;343;3129,88;;SUPER;A;NFK|4218|20041|202220
4218;20088;16/05/2022;202220;217;12260,50;;SUPER;B;NFK|4218|20088|202220
4218;20131;16/05/2022;202220;138;2915,25;;SUPER;C;NFK|4218|20131|202220
4218;30012;16/05/2022;202220;111;1796,81;;SUPER;;NFK|4218|30012|202220
4218;30077;16/05/2022;202220;144;7560,00;;SUPER;;NFK|4218|30077|202220
4218;30154;16/05/2022;202220;112;1890,00;;SUPER;;NFK|4218|30154|202220
4218;30209;16/05/2022;202220;139;5203,81;;SUPER;;NFK|4218|30209|202220
4218;99001;16/05/2022;202220;7;0,00;;SUPER;;NFK|4218|99001|202220
5502;10023;16/05/2022;202220;873;7769,70;AVIS;SUPER;;NFK|5502|10023|202220
5502;10047;16/05/2022;202220;270;3037,50;;SUPER;;NFK|5502|10047|202220
5502;10112;16/05/2022;202220;156;3305,25;;SUPER;;NFK|5502|10112|202220
5502;10310;16/05/2022;202220;114;3063,75;;SUPER;;NFK|5502|10310|202220
5502;11020;16/05/2022;202220;324;6054,75;;SUPER;;NFK|5502|11020|202220
5502;11085;16/05/2022;202220;182;2036,12;;SUPER;;NFK|5502|11085|202220
5502;11142;16/05/2022;202220;155;3865,31;;SUPER;;NFK|5502|11142|202220
5502;12004;16/05/2022;202220;166;6640,00;;SUPER;;NFK|5502|12004|202220
5502;12066;16/05/2022;202220;150;9093,75;;SUPER;;NFK|5502|12066|202220
5502;12190;16/05/2022;202220;103;2317,50;;SUPER;;NFK|5502|12190|202220
5502;20015;16/05/2022;202220;259;6588,31;;SUPER;C;NFK|5502|20015|202220
5502;20041;16/05/2022;202220;296;2701,00;;SUPER;A;NFK|5502|20041|202220
5502;20088;16/05/2022;202220;181;10226,50;;SUPER;B;NFK|5502|20088|202220
5502;20131;16/05/2022;202220;107;2260,38;;SUPER;C;NFK|5502|20131|202220
5502;30012;16/05/2022;202220;95;1537,81;;SUPER;;NFK|5502|30012|202220
5502;30077;16/05/2022;202220;130;6825,00;;SUPER;;NFK|5502|30077|202220
5502;30154;16/05/2022;202220;110;1856,25;;SUPER;;NFK|5502|30154|202220
5502;30209;16/05/2022;202220;127;4754,56;;SUPER;;NFK|5502|30209|202220
5511;10023;16/05/2022;202220;366;3257,40;AVIS;PARTNER;;NFK|5511|10023|202220
5511;10047;16/05/2022;202220;104;1170,00;;PARTNER;;NFK|5511|10047|202220
5511;10112;16/05/2022;202220;56;1186,50;;PARTNER;;NFK|5511|10112|202220
5511;10310;16/05/2022;202220;45;1209,38;;PARTNER;;NFK|5511|10310|202220
5511;11020;16/05/2022;202220;130;2429,38;;PARTNER;;NFK|5511|11020|202220
5511;11085;16/05/2022;202220;69;771,94;;PARTNER;;NFK|5511|11085|202220
5511;11142;16/05/2022;202220;64;1596,00;;PARTNER;;NFK|5511|11142|202220
5511;12004;16/05/2022;202220;78;3120,00;;PARTNER;;NFK|5511|12004|202220
5511;12066;16/05/2022;202220;47;2849,38;;PARTNER;;NFK|5511|12066|202220
5511;12190;16/05/2022;202220;37;832,50;;PARTNER;;NFK|5511|12190|202220
5511;20015;16/05/2022;202220;90;2289,38;;PARTNER;C;NFK|5511|20015|202220
5511;20041;16/05/2022;202220;119;1085,88;;PARTNER;A;NFK|5511|20041|202220
5511;20088;16/05/2022;202220;70;3955,00;;PARTNER;B;NFK|5511|20088|202220
5511;20131;16/05/2022;202220;45;950,62;;PARTNER;C;NFK|5511|20131|202220
5511;30012;16/05/2022;202220;32;518,00;;PARTNER;;NFK|5511|30012|202220
5511;30077;16/05/2022;202220;57;2992,50;;PARTNER;;NFK|5511|30077|202220
5511;30154;16/05/2022;202220;43;725,62;;PARTNER;;NFK|5511|30154|202220
5511;30209;16/05/2022;202220;52;1946,75;;PARTNER;;NFK|5511|30209|202220
9001;10023;16/05/2022;202220;48;427,20;AVIS;DEPOT;;NFK|9001|10023|202220
9001;10047;16/05/2022;202220;15;168,75;;DEPOT;;NFK|9001|10047|202220
9001;10112;16/05/2022;202220;8;169,50;;DEPOT;;NFK|9001|10112|202220
9001;10310;16/05/2022;202220;7;188,12;;DEPOT;;NFK|9001|10310|202220
9001;11020;16/05/2022;202220;22;411,12;;DEPOT;;NFK|9001|11020|202220
9001;11085;16/05/2022;202220;11;123,06;;DEPOT;;NFK|9001|11085|202220
9001;11142;16/05/2022;202220;9;224,44;;DEPOT;;NFK|9001|11142|202220
9001;12004;16/05/2022;202220;11;440,00;;DEPOT;;NFK|9001|12004|202220
9001;12066;16/05/2022;202220;7;424,38;;DEPOT;;NFK|9001|12066|202220
9001;12190;16/05/2022;202220;5;112,50;;DEPOT;;NFK|9001|12190|202220
9001;20015;16/05/2022;202220;0;0,00;;DEPOT;C;NFK|9001|20015|202220
9001;20041;16/05/2022;202220;16;146,00;;DEPOT;A;NFK|9001|20041|202220
9001;20088;16/05/2022;202220;11;621,50;;DEPOT;B;NFK|9001|20088|202220
9001;20131;16/05/2022;202220;6;126,75;;DEPOT;C;NFK|9001|20131|202220
9001;30012;16/05/2022;202220;5;80,94;;DEPOT;;NFK|9001|30012|202220
9001;30077;16/05/2022;202220;8;420,00;;DEPOT;;NFK|9001|30077|202220
9001;30154;16/05/2022;202220;5;84,38;;DEPOT;;NFK|9001|30154|202220
9001;30209;16/05/2022;202220;7;262,06;;DEPOT;;NFK|9001|30209|202220
1101;10023;23/05/2022;202221;495;5878,12;;SUPER;;NFK|1101|10023|202221
1101;10047;23/05/2022;202221;334;3757,50;;SUPER;;NFK|1101|10047|202221
1101;10112;23/05/2022;202221;168;3559,50;;SUPER;;NFK|1101|10112|202221
1101;10310;23/05/2022;202221;142;3816,25;;SUPER;;NFK|1101|10310|202221
1101;11020;23/05/2022;202221;410;7661,88;;SUPER;;NFK|1101|11020|202221
1101;11085;23/05/2022;202221;226;2528,38;;SUPER;;NFK|1101|11085|202221
1101;11142;23/05/2022;202221;163;4064,81;;SUPER;;NFK|1101|11142|202221
1101;12004;23/05/2022;202221;219;8760,00;;SUPER;;NFK|1101|12004|202221
1101;12066;23/05/2022;202221;166;10063,75;;SUPER;;NFK|1101|12066|202221
1101;12190;23/05/2022;202221;118;2655,00;;SUPER;;NFK|1101|12190|202221
1101;20015;23/05/2022;202221;278;7071,62;;SUPER;C;NFK|1101|20015|202221
1101;20041;23/05/2022;202221;740;5254,00;TILBUD;SUPER;A;NFK|1101|20041|202221
1101;20088;23/05/2022;202221;181;10226,50;;SUPER;B;NFK|1101|20088|202221
1101;20131;23/05/2022;202221;125;2640,62;;SUPER;C;NFK|1101|20131|202221
1101;30012;23/05/2022;202221;123;1991,06;;SUPER;;NFK|1101|30012|202221
1101;30077;23/05/2022;202221;145;7612,50;;SUPER;;NFK|1101|30077|202221
1101;30154;23/05/2022;202221;138;2328,75;;SUPER;;NFK|1101|30154|202221
1101;30209;23/05/2022;202221;159;5952,56;;SUPER;;NFK|1101|30209|202221
1102;10023;23/05/2022;202221;525;6234,38;;SUPER;;NFK|1102|10023|202221
1102;10047;23/05/2022;202221;297;3341,25;;SUPER;;NFK|1102|10047|202221
1102;10112;23/05/2022;202221;157;3326,44;;SUPER;;NFK|1102|10112|202221
1102;10310;23/05/2022;202221;160;4300,00;;SUPER;;NFK|1102|10310|202221
1102;11020;23/05/2022;202221;393;7344,19;;SUPER;;NFK|1102|11020|202221
1102;11085;23/05/2022;202221;247;2763,31;;SUPER;;NFK|1102|11085|202221
1102;11142;23/05/2022;202221;170;4239,38;;SUPER;;NFK|1102|11142|202221
1102;12004;23/05/2022;202221;226;9040,00;;SUPER;;NFK|1102|12004|202221
1102;12066;23/05/2022;202221;162;9821,25;;SUPER;;NFK|1102|12066|202221
1102;12190;23/05/2022;202221;113;2542,50;;SUPER;;NFK|1102|12190|202221
1102;20015;23/05/2022;202221;310;7885,62;;SUPER;C;NFK|1102|20015|202221
1102;20041;23/05/2022;202221;575;4082,50;TILBUD;SUPER;A;NFK|1102|20041|202221
1102;20088;23/05/2022;202221;194;10961,00;;SUPER;B;NFK|1102|20088|202221
1102;20131;23/05/2022;202221;136;2873,00;;SUPER;C;NFK|1102|20131|202221
1102;30012;23/05/2022;202221;103;1667,31;;SUPER;;NFK|1102|30012|202221
1102;30077;23/05/2022;202221;135;7087,50;;SUPER;;NFK|1102|30077|202221
1102;30154;23/05/2022;202221;105;1771,88;;SUPER;;NFK|1102|30154|202221
1102;30209;23/05/2022;202221;160;5990,00;;SUPER;;NFK|1102|30209|202221
1103;10023;23/05/2022;202221;219;2600,62;;NAER;;NFK|1103|10023|202221
1103;10047;23/05/2022;202221;146;1642,50;;NAER;;NFK|1103|10047|202221
1103;10112;23/05/2022;202221;94;1991,62;;NAER;;NFK|1103|10112|202221
1103;10310;23/05/2022;202221;80;2150,00;;NAER;;NFK|1103|10310|202221
1103;11020;23/05/2022;202221;184;3438,50;;NAER;;NFK|1103|11020|202221
1103;11085;23/05/2022;202221;106;1185,88;;NAER;;NFK|1103|11085|202221
1103;11142;23/05/2022;202221;87;2169,56;;NAER;;NFK|1103|11142|202221
1103;12004;23/05/2022;202221;100;4000,00;;NAER;;NFK|1103|12004|202221
1103;12066;23/05/2022;202221;82;4971,25;;NAER;;NFK|1103|12066|202221
1103;12190;23/05/2022;202221;60;1350,00;;NAER;;NFK|1103|12190|202221
1103;20015;23/05/2022;202221;166;4222,62;;NAER;C;NFK|1103|20015|202221
1103;20041;23/05/2022;202221;284;2016,40;TILBUD;NAER;A;NFK|1103|20041|202221
1103;20088;23/05/2022;202221;99;5593,50;;NAER;B;NFK|1103|20088|202221
1103;20131;23/05/2022;202221;69;1457,62;;NAER;C;NFK|1103|20131|202221
1103;30012;23/05/2022;202221;58;938,87;;NAER;;NFK|1103|30012|202221
1103;30077;23/05/2022;202221;87;4567,50;;NAER;;NFK|1103|30077|202221
1103;30154;23/05/2022;202221;57;961,88;;NAER;;NFK|1103|30154|202221
1103;30209;23/05/2022;202221;81;3032,44;;NAER;;NFK|1103|30209|202221
1103;99001;23/05/2022;202221;3;0,00;;NAER;;NFK|1103|99001|202221
1108;10023;23/05/2022;202221;1090;12943,75;;HYPER;;NFK|1108|10023|202221
1108;10047;23/05/2022;202221;694;7807,50;;HYPER;;NFK|1108|10047|202221
1108;10112;23/05/2022;202221;322;6822,38;;HYPER;;NFK|1108|10112|202221
1108;10310;23/05/2022;202221;290;7793,75;;HYPER;;NFK|1108|10310|202221
1108;11020;23/05/2022;202221;750;14015,62;;HYPER;;NFK|1108|11020|202221
1108;11085;23/05/2022;202221;463;5179,81;;HYPER;;NFK|1108|11085|202221
1108;11142;23/05/2022;202221;343;8553,56;;HYPER;;NFK|1108|11142|202221
1108;12004;23/05/2022;202221;445;17800,00;;HYPER;;NFK|1108|12004|202221
1108;12066;23/05/2022;202221;269;16308,12;;HYPER;;NFK|1108|12066|202221
1108;12190;23/05/2022;202221;198;4455,00;;HYPER;;NFK|1108|12190|202221
1108;20015;23/05/2022;202221;499;12693,31;;HYPER;C;NFK|1108|20015|202221
1108;20041;23/05/2022;202221;1424;10110,40;TILBUD;HYPER;A;NFK|1108|20041|202221
1108;20088;23/05/2022;202221;418;23617,00;;HYPER;B;NFK|1108|20088|202221
1108;20131;23/05/2022;202221;268;5661,50;;HYPER;C;NFK|1108|20131|202221
1108;30012;23/05/2022;202221;179;2897,56;;HYPER;;NFK|1108|30012|202221
1108;30077;23/05/2022;202221;334;17535,00;;HYPER;;NFK|1108|30077|202221
1108;30154;23/05/2022;202221;229;3864,38;;HYPER;;NFK|1108|30154|202221
1108;30209;23/05/2022;202221;282;10557,38;;HYPER;;NFK|1108|30209|202221
1108;99001;23/05/2022;202221;14;0,00;;HYPER;;NFK|1108|99001|202221
3104;10023;23/05/2022;202221;425;5046,88;;SUPER;;NFK|3104|10023|202221
3104;10047;23/05/2022;202221;277;3116,25;;SUPER;;NFK|3104|10047|202221
3104;10112;23/05/2022;202221;149;3156,94;;SUPER;;NFK|3104|10112|202221
3104;10310;23/05/2022;202221;135;3628,12;;SUPER;;NFK|3104|10310|202221
3104;11020;23/05/2022;202221;336;6279,00;;SUPER;;NFK|3104|11020|202221
3104;11085;23/05/2022;202221;242;2707,37;;SUPER;;NFK|3104|11085|202221
3104;11142;23/05/2022;202221;156;3890,25;;SUPER;;NFK|3104|11142|202221
3104;12004;23/05/2022;202221;175;7000,00;;SUPER;;NFK|3104|12004|202221
3104;12066;23/05/2022;202221;130;7881,25;;SUPER;;NFK|3104|12066|202221
3104;12190;23/05/2022;202221;97;2182,50;;SUPER;;NFK|3104|12190|202221
3104;20015;23/05/2022;202221;240;6105,00;;SUPER;C;NFK|3104|20015|202221
3104;20041;23/05/2022;202221;355;3239,38;;SUPER;A;NFK|3104|20041|202221
3104;20088;23/05/2022;202221;170;9605,00;;SUPER;B;NFK|3104|20088|202221
3104;20131;23/05/2022;202221;115;2429,38;;SUPER;C;NFK|3104|20131|202221
3104;30012;23/05/2022;202221;85;1375,94;;SUPER;;NFK|3104|30012|202221
3104;30077;23/05/2022;202221;131;6877,50;;SUPER;;NFK|3104|30077|202221
3104;30154;23/05/2022;202221;120;2025,00;;SUPER;;NFK|3104|30154|202221
3104;30209;23/05/2022;202221;125;4679,69;;SUPER;;NFK|3104|30209|202221
3104;99001;23/05/2022;202221;7;0,00;;SUPER;;NFK|3104|99001|202221
3117;10023;23/05/2022;202221;196;2327,50;;NAER;;NFK|3117|10023|202221
3117;10047;23/05/2022;202221;124;1395,00;;NAER;;NFK|3117|10047|202221
3117;10112;23/05/2022;202221;69;1461,94;;NAER;;NFK|3117|10112|202221
3117;10310;23/05/2022;202221;60;1612,50;;NAER;;NFK|3117|10310|202221
3117;11020;23/05/2022;202221;187;3494,56;;NAER;;NFK|3117|11020|202221
3117;11085;23/05/2022;202221;91;1018,06;;NAER;;NFK|3117|11085|202221
3117;11142;23/05/2022;202221;69;1720,69;;NAER;;NFK|3117|11142|202221
3117;12004;23/05/2022;202221;98;3920,00;;NAER;;NFK|3117|12004|202221
3117;12066;23/05/2022;202221;64;3880,00;;NAER;;NFK|3117|12066|202221
3117;12190;23/05/2022;202221;51;1147,50;;NAER;;NFK|3117|12190|202221
3117;20015;23/05/2022;202221;109;2772,69;;NAER;C;NFK|3117|20015|202221
3117;20041;23/05/2022;202221;174;1587,75;;NAER;A;NFK|3117|20041|202221
3117;20088;23/05/2022;202221;75;4237,50;;NAER;B;NFK|3117|20088|202221
3117;20131;23/05/2022;202221;56;1183,00;;NAER;C;NFK|3117|20131|202221
3117;30012;23/05/2022;202221;42;679,88;;NAER;;NFK|3117|30012|202221
3117;30077;23/05/2022;202221;61;3202,50;;NAER;;NFK|3117|30077|202221
3117;30154;23/05/2022;202221;47;793,12;;NAER;;NFK|3117|30154|202221
3117;30209;23/05/2022;202221;64;2396,00;;NAER;;NFK|3117|30209|202221
3117;99001;23/05/2022;202221;3;0,00;;NAER;;NFK|3117|99001|202221
3122;10023;23/05/2022;202221;142;1686,25;;FRANCHISE;;NFK|3122|10023|202221
3122;10047;23/05/2022;202221;98;1102,50;;FRANCHISE;;NFK|3122|10047|202221
3122;10112;23/05/2022;202221;54;1144,12;;FRANCHISE;;NFK|3122|10112|202221
3122;10310;23/05/2022;202221;48;1290,00;;FRANCHISE;;NFK|3122|10310|202221
3122;11020;23/05/2022;202221;124;2317,25;;FRANCHISE;;NFK|3122|11020|202221
3122;11085;23/05/2022;202221;76;850,25;;FRANCHISE;;NFK|3122|11085|202221
3122;11142;23/05/2022;202221;55;1371,56;;FRANCHISE;;NFK|3122|11142|202221
3122;12004;23/05/2022;202221;63;2520,00;;FRANCHISE;;NFK|3122|12004|202221
3122;12066;23/05/2022;202221;55;3334,38;;FRANCHISE;;NFK|3122|12066|202221
3122;12190;23/05/2022;202221;33;742,50;;FRANCHISE;;NFK|3122|12190|202221
3122;20015;23/05/2022;202221;91;2314,81;;FRANCHISE;C;NFK|3122|20015|202221
3122;20041;23/05/2022;202221;113;1031,12;;FRANCHISE;A;NFK|3122|20041|202221
3122;20088;23/05/2022;202221;67;3785,50;;FRANCHISE;B;NFK|3122|20088|202221
3122;20131;23/05/2022;202221;44;929,50;;FRANCHISE;C;NFK|3122|20131|202221
3122;30012;23/05/2022;202221;28;453,25;;FRANCHISE;;NFK|3122|30012|202221
3122;30077;23/05/2022;202221;53;2782,50;;FRANCHISE;;NFK|3122|30077|202221
3122;30154;23/05/2022;202221;37;624,38;;FRANCHISE;;NFK|3122|30154|202221
3122;30209;23/05/2022;202221;49;1834,44;;FRANCHISE;;NFK|3122|30209|202221
4201;10023;23/05/2022;202221;824;9785,00;;HYPER;;NFK|4201|10023|202221
4201;10047;23/05/2022;202221;519;5838,75;;HYPER;;NFK|4201|10047|202221
4201;10112;23/05/2022;202221;267;5657,06;;HYPER;;NFK|4201|10112|202221
4201;10310;23/05/2022;202221;266;7148,75;;HYPER;;NFK|4201|10310|202221
4201;11020;23/05/2022;202221;594;11100,38;;HYPER;;NFK|4201|11020|202221
4201;11085;23/05/2022;202221;340;3803,75;;HYPER;;NFK|4201|11085|202221
4201;11142;23/05/2022;202221;294;7331,62;;HYPER;;NFK|4201|11142|202221
4201;12004;23/05/2022;202221;731;23392,00;AVIS;HYPER;;NFK|4201|12004|202221
4201;12066;23/05/2022;202221;297;18005,62;;HYPER;;NFK|4201|12066|202221
4201;12190;23/05/2022;202221;214;4815,00;;HYPER;;NFK|4201|12190|202221
4201;20015;23/05/2022;202221;447;11370,56;;HYPER;C;NFK|4201|20015|202221
4201;20041;23/05/2022;202221;1029;7305,90;TILBUD;HYPER;A;NFK|4201|20041|202221
4201;20088;23/05/2022;202221;372;21018,00;;HYPER;B;NFK|4201|20088|202221
4201;20131;23/05/2022;202221;204;4309,50;;HYPER;C;NFK|4201|20131|202221
4201;30012;23/05/2022;202221;152;2460,50;;HYPER;;NFK|4201|30012|202221
4201;30077;23/05/2022;202221;298;15645,00;;HYPER;;NFK|4201|30077|202221
4201;30154;23/05/2022;202221;204;3442,50;;HYPER;;NFK|4201|30154|202221
4201;30209;23/05/2022;202221;218;8161,37;;HYPER;;NFK|4201|30209|202221
4205;10023;23/05/2022;202221;475;5640,62;;SUPER;;NFK|4205|10023|202221
4205;10047;23/05/2022;202221;313;3521,25;;SUPER;;NFK|4205|10047|202221
4205;10112;23/05/2022;202221;202;4279,88;;SUPER;;NFK|4205|10112|202221
4205;10310;23/05/2022;202221;150;4031,25;;SUPER;;NFK|4205|10310|202221
4205;11020;23/05/2022;202221;365;6820,94;;SUPER;;NFK|4205|11020|202221
4205;11085;23/05/2022;202221;209;2338,19;;SUPER;;NFK|4205|11085|202221
4205;11142;23/05/2022;202221;178;4438,88;;SUPER;;NFK|4205|11142|202221
4205;12004;23/05/2022;202221;414;13248,00;AVIS;SUPER;;NFK|4205|12004|202221
4205;12066;23/05/2022;202221;173;10488,12;;SUPER;;NFK|4205|12066|202221
4205;12190;23/05/2022;202221;115;2587,50;;SUPER;;NFK|4205|12190|202221
4205;20015;23/05/2022;202221;282;7173,38;;SUPER;C;NFK|4205|20015|202221
4205;20041;23/05/2022;202221;730;5183,00;TILBUD;SUPER;A;NFK|4205|20041|202221
4205;20088;23/05/2022;202221;204;11526,00;;SUPER;B;NFK|4205|20088|202221
4205;20131;23/05/2022;202221;146;3084,25;;SUPER;C;NFK|4205|20131|202221
4205;30012;23/05/2022;202221;100;1618,75;;SUPER;;NFK|4205|30012|202221
4205;30077;23/05/2022;202221;138;7245,00;;SUPER;;NFK|4205|30077|202221
4205;30154;23/05/2022;202221;105;1771,88;;SUPER;;NFK|4205|30154|202221
4205;30209;23/05/2022;202221;132;4941,75;;SUPER;;NFK|4205|30209|202221
4218;10023;23/05/2022;202221;560;6650,00;;SUPER;;NFK|4218|10023|202221
4218;10047;23/05/2022;202221;347;3903,75;;SUPER;;NFK|4218|10047|202221
4218;10112;23/05/2022;202221;198;4195,12;;SUPER;;NFK|4218|10112|202221
4218;10310;23/05/2022;202221;168;4515,00;;SUPER;;NFK|4218|10310|202221
4218;11020;23/05/2022;202221;425;7942,19;;SUPER;;NFK|4218|11020|202221
4218;11085;23/05/2022;202221;230;2573,12;;SUPER;;NFK|4218|11085|202221
4218;11142;23/05/2022;202221;186;4638,38;;SUPER;;NFK|4218|11142|202221
4218;12004;23/05/2022;202221;428;13696,00;AVIS;SUPER;;NFK|4218|12004|202221
4218;12066;23/05/2022;202221;167;10124,38;;SUPER;;NFK|4218|12066|202221
4218;12190;23/05/2022;202221;123;2767,50;;SUPER;;NFK|4218|12190|202221
4218;20015;23/05/2022;202221;306;7783,88;;SUPER;C;NFK|4218|20015|202221
4218;20041;23/05/2022;202221;788;5594,80;TILBUD;SUPER;A;NFK|4218|20041|202221
4218;20088;23/05/2022;202221;219;12373,50;;SUPER;B;NFK|4218|20088|202221
4218;20131;23/05/2022;202221;162;3422,25;;SUPER;C;NFK|4218|20131|202221
4218;30012;23/05/2022;202221;121;1958,69;;SUPER;;NFK|4218|30012|202221
4218;30077;23/05/2022;202221;191;10027,50;;SUPER;;NFK|4218|30077|202221
4218;30154;23/05/2022;202221;120;2025,00;;SUPER;;NFK|4218|30154|202221
4218;30209;23/05/2022;202221;172;6439,25;;SUPER;;NFK|4218|30209|202221
5502;10023;23/05/2022;202221;461;5474,38;;SUPER;;NFK|5502|10023|202221
5502;10047;23/05/2022;202221;328;3690,00;;SUPER;;NFK|5502|10047|202221
5502;10112;23/05/2022;202221;157;3326,44;;SUPER;;NFK|5502|10112|202221
5502;10310;23/05/2022;202221;131;3520,62;;SUPER;;NFK|5502|10310|202221
5502;11020;23/05/2022;202221;411;7680,56;;SUPER;;NFK|5502|11020|202221
5502;11085;23/05/2022;202221;240;2685,00;;SUPER;;NFK|5502|11085|202221
5502;11142;23/05/2022;202221;146;3640,88;;SUPER;;NFK|5502|11142|202221
5502;12004;23/05/2022;202221;383;12256,00;AVIS;SUPER;;NFK|5502|12004|202221
5502;12066;23/05/2022;202221;140;8487,50;;SUPER;;NFK|5502|12066|202221
5502;12190;23/05/2022;202221;95;2137,50;;SUPER;;NFK|5502|12190|202221
5502;20015;23/05/2022;202221;281;7147,94;;SUPER;C;NFK|5502|20015|202221
5502;20041;23/05/2022;202221;304;2774,00;;SUPER;A;NFK|5502|20041|202221
5502;20088;23/05/2022;202221;194;10961,00;;SUPER;B;NFK|5502|20088|202221
5502;20131;23/05/2022;202221;134;2830,75;;SUPER;C;NFK|5502|20131|202221
5502;30012;23/05/2022;202221;99;1602,56;;SUPER;;NFK|5502|30012|202221
5502;30077;23/05/2022;202221;138;7245,00;;SUPER;;NFK|5502|30077|202221
5502;30154;23/05/2022;202221;96;1620,00;;SUPER;;NFK|5502|30154|202221
5502;30209;23/05/2022;202221;132;4941,75;;SUPER;;NFK|5502|30209|202221
5511;10023;23/05/2022;202221;160;1900,00;;PARTNER;;NFK|5511|10023|202221
5511;10047;23/05/2022;202221;125;1406,25;;PARTNER;;NFK|5511|10047|202221
5511;10112;23/05/2022;202221;76;1610,25;;PARTNER;;NFK|5511|10112|202221
5511;10310;23/05/2022;202221;60;1612,50;;PARTNER;;NFK|5511|10310|202221
5511;11020;23/05/2022;202221;160;2990,00;;PARTNER;;NFK|5511|11020|202221
5511;11085;23/05/2022;202221;87;973,31;;PARTNER;;NFK|5511|11085|202221
5511;11142;23/05/2022;202221;60;1496,25;;PARTNER;;NFK|5511|11142|202221
5511;12004;23/05/2022;202221;137;4384,00;AVIS;PARTNER;;NFK|5511|12004|202221
5511;12066;23/05/2022;202221;57;3455,62;;PARTNER;;NFK|5511|12066|202221
5511;12190;23/05/2022;202221;42;945,00;;PARTNER;;NFK|5511|12190|202221
5511;20015;23/05/2022;202221;96;2442,00;;PARTNER;C;NFK|5511|20015|202221
5511;20041;23/05/2022;202221;144;1314,00;;PARTNER;A;NFK|5511|20041|202221
5511;20088;23/05/2022;202221;65;3672,50;;PARTNER;B;NFK|5511|20088|202221
5511;20131;23/05/2022;202221;48;1014,00;;PARTNER;C;NFK|5511|20131|202221
5511;30012;23/05/2022;202221;38;615,12;;PARTNER;;NFK|5511|30012|202221
5511;30077;23/05/2022;202221;60;3150,00;;PARTNER;;NFK|5511|30077|202221
5511;30154;23/05/2022;202221;0;0,00;;PARTNER;;NFK|5511|30154|202221
5511;30209;23/05/2022;202221;49;1834,44;;PARTNER;;NFK|5511|30209|202221
5511;99001;23/05/2022;202221;3;0,00;;PARTNER;;NFK|5511|99001|202221
9001;10023;23/05/2022;202221;23;273,12;;DEPOT;;NFK|9001|10023|202221
9001;10047;23/05/2022;202221;19;213,75;;DEPOT;;NFK|9001|10047|202221
9001;10112;23/05/2022;202221;9;190,69;;DEPOT;;NFK|9001|10112|202221
9001;10310;23/05/2022;202221;7;188,12;;DEPOT;;NFK|9001|10310|202221
9001;11020;23/05/2022;202221;21;392,44;;DEPOT;;NFK|9001|11020|202221
9001;11085;23/05/2022;202221;11;123,06;;DEPOT;;NFK|9001|11085|202221
9001;11142;23/05/2022;202221;10;249,38;;DEPOT;;NFK|9001|11142|202221
9001;12004;23/05/2022;202221;10;400,00;;DEPOT;;NFK|9001|12004|202221
9001;12066;23/05/2022;202221;8;485,00;;DEPOT;;NFK|9001|12066|202221
9001;12190;23/05/2022;202221;6;135,00;;DEPOT;;NFK|9001|12190|202221
9001;20015;23/05/2022;202221;14;356,12;;DEPOT;C;NFK|9001|20015|202221
9001;20041;23/05/2022;202221;17;155,12;;DEPOT;A;NFK|9001|20041|202221
9001;20088;23/05/2022;202221;11;621,50;;DEPOT;B;NFK|9001|20088|202221
9001;20131;23/05/2022;202221;6;126,75;;DEPOT;C;NFK|9001|20131|202221
9001;30012;23/05/2022;202221;6;97,12;;DEPOT;;NFK|9001|30012|202221
9001;30077;23/05/2022;202221;9;472,50;;DEPOT;;NFK|9001|30077|202221
9001;30154;23/05/2022;202221;5;84,38;;DEPOT;;NFK|9001|30154|202221
9001;30209;23/05/2022;202221;7;262,06;;DEPOT;;NFK|9001|30209|202221
1101;10023;30/05/2022;202222;569;6756,88;;SUPER;;NFK|1101|10023|202222
1101;10047;30/05/2022;202222;467;4728,38;TILBUD;SUPER;;NFK|1101|10047|202222
1101;10112;30/05/2022;202222;196;4152,75;;SUPER;;NFK|1101|10112|202222
1101;10310;30/05/2022;202222;216;4932,90;AVIS;SUPER;;NFK|1101|10310|202222
1101;11020;30/05/2022;202222;363;6783,56;;SUPER;;NFK|1101|11020|202222
1101;11085;30/05/2022;202222;271;3031,81;;SUPER;;NFK|1101|11085|202222
1101;11142;30/05/2022;202222;187;4663,31;;SUPER;;NFK|1101|11142|202222
1101;12004;30/05/2022;202222;250;10000,00;;SUPER;;NFK|1101|12004|202222
1101;12066;30/05/2022;202222;162;9821,25;;SUPER;;NFK|1101|12066|202222
1101;12190;30/05/2022;202222;132;2970,00;;SUPER;;NFK|1101|12190|202222
1101;20015;30/05/2022;202222;293;7453,19;;SUPER;C;NFK|1101|20015|202222
1101;20041;30/05/2022;202222;347;3166,38;;SUPER;A;NFK|1101|20041|202222
1101;20088;30/05/2022;202222;203;11469,50;;SUPER;B;NFK|1101|20088|202222
1101;20131;30/05/2022;202222;140;2957,50;;SUPER;C;NFK|1101|20131|202222
1101;30012;30/05/2022;202222;115;1861,56;;SUPER;;NFK|1101|30012|202222
1101;30077;30/05/2022;202222;272;12138,00;AVIS;SUPER;;NFK|1101|30077|202222
1101;30154;30/05/2022;202222;116;1957,50;;SUPER;;NFK|1101|30154|202222
1101;30209;30/05/2022;202222;170;6364,38;;SUPER;;NFK|1101|30209|202222
1102;10023;30/05/2022;202222;447;5308,12;;SUPER;;NFK|1102|10023|202222
1102;10047;30/05/2022;202222;383;3877,87;TILBUD;SUPER;;NFK|1102|10047|202222
1102;10112;30/05/2022;202222;199;4216,31;;SUPER;;NFK|1102|10112|202222
1102;10310;30/05/2022;202222;199;4544,66;AVIS;SUPER;;NFK|1102|10310|202222
1102;11020;30/05/2022;202222;336;6279,00;;SUPER;;NFK|1102|11020|202222
1102;11085;30/05/2022;202222;226;2528,38;;SUPER;;NFK|1102|11085|202222
1102;11142;30/05/2022;202222;185;4613,44;;SUPER;;NFK|1102|11142|202222
1102;12004;30/05/2022;202222;222;8880,00;;SUPER;;NFK|1102|12004|202222
1102;12066;30/05/2022;202222;137;8305,62;;SUPER;;NFK|1102|12066|202222
1102;12190;30/05/2022;202222;123;2767,50;;SUPER;;NFK|1102|12190|202222
1102;20015;30/05/2022;202222;258;6562,87;;SUPER;C;NFK|1102|20015|202222
1102;20041;30/05/2022;202222;361;3294,12;;SUPER;A;NFK|1102|20041|202222
1102;20088;30/05/2022;202222;207;11695,50;;SUPER;B;NFK|1102|20088|202222
1102;20131;30/05/2022;202222;131;2767,38;;SUPER;C;NFK|1102|20131|202222
1102;30012;30/05/2022;202222;93;1505,44;;SUPER;;NFK|1102|30012|202222
1102;30077;30/05/2022;202222;225;10040,63;AVIS;SUPER;;NFK|1102|30077|202222
1102;30154;30/05/2022;202222;107;1805,62;;SUPER;;NFK|1102|30154|202222
1102;30209;30/05/2022;202222;133;4979,19;;SUPER;;NFK|1102|30209|202222
1103;10023;30/05/2022;202222;243;2885,62;;NAER;;NFK|1103|10023|202222
1103;10047;30/05/2022;202222;227;2298,38;TILBUD;NAER;;NFK|1103|10047|202222
1103;10112;30/05/2022;202222;92;1949,25;;NAER;;NFK|1103|10112|202222
1103;10310;30/05/2022;202222;108;2466,45;AVIS;NAER;;NFK|1103|10310|202222
1103;11020;30/05/2022;202222;190;3550,62;;NAER;;NFK|1103|11020|202222
1103;11085;30/05/2022;202222;133;1487,94;;NAER;;NFK|1103|11085|202222
1103;11142;30/05/2022;202222;77;1920,19;;NAER;;NFK|1103|11142|202222
1103;12004;30/05/2022;202222;119;4760,00;;NAER;;NFK|1103|12004|202222
1103;12066;30/05/2022;202222;88;5335,00;;NAER;;NFK|1103|12066|202222
1103;12190;30/05/2022;202222;58;1305,00;;NAER;;NFK|1103|12190|202222
1103;20015;30/05/2022;202222;166;4222,62;;NAER;C;NFK|1103|20015|202222
1103;20041;30/05/2022;202222;210;1916,25;;NAER;A;NFK|1103|20041|202222
1103;20088;30/05/2022;202222;99;5593,50;;NAER;B;NFK|1103|20088|202222
1103;20131;30/05/2022;202222;63;1330,88;;NAER;C;NFK|1103|20131|202222
1103;30012;30/05/2022;202222;51;825,56;;NAER;;NFK|1103|30012|202222
1103;30077;30/05/2022;202222;119;5310,38;AVIS;NAER;;NFK|1103|30077|202222
1103;30154;30/05/2022;202222;56;945,00;;NAER;;NFK|1103|30154|202222
1103;30209;30/05/2022;202222;76;2845,25;;NAER;;NFK|1103|30209|202222
1103;99001;30/05/2022;202222;4;0,00;;NAER;;NFK|1103|99001|202222
1108;10023;30/05/2022;202222;903;10723,12;;HYPER;;NFK|1108|10023|202222
1108;10047;30/05/2022;202222;831;8413,88;TILBUD;HYPER;;NFK|1108|10047|202222
1108;10112;30/05/2022;202222;404;8559,75;;HYPER;;NFK|1108|10112|202222
1108;10310;30/05/2022;202222;515;11761,31;AVIS;HYPER;;NFK|1108|10310|202222
1108;11020;30/05/2022;202222;858;16033,87;;HYPER;;NFK|1108|11020|202222
1108;11085;30/05/2022;202222;390;4363,12;;HYPER;;NFK|1108|11085|202222
1108;11142;30/05/2022;202222;-33;-822,94;;HYPER;;NFK|1108|11142|202222
1108;12004;30/05/2022;202222;371;14840,00;;HYPER;;NFK|1108|12004|202222
1108;12066;30/05/2022;202222;347;21036,88;;HYPER;;NFK|1108|12066|202222
1108;12190;30/05/2022;202222;213;4792,50;;HYPER;;NFK|1108|12190|202222
1108;20015;30/05/2022;202222;600;15262,50;;HYPER;C;NFK|1108|20015|202222
1108;20041;30/05/2022;202222;670;6113,75;;HYPER;A;NFK|1108|20041|202222
1108;20088;30/05/2022;202222;335;18927,50;;HYPER;B;NFK|1108|20088|202222
1108;20131;30/05/2022;202222;252;5323,50;;HYPER;C;NFK|1108|20131|202222
1108;30012;30/05/2022;202222;228;3690,75;;HYPER;;NFK|1108|30012|202222
1108;30077;30/05/2022;202222;558;24900,75;AVIS;HYPER;;NFK|1108|30077|202222
1108;30154;30/05/2022;202222;218;3678,75;;HYPER;;NFK|1108|30154|202222
1108;30209;30/05/2022;202222;304;11381,00;;HYPER;;NFK|1108|30209|202222
3104;10023;30/05/2022;202222;474;5628,75;;SUPER;;NFK|3104|10023|202222
3104;10047;30/05/2022;202222;430;4353,75;TILBUD;SUPER;;NFK|3104|10047|202222
3104;10112;30/05/2022;202222;161;3411,19;;SUPER;;NFK|3104|10112|202222
3104;10310;30/05/2022;202222;211;4818,71;AVIS;SUPER;;NFK|3104|10310|202222
3104;11020;30/05/2022;202222;338;6316,37;;SUPER;;NFK|3104|11020|202222
3104;11085;30/05/2022;202222;232;2595,50;;SUPER;;NFK|3104|11085|202222
3104;11142;30/05/2022;202222;138;3441,38;;SUPER;;NFK|3104|11142|202222
3104;12004;30/05/2022;202222;215;8600,00;;SUPER;;NFK|3104|12004|202222
3104;12066;30/05/2022;202222;141;8548,12;;SUPER;;NFK|3104|12066|202222
3104;12190;30/05/2022;202222;109;2452,50;;SUPER;;NFK|3104|12190|202222
3104;20015;30/05/2022;202222;292;7427,75;;SUPER;C;NFK|3104|20015|202222
3104;20041;30/05/2022;202222;315;2874,38;;SUPER;A;NFK|3104|20041|202222
3104;20088;30/05/2022;202222;182;10283,00;;SUPER;B;NFK|3104|20088|202222
3104;20131;30/05/2022;202222;107;2260,38;;SUPER;C;NFK|3104|20131|202222
3104;30012;30/05/2022;202222;89;1440,69;;SUPER;;NFK|3104|30012|202222
3104;30077;30/05/2022;202222;209;9326,62;AVIS;SUPER;;NFK|3104|30077|202222
3104;30154;30/05/2022;202222;113;1906,88;;SUPER;;NFK|3104|30154|202222
3104;30209;30/05/2022;202222;136;5091,50;;SUPER;;NFK|3104|30209|202222
3117;10023;30/05/2022;202222;216;2565,00;;NAER;;NFK|3117|10023|202222
3117;10047;30/05/2022;202222;201;2035,12;TILBUD;NAER;;NFK|3117|10047|202222
3117;10112;30/05/2022;202222;82;1737,37;;NAER;;NFK|3117|10112|202222
3117;10310;30/05/2022;202222;113;2580,64;AVIS;NAER;;NFK|3117|10310|202222
3117;11020;30/05/2022;202222;183;3419,81;;NAER;;NFK|3117|11020|202222
3117;11085;30/05/2022;202222;101;1129,94;;NAER;;NFK|3117|11085|202222
3117;11142;30/05/2022;202222;71;1770,56;;NAER;;NFK|3117|11142|202222
3117;12004;30/05/2022;202222;84;3360,00;;NAER;;NFK|3117|12004|202222
3117;12066;30/05/2022;202222;71;4304,38;;NAER;;NFK|3117|12066|202222
3117;12190;30/05/2022;202222;52;1170,00;;NAER;;NFK|3117|12190|202222
3117;20015;30/05/2022;202222;116;2950,75;;NAER;C;NFK|3117|20015|202222
3117;20041;30/05/2022;202222;151;1377,88;;NAER;A;NFK|3117|20041|202222
3117;20088;30/05/2022;202222;73;4124,50;;NAER;B;NFK|3117|20088|202222
3117;20131;30/05/2022;202222;52;1098,50;;NAER;C;NFK|3117|20131|202222
3117;30012;30/05/2022;202222;40;647,50;;NAER;;NFK|3117|30012|202222
3117;30077;30/05/2022;202222;107;4774,88;AVIS;NAER;;NFK|3117|30077|202222
3117;30154;30/05/2022;202222;44;742,50;;NAER;;NFK|3117|30154|202222
3117;30209;30/05/2022;202222;54;2021,62;;NAER;;NFK|3117|30209|202222
3122;10023;30/05/2022;202222;141;1674,38;;FRANCHISE;;NFK|3122|10023|202222
3122;10047;30/05/2022;202222;137;1387,12;TILBUD;FRANCHISE;;NFK|3122|10047|202222
3122;10112;30/05/2022;202222;59;1250,06;;FRANCHISE;;NFK|3122|10112|202222
3122;10310;30/05/2022;202222;79;1804,16;AVIS;FRANCHISE;;NFK|3122|10310|202222
3122;11020;30/05/2022;202222;118;2205,12;;FRANCHISE;;NFK|3122|11020|202222
3122;11085;30/05/2022;202222;66;738,37;;FRANCHISE;;NFK|3122|11085|202222
3122;11142;30/05/2022;202222;57;1421,44;;FRANCHISE;;NFK|3122|11142|202222
3122;12004;30/05/2022;202222;75;3000,00;;FRANCHISE;;NFK|3122|12004|202222
3122;12066;30/05/2022;202222;51;3091,88;;FRANCHISE;;NFK|3122|12066|202222
3122;12190;30/05/2022;202222;36;810,00;;FRANCHISE;;NFK|3122|12190|202222
3122;20015;30/05/2022;202222;89;2263,94;;FRANCHISE;C;NFK|3122|20015|202222
3122;20041;30/05/2022;202222;103;939,88;;FRANCHISE;A;NFK|3122|20041|202222
3122;20088;30/05/2022;202222;65;3672,50;;FRANCHISE;B;NFK|3122|20088|202222
3122;20131;30/05/2022;202222;44;929,50;;FRANCHISE;C;NFK|3122|20131|202222
3122;30012;30/05/2022;202222;29;469,44;;FRANCHISE;;NFK|3122|30012|202222
3122;30077;30/05/2022;202222;92;4105,50;AVIS;FRANCHISE;;NFK|3122|30077|202222
3122;30154;30/05/2022;202222;35;590,62;;FRANCHISE;;NFK|3122|30154|202222
3122;30209;30/05/2022;202222;44;1647,25;;FRANCHISE;;NFK|3122|30209|202222
4201;10023;30/05/2022;202222;900;10687,50;;HYPER;;NFK|4201|10023|202222
4201;10047;30/05/2022;202222;714;7229,25;TILBUD;HYPER;;NFK|4201|10047|202222
4201;10112;30/05/2022;202222;0;0,00;;HYPER;;NFK|4201|10112|202222
4201;10310;30/05/2022;202222;367;8381,36;AVIS;HYPER;;NFK|4201|10310|202222
4201;11020;30/05/2022;202222;743;13884,81;;HYPER;;NFK|4201|11020|202222
4201;11085;30/05/2022;202222;413;4620,44;;HYPER;;NFK|4201|11085|202222
4201;11142;30/05/2022;202222;305;7605,94;;HYPER;;NFK|4201|11142|202222
4201;12004;30/05/2022;202222;330;13200,00;;HYPER;;NFK|4201|12004|202222
4201;12066;30/05/2022;202222;232;14065,00;;HYPER;;NFK|4201|12066|202222
4201;12190;30/05/2022;202222;202;4545,00;;HYPER;;NFK|4201|12190|202222
4201;20015;30/05/2022;202222;538;13685,38;;HYPER;C;NFK|4201|20015|202222
4201;20041;30/05/2022;202222;687;6268,88;;HYPER;A;NFK|4201|20041|202222
4201;20088;30/05/2022;202222;288;16272,00;;HYPER;B;NFK|4201|20088|202222
4201;20131;30/05/2022;202222;208;4394,00;;HYPER;C;NFK|4201|20131|202222
4201;30012;30/05/2022;202222;192;3108,00;;HYPER;;NFK|4201|30012|202222
4201;30077;30/05/2022;202222;432;19278,00;AVIS;HYPER;;NFK|4201|30077|202222
4201;30154;30/05/2022;202222;208;3510,00;;HYPER;;NFK|4201|30154|202222
4201;30209;30/05/2022;202222;260;9733,75;;HYPER;;NFK|4201|30209|202222
4205;10023;30/05/2022;202222;432;5130,00;;SUPER;;NFK|4205|10023|202222
4205;10047;30/05/2022;202222;435;4404,38;TILBUD;SUPER;;NFK|4205|10047|202222
4205;10112;30/05/2022;202222;203;4301,06;;SUPER;;NFK|4205|10112|202222
4205;10310;30/05/2022;202222;250;5709,38;AVIS;SUPER;;NFK|4205|10310|202222
4205;11020;30/05/2022;202222;376;7026,50;;SUPER;;NFK|4205|11020|202222
4205;11085;30/05/2022;202222;241;2696,19;;SUPER;;NFK|4205|11085|202222
4205;11142;30/05/2022;202222;185;4613,44;;SUPER;;NFK|4205|11142|202222
4205;12004;30/05/2022;202222;220;8800,00;;SUPER;;NFK|4205|12004|202222
4205;12066;30/05/2022;202222;179;10851,88;;SUPER;;NFK|4205|12066|202222
4205;12190;30/05/2022;202222;-12;-270,00;;SUPER;;NFK|4205|12190|202222
4205;20015;30/05/2022;202222;272;6919,00;;SUPER;C;NFK|4205|20015|202222
4205;20041;30/05/2022;202222;319;2910,88;;SUPER;A;NFK|4205|20041|202222
4205;20088;30/05/2022;202222;203;11469,50;;SUPER;B;NFK|4205|20088|202222
4205;20131;30/05/2022;202222;152;3211,00;;SUPER;C;NFK|4205|20131|202222
4205;30012;30/05/2022;202222;96;1554,00;;SUPER;;NFK|4205|30012|202222
4205;30077;30/05/2022;202222;235;10486,88;AVIS;SUPER;;NFK|4205|30077|202222
4205;30154;30/05/2022;202222;112;1890,00;;SUPER;;NFK|4205|30154|202222
4205;30209;30/05/2022;202222;164;6139,75;;SUPER;;NFK|4205|30209|202222
4205;99001;30/05/2022;202222;8;0,00;;SUPER;;NFK|4205|99001|202222
4218;10023;30/05/2022;202222;463;5498,12;;SUPER;;NFK|4218|10023|202222
4218;10047;30/05/2022;202222;458;4637,25;TILBUD;SUPER;;NFK|4218|10047|202222
4218;10112;30/05/2022;202222;214;4534,12;;SUPER;;NFK|4218|10112|202222
4218;10310;30/05/2022;202222;276;6303,15;AVIS;SUPER;;NFK|4218|10310|202222
4218;11020;30/05/2022;202222;445;8315,94;;SUPER;;NFK|4218|11020|202222
4218;11085;30/05/2022;202222;255;2852,81;;SUPER;;NFK|4218|11085|202222
4218;11142;30/05/2022;202222;197;4912,69;;SUPER;;NFK|4218|11142|202222
4218;12004;30/05/2022;202222;243;9720,00;;SUPER;;NFK|4218|12004|202222
4218;12066;30/05/2022;202222;168;10185,00;;SUPER;;NFK|4218|12066|202222
4218;12190;30/05/2022;202222;122;2745,00;;SUPER;;NFK|4218|12190|202222
4218;20015;30/05/2022;202222;339;8623,31;;SUPER;C;NFK|4218|20015|202222
4218;20041;30/05/2022;202222;394;3595,25;;SUPER;A;NFK|4218|20041|202222
4218;20088;30/05/2022;202222;231;13051,50;;SUPER;B;NFK|4218|20088|202222
4218;20131;30/05/2022;202222;127;2682,88;;SUPER;C;NFK|4218|20131|202222
4218;30012;30/05/2022;202222;125;2023,44;;SUPER;;NFK|4218|30012|202222
4218;30077;30/05/2022;202222;299;13342,88;AVIS;SUPER;;NFK|4218|30077|202222
4218;30154;30/05/2022;202222;136;2295,00;;SUPER;;NFK|4218|30154|202222
4218;30209;30/05/2022;202222;162;6064,88;;SUPER;;NFK|4218|30209|202222
4218;99001;30/05/2022;202222;8;0,00;;SUPER;;NFK|4218|99001|202222
5502;10023;30/05/2022;202222;509;6044,38;;SUPER;;NFK|5502|10023|202222
5502;10047;30/05/2022;202222;393;3979,12;TILBUD;SUPER;;NFK|5502|10047|202222
5502;10112;30/05/2022;202222;151;3199,31;;SUPER;;NFK|5502|10112|202222
5502;10310;30/05/2022;202222;203;4636,01;AVIS;SUPER;;NFK|5502|10310|202222
5502;11020;30/05/2022;202222;363;6783,56;;SUPER;;NFK|5502|11020|202222
5502;11085;30/05/2022;202222;214;2394,12;;SUPER;;NFK|5502|11085|202222
5502;11142;30/05/2022;202222;143;3566,06;;SUPER;;NFK|5502|11142|202222
5502;12004;30/05/2022;202222;189;7560,00;;SUPER;;NFK|5502|12004|202222
5502;12066;30/05/2022;202222;143;8669,38;;SUPER;;NFK|5502|12066|202222
5502;12190;30/05/2022;202222;96;2160,00;;SUPER;;NFK|5502|12190|202222
5502;20015;30/05/2022;202222;285;7249,69;;SUPER;C;NFK|5502|20015|202222
5502;20041;30/05/2022;202222;366;3339,75;;SUPER;A;NFK|5502|20041|202222
5502;20088;30/05/2022;202222;192;10848,00;;SUPER;B;NFK|5502|20088|202222
5502;20131;30/05/2022;202222;111;2344,88;;SUPER;C;NFK|5502|20131|202222
5502;30012;30/05/2022;202222;102;1651,12;;SUPER;;NFK|5502|30012|202222
5502;30077;30/05/2022;202222;263;11736,38;AVIS;SUPER;;NFK|5502|30077|202222
5502;30154;30/05/2022;202222;115;1940,62;;SUPER;;NFK|5502|30154|202222
5502;30209;30/05/2022;202222;123;4604,81;;SUPER;;NFK|5502|30209|202222
5511;10023;30/05/2022;202222;194;2303,75;;PARTNER;;NFK|5511|10023|202222
5511;10047;30/05/2022;202222;149;1508,62;TILBUD;PARTNER;;NFK|5511|10047|202222
5511;10112;30/05/2022;202222;72;1525,50;;PARTNER;;NFK|5511|10112|202222
5511;10310;30/05/2022;202222;92;2101,05;AVIS;PARTNER;;NFK|5511|10310|202222
5511;11020;30/05/2022;202222;138;2578,88;;PARTNER;;NFK|5511|11020|202222
5511;11085;30/05/2022;202222;82;917,38;;PARTNER;;NFK|5511|11085|202222
5511;11142;30/05/2022;202222;68;1695,75;;PARTNER;;NFK|5511|11142|202222
5511;12004;30/05/2022;202222;74;2960,00;;PARTNER;;NFK|5511|12004|202222
5511;12066;30/05/2022;202222;63;3819,38;;PARTNER;;NFK|5511|12066|202222
5511;12190;30/05/2022;202222;43;967,50;;PARTNER;;NFK|5511|12190|202222
5511;20015;30/05/2022;202222;101;2569,19;;PARTNER;C;NFK|5511|20015|202222
5511;20041;30/05/2022;202222;116;1058,50;;PARTNER;A;NFK|5511|20041|202222
5511;20088;30/05/2022;202222;69;3898,50;;PARTNER;B;NFK|5511|20088|202222
5511;20131;30/05/2022;202222;54;1140,75;;PARTNER;C;NFK|5511|20131|202222
5511;30012;30/05/2022;202222;34;550,38;;PARTNER;;NFK|5511|30012|202222
5511;30077;30/05/2022;202222;97;4328,62;AVIS;PARTNER;;NFK|5511|30077|202222
5511;30154;30/05/2022;202222;43;725,62;;PARTNER;;NFK|5511|30154|202222
5511;30209;30/05/2022;202222;60;2246,25;;PARTNER;;NFK|5511|30209|202222
9001;10023;30/05/2022;202222;27;320,62;;DEPOT;;NFK|9001|10023|202222
9001;10047;30/05/2022;202222;24;243,00;TILBUD;DEPOT;;NFK|9001|10047|202222
9001;10112;30/05/2022;202222;11;233,06;;DEPOT;;NFK|9001|10112|202222
9001;10310;30/05/2022;202222;11;251,21;AVIS;DEPOT;;NFK|9001|10310|202222
9001;11020;30/05/2022;202222;23;429,81;;DEPOT;;NFK|9001|11020|202222
9001;11085;30/05/2022;202222;12;134,25;;DEPOT;;NFK|9001|11085|202222
9001;11142;30/05/2022;202222;10;249,38;;DEPOT;;NFK|9001|11142|202222
9001;12004;30/05/2022;202222;10;400,00;;DEPOT;;NFK|9001|12004|202222
9001;12066;30/05/2022;202222;8;485,00;;DEPOT;;NFK|9001|12066|202222
9001;12190;30/05/2022;202222;5;112,50;;DEPOT;;NFK|9001|12190|202222
9001;20015;30/05/2022;202222;13;330,69;;DEPOT;C;NFK|9001|20015|202222
9001;20041;30/05/2022;202222;19;173,38;;DEPOT;A;NFK|9001|20041|202222
9001;20088;30/05/2022;202222;11;621,50;;DEPOT;B;NFK|9001|20088|202222
9001;20131;30/05/2022;202222;7;147,88;;DEPOT;C;NFK|9001|20131|202222
9001;30012;30/05/2022;202222;5;80,94;;DEPOT;;NFK|9001|30012|202222
9001;30077;30/05/2022;202222;14;624,75;AVIS;DEPOT;;NFK|9001|30077|202222
9001;30154;30/05/2022;202222;0;0,00;;DEPOT;;NFK|9001|30154|202222
9001;30209;30/05/2022;202222;7;262,06;;DEPOT;;NFK|9001|30209|202222
1101;10023;06/06/2022;202223;528;6270,00;;SUPER;;NFK|1101|10023|202223
1101;10047;06/06/2022;202223;307;3453,75;;SUPER;;NFK|1101|10047|202223
1101;10112;06/06/2022;202223;213;4512,94;;SUPER;;NFK|1101|10112|202223
1101;10310;06/06/2022;202223;158;4246,25;;SUPER;;NFK|1101|10310|202223
1101;11020;06/06/2022;202223;472;8820,50;;SUPER;;NFK|1101|11020|202223
1101;11085;06/06/2022;202223;250;2796,88;;SUPER;;NFK|1101|11085|202223
1101;11142;06/06/2022;202223;187;4663,31;;SUPER;;NFK|1101|11142|202223
1101;12004;06/06/2022;202223;200;8000,00;;SUPER;;NFK|1101|12004|202223
1101;12066;06/06/2022;202223;155;9396,88;;SUPER;;NFK|1101|12066|202223
1101;12190;06/06/2022;202223;116;2610,00;;SUPER;;NFK|1101|12190|202223
1101;20015;06/06/2022;202223;288;7326,00;;SUPER;C;NFK|1101|20015|202223
1101;20041;06/06/2022;202223;359;3275,88;;SUPER;A;NFK|1101|20041|202223
1101;20088;06/06/2022;202223;201;11356,50;;SUPER;B;NFK|1101|20088|202223
1101;20131;06/06/2022;202223;123;2598,38;;SUPER;C;NFK|1101|20131|202223
1101;30012;06/06/2022;202223;122;1974,87;;SUPER;;NFK|1101|30012|202223
1101;30077;06/06/2022;202223;167;8767,50;;SUPER;;NFK|1101|30077|202223
1101;30154;06/06/2022;202223;137;2311,88;;SUPER;;NFK|1101|30154|202223
1101;30209;06/06/2022;202223;141;5278,69;;SUPER;;NFK|1101|30209|202223
1102;10023;06/06/2022;202223;465;5521,88;;SUPER;;NFK|1102|10023|202223
1102;10047;06/06/2022;202223;291;3273,75;;SUPER;;NFK|1102|10047|202223
1102;10112;06/06/2022;202223;163;3453,56;;SUPER;;NFK|1102|10112|202223
1102;10310;06/06/2022;202223;156;4192,50;;SUPER;;NFK|1102|10310|202223
1102;11020;06/06/2022;202223;354;6615,38;;SUPER;;NFK|1102|11020|202223
1102;11085;06/06/2022;202223;248;2774,50;;SUPER;;NFK|1102|11085|202223
1102;11142;06/06/2022;202223;148;3690,75;;SUPER;;NFK|1102|11142|202223
1102;12004;06/06/2022;202223;231;9240,00;;SUPER;;NFK|1102|12004|202223
1102;12066;06/06/2022;202223;142;8608,75;;SUPER;;NFK|1102|12066|202223
1102;12190;06/06/2022;202223;106;2385,00;;SUPER;;NFK|1102|12190|202223
1102;20015;06/06/2022;202223;283;7198,81;;SUPER;C;NFK|1102|20015|202223
1102;20041;06/06/2022;202223;369;3367,12;;SUPER;A;NFK|1102|20041|202223
1102;20088;06/06/2022;202223;163;9209,50;;SUPER;B;NFK|1102|20088|202223
1102;20131;06/06/2022;202223;121;2556,12;;SUPER;C;NFK|1102|20131|202223
1102;30012;06/06/2022;202223;98;1586,38;;SUPER;;NFK|1102|30012|202223
1102;30077;06/06/2022;202223;158;8295,00;;SUPER;;NFK|1102|30077|202223
1102;30154;06/06/2022;202223;112;1890,00;;SUPER;;NFK|1102|30154|202223
1102;30209;06/06/2022;202223;136;5091,50;;SUPER;;NFK|1102|30209|202223
1103;10023;06/06/2022;202223;259;3075,62;;NAER;;NFK|1103|10023|202223
1103;10047;06/06/2022;202223;172;1935,00;;NAER;;NFK|1103|10047|202223
1103;10112;06/06/2022;202223;100;2118,75;;NAER;;NFK|1103|10112|202223
1103;10310;06/06/2022;202223;82;2203,75;;NAER;;NFK|1103|10310|202223
1103;11020;06/06/2022;202223;198;3700,12;;NAER;;NFK|1103|11020|202223
1103;11085;06/06/2022;202223;122;1364,87;;NAER;;NFK|1103|11085|202223
1103;11142;06/06/2022;202223;94;2344,12;;NAER;;NFK|1103|11142|202223
1103;12004;06/06/2022;202223;104;4160,00;;NAER;;NFK|1103|12004|202223
1103;12066;06/06/2022;202223;75;4546,88;;NAER;;NFK|1103|12066|202223
1103;12190;06/06/2022;202223;62;1395,00;;NAER;;NFK|1103|12190|202223
1103;20015;06/06/2022;202223;148;3764,75;;NAER;C;NFK|1103|20015|202223
1103;20041;06/06/2022;202223;182;1660,75;;NAER;A;NFK|1103|20041|202223
1103;20088;06/06/2022;202223;102;5763,00;;NAER;B;NFK|1103|20088|202223
1103;20131;06/06/2022;202223;65;1373,12;;NAER;C;NFK|1103|20131|202223
1103;30012;06/06/2022;202223;54;874,12;;NAER;;NFK|1103|30012|202223
1103;30077;06/06/2022;202223;74;3885,00;;NAER;;NFK|1103|30077|202223
1103;30154;06/06/2022;202223;54;911,25;;NAER;;NFK|1103|30154|202223
1103;30209;06/06/2022;202223;81;3032,44;;NAER;;NFK|1103|30209|202223
1103;99001;06/06/2022;202223;3;0,00;;NAER;;NFK|1103|99001|202223
1108;10023;06/06/2022;202223;1016;12065,00;;HYPER;;NFK|1108|10023|202223
1108;10047;06/06/2022;202223;625;7031,25;;HYPER;;NFK|1108|10047|202223
1108;10112;06/06/2022;202223;387;8199,56;;HYPER;;NFK|1108|10112|202223
1108;10310;06/06/2022;202223;295;7928,12;;HYPER;;NFK|1108|10310|202223
1108;11020;06/06/2022;202223;717;13398,94;;HYPER;;NFK|1108|11020|202223
1108;11085;06/06/2022;202223;459;5135,06;;HYPER;;NFK|1108|11085|202223
1108;11142;06/06/2022;202223;353;8802,94;;HYPER;;NFK|1108|11142|202223
1108;12004;06/06/2022;202223;402;16080,00;;HYPER;;NFK|1108|12004|202223
1108;12066;06/06/2022;202223;303;18369,38;;HYPER;;NFK|1108|12066|202223
1108;12190;06/06/2022;202223;235;5287,50;;HYPER;;NFK|1108|12190|202223
1108;20015;06/06/2022;202223;607;15440,56;;HYPER;C;NFK|1108|20015|202223
1108;20041;06/06/2022;202223;682;6223,25;;HYPER;A;NFK|1108|20041|202223
1108;20088;06/06/2022;202223;374;21131,00;;HYPER;B;NFK|1108|20088|202223
1108;20131;06/06/2022;202223;270;5703,75;;HYPER;C;NFK|1108|20131|202223
1108;30012;06/06/2022;202223;206;3334,62;;HYPER;;NFK|1108|30012|202223
1108;30077;06/06/2022;202223;288;15120,00;;HYPER;;NFK|1108|30077|202223
1108;30154;06/06/2022;202223;210;3543,75;;HYPER;;NFK|1108|30154|202223
1108;30209;06/06/2022;202223;265;9920,94;;HYPER;;NFK|1108|30209|202223
3104;10023;06/06/2022;202223;495;5878,12;;SUPER;;NFK|3104|10023|202223
3104;10047;06/06/2022;202223;288;3240,00;;SUPER;;NFK|3104|10047|202223
3104;10112;06/06/2022;202223;151;3199,31;;SUPER;;NFK|3104|10112|202223
3104;10310;06/06/2022;202223;137;3681,88;;SUPER;;NFK|3104|10310|202223
3104;11020;06/06/2022;202223;351;6559,31;;SUPER;;NFK|3104|11020|202223
3104;11085;06/06/2022;202223;198;2215,12;;SUPER;;NFK|3104|11085|202223
3104;11142;06/06/2022;202223;157;3915,19;;SUPER;;NFK|3104|11142|202223
3104;12004;06/06/2022;202223;222;8880,00;;SUPER;;NFK|3104|12004|202223
3104;12066;06/06/2022;202223;153;9275,62;;SUPER;;NFK|3104|12066|202223
3104;12190;06/06/2022;202223;101;2272,50;;SUPER;;NFK|3104|12190|202223
3104;20015;06/06/2022;202223;299;7605,81;;SUPER;C;NFK|3104|20015|202223
3104;20041;06/06/2022;202223;-36;-292,50;;SUPER;A;NFK|3104|20041|202223
3104;20088;06/06/2022;202223;164;9266,00;;SUPER;B;NFK|3104|20088|202223
3104;20131;06/06/2022;202223;115;2429,38;;SUPER;C;NFK|3104|20131|202223
3104;30012;06/06/2022;202223;99;1602,56;;SUPER;;NFK|3104|30012|202223
3104;30077;06/06/2022;202223;155;8137,50;;SUPER;;NFK|3104|30077|202223
3104;30154;06/06/2022;202223;118;1991,25;;SUPER;;NFK|3104|30154|202223
3104;30209;06/06/2022;202223;123;4604,81;;SUPER;;NFK|3104|30209|202223
3117;10023;06/06/2022;202223;189;2244,38;;NAER;;NFK|3117|10023|202223
3117;10047;06/06/2022;202223;141;1586,25;;NAER;;NFK|3117|10047|202223
3117;10112;06/06/2022;202223;73;1546,69;;NAER;;NFK|3117|10112|202223
3117;10310;06/06/2022;202223;61;1639,38;;NAER;;NFK|3117|10310|202223
3117;11020;06/06/2022;202223;183;3419,81;;NAER;;NFK|3117|11020|202223
3117;11085;06/06/2022;202223;97;1085,19;;NAER;;NFK|3117|11085|202223
3117;11142;06/06/2022;202223;72;1795,50;;NAER;;NFK|3117|11142|202223
3117;12004;06/06/2022;202223;98;3920,00;;NAER;;NFK|3117|12004|202223
3117;12066;06/06/2022;202223;59;3576,88;;NAER;;NFK|3117|12066|202223
3117;12190;06/06/2022;202223;47;1057,50;;NAER;;NFK|3117|12190|202223
3117;20015;06/06/2022;202223;123;3128,81;;NAER;C;NFK|3117|20015|202223
3117;20041;06/06/2022;202223;147;1341,38;;NAER;A;NFK|3117|20041|202223
3117;20088;06/06/2022;202223;77;4350,50;;NAER;B;NFK|3117|20088|202223
3117;20131;06/06/2022;202223;58;1225,25;;NAER;C;NFK|3117|20131|202223
3117;30012;06/06/2022;202223;47;760,81;;NAER;;NFK|3117|30012|202223
3117;30077;06/06/2022;202223;63;3307,50;;NAER;;NFK|3117|30077|202223
3117;30154;06/06/2022;202223;48;810,00;;NAER;;NFK|3117|30154|202223
3117;30209;06/06/2022;202223;63;2358,56;;NAER;;NFK|3117|30209|202223
3122;10023;06/06/2022;202223;173;2054,38;;FRANCHISE;;NFK|3122|10023|202223
3122;10047;06/06/2022;202223;88;990,00;;FRANCHISE;;NFK|3122|10047|202223
3122;10112;06/06/2022;202223;58;1228,88;;FRANCHISE;;NFK|3122|10112|202223
3122;10310;06/06/2022;202223;43;1155,62;;FRANCHISE;;NFK|3122|10310|202223
3122;11020;06/06/2022;202223;133;2485,44;;FRANCHISE;;NFK|3122|11020|202223
3122;11085;06/06/2022;202223;77;861,44;;FRANCHISE;;NFK|3122|11085|202223
3122;11142;06/06/2022;202223;47;1172,06;;FRANCHISE;;NFK|3122|11142|202223
3122;12004;06/06/2022;202223;63;2520,00;;FRANCHISE;;NFK|3122|12004|202223
3122;12066;06/06/2022;202223;52;3152,50;;FRANCHISE;;NFK|3122|12066|202223
3122;12190;06/06/2022;202223;39;877,50;;FRANCHISE;;NFK|3122|12190|202223
3122;20015;06/06/2022;202223;86;2187,62;;FRANCHISE;C;NFK|3122|20015|202223
3122;20041;06/06/2022;202223;122;1113,25;;FRANCHISE;A;NFK|3122|20041|202223
3122;20088;06/06/2022;202223;66;3729,00;;FRANCHISE;B;NFK|3122|20088|202223
3122;20131;06/06/2022;202223;42;887,25;;FRANCHISE;C;NFK|3122|20131|202223
3122;30012;06/06/2022;202223;35;566,56;;FRANCHISE;;NFK|3122|30012|202223
3122;30077;06/06/2022;202223;50;2625,00;;FRANCHISE;;NFK|3122|30077|202223
3122;30154;06/06/2022;202223;38;641,25;;FRANCHISE;;NFK|3122|30154|202223
3122;30209;06/06/2022;202223;51;1909,31;;FRANCHISE;;NFK|3122|30209|202223
4201;10023;06/06/2022;202223;789;9369,38;;HYPER;;NFK|4201|10023|202223
4201;10047;06/06/2022;202223;534;6007,50;;HYPER;;NFK|4201|10047|202223
4201;10112;06/06/2022;202223;334;7076,62;;HYPER;;NFK|4201|10112|202223
4201;10310;06/06/2022;202223;274;7363,75;;HYPER;;NFK|4201|10310|202223
4201;11020;06/06/2022;202223;589;11006,94;;HYPER;;NFK|4201|11020|202223
4201;11085;06/06/2022;202223;358;4005,12;;HYPER;;NFK|4201|11085|202223
4201;11142;06/06/2022;202223;278;6932,62;;HYPER;;NFK|4201|11142|202223
4201;12004;06/06/2022;202223;400;16000,00;;HYPER;;NFK|4201|12004|202223
4201;12066;06/06/2022;202223;244;14792,50;;HYPER;;NFK|4201|12066|202223
4201;12190;06/06/2022;202223;168;3780,00;;HYPER;;NFK|4201|12190|202223
4201;20015;06/06/2022;202223;472;12006,50;;HYPER;C;NFK|4201|20015|202223
4201;20041;06/06/2022;202223;610;5566,25;;HYPER;A;NFK|4201|20041|202223
4201;20088;06/06/2022;202223;350;19775,00;;HYPER;B;NFK|4201|20088|202223
4201;20131;06/06/2022;202223;197;4161,62;;HYPER;C;NFK|4201|20131|202223
4201;30012;06/06/2022;202223;165;2670,94;;HYPER;;NFK|4201|30012|202223
4201;30077;06/06/2022;202223;229;12022,50;;HYPER;;NFK|4201|30077|202223
4201;30154;06/06/2022;202223;195;3290,62;;HYPER;;NFK|4201|30154|202223
4201;30209;06/06/2022;202223;259;9696,31;;HYPER;;NFK|4201|30209|202223
4201;99001;06/06/2022;202223;13;0,00;;HYPER;;NFK|4201|99001|202223
4205;10023;06/06/2022;202223;558;6626,25;;SUPER;;NFK|4205|10023|202223
4205;10047;06/06/2022;202223;288;3240,00;;SUPER;;NFK|4205|10047|202223
4205;10112;06/06/2022;202223;0;0,00;;SUPER;;NFK|4205|10112|202223
4205;10310;06/06/2022;202223;149;4004,38;;SUPER;;NFK|4205|10310|202223
4205;11020;06/06/2022;202223;432;8073,00;;SUPER;;NFK|4205|11020|202223
4205;11085;06/06/2022;202223;254;2841,62;;SUPER;;NFK|4205|11085|202223
4205;11142;06/06/2022;202223;171;4264,31;;SUPER;;NFK|4205|11142|202223
4205;12004;06/06/2022;202223;237;9480,00;;SUPER;;NFK|4205|12004|202223
4205;12066;06/06/2022;202223;174;10548,75;;SUPER;;NFK|4205|12066|202223
4205;12190;06/06/2022;202223;130;2925,00;;SUPER;;NFK|4205|12190|202223
4205;20015;06/06/2022;202223;302;7682,12;;SUPER;C;NFK|4205|20015|202223
4205;20041;06/06/2022;202223;391;3567,88;;SUPER;A;NFK|4205|20041|202223
4205;20088;06/06/2022;202223;181;10226,50;;SUPER;B;NFK|4205|20088|202223
4205;20131;06/06/2022;202223;121;2556,12;;SUPER;C;NFK|4205|20131|202223
4205;30012;06/06/2022;202223;91;1473,06;;SUPER;;NFK|4205|30012|202223
4205;30077;06/06/2022;202223;163;8557,50;;SUPER;;NFK|4205|30077|202223
4205;30154;06/06/2022;202223;121;2041,88;;SUPER;;NFK|4205|30154|202223
4205;30209;06/06/2022;202223;129;4829,44;;SUPER;;NFK|4205|30209|202223
4218;10023;06/06/2022;202223;506;6008,75;;SUPER;;NFK|4218|10023|202223
4218;10047;06/06/2022;202223;366;4117,50;;SUPER;;NFK|4218|10047|202223
4218;10112;06/06/2022;202223;187;3962,06;;SUPER;;NFK|4218|10112|202223
4218;10310;06/06/2022;202223;138;3708,75;;SUPER;;NFK|4218|10310|202223
4218;11020;06/06/2022;202223;478;8932,62;;SUPER;;NFK|4218|11020|202223
4218;11085;06/06/2022;202223;215;2405,31;;SUPER;;NFK|4218|11085|202223
4218;11142;06/06/2022;202223;200;4987,50;;SUPER;;NFK|4218|11142|202223
4218;12004;06/06/2022;202223;212;8480,00;;SUPER;;NFK|4218|12004|202223
4218;12066;06/06/2022;202223;177;10730,62;;SUPER;;NFK|4218|12066|202223
4218;12190;06/06/2022;202223;119;2677,50;;SUPER;;NFK|4218|12190|202223
4218;20015;06/06/2022;202223;289;7351,44;;SUPER;C;NFK|4218|20015|202223
4218;20041;06/06/2022;202223;394;3595,25;;SUPER;A;NFK|4218|20041|202223
4218;20088;06/06/2022;202223;210;11865,00;;SUPER;B;NFK|4218|20088|202223
4218;20131;06/06/2022;202223;144;3042,00;;SUPER;C;NFK|4218|20131|202223
4218;30012;06/06/2022;202223;99;1602,56;;SUPER;;NFK|4218|30012|202223
4218;30077;06/06/2022;202223;169;8872,50;;SUPER;;NFK|4218|30077|202223
4218;30154;06/06/2022;202223;123;2075,62;;SUPER;;NFK|4218|30154|202223
4218;30209;06/06/2022;202223;148;5540,75;;SUPER;;NFK|4218|30209|202223
5502;10023;06/06/2022;202223;439;5213,12;;SUPER;;NFK|5502|10023|202223
5502;10047;06/06/2022;202223;291;3273,75;;SUPER;;NFK|5502|10047|202223
5502;10112;06/06/2022;202223;173;3665,44;;SUPER;;NFK|5502|10112|202223
5502;10310;06/06/2022;202223;125;3359,38;;SUPER;;NFK|5502|10310|202223
5502;11020;06/06/2022;202223;328;6129,50;;SUPER;;NFK|5502|11020|202223
5502;11085;06/06/2022;202223;201;2248,69;;SUPER;;NFK|5502|11085|202223
5502;11142;06/06/2022;202223;160;3990,00;;SUPER;;NFK|5502|11142|202223
5502;12004;06/06/2022;202223;223;8920,00;;SUPER;;NFK|5502|12004|202223
5502;12066;06/06/2022;202223;137;8305,62;;SUPER;;NFK|5502|12066|202223
5502;12190;06/06/2022;202223;107;2407,50;;SUPER;;NFK|5502|12190|202223
5502;20015;06/06/2022;202223;270;6868,12;;SUPER;C;NFK|5502|20015|202223
5502;20041;06/06/2022;202223;327;2983,88;;SUPER;A;NFK|5502|20041|202223
5502;20088;06/06/2022;202223;181;10226,50;;SUPER;B;NFK|5502|20088|202223
5502;20131;06/06/2022;202223;138;2915,25;;SUPER;C;NFK|5502|20131|202223
5502;30012;06/06/2022;202223;108;1748,25;;SUPER;;NFK|5502|30012|202223
5502;30077;06/06/2022;202223;150;7875,00;;SUPER;;NFK|5502|30077|202223
5502;30154;06/06/2022;202223;119;2008,12;;SUPER;;NFK|5502|30154|202223
5502;30209;06/06/2022;202223;132;4941,75;;SUPER;;NFK|5502|30209|202223
5511;10023;06/06/2022;202223;182;2161,25;;PARTNER;;NFK|5511|10023|202223
5511;10047;06/06/2022;202223;100;1125,00;;PARTNER;;NFK|5511|10047|202223
5511;10112;06/06/2022;202223;59;1250,06;;PARTNER;;NFK|5511|10112|202223
5511;10310;06/06/2022;202223;53;1424,38;;PARTNER;;NFK|5511|10310|202223
5511;11020;06/06/2022;202223;139;2597,56;;PARTNER;;NFK|5511|11020|202223
5511;11085;06/06/2022;202223;84;939,75;;PARTNER;;NFK|5511|11085|202223
5511;11142;06/06/2022;202223;68;1695,75;;PARTNER;;NFK|5511|11142|202223
5511;12004;06/06/2022;202223;71;2840,00;;PARTNER;;NFK|5511|12004|202223
5511;12066;06/06/2022;202223;61;3698,12;;PARTNER;;NFK|5511|12066|202223
5511;12190;06/06/2022;202223;42;945,00;;PARTNER;;NFK|5511|12190|202223
5511;20015;06/06/2022;202223;109;2772,69;;PARTNER;C;NFK|5511|20015|202223
5511;20041;06/06/2022;202223;140;1277,50;;PARTNER;A;NFK|5511|20041|202223
5511;20088;06/06/2022;202223;70;3955,00;;PARTNER;B;NFK|5511|20088|202223
5511;20131;06/06/2022;202223;52;1098,50;;PARTNER;C;NFK|5511|20131|202223
5511;30012;06/06/2022;202223;33;534,19;;PARTNER;;NFK|5511|30012|202223
5511;30077;06/06/2022;202223;57;2992,50;;PARTNER;;NFK|5511|30077|202223
5511;30154;06/06/2022;202223;43;725,62;;PARTNER;;NFK|5511|30154|202223
5511;30209;06/06/2022;202223;50;1871,88;;PARTNER;;NFK|5511|30209|202223
5511;99001;06/06/2022;202223;2;0,00;;PARTNER;;NFK|5511|99001|202223
9001;10023;06/06/2022;202223;25;296,88;;DEPOT;;NFK|9001|10023|202223
9001;10047;06/06/2022;202223;15;168,75;;DEPOT;;NFK|9001|10047|202223
9001;10112;06/06/2022;202223;10;211,88;;DEPOT;;NFK|9001|10112|202223
9001;10310;06/06/2022;202223;8;215,00;;DEPOT;;NFK|9001|10310|202223
9001;11020;06/06/2022;202223;21;392,44;;DEPOT;;NFK|9001|11020|202223
9001;11085;06/06/2022;202223;11;123,06;;DEPOT;;NFK|9001|11085|202223
9001;11142;06/06/2022;202223;9;224,44;;DEPOT;;NFK|9001|11142|202223
9001;12004;06/06/2022;202223;11;440,00;;DEPOT;;NFK|9001|12004|202223
9001;12066;06/06/2022;202223;9;545,62;;DEPOT;;NFK|9001|12066|202223
9001;12190;06/06/2022;202223;6;135,00;;DEPOT;;NFK|9001|12190|202223
9001;20015;06/06/2022;202223;15;381,56;;DEPOT;C;NFK|9001|20015|202223
9001;20041;06/06/2022;202223;18;164,25;;DEPOT;A;NFK|9001|20041|202223
9001;20088;06/06/2022;202223;9;508,50;;DEPOT;B;NFK|9001|20088|202223
9001;20131;06/06/2022;202223;7;147,88;;DEPOT;C;NFK|9001|20131|202223
9001;30012;06/06/2022;202223;5;80,94;;DEPOT;;NFK|9001|30012|202223
9001;30077;06/06/2022;202223;8;420,00;;DEPOT;;NFK|9001|30077|202223
9001;30154;06/06/2022;202223;6;101,25;;DEPOT;;NFK|9001|30154|202223
9001;30209;06/06/2022;202223;8;299,50;;DEPOT;;NFK|9001|30209|202223
1101;10023;13/06/2022;202224;529;6281,88;;SUPER;;NFK|1101|10023|202224
1101;10047;13/06/2022;202224;329;3701,25;;SUPER;;NFK|1101|10047|202224
1101;10112;13/06/2022;202224;173;3665,44;;SUPER;;NFK|1101|10112|202224
1101;10310;13/06/2022;202224;146;3923,75;;SUPER;;NFK|1101|10310|202224
1101;11020;13/06/2022;202224;414;7736,62;;SUPER;;NFK|1101|11020|202224
1101;11085;13/06/2022;202224;243;2718,56;;SUPER;;NFK|1101|11085|202224
1101;11142;13/06/2022;202224;156;3890,25;;SUPER;;NFK|1101|11142|202224
1101;12004;13/06/2022;202224;179;7160,00;;SUPER;;NFK|1101|12004|202224
1101;12066;13/06/2022;202224;152;9215,00;;SUPER;;NFK|1101|12066|202224
1101;12190;13/06/2022;202224;116;2610,00;;SUPER;;NFK|1101|12190|202224
1101;20015;13/06/2022;202224;306;7783,88;;SUPER;C;NFK|1101|20015|202224
1101;20041;13/06/2022;202224;388;3540,50;;SUPER;A;NFK|1101|20041|202224
1101;20088;13/06/2022;202224;241;10965,50;MP;SUPER;B;NFK|1101|20088|202224
1101;20131;13/06/2022;202224;126;2661,75;;SUPER;C;NFK|1101|20131|202224
1101;30012;13/06/2022;202224;111;1796,81;;SUPER;;NFK|1101|30012|202224
1101;30077;13/06/2022;202224;132;6930,00;;SUPER;;NFK|1101|30077|202224
1101;30154;13/06/2022;202224;116;1957,50;;SUPER;;NFK|1101|30154|202224
1101;30209;13/06/2022;202224;120;4492,50;;SUPER;;NFK|1101|30209|202224
1102;10023;13/06/2022;202224;465;5521,88;;SUPER;;NFK|1102|10023|202224
1102;10047;13/06/2022;202224;263;2958,75;;SUPER;;NFK|1102|10047|202224
1102;10112;13/06/2022;202224;183;3877,31;;SUPER;;NFK|1102|10112|202224
1102;10310;13/06/2022;202224;121;3251,88;;SUPER;;NFK|1102|10310|202224
1102;11020;13/06/2022;202224;385;7194,69;;SUPER;;NFK|1102|11020|202224
1102;11085;13/06/2022;202224;179;2002,56;;SUPER;;NFK|1102|11085|202224
1102;11142;13/06/2022;202224;144;3591,00;;SUPER;;NFK|1102|11142|202224
1102;12004;13/06/2022;202224;210;8400,00;;SUPER;;NFK|1102|12004|202224
1102;12066;13/06/2022;202224;154;9336,25;;SUPER;;NFK|1102|12066|202224
1102;12190;13/06/2022;202224;105;2362,50;;SUPER;;NFK|1102|12190|202224
1102;20015;13/06/2022;202224;237;6028,69;;SUPER;C;NFK|1102|20015|202224
1102;20041;13/06/2022;202224;292;2664,50;;SUPER;A;NFK|1102|20041|202224
1102;20088;13/06/2022;202224;239;10874,50;MP;SUPER;B;NFK|1102|20088|202224
1102;20131;13/06/2022;202224;119;2513,88;;SUPER;C;NFK|1102|20131|202224
1102;30012;13/06/2022;202224;84;1359,75;;SUPER;;NFK|1102|30012|202224
1102;30077;13/06/2022;202224;142;7455,00;;SUPER;;NFK|1102|30077|202224
1102;30154;13/06/2022;202224;100;1687,50;;SUPER;;NFK|1102|30154|202224
1102;30209;13/06/2022;202224;139;5203,81;;SUPER;;NFK|1102|30209|202224
1102;99001;13/06/2022;202224;7;0,00;;SUPER;;NFK|1102|99001|202224
1103;10023;13/06/2022;202224;255;3028,12;;NAER;;NFK|1103|10023|202224
1103;10047;13/06/2022;202224;157;1766,25;;NAER;;NFK|1103|10047|202224
1103;10112;13/06/2022;202224;81;1716,19;;NAER;;NFK|1103|10112|202224
1103;10310;13/06/2022;202224;76;2042,50;;NAER;;NFK|1103|10310|202224
1103;11020;13/06/2022;202224;196;3662,75;;NAER;;NFK|1103|11020|202224
1103;11085;13/06/2022;202224;103;1152,31;;NAER;;NFK|1103|11085|202224
1103;11142;13/06/2022;202224;75;1870,31;;NAER;;NFK|1103|11142|202224
1103;12004;13/06/2022;202224;86;3440,00;;NAER;;NFK|1103|12004|202224
1103;12066;13/06/2022;202224;80;4850,00;;NAER;;NFK|1103|12066|202224
1103;12190;13/06/2022;202224;46;1035,00;;NAER;;NFK|1103|12190|202224
1103;20015;13/06/2022;202224;130;3306,88;;NAER;C;NFK|1103|20015|202224
1103;20041;13/06/2022;202224;175;1596,88;;NAER;A;NFK|1103|20041|202224
1103;20088;13/06/2022;202224;130;5915,00;MP;NAER;B;NFK|1103|20088|202224
1103;20131;13/06/2022;202224;65;1373,12;;NAER;C;NFK|1103|20131|202224
1103;30012;13/06/2022;202224;49;793,19;;NAER;;NFK|1103|30012|202224
1103;30077;13/06/2022;202224;67;3517,50;;NAER;;NFK|1103|30077|202224
1103;30154;13/06/2022;202224;55;928,12;;NAER;;NFK|1103|30154|202224
1103;30209;13/06/2022;202224;75;2807,81;;NAER;;NFK|1103|30209|202224
1108;10023;13/06/2022;202224;984;11685,00;;HYPER;;NFK|1108|10023|202224
1108;10047;13/06/2022;202224;566;6367,50;;HYPER;;NFK|1108|10047|202224
1108;10112;13/06/2022;202224;321;6801,19;;HYPER;;NFK|1108|10112|202224
1108;10310;13/06/2022;202224;289;7766,88;;HYPER;;NFK|1108|10310|202224
1108;11020;13/06/2022;202224;664;12408,50;;HYPER;;NFK|1108|11020|202224
1108;11085;13/06/2022;202224;401;4486,19;;HYPER;;NFK|1108|11085|202224
1108;11142;13/06/2022;202224;325;8104,69;;HYPER;;NFK|1108|11142|202224
1108;12004;13/06/2022;202224;361;14440,00;;HYPER;;NFK|1108|12004|202224
1108;12066;13/06/2022;202224;281;17035,62;;HYPER;;NFK|1108|12066|202224
1108;12190;13/06/2022;202224;214;4815,00;;HYPER;;NFK|1108|12190|202224
1108;20015;13/06/2022;202224;542;13787,12;;HYPER;C;NFK|1108|20015|202224
1108;20041;13/06/2022;202224;693;6323,62;;HYPER;A;NFK|1108|20041|202224
1108;20088;13/06/2022;202224;487;22158,50;MP;HYPER;B;NFK|1108|20088|202224
1108;20131;13/06/2022;202224;251;5302,38;;HYPER;C;NFK|1108|20131|202224
1108;30012;13/06/2022;202224;180;2913,75;;HYPER;;NFK|1108|30012|202224
1108;30077;13/06/2022;202224;315;16537,50;;HYPER;;NFK|1108|30077|202224
1108;30154;13/06/2022;202224;188;3172,50;;HYPER;;NFK|1108|30154|202224
1108;30209;13/06/2022;202224;253;9471,69;;HYPER;;NFK|1108|30209|202224
3104;10023;13/06/2022;202224;376;4465,00;;SUPER;;NFK|3104|10023|202224
3104;10047;13/06/2022;202224;235;2643,75;;SUPER;;NFK|3104|10047|202224
3104;10112;13/06/2022;202224;153;3241,69;;SUPER;;NFK|3104|10112|202224
3104;10310;13/06/2022;202224;111;2983,12;;SUPER;;NFK|3104|10310|202224
3104;11020;13/06/2022;202224;376;7026,50;;SUPER;;NFK|3104|11020|202224
3104;11085;13/06/2022;202224;193;2159,19;;SUPER;;NFK|3104|11085|202224
3104;11142;13/06/2022;202224;149;3715,69;;SUPER;;NFK|3104|11142|202224
3104;12004;13/06/2022;202224;167;6680,00;;SUPER;;NFK|3104|12004|202224
3104;12066;13/06/2022;202224;133;8063,12;;SUPER;;NFK|3104|12066|202224
3104;12190;13/06/2022;202224;97;2182,50;;SUPER;;NFK|3104|12190|202224
3104;20015;13/06/2022;202224;268;6817,25;;SUPER;C;NFK|3104|20015|202224
3104;20041;13/06/2022;202224;297;2710,12;;SUPER;A;NFK|3104|20041|202224
3104;20088;13/06/2022;202224;205;9327,50;MP;SUPER;B;NFK|3104|20088|202224
3104;20131;13/06/2022;202224;112;2366,00;;SUPER;C;NFK|3104|20131|202224
3104;30012;13/06/2022;202224;80;1295,00;;SUPER;;NFK|3104|30012|202224
3104;30077;13/06/2022;202224;150;7875,00;;SUPER;;NFK|3104|30077|202224
3104;30154;13/06/2022;202224;90;1518,75;;SUPER;;NFK|3104|30154|202224
3104;30209;13/06/2022;202224;113;4230,44;;SUPER;;NFK|3104|30209|202224
3104;99001;13/06/2022;202224;6;0,00;;SUPER;;NFK|3104|99001|202224
3117;10023;13/06/2022;202224;173;2054,38;;NAER;;NFK|3117|10023|202224
3117;10047;13/06/2022;202224;110;1237,50;;NAER;;NFK|3117|10047|202224
3117;10112;13/06/2022;202224;72;1525,50;;NAER;;NFK|3117|10112|202224
3117;10310;13/06/2022;202224;64;1720,00;;NAER;;NFK|3117|10310|202224
3117;11020;13/06/2022;202224;152;2840,50;;NAER;;NFK|3117|11020|202224
3117;11085;13/06/2022;202224;95;1062,81;;NAER;;NFK|3117|11085|202224
3117;11142;13/06/2022;202224;71;1770,56;;NAER;;NFK|3117|11142|202224
3117;12004;13/06/2022;202224;91;3640,00;;NAER;;NFK|3117|12004|202224
3117;12066;13/06/2022;202224;63;3819,38;;NAER;;NFK|3117|12066|202224
3117;12190;13/06/2022;202224;42;945,00;;NAER;;NFK|3117|12190|202224
3117;20015;13/06/2022;202224;115;2925,31;;NAER;C;NFK|3117|20015|202224
3117;20041;13/06/2022;202224;152;1387,00;;NAER;A;NFK|3117|20041|202224
3117;20088;13/06/2022;202224;111;5050,50;MP;NAER;B;NFK|3117|20088|202224
3117;20131;13/06/2022;202224;57;1204,12;;NAER;C;NFK|3117|20131|202224
3117;30012;13/06/2022;202224;46;744,62;;NAER;;NFK|3117|30012|202224
3117;30077;13/06/2022;202224;69;3622,50;;NAER;;NFK|3117|30077|202224
3117;30154;13/06/2022;202224;48;810,00;;NAER;;NFK|3117|30154|202224
3117;30209;13/06/2022;202224;54;2021,62;;NAER;;NFK|3117|30209|202224
3117;99001;13/06/2022;202224;3;0,00;;NAER;;NFK|3117|99001|202224
3122;10023;13/06/2022;202224;153;1816,88;;FRANCHISE;;NFK|3122|10023|202224
3122;10047;13/06/2022;202224;80;900,00;;FRANCHISE;;NFK|3122|10047|202224
3122;10112;13/06/2022;202224;56;1186,50;;FRANCHISE;;NFK|3122|10112|202224
3122;10310;13/06/2022;202224;44;1182,50;;FRANCHISE;;NFK|3122|10310|202224
3122;11020;13/06/2022;202224;122;2279,88;;FRANCHISE;;NFK|3122|11020|202224
3122;11085;13/06/2022;202224;73;816,69;;FRANCHISE;;NFK|3122|11085|202224
3122;11142;13/06/2022;202224;48;1197,00;;FRANCHISE;;NFK|3122|11142|202224
3122;12004;13/06/2022;202224;55;2200,00;;FRANCHISE;;NFK|3122|12004|202224
3122;12066;13/06/2022;202224;50;3031,25;;FRANCHISE;;NFK|3122|12066|202224
3122;12190;13/06/2022;202224;37;832,50;;FRANCHISE;;NFK|3122|12190|202224
3122;20015;13/06/2022;202224;76;1933,25;;FRANCHISE;C;NFK|3122|20015|202224
3122;20041;13/06/2022;202224;105;958,12;;FRANCHISE;A;NFK|3122|20041|202224
3122;20088;13/06/2022;202224;84;3822,00;MP;FRANCHISE;B;NFK|3122|20088|202224
3122;20131;13/06/2022;202224;39;823,88;;FRANCHISE;C;NFK|3122|20131|202224
3122;30012;13/06/2022;202224;33;534,19;;FRANCHISE;;NFK|3122|30012|202224
3122;30077;13/06/2022;202224;43;2257,50;;FRANCHISE;;NFK|3122|30077|202224
3122;30154;13/06/2022;202224;36;607,50;;FRANCHISE;;NFK|3122|30154|202224
3122;30209;13/06/2022;202224;45;1684,69;;FRANCHISE;;NFK|3122|30209|202224
4201;10023;13/06/2022;202224;666;7908,75;;HYPER;;NFK|4201|10023|202224
4201;10047;13/06/2022;202224;473;5321,25;;HYPER;;NFK|4201|10047|202224
4201;10112;13/06/2022;202224;293;6207,94;;HYPER;;NFK|4201|10112|202224
4201;10310;13/06/2022;202224;223;5993,12;;HYPER;;NFK|4201|10310|202224
4201;11020;13/06/2022;202224;578;10801,38;;HYPER;;NFK|4201|11020|202224
4201;11085;13/06/2022;202224;334;3736,62;;HYPER;;NFK|4201|11085|202224
4201;11142;13/06/2022;202224;266;6633,38;;HYPER;;NFK|4201|11142|202224
4201;12004;13/06/2022;202224;347;13880,00;;HYPER;;NFK|4201|12004|202224
4201;12066;13/06/2022;202224;241;14610,62;;HYPER;;NFK|4201|12066|202224
4201;12190;13/06/2022;202224;198;4455,00;;HYPER;;NFK|4201|12190|202224
4201;20015;13/06/2022;202224;476;12108,25;;HYPER;C;NFK|4201|20015|202224
4201;20041;13/06/2022;202224;530;4836,25;;HYPER;A;NFK|4201|20041|202224
4201;20088;13/06/2022;202224;428;19474,00;MP;HYPER;B;NFK|4201|20088|202224
4201;20131;13/06/2022;202224;198;4182,75;;HYPER;C;NFK|4201|20131|202224
4201;30012;13/06/2022;202224;156;2525,25;;HYPER;;NFK|4201|30012|202224
4201;30077;13/06/2022;202224;229;12022,50;;HYPER;;NFK|4201|30077|202224
4201;30154;13/06/2022;202224;153;2581,88;;HYPER;;NFK|4201|30154|202224
4201;30209;13/06/2022;202224;210;7861,88;;HYPER;;NFK|4201|30209|202224
4205;10023;13/06/2022;202224;444;5272,50;;SUPER;;NFK|4205|10023|202224
4205;10047;13/06/2022;202224;315;3543,75;;SUPER;;NFK|4205|10047|202224
4205;10112;13/06/2022;202224;185;3919,69;;SUPER;;NFK|4205|10112|202224
4205;10310;13/06/2022;202224;127;3413,12;;SUPER;;NFK|4205|10310|202224
4205;11020;13/06/2022;202224;363;6783,56;;SUPER;;NFK|4205|11020|202224
4205;11085;13/06/2022;202224;185;2069,69;;SUPER;;NFK|4205|11085|202224
4205;11142;13/06/2022;202224;164;4089,75;;SUPER;;NFK|4205|11142|202224
4205;12004;13/06/2022;202224;194;7760,00;;SUPER;;NFK|4205|12004|202224
4205;12066;13/06/2022;202224;155;9396,88;;SUPER;;NFK|4205|12066|202224
4205;12190;13/06/2022;202224;110;2475,00;;SUPER;;NFK|4205|12190|202224
4205;20015;13/06/2022;202224;232;5901,50;;SUPER;C;NFK|4205|20015|202224
4205;20041;13/06/2022;202224;327;2983,88;;SUPER;A;NFK|4205|20041|202224
4205;20088;13/06/2022;202224;261;11875,50;MP;SUPER;B;NFK|4205|20088|202224
4205;20131;13/06/2022;202224;134;2830,75;;SUPER;C;NFK|4205|20131|202224
4205;30012;13/06/2022;202224;103;1667,31;;SUPER;;NFK|4205|30012|202224
4205;30077;13/06/2022;202224;131;6877,50;;SUPER;;NFK|4205|30077|202224
4205;30154;13/06/2022;202224;117;1974,38;;SUPER;;NFK|4205|30154|202224
4205;30209;13/06/2022;202224;145;5428,44;;SUPER;;NFK|4205|30209|202224
4205;99001;13/06/2022;202224;7;0,00;;SUPER;;NFK|4205|99001|202224
4218;10023;13/06/2022;202224;545;6471,88;;SUPER;;NFK|4218|10023|202224
4218;10047;13/06/2022;202224;351;3948,75;;SUPER;;NFK|4218|10047|202224
4218;10112;13/06/2022;202224;158;3347,62;;SUPER;;NFK|4218|10112|202224
4218;10310;13/06/2022;202224;162;4353,75;;SUPER;;NFK|4218|10310|202224
4218;11020;13/06/2022;202224;339;6335,06;;SUPER;;NFK|4218|11020|202224
4218;11085;13/06/2022;202224;211;2360,56;;SUPER;;NFK|4218|11085|202224
4218;11142;13/06/2022;202224;154;3840,37;;SUPER;;NFK|4218|11142|202224
4218;12004;13/06/2022;202224;0;0,00;;SUPER;;NFK|4218|12004|202224
4218;12066;13/06/2022;202224;157;9518,12;;SUPER;;NFK|4218|12066|202224
4218;12190;13/06/2022;202224;119;2677,50;;SUPER;;NFK|4218|12190|202224
4218;20015;13/06/2022;202224;322;8190,88;;SUPER;C;NFK|4218|20015|202224
4218;20041;13/06/2022;202224;379;3458,38;;SUPER;A;NFK|4218|20041|202224
4218;20088;13/06/2022;202224;284;12922,00;MP;SUPER;B;NFK|4218|20088|202224
4218;20131;13/06/2022;202224;143;3020,88;;SUPER;C;NFK|4218|20131|202224
4218;30012;13/06/2022;202224;111;1796,81;;SUPER;;NFK|4218|30012|202224
4218;30077;13/06/2022;202224;173;9082,50;;SUPER;;NFK|4218|30077|202224
4218;30154;13/06/2022;202224;97;1636,88;;SUPER;;NFK|4218|30154|202224
4218;30209;13/06/2022;202224;134;5016,62;;SUPER;;NFK|4218|30209|202224
5502;10023;13/06/2022;202224;474;5628,75;;SUPER;;NFK|5502|10023|202224
5502;10047;13/06/2022;202224;238;2677,50;;SUPER;;NFK|5502|10047|202224
5502;10112;13/06/2022;202224;179;3792,56;;SUPER;;NFK|5502|10112|202224
5502;10310;13/06/2022;202224;109;2929,38;;SUPER;;NFK|5502|10310|202224
5502;11020;13/06/2022;202224;377;7045,19;;SUPER;;NFK|5502|11020|202224
5502;11085;13/06/2022;202224;227;2539,56;;SUPER;;NFK|5502|11085|202224
5502;11142;13/06/2022;202224;131;3266,81;;SUPER;;NFK|5502|11142|202224
5502;12004;13/06/2022;202224;197;7880,00;;SUPER;;NFK|5502|12004|202224
5502;12066;13/06/2022;202224;127;7699,38;;SUPER;;NFK|5502|12066|202224
5502;12190;13/06/2022;202224;109;2452,50;;SUPER;;NFK|5502|12190|202224
5502;20015;13/06/2022;202224;235;5977,81;;SUPER;C;NFK|5502|20015|202224
5502;20041;13/06/2022;202224;341;3111,62;;SUPER;A;NFK|5502|20041|202224
5502;20088;13/06/2022;202224;204;9282,00;MP;SUPER;B;NFK|5502|20088|202224
5502;20131;13/06/2022;202224;127;2682,88;;SUPER;C;NFK|5502|20131|202224
5502;30012;13/06/2022;202224;97;1570,19;;SUPER;;NFK|5502|30012|202224
5502;30077;13/06/2022;202224;141;7402,50;;SUPER;;NFK|5502|30077|202224
5502;30154;13/06/2022;202224;98;1653,75;;SUPER;;NFK|5502|30154|202224
5502;30209;13/06/2022;202224;119;4455,06;;SUPER;;NFK|5502|30209|202224
5511;10023;13/06/2022;202224;147;1745,62;;PARTNER;;NFK|5511|10023|202224
5511;10047;13/06/2022;202224;115;1293,75;;PARTNER;;NFK|5511|10047|202224
5511;10112;13/06/2022;202224;67;1419,56;;PARTNER;;NFK|5511|10112|202224
5511;10310;13/06/2022;202224;50;1343,75;;PARTNER;;NFK|5511|10310|202224
5511;11020;13/06/2022;202224;120;2242,50;;PARTNER;;NFK|5511|11020|202224
5511;11085;13/06/2022;202224;71;794,31;;PARTNER;;NFK|5511|11085|202224
5511;11142;13/06/2022;202224;51;1271,81;;PARTNER;;NFK|5511|11142|202224
5511;12004;13/06/2022;202224;64;2560,00;;PARTNER;;NFK|5511|12004|202224
5511;12066;13/06/2022;202224;48;2910,00;;PARTNER;;NFK|5511|12066|202224
5511;12190;13/06/2022;202224;40;900,00;;PARTNER;;NFK|5511|12190|202224
5511;20015;13/06/2022;202224;109;2772,69;;PARTNER;C;NFK|5511|20015|202224
5511;20041;13/06/2022;202224;118;1076,75;;PARTNER;A;NFK|5511|20041|202224
5511;20088;13/06/2022;202224;92;4186,00;MP;PARTNER;B;NFK|5511|20088|202224
5511;20131;13/06/2022;202224;44;929,50;;PARTNER;C;NFK|5511|20131|202224
5511;30012;13/06/2022;202224;39;631,31;;PARTNER;;NFK|5511|30012|202224
5511;30077;13/06/2022;202224;59;3097,50;;PARTNER;;NFK|5511|30077|202224
5511;30154;13/06/2022;202224;42;708,75;;PARTNER;;NFK|5511|30154|202224
5511;30209;13/06/2022;202224;44;1647,25;;PARTNER;;NFK|5511|30209|202224
9001;10023;13/06/2022;202224;24;285,00;;DEPOT;;NFK|9001|10023|202224
9001;10047;13/06/2022;202224;15;168,75;;DEPOT;;NFK|9001|10047|202224
9001;10112;13/06/2022;202224;8;169,50;;DEPOT;;NFK|9001|10112|202224
9001;10310;13/06/2022;202224;6;161,25;;DEPOT;;NFK|9001|10310|202224
9001;11020;13/06/2022;202224;20;373,75;;DEPOT;;NFK|9001|11020|202224
9001;11085;13/06/2022;202224;11;123,06;;DEPOT;;NFK|9001|11085|202224
9001;11142;13/06/2022;202224;8;199,50;;DEPOT;;NFK|9001|11142|202224
9001;12004;13/06/2022;202224;10;400,00;;DEPOT;;NFK|9001|12004|202224
9001;12066;13/06/2022;202224;7;424,38;;DEPOT;;NFK|9001|12066|202224
9001;12190;13/06/2022;202224;0;0,00;;DEPOT;;NFK|9001|12190|202224
9001;20015;13/06/2022;202224;12;305,25;;DEPOT;C;NFK|9001|20015|202224
9001;20041;13/06/2022;202224;18;164,25;;DEPOT;A;NFK|9001|20041|202224
9001;20088;13/06/2022;202224;11;500,50;MP;DEPOT;B;NFK|9001|20088|202224
9001;20131;13/06/2022;202224;6;126,75;;DEPOT;C;NFK|9001|20131|202224
9001;30012;13/06/2022;202224;5;80,94;;DEPOT;;NFK|9001|30012|202224
9001;30077;13/06/2022;202224;7;367,50;;DEPOT;;NFK|9001|30077|202224
9001;30154;13/06/2022;202224;6;101,25;;DEPOT;;NFK|9001|30154|202224
9001;30209;13/06/2022;202224;8;299,50;;DEPOT;;NFK|9001|30209|202224
1101;10023;20/06/2022;202225;418;4963,75;;SUPER;;NFK|1101|10023|202225
1101;10047;20/06/2022;202225;278;3127,50;;SUPER;;NFK|1101|10047|202225
1101;10112;20/06/2022;202225;190;4025,62;;SUPER;;NFK|1101|10112|202225
1101;10310;20/06/2022;202225;126;3386,25;;SUPER;;NFK|1101|10310|202225
1101;11020;20/06/2022;202225;331;6185,56;;SUPER;;NFK|1101|11020|202225
1101;11085;20/06/2022;202225;221;2472,44;;SUPER;;NFK|1101|11085|202225
1101;11142;20/06/2022;202225;175;4364,06;;SUPER;;NFK|1101|11142|202225
1101;12004;20/06/2022;202225;222;8880,00;;SUPER;;NFK|1101|12004|202225
1101;12066;20/06/2022;202225;138;8366,25;;SUPER;;NFK|1101|12066|202225
1101;12190;20/06/2022;202225;194;3273,75;3F2;SUPER;;NFK|1101|12190|202225
1101;20015;20/06/2022;202225;264;6715,50;;SUPER;C;NFK|1101|20015|202225
1101;20041;20/06/2022;202225;380;3467,50;;SUPER;A;NFK|1101|20041|202225
1101;20088;20/06/2022;202225;164;9266,00;;SUPER;B;NFK|1101|20088|202225
1101;20131;20/06/2022;202225;135;2851,88;;SUPER;C;NFK|1101|20131|202225
1101;30012;20/06/2022;202225;88;1424,50;;SUPER;;NFK|1101|30012|202225
1101;30077;20/06/2022;202225;203;7993,12;KUPON;SUPER;;NFK|1101|30077|202225
1101;30154;20/06/2022;202225;123;2075,62;;SUPER;;NFK|1101|30154|202225
1101;30209;20/06/2022;202225;131;4904,31;;SUPER;;NFK|1101|30209|202225
1101;99001;20/06/2022;202225;7;0,00;;SUPER;;NFK|1101|99001|202225
1102;10023;20/06/2022;202225;441;5236,88;;SUPER;;NFK|1102|10023|202225
1102;10047;20/06/2022;202225;277;3116,25;;SUPER;;NFK|1102|10047|202225
1102;10112;20/06/2022;202225;143;3029,81;;SUPER;;NFK|1102|10112|202225
1102;10310;20/06/2022;202225;141;3789,38;;SUPER;;NFK|1102|10310|202225
1102;11020;20/06/2022;202225;317;5923,94;;SUPER;;NFK|1102|11020|202225
1102;11085;20/06/2022;202225;211;2360,56;;SUPER;;NFK|1102|11085|202225
1102;11142;20/06/2022;202225;161;4014,94;;SUPER;;NFK|1102|11142|202225
1102;12004;20/06/2022;202225;161;6440,00;;SUPER;;NFK|1102|12004|202225
1102;12066;20/06/2022;202225;121;7335,62;;SUPER;;NFK|1102|12066|202225
1102;12190;20/06/2022;202225;180;3037,50;3F2;SUPER;;NFK|1102|12190|202225
1102;20015;20/06/2022;202225;262;6664,62;;SUPER;C;NFK|1102|20015|202225
1102;20041;20/06/2022;202225;287;2618,88;;SUPER;A;NFK|1102|20041|202225
1102;20088;20/06/2022;202225;186;10509,00;;SUPER;B;NFK|1102|20088|202225
1102;20131;20/06/2022;202225;104;2197,00;;SUPER;C;NFK|1102|20131|202225
1102;30012;20/06/2022;202225;99;1602,56;;SUPER;;NFK|1102|30012|202225
1102;30077;20/06/2022;202225;195;7678,12;KUPON;SUPER;;NFK|1102|30077|202225
1102;30154;20/06/2022;202225;108;1822,50;;SUPER;;NFK|1102|30154|202225
1102;30209;20/06/2022;202225;115;4305,31;;SUPER;;NFK|1102|30209|202225
1103;10023;20/06/2022;202225;209;2481,88;;NAER;;NFK|1103|10023|202225
1103;10047;20/06/2022;202225;128;1440,00;;NAER;;NFK|1103|10047|202225
1103;10112;20/06/2022;202225;80;1695,00;;NAER;;NFK|1103|10112|202225
1103;10310;20/06/2022;202225;72;1935,00;;NAER;;NFK|1103|10310|202225
1103;11020;20/06/2022;202225;202;3774,87;;NAER;;NFK|1103|11020|202225
1103;11085;20/06/2022;202225;115;1286,56;;NAER;;NFK|1103|11085|202225
1103;11142;20/06/2022;202225;80;1995,00;;NAER;;NFK|1103|11142|202225
1103;12004;20/06/2022;202225;109;4360,00;;NAER;;NFK|1103|12004|202225
1103;12066;20/06/2022;202225;64;3880,00;;NAER;;NFK|1103|12066|202225
1103;12190;20/06/2022;202225;85;1434,38;3F2;NAER;;NFK|1103|12190|202225
1103;20015;20/06/2022;202225;130;3306,88;;NAER;C;NFK|1103|20015|202225
1103;20041;20/06/2022;202225;149;1359,62;;NAER;A;NFK|1103|20041|202225
1103;20088;20/06/2022;202225;90;5085,00;;NAER;B;NFK|1103|20088|202225
1103;20131;20/06/2022;202225;55;1161,88;;NAER;C;NFK|1103|20131|202225
1103;30012;20/06/2022;202225;45;728,44;;NAER;;NFK|1103|30012|202225
1103;30077;20/06/2022;202225;102;4016,25;KUPON;NAER;;NFK|1103|30077|202225
1103;30154;20/06/2022;202225;58;978,75;;NAER;;NFK|1103|30154|202225
1103;30209;20/06/2022;202225;70;2620,62;;NAER;;NFK|1103|30209|202225
1108;10023;20/06/2022;202225;934;11091,25;;HYPER;;NFK|1108|10023|202225
1108;10047;20/06/2022;202225;550;6187,50;;HYPER;;NFK|1108|10047|202225
1108;10112;20/06/2022;202225;293;6207,94;;HYPER;;NFK|1108|10112|202225
1108;10310;20/06/2022;202225;256;6880,00;;HYPER;;NFK|1108|10310|202225
1108;11020;20/06/2022;202225;725;13548,44;;HYPER;;NFK|1108|11020|202225
1108;11085;20/06/2022;202225;439;4911,31;;HYPER;;NFK|1108|11085|202225
1108;11142;20/06/2022;202225;333;8304,19;;HYPER;;NFK|1108|11142|202225
1108;12004;20/06/2022;202225;363;14520,00;;HYPER;;NFK|1108|12004|202225
1108;12066;20/06/2022;202225;286;17338,75;;HYPER;;NFK|1108|12066|202225
1108;12190;20/06/2022;202225;314;5298,75;3F2;HYPER;;NFK|1108|12190|202225
1108;20015;20/06/2022;202225;543;13812,56;;HYPER;C;NFK|1108|20015|202225
1108;20041;20/06/2022;202225;598;5456,75;;HYPER;A;NFK|1108|20041|202225
1108;20088;20/06/2022;202225;384;21696,00;;HYPER;B;NFK|1108|20088|202225
1108;20131;20/06/2022;202225;230;4858,75;;HYPER;C;NFK|1108|20131|202225
1108;30012;20/06/2022;202225;190;3075,62;;HYPER;;NFK|1108|30012|202225
1108;30077;20/06/2022;202225;336;13230,00;KUPON;HYPER;;NFK|1108|30077|202225
1108;30154;20/06/2022;202225;224;3780,00;;HYPER;;NFK|1108|30154|202225
1108;30209;20/06/2022;202225;288;10782,00;;HYPER;;NFK|1108|30209|202225
3104;10023;20/06/2022;202225;409;4856,88;;SUPER;;NFK|3104|10023|202225
3104;10047;20/06/2022;202225;264;2970,00;;SUPER;;NFK|3104|10047|202225
3104;10112;20/06/2022;202225;139;2945,06;;SUPER;;NFK|3104|10112|202225
3104;10310;20/06/2022;202225;120;3225,00;;SUPER;;NFK|3104|10310|202225
3104;11020;20/06/2022;202225;372;6951,75;;SUPER;;NFK|3104|11020|202225
3104;11085;20/06/2022;202225;216;2416,50;;SUPER;;NFK|3104|11085|202225
3104;11142;20/06/2022;202225;139;3466,31;;SUPER;;NFK|3104|11142|202225
3104;12004;20/06/2022;202225;193;7720,00;;SUPER;;NFK|3104|12004|202225
3104;12066;20/06/2022;202225;148;8972,50;;SUPER;;NFK|3104|12066|202225
3104;12190;20/06/2022;202225;171;2885,62;3F2;SUPER;;NFK|3104|12190|202225
3104;20015;20/06/2022;202225;271;6893,56;;SUPER;C;NFK|3104|20015|202225
3104;20041;20/06/2022;202225;343;3129,88;;SUPER;A;NFK|3104|20041|202225
3104;20088;20/06/2022;202225;174;9831,00;;SUPER;B;NFK|3104|20088|202225
3104;20131;20/06/2022;202225;122;2577,25;;SUPER;C;NFK|3104|20131|202225
3104;30012;20/06/2022;202225;91;1473,06;;SUPER;;NFK|3104|30012|202225
3104;30077;20/06/2022;202225;173;6811,88;KUPON;SUPER;;NFK|3104|30077|202225
3104;30154;20/06/2022;202225;86;1451,25;;SUPER;;NFK|3104|30154|202225
3104;30209;20/06/2022;202225;122;4567,38;;SUPER;;NFK|3104|30209|202225
3117;10023;20/06/2022;202225;176;2090,00;;NAER;;NFK|3117|10023|202225
3117;10047;20/06/2022;202225;119;1338,75;;NAER;;NFK|3117|10047|202225
3117;10112;20/06/2022;202225;63;1334,81;;NAER;;NFK|3117|10112|202225
3117;10310;20/06/2022;202225;59;1585,62;;NAER;;NFK|3117|10310|202225
3117;11020;20/06/2022;202225;149;2784,44;;NAER;;NFK|3117|11020|202225
3117;11085;20/06/2022;202225;81;906,19;;NAER;;NFK|3117|11085|202225
3117;11142;20/06/2022;202225;62;1546,12;;NAER;;NFK|3117|11142|202225
3117;12004;20/06/2022;202225;83;3320,00;;NAER;;NFK|3117|12004|202225
3117;12066;20/06/2022;202225;54;3273,75;;NAER;;NFK|3117|12066|202225
3117;12190;20/06/2022;202225;80;1350,00;3F2;NAER;;NFK|3117|12190|202225
3117;20015;20/06/2022;202225;106;2696,38;;NAER;C;NFK|3117|20015|202225
3117;20041;20/06/2022;202225;149;1359,62;;NAER;A;NFK|3117|20041|202225
3117;20088;20/06/2022;202225;75;4237,50;;NAER;B;NFK|3117|20088|202225
3117;20131;20/06/2022;202225;50;1056,25;;NAER;C;NFK|3117|20131|202225
3117;30012;20/06/2022;202225;40;647,50;;NAER;;NFK|3117|30012|202225
3117;30077;20/06/2022;202225;76;2992,50;KUPON;NAER;;NFK|3117|30077|202225
3117;30154;20/06/2022;202225;44;742,50;;NAER;;NFK|3117|30154|202225
3117;30209;20/06/2022;202225;51;1909,31;;NAER;;NFK|3117|30209|202225
3122;10023;20/06/2022;202225;134;1591,25;;FRANCHISE;;NFK|3122|10023|202225
3122;10047;20/06/2022;202225;89;1001,25;;FRANCHISE;;NFK|3122|10047|202225
3122;10112;20/06/2022;202225;55;1165,31;;FRANCHISE;;NFK|3122|10112|202225
3122;10310;20/06/2022;202225;40;1075,00;;FRANCHISE;;NFK|3122|10310|202225
3122;11020;20/06/2022;202225;105;1962,19;;FRANCHISE;;NFK|3122|11020|202225
3122;11085;20/06/2022;202225;59;660,06;;FRANCHISE;;NFK|3122|11085|202225
3122;11142;20/06/2022;202225;49;1221,94;;FRANCHISE;;NFK|3122|11142|202225
3122;12004;20/06/2022;202225;55;2200,00;;FRANCHISE;;NFK|3122|12004|202225
3122;12066;20/06/2022;202225;48;2910,00;;FRANCHISE;;NFK|3122|12066|202225
3122;12190;20/06/2022;202225;58;978,75;3F2;FRANCHISE;;NFK|3122|12190|202225
3122;20015;20/06/2022;202225;73;1856,94;;FRANCHISE;C;NFK|3122|20015|202225
3122;20041;20/06/2022;202225;101;921,62;;FRANCHISE;A;NFK|3122|20041|202225
3122;20088;20/06/2022;202225;63;3559,50;;FRANCHISE;B;NFK|3122|20088|202225
3122;20131;20/06/2022;202225;0;0,00;;FRANCHISE;C;NFK|3122|20131|202225
3122;30012;20/06/2022;202225;32;518,00;;FRANCHISE;;NFK|3122|30012|202225
3122;30077;20/06/2022;202225;54;2126,25;KUPON;FRANCHISE;;NFK|3122|30077|202225
3122;30154;20/06/2022;202225;37;624,38;;FRANCHISE;;NFK|3122|30154|202225
3122;30209;20/06/2022;202225;40;1497,50;;FRANCHISE;;NFK|3122|30209|202225
4201;10023;20/06/2022;202225;744;8835,00;;HYPER;;NFK|4201|10023|202225
4201;10047;20/06/2022;202225;521;5861,25;;HYPER;;NFK|4201|10047|202225
4201;10112;20/06/2022;202225;265;5614,69;;HYPER;;NFK|4201|10112|202225
4201;10310;20/06/2022;202225;198;5321,25;;HYPER;;NFK|4201|10310|202225
4201;11020;20/06/2022;202225;606;11324,62;;HYPER;;NFK|4201|11020|202225
4201;11085;20/06/2022;202225;370;4139,37;;HYPER;;NFK|4201|11085|202225
4201;11142;20/06/2022;202225;242;6034,88;;HYPER;;NFK|4201|11142|202225
4201;12004;20/06/2022;202225;299;11960,00;;HYPER;;NFK|4201|12004|202225
4201;12066;20/06/2022;202225;256;15520,00;;HYPER;;NFK|4201|12066|202225
4201;12190;20/06/2022;202225;263;4438,12;3F2;HYPER;;NFK|4201|12190|202225
4201;20015;20/06/2022;202225;403;10251,31;;HYPER;C;NFK|4201|20015|202225
4201;20041;20/06/2022;202225;521;4754,12;;HYPER;A;NFK|4201|20041|202225
4201;20088;20/06/2022;202225;281;15876,50;;HYPER;B;NFK|4201|20088|202225
4201;20131;20/06/2022;202225;230;4858,75;;HYPER;C;NFK|4201|20131|202225
4201;30012;20/06/2022;202225;170;2751,88;;HYPER;;NFK|4201|30012|202225
4201;30077;20/06/2022;202225;334;13151,25;KUPON;HYPER;;NFK|4201|30077|202225
4201;30154;20/06/2022;202225;176;2970,00;;HYPER;;NFK|4201|30154|202225
4201;30209;20/06/2022;202225;249;9321,94;;HYPER;;NFK|4201|30209|202225
4205;10023;20/06/2022;202225;452;5367,50;;SUPER;;NFK|4205|10023|202225
4205;10047;20/06/2022;202225;271;3048,75;;SUPER;;NFK|4205|10047|202225
4205;10112;20/06/2022;202225;154;3262,87;;SUPER;;NFK|4205|10112|202225
4205;10310;20/06/2022;202225;123;3305,62;;SUPER;;NFK|4205|10310|202225
4205;11020;20/06/2022;202225;369;6895,69;;SUPER;;NFK|4205|11020|202225
4205;11085;20/06/2022;202225;221;2472,44;;SUPER;;NFK|4205|11085|202225
4205;11142;20/06/2022;202225;140;3491,25;;SUPER;;NFK|4205|11142|202225
4205;12004;20/06/2022;202225;215;8600,00;;SUPER;;NFK|4205|12004|202225
4205;12066;20/06/2022;202225;145;8790,62;;SUPER;;NFK|4205|12066|202225
4205;12190;20/06/2022;202225;152;2565,00;3F2;SUPER;;NFK|4205|12190|202225
4205;20015;20/06/2022;202225;228;5799,75;;SUPER;C;NFK|4205|20015|202225
4205;20041;20/06/2022;202225;352;3212,00;;SUPER;A;NFK|4205|20041|202225
4205;20088;20/06/2022;202225;154;8701,00;;SUPER;B;NFK|4205|20088|202225
4205;20131;20/06/2022;202225;134;2830,75;;SUPER;C;NFK|4205|20131|202225
4205;30012;20/06/2022;202225;106;1715,87;;SUPER;;NFK|4205|30012|202225
4205;30077;20/06/2022;202225;172;6772,50;KUPON;SUPER;;NFK|4205|30077|202225
4205;30154;20/06/2022;202225;118;1991,25;;SUPER;;NFK|4205|30154|202225
4205;30209;20/06/2022;202225;125;4679,69;;SUPER;;NFK|4205|30209|202225
4218;10023;20/06/2022;202225;510;6056,25;;SUPER;;NFK|4218|10023|202225
4218;10047;20/06/2022;202225;267;3003,75;;SUPER;;NFK|4218|10047|202225
4218;10112;20/06/2022;202225;167;3538,31;;SUPER;;NFK|4218|10112|202225
4218;10310;20/06/2022;202225;125;3359,38;;SUPER;;NFK|4218|10310|202225
4218;11020;20/06/2022;202225;391;7306,81;;SUPER;;NFK|4218|11020|202225
4218;11085;20/06/2022;202225;250;2796,88;;SUPER;;NFK|4218|11085|202225
4218;11142;20/06/2022;202225;150;3740,62;;SUPER;;NFK|4218|11142|202225
4218;12004;20/06/2022;202225;223;8920,00;;SUPER;;NFK|4218|12004|202225
4218;12066;20/06/2022;202225;137;8305,62;;SUPER;;NFK|4218|12066|202225
4218;12190;20/06/2022;202225;179;3020,62;3F2;SUPER;;NFK|4218|12190|202225
4218;20015;20/06/2022;202225;266;6766,38;;SUPER;C;NFK|4218|20015|202225
4218;20041;20/06/2022;202225;351;3202,88;;SUPER;A;NFK|4218|20041|202225
4218;20088;20/06/2022;202225;169;9548,50;;SUPER;B;NFK|4218|20088|202225
4218;20131;20/06/2022;202225;122;2577,25;;SUPER;C;NFK|4218|20131|202225
4218;30012;20/06/2022;202225;87;1408,31;;SUPER;;NFK|4218|30012|202225
4218;30077;20/06/2022;202225;208;8190,00;KUPON;SUPER;;NFK|4218|30077|202225
4218;30154;20/06/2022;202225;123;2075,62;;SUPER;;NFK|4218|30154|202225
4218;30209;20/06/2022;202225;140;5241,25;;SUPER;;NFK|4218|30209|202225
5502;10023;20/06/2022;202225;478;5676,25;;SUPER;;NFK|5502|10023|202225
5502;10047;20/06/2022;202225;263;2958,75;;SUPER;;NFK|5502|10047|202225
5502;10112;20/06/2022;202225;151;3199,31;;SUPER;;NFK|5502|10112|202225
5502;10310;20/06/2022;202225;135;3628,12;;SUPER;;NFK|5502|10310|202225
5502;11020;20/06/2022;202225;319;5961,31;;SUPER;;NFK|5502|11020|202225
5502;11085;20/06/2022;202225;172;1924,25;;SUPER;;NFK|5502|11085|202225
5502;11142;20/06/2022;202225;155;3865,31;;SUPER;;NFK|5502|11142|202225
5502;12004;20/06/2022;202225;188;7520,00;;SUPER;;NFK|5502|12004|202225
5502;12066;20/06/2022;202225;132;8002,50;;SUPER;;NFK|5502|12066|202225
5502;12190;20/06/2022;202225;148;2497,50;3F2;SUPER;;NFK|5502|12190|202225
5502;20015;20/06/2022;202225;246;6257,62;;SUPER;C;NFK|5502|20015|202225
5502;20041;20/06/2022;202225;306;2792,25;;SUPER;A;NFK|5502|20041|202225
5502;20088;20/06/2022;202225;182;10283,00;;SUPER;B;NFK|5502|20088|202225
5502;20131;20/06/2022;202225;115;2429,38;;SUPER;C;NFK|5502|20131|202225
5502;30012;20/06/2022;202225;83;1343,56;;SUPER;;NFK|5502|30012|202225
5502;30077;20/06/2022;202225;204;8032,50;KUPON;SUPER;;NFK|5502|30077|202225
5502;30154;20/06/2022;202225;94;1586,25;;SUPER;;NFK|5502|30154|202225
5502;30209;20/06/2022;202225;117;4380,19;;SUPER;;NFK|5502|30209|202225
5511;10023;20/06/2022;202225;159;1888,12;;PARTNER;;NFK|5511|10023|202225
5511;10047;20/06/2022;202225;117;1316,25;;PARTNER;;NFK|5511|10047|202225
5511;10112;20/06/2022;202225;64;1356,00;;PARTNER;;NFK|5511|10112|202225
5511;10310;20/06/2022;202225;48;1290,00;;PARTNER;;NFK|5511|10310|202225
5511;11020;20/06/2022;202225;138;2578,88;;PARTNER;;NFK|5511|11020|202225
5511;11085;20/06/2022;202225;75;839,06;;PARTNER;;NFK|5511|11085|202225
5511;11142;20/06/2022;202225;59;1471,31;;PARTNER;;NFK|5511|11142|202225
5511;12004;20/06/2022;202225;68;2720,00;;PARTNER;;NFK|5511|12004|202225
5511;12066;20/06/2022;202225;52;3152,50;;PARTNER;;NFK|5511|12066|202225
5511;12190;20/06/2022;202225;71;1198,12;3F2;PARTNER;;NFK|5511|12190|202225
5511;20015;20/06/2022;202225;86;2187,62;;PARTNER;C;NFK|5511|20015|202225
5511;20041;20/06/2022;202225;132;1204,50;;PARTNER;A;NFK|5511|20041|202225
5511;20088;20/06/2022;202225;72;4068,00;;PARTNER;B;NFK|5511|20088|202225
5511;20131;20/06/2022;202225;49;1035,12;;PARTNER;C;NFK|5511|20131|202225
5511;30012;20/06/2022;202225;30;485,62;;PARTNER;;NFK|5511|30012|202225
5511;30077;20/06/2022;202225;69;2716,88;KUPON;PARTNER;;NFK|5511|30077|202225
5511;30154;20/06/2022;202225;39;658,12;;PARTNER;;NFK|5511|30154|202225
5511;30209;20/06/2022;202225;46;1722,12;;PARTNER;;NFK|5511|30209|202225
5511;99001;20/06/2022;202225;2;0,00;;PARTNER;;NFK|5511|99001|202225
9001;10023;20/06/2022;202225;26;308,75;;DEPOT;;NFK|9001|10023|202225
9001;10047;20/06/2022;202225;16;180,00;;DEPOT;;NFK|9001|10047|202225
9001;10112;20/06/2022;202225;8;169,50;;DEPOT;;NFK|9001|10112|202225
9001;10310;20/06/2022;202225;8;215,00;;DEPOT;;NFK|9001|10310|202225
9001;11020;20/06/2022;202225;22;411,12;;DEPOT;;NFK|9001|11020|202225
9001;11085;20/06/2022;202225;10;111,88;;DEPOT;;NFK|9001|11085|202225
9001;11142;20/06/2022;202225;9;224,44;;DEPOT;;NFK|9001|11142|202225
9001;12004;20/06/2022;202225;10;400,00;;DEPOT;;NFK|9001|12004|202225
9001;12066;20/06/2022;202225;8;485,00;;DEPOT;;NFK|9001|12066|202225
9001;12190;20/06/2022;202225;8;135,00;3F2;DEPOT;;NFK|9001|12190|202225
9001;20015;20/06/2022;202225;15;381,56;;DEPOT;C;NFK|9001|20015|202225
9001;20041;20/06/2022;202225;15;136,88;;DEPOT;A;NFK|9001|20041|202225
9001;20088;20/06/2022;202225;9;508,50;;DEPOT;B;NFK|9001|20088|202225
9001;20131;20/06/2022;202225;7;147,88;;DEPOT;C;NFK|9001|20131|202225
9001;30012;20/06/2022;202225;5;80,94;;DEPOT;;NFK|9001|30012|202225
9001;30077;20/06/2022;202225;9;354,38;KUPON;DEPOT;;NFK|9001|30077|202225
9001;30154;20/06/2022;202225;6;101,25;;DEPOT;;NFK|9001|30154|202225
9001;30209;20/06/2022;202225;7;262,06;;DEPOT;;NFK|9001|30209|202225
9001;99001;20/06/2022;202225;0;0,00;;DEPOT;;NFK|9001|99001|202225
1101;10023;27/06/2022;202226;529;6281,88;;SUPER;;NFK|1101|10023|202226
1101;10047;27/06/2022;202226;309;3476,25;;SUPER;;NFK|1101|10047|202226
1101;10112;27/06/2022;202226;186;3940,88;;SUPER;;NFK|1101|10112|202226
1101;10310;27/06/2022;202226;140;3762,50;;SUPER;;NFK|1101|10310|202226
1101;11020;27/06/2022;202226;381;7119,94;;SUPER;;NFK|1101|11020|202226
1101;11085;27/06/2022;202226;200;2237,50;;SUPER;;NFK|1101|11085|202226
1101;11142;27/06/2022;202226;171;4264,31;;SUPER;;NFK|1101|11142|202226
1101;12004;27/06/2022;202226;223;8920,00;;SUPER;;NFK|1101|12004|202226
1101;12066;27/06/2022;202226;133;8063,12;;SUPER;;NFK|1101|12066|202226
1101;12190;27/06/2022;202226;121;2722,50;;SUPER;;NFK|1101|12190|202226
1101;20015;27/06/2022;202226;402;10225,88;;SUPER;C;NFK|1101|20015|202226
1101;20041;27/06/2022;202226;396;3613,50;;SUPER;A;NFK|1101|20041|202226
1101;20088;27/06/2022;202226;209;11808,50;;SUPER;B;NFK|1101|20088|202226
1101;20131;27/06/2022;202226;167;3527,88;;SUPER;C;NFK|1101|20131|202226
1101;30012;27/06/2022;202226;94;1521,62;;SUPER;;NFK|1101|30012|202226
1101;30077;27/06/2022;202226;266;9356,55;3F2;SUPER;;NFK|1101|30077|202226
1101;30154;27/06/2022;202226;113;1906,88;;SUPER;;NFK|1101|30154|202226
1101;30209;27/06/2022;202226;165;5251,13;MP;SUPER;;NFK|1101|30209|202226
1102;10023;27/06/2022;202226;449;5331,88;;SUPER;;NFK|1102|10023|202226
1102;10047;27/06/2022;202226;243;2733,75;;SUPER;;NFK|1102|10047|202226
1102;10112;27/06/2022;202226;177;3750,19;;SUPER;;NFK|1102|10112|202226
1102;10310;27/06/2022;202226;131;3520,62;;SUPER;;NFK|1102|10310|202226
1102;11020;27/06/2022;202226;319;5961,31;;SUPER;;NFK|1102|11020|202226
1102;11085;27/06/2022;202226;181;2024,94;;SUPER;;NFK|1102|11085|202226
1102;11142;27/06/2022;202226;163;4064,81;;SUPER;;NFK|1102|11142|202226
1102;12004;27/06/2022;202226;189;7560,00;;SUPER;;NFK|1102|12004|202226
1102;12066;27/06/2022;202226;149;9033,12;;SUPER;;NFK|1102|12066|202226
1102;12190;27/06/2022;202226;97;2182,50;;SUPER;;NFK|1102|12190|202226
1102;20015;27/06/2022;202226;290;7376,88;;SUPER;C;NFK|1102|20015|202226
1102;20041;27/06/2022;202226;362;3303,25;;SUPER;A;NFK|1102|20041|202226
1102;20088;27/06/2022;202226;193;10904,50;;SUPER;B;NFK|1102|20088|202226
1102;20131;27/06/2022;202226;168;3549,00;;SUPER;C;NFK|1102|20131|202226
1102;30012;27/06/2022;202226;82;1327,37;;SUPER;;NFK|1102|30012|202226
1102;30077;27/06/2022;202226;279;9813,83;3F2;SUPER;;NFK|1102|30077|202226
1102;30154;27/06/2022;202226;93;1569,38;;SUPER;;NFK|1102|30154|202226
1102;30209;27/06/2022;202226;177;5633,02;MP;SUPER;;NFK|1102|30209|202226
1103;10023;27/06/2022;202226;208;2470,00;;NAER;;NFK|1103|10023|202226
1103;10047;27/06/2022;202226;139;1563,75;;NAER;;NFK|1103|10047|202226
1103;10112;27/06/2022;202226;88;1864,50;;NAER;;NFK|1103|10112|202226
1103;10310;27/06/2022;202226;68;1827,50;;NAER;;NFK|1103|10310|202226
1103;11020;27/06/2022;202226;159;2971,31;;NAER;;NFK|1103|11020|202226
1103;11085;27/06/2022;202226;92;1029,25;;NAER;;NFK|1103|11085|202226
1103;11142;27/06/2022;202226;71;1770,56;;NAER;;NFK|1103|11142|202226
1103;12004;27/06/2022;202226;94;3760,00;;NAER;;NFK|1103|12004|202226
1103;12066;27/06/2022;202226;63;3819,38;;NAER;;NFK|1103|12066|202226
1103;12190;27/06/2022;202226;55;1237,50;;NAER;;NFK|1103|12190|202226
1103;20015;27/06/2022;202226;149;3790,19;;NAER;C;NFK|1103|20015|202226
1103;20041;27/06/2022;202226;239;2180,88;;NAER;A;NFK|1103|20041|202226
1103;20088;27/06/2022;202226;111;6271,50;;NAER;B;NFK|1103|20088|202226
1103;20131;27/06/2022;202226;75;1584,38;;NAER;C;NFK|1103|20131|202226
1103;30012;27/06/2022;202226;48;777,00;;NAER;;NFK|1103|30012|202226
1103;30077;27/06/2022;202226;140;4924,50;3F2;NAER;;NFK|1103|30077|202226
1103;30154;27/06/2022;202226;55;928,12;;NAER;;NFK|1103|30154|202226
1103;30209;27/06/2022;202226;81;2577,83;MP;NAER;;NFK|1103|30209|202226
1108;10023;27/06/2022;202226;953;11316,88;;HYPER;;NFK|1108|10023|202226
1108;10047;27/06/2022;202226;613;6896,25;;HYPER;;NFK|1108|10047|202226
1108;10112;27/06/2022;202226;302;6398,62;;HYPER;;NFK|1108|10112|202226
1108;10310;27/06/2022;202226;244;6557,50;;HYPER;;NFK|1108|10310|202226
1108;11020;27/06/2022;202226;664;12408,50;;HYPER;;NFK|1108|11020|202226
1108;11085;27/06/2022;202226;370;4139,37;;HYPER;;NFK|1108|11085|202226
1108;11142;27/06/2022;202226;272;6783,00;;HYPER;;NFK|1108|11142|202226
1108;12004;27/06/2022;202226;424;16960,00;;HYPER;;NFK|1108|12004|202226
1108;12066;27/06/2022;202226;284;17217,50;;HYPER;;NFK|1108|12066|202226
1108;12190;27/06/2022;202226;204;4590,00;;HYPER;;NFK|1108|12190|202226
1108;20015;27/06/2022;202226;618;15720,38;;HYPER;C;NFK|1108|20015|202226
1108;20041;27/06/2022;202226;935;8531,88;;HYPER;A;NFK|1108|20041|202226
1108;20088;27/06/2022;202226;461;26046,50;;HYPER;B;NFK|1108|20088|202226
1108;20131;27/06/2022;202226;298;6295,25;;HYPER;C;NFK|1108|20131|202226
1108;30012;27/06/2022;202226;163;2638,56;;HYPER;;NFK|1108|30012|202226
1108;30077;27/06/2022;202226;502;17657,85;3F2;HYPER;;NFK|1108|30077|202226
1108;30154;27/06/2022;202226;174;2936,25;;HYPER;;NFK|1108|30154|202226
1108;30209;27/06/2022;202226;369;11743,42;MP;HYPER;;NFK|1108|30209|202226
3104;10023;27/06/2022;202226;399;4738,12;;SUPER;;NFK|3104|10023|202226
3104;10047;27/06/2022;202226;272;3060,00;;SUPER;;NFK|3104|10047|202226
3104;10112;27/06/2022;202226;136;2881,50;;SUPER;;NFK|3104|10112|202226
3104;10310;27/06/2022;202226;110;2956,25;;SUPER;;NFK|3104|10310|202226
3104;11020;27/06/2022;202226;358;6690,12;;SUPER;;NFK|3104|11020|202226
3104;11085;27/06/2022;202226;191;2136,81;;SUPER;;NFK|3104|11085|202226
3104;11142;27/06/2022;202226;150;3740,62;;SUPER;;NFK|3104|11142|202226
3104;12004;27/06/2022;202226;164;6560,00;;SUPER;;NFK|3104|12004|202226
3104;12066;27/06/2022;202226;116;7032,50;;SUPER;;NFK|3104|12066|202226
3104;12190;27/06/2022;202226;85;1912,50;;SUPER;;NFK|3104|12190|202226
3104;20015;27/06/2022;202226;301;7656,69;;SUPER;C;NFK|3104|20015|202226
3104;20041;27/06/2022;202226;426;3887,25;;SUPER;A;NFK|3104|20041|202226
3104;20088;27/06/2022;202226;190;10735,00;;SUPER;B;NFK|3104|20088|202226
3104;20131;27/06/2022;202226;145;3063,12;;SUPER;C;NFK|3104|20131|202226
3104;30012;27/06/2022;202226;92;1489,25;;SUPER;;NFK|3104|30012|202226
3104;30077;27/06/2022;202226;274;9637,95;3F2;SUPER;;NFK|3104|30077|202226
3104;30154;27/06/2022;202226;94;1586,25;;SUPER;;NFK|3104|30154|202226
3104;30209;27/06/2022;202226;171;5442,07;MP;SUPER;;NFK|3104|30209|202226
3104;99001;27/06/2022;202226;6;0,00;;SUPER;;NFK|3104|99001|202226
3117;10023;27/06/2022;202226;210;2493,75;;NAER;;NFK|3117|10023|202226
3117;10047;27/06/2022;202226;127;1428,75;;NAER;;NFK|3117|10047|202226
3117;10112;27/06/2022;202226;64;1356,00;;NAER;;NFK|3117|10112|202226
3117;10310;27/06/2022;202226;53;1424,38;;NAER;;NFK|3117|10310|202226
3117;11020;27/06/2022;202226;172;3214,25;;NAER;;NFK|3117|11020|202226
3117;11085;27/06/2022;202226;80;895,00;;NAER;;NFK|3117|11085|202226
3117;11142;27/06/2022;202226;58;1446,38;;NAER;;NFK|3117|11142|202226
3117;12004;27/06/2022;202226;94;3760,00;;NAER;;NFK|3117|12004|202226
3117;12066;27/06/2022;202226;60;3637,50;;NAER;;NFK|3117|12066|202226
3117;12190;27/06/2022;202226;44;990,00;;NAER;;NFK|3117|12190|202226
3117;20015;27/06/2022;202226;132;3357,75;;NAER;C;NFK|3117|20015|202226
3117;20041;27/06/2022;202226;162;1478,25;;NAER;A;NFK|3117|20041|202226
3117;20088;27/06/2022;202226;98;5537,00;;NAER;B;NFK|3117|20088|202226
3117;20131;27/06/2022;202226;70;1478,75;;NAER;C;NFK|3117|20131|202226
3117;30012;27/06/2022;202226;44;712,25;;NAER;;NFK|3117|30012|202226
3117;30077;27/06/2022;202226;104;3658,20;3F2;NAER;;NFK|3117|30077|202226
3117;30154;27/06/2022;202226;39;658,12;;NAER;;NFK|3117|30154|202226
3117;30209;27/06/2022;202226;82;2609,65;MP;NAER;;NFK|3117|30209|202226
3117;99001;27/06/2022;202226;3;0,00;;NAER;;NFK|3117|99001|202226
3122;10023;27/06/2022;202226;129;1531,88;;FRANCHISE;;NFK|3122|10023|202226
3122;10047;27/06/2022;202226;81;911,25;;FRANCHISE;;NFK|3122|10047|202226
3122;10112;27/06/2022;202226;56;1186,50;;FRANCHISE;;NFK|3122|10112|202226
3122;10310;27/06/2022;202226;37;994,38;;FRANCHISE;;NFK|3122|10310|202226
3122;11020;27/06/2022;202226;126;2354,62;;FRANCHISE;;NFK|3122|11020|202226
3122;11085;27/06/2022;202226;74;827,88;;FRANCHISE;;NFK|3122|11085|202226
3122;11142;27/06/2022;202226;46;1147,12;;FRANCHISE;;NFK|3122|11142|202226
3122;12004;27/06/2022;202226;60;2400,00;;FRANCHISE;;NFK|3122|12004|202226
3122;12066;27/06/2022;202226;50;3031,25;;FRANCHISE;;NFK|3122|12066|202226
3122;12190;27/06/2022;202226;29;652,50;;FRANCHISE;;NFK|3122|12190|202226
3122;20015;27/06/2022;202226;94;2391,12;;FRANCHISE;C;NFK|3122|20015|202226
3122;20041;27/06/2022;202226;130;1186,25;;FRANCHISE;A;NFK|3122|20041|202226
3122;20088;27/06/2022;202226;78;4407,00;;FRANCHISE;B;NFK|3122|20088|202226
3122;20131;27/06/2022;202226;52;1098,50;;FRANCHISE;C;NFK|3122|20131|202226
3122;30012;27/06/2022;202226;32;518,00;;FRANCHISE;;NFK|3122|30012|202226
3122;30077;27/06/2022;202226;76;2673,30;3F2;FRANCHISE;;NFK|3122|30077|202226
3122;30154;27/06/2022;202226;29;489,38;;FRANCHISE;;NFK|3122|30154|202226
3122;30209;27/06/2022;202226;60;1909,50;MP;FRANCHISE;;NFK|3122|30209|202226
3122;99001;27/06/2022;202226;2;0,00;;FRANCHISE;;NFK|3122|99001|202226
4201;10023;27/06/2022;202226;749;8894,38;;HYPER;;NFK|4201|10023|202226
4201;10047;27/06/2022;202226;420;4725,00;;HYPER;;NFK|4201|10047|202226
4201;10112;27/06/2022;202226;262;5551,12;;HYPER;;NFK|4201|10112|202226
4201;10310;27/06/2022;202226;205;5509,38;;HYPER;;NFK|4201|10310|202226
4201;11020;27/06/2022;202226;618;11548,88;;HYPER;;NFK|4201|11020|202226
4201;11085;27/06/2022;202226;317;3546,44;;HYPER;;NFK|4201|11085|202226
4201;11142;27/06/2022;202226;248;6184,50;;HYPER;;NFK|4201|11142|202226
4201;12004;27/06/2022;202226;361;14440,00;;HYPER;;NFK|4201|12004|202226
4201;12066;27/06/2022;202226;233;14125,62;;HYPER;;NFK|4201|12066|202226
4201;12190;27/06/2022;202226;193;4342,50;;HYPER;;NFK|4201|12190|202226
4201;20015;27/06/2022;202226;635;16152,81;;HYPER;C;NFK|4201|20015|202226
4201;20041;27/06/2022;202226;749;6834,62;;HYPER;A;NFK|4201|20041|202226
4201;20088;27/06/2022;202226;350;19775,00;;HYPER;B;NFK|4201|20088|202226
4201;20131;27/06/2022;202226;251;5302,38;;HYPER;C;NFK|4201|20131|202226
4201;30012;27/06/2022;202226;158;2557,62;;HYPER;;NFK|4201|30012|202226
4201;30077;27/06/2022;202226;395;13894,13;3F2;HYPER;;NFK|4201|30077|202226
4201;30154;27/06/2022;202226;164;2767,50;;HYPER;;NFK|4201|30154|202226
4201;30209;27/06/2022;202226;306;9738,45;MP;HYPER;;NFK|4201|30209|202226
4201;99001;27/06/2022;202226;12;0,00;;HYPER;;NFK|4201|99001|202226
4205;10023;27/06/2022;202226;436;5177,50;;SUPER;;NFK|4205|10023|202226
4205;10047;27/06/2022;202226;257;2891,25;;SUPER;;NFK|4205|10047|202226
4205;10112;27/06/2022;202226;146;3093,38;;SUPER;;NFK|4205|10112|202226
4205;10310;27/06/2022;202226;141;3789,38;;SUPER;;NFK|4205|10310|202226
4205;11020;27/06/2022;202226;387;7232,06;;SUPER;;NFK|4205|11020|202226
4205;11085;27/06/2022;202226;205;2293,44;;SUPER;;NFK|4205|11085|202226
4205;11142;27/06/2022;202226;145;3615,94;;SUPER;;NFK|4205|11142|202226
4205;12004;27/06/2022;202226;196;7840,00;;SUPER;;NFK|4205|12004|202226
4205;12066;27/06/2022;202226;137;8305,62;;SUPER;;NFK|4205|12066|202226
4205;12190;27/06/2022;202226;116;2610,00;;SUPER;;NFK|4205|12190|202226
4205;20015;27/06/2022;202226;367;9335,56;;SUPER;C;NFK|4205|20015|202226
4205;20041;27/06/2022;202226;405;3695,62;;SUPER;A;NFK|4205|20041|202226
4205;20088;27/06/2022;202226;205;11582,50;;SUPER;B;NFK|4205|20088|202226
4205;20131;27/06/2022;202226;171;3612,38;;SUPER;C;NFK|4205|20131|202226
4205;30012;27/06/2022;202226;81;1311,19;;SUPER;;NFK|4205|30012|202226
4205;30077;27/06/2022;202226;248;8723,40;3F2;SUPER;;NFK|4205|30077|202226
4205;30154;27/06/2022;202226;0;0,00;;SUPER;;NFK|4205|30154|202226
4205;30209;27/06/2022;202226;187;5951,28;MP;SUPER;;NFK|4205|30209|202226
4218;10023;27/06/2022;202226;527;6258,12;;SUPER;;NFK|4218|10023|202226
4218;10047;27/06/2022;202226;284;3195,00;;SUPER;;NFK|4218|10047|202226
4218;10112;27/06/2022;202226;199;4216,31;;SUPER;;NFK|4218|10112|202226
4218;10310;27/06/2022;202226;122;3278,75;;SUPER;;NFK|4218|10310|202226
4218;11020;27/06/2022;202226;350;6540,62;;SUPER;;NFK|4218|11020|202226
4218;11085;27/06/2022;202226;208;2327,00;;SUPER;;NFK|4218|11085|202226
4218;11142;27/06/2022;202226;173;4314,19;;SUPER;;NFK|4218|11142|202226
4218;12004;27/06/2022;202226;179;7160,00;;SUPER;;NFK|4218|12004|202226
4218;12066;27/06/2022;202226;140;8487,50;;SUPER;;NFK|4218|12066|202226
4218;12190;27/06/2022;202226;117;2632,50;;SUPER;;NFK|4218|12190|202226
4218;20015;27/06/2022;202226;339;8623,31;;SUPER;C;NFK|4218|20015|202226
4218;20041;27/06/2022;202226;485;4425,62;;SUPER;A;NFK|4218|20041|202226
4218;20088;27/06/2022;202226;244;13786,00;;SUPER;B;NFK|4218|20088|202226
4218;20131;27/06/2022;202226;168;3549,00;;SUPER;C;NFK|4218|20131|202226
4218;30012;27/06/2022;202226;97;1570,19;;SUPER;;NFK|4218|30012|202226
4218;30077;27/06/2022;202226;300;10552,50;3F2;SUPER;;NFK|4218|30077|202226
4218;30154;27/06/2022;202226;108;1822,50;;SUPER;;NFK|4218|30154|202226
4218;30209;27/06/2022;202226;166;5282,95;MP;SUPER;;NFK|4218|30209|202226
5502;10023;27/06/2022;202226;379;4500,62;;SUPER;;NFK|5502|10023|202226
5502;10047;27/06/2022;202226;294;3307,50;;SUPER;;NFK|5502|10047|202226
5502;10112;27/06/2022;202226;176;3729,00;;SUPER;;NFK|5502|10112|202226
5502;10310;27/06/2022;202226;116;3117,50;;SUPER;;NFK|5502|10310|202226
5502;11020;27/06/2022;202226;332;6204,25;;SUPER;;NFK|5502|11020|202226
5502;11085;27/06/2022;202226;201;2248,69;;SUPER;;NFK|5502|11085|202226
5502;11142;27/06/2022;202226;136;3391,50;;SUPER;;NFK|5502|11142|202226
5502;12004;27/06/2022;202226;180;7200,00;;SUPER;;NFK|5502|12004|202226
5502;12066;27/06/2022;202226;149;9033,12;;SUPER;;NFK|5502|12066|202226
5502;12190;27/06/2022;202226;87;1957,50;;SUPER;;NFK|5502|12190|202226
5502;20015;27/06/2022;202226;327;8318,06;;SUPER;C;NFK|5502|20015|202226
5502;20041;27/06/2022;202226;404;3686,50;;SUPER;A;NFK|5502|20041|202226
5502;20088;27/06/2022;202226;236;13334,00;;SUPER;B;NFK|5502|20088|202226
5502;20131;27/06/2022;202226;156;3295,50;;SUPER;C;NFK|5502|20131|202226
5502;30012;27/06/2022;202226;85;1375,94;;SUPER;;NFK|5502|30012|202226
5502;30077;27/06/2022;202226;239;8406,83;3F2;SUPER;;NFK|5502|30077|202226
5502;30154;27/06/2022;202226;106;1788,75;;SUPER;;NFK|5502|30154|202226
5502;30209;27/06/2022;202226;170;5410,25;MP;SUPER;;NFK|5502|30209|202226
5502;99001;27/06/2022;202226;7;0,00;;SUPER;;NFK|5502|99001|202226
5511;10023;27/06/2022;202226;144;1710,00;;PARTNER;;NFK|5511|10023|202226
5511;10047;27/06/2022;202226;118;1327,50;;PARTNER;;NFK|5511|10047|202226
5511;10112;27/06/2022;202226;67;1419,56;;PARTNER;;NFK|5511|10112|202226
5511;10310;27/06/2022;202226;44;1182,50;;PARTNER;;NFK|5511|10310|202226
5511;11020;27/06/2022;202226;135;2522,81;;PARTNER;;NFK|5511|11020|202226
5511;11085;27/06/2022;202226;85;950,94;;PARTNER;;NFK|5511|11085|202226
5511;11142;27/06/2022;202226;59;1471,31;;PARTNER;;NFK|5511|11142|202226
5511;12004;27/06/2022;202226;69;2760,00;;PARTNER;;NFK|5511|12004|202226
5511;12066;27/06/2022;202226;57;3455,62;;PARTNER;;NFK|5511|12066|202226
5511;12190;27/06/2022;202226;36;810,00;;PARTNER;;NFK|5511|12190|202226
5511;20015;27/06/2022;202226;118;3001,62;;PARTNER;C;NFK|5511|20015|202226
5511;20041;27/06/2022;202226;149;1359,62;;PARTNER;A;NFK|5511|20041|202226
5511;20088;27/06/2022;202226;89;5028,50;;PARTNER;B;NFK|5511|20088|202226
5511;20131;27/06/2022;202226;60;1267,50;;PARTNER;C;NFK|5511|20131|202226
5511;30012;27/06/2022;202226;33;534,19;;PARTNER;;NFK|5511|30012|202226
5511;30077;27/06/2022;202226;89;3130,57;3F2;PARTNER;;NFK|5511|30077|202226
5511;30154;27/06/2022;202226;34;573,75;;PARTNER;;NFK|5511|30154|202226
5511;30209;27/06/2022;202226;61;1941,32;MP;PARTNER;;NFK|5511|30209|202226
5511;99001;27/06/2022;202226;2;0,00;;PARTNER;;NFK|5511|99001|202226
9001;10023;27/06/2022;202226;22;261,25;;DEPOT;;NFK|9001|10023|202226
9001;10047;27/06/2022;202226;13;146,25;;DEPOT;;NFK|9001|10047|202226
9001;10112;27/06/2022;202226;9;190,69;;DEPOT;;NFK|9001|10112|202226
9001;10310;27/06/2022;202226;7;188,12;;DEPOT;;NFK|9001|10310|202226
9001;11020;27/06/2022;202226;17;317,69;;DEPOT;;NFK|9001|11020|202226
9001;11085;27/06/2022;202226;12;134,25;;DEPOT;;NFK|9001|11085|202226
9001;11142;27/06/2022;202226;8;199,50;;DEPOT;;NFK|9001|11142|202226
9001;12004;27/06/2022;202226;9;360,00;;DEPOT;;NFK|9001|12004|202226
9001;12066;27/06/2022;202226;8;485,00;;DEPOT;;NFK|9001|12066|202226
9001;12190;27/06/2022;202226;6;135,00;;DEPOT;;NFK|9001|12190|202226
9001;20015;27/06/2022;202226;19;483,31;;DEPOT;C;NFK|9001|20015|202226
9001;20041;27/06/2022;202226;25;228,12;;DEPOT;A;NFK|9001|20041|202226
9001;20088;27/06/2022;202226;12;678,00;;DEPOT;B;NFK|9001|20088|202226
9001;20131;27/06/2022;202226;9;190,12;;DEPOT;C;NFK|9001|20131|202226
9001;30012;27/06/2022;202226;5;80,94;;DEPOT;;NFK|9001|30012|202226
9001;30077;27/06/2022;202226;12;422,10;3F2;DEPOT;;NFK|9001|30077|202226
9001;30154;27/06/2022;202226;6;101,25;;DEPOT;;NFK|9001|30154|202226
9001;30209;27/06/2022;202226;9;286,43;MP;DEPOT;;NFK|9001|30209|202226
1101;10023;04/07/2022;202227;483;5735,62;;SUPER;;NFK|1101|10023|202227
1101;10047;04/07/2022;202227;284;3195,00;;SUPER;;NFK|1101|10047|202227
1101;10112;04/07/2022;202227;175;3707,81;;SUPER;;NFK|1101|10112|202227
1101;10310;04/07/2022;202227;121;3251,88;;SUPER;;NFK|1101|10310|202227
1101;11020;04/07/2022;202227;340;6353,75;;SUPER;;NFK|1101|11020|202227
1101;11085;04/07/2022;202227;226;2528,38;;SUPER;;NFK|1101|11085|202227
1101;11142;04/07/2022;202227;174;4339,12;;SUPER;;NFK|1101|11142|202227
1101;12004;04/07/2022;202227;217;8680,00;;SUPER;;NFK|1101|12004|202227
1101;12066;04/07/2022;202227;164;9942,50;;SUPER;;NFK|1101|12066|202227
1101;12190;04/07/2022;202227;101;2272,50;;SUPER;;NFK|1101|12190|202227
1101;20015;04/07/2022;202227;329;8368,94;;SUPER;C;NFK|1101|20015|202227
1101;20041;04/07/2022;202227;489;4462,12;;SUPER;A;NFK|1101|20041|202227
1101;20088;04/07/2022;202227;226;12769,00;;SUPER;B;NFK|1101|20088|202227
1101;20131;04/07/2022;202227;141;2978,62;;SUPER;C;NFK|1101|20131|202227
1101;30012;04/07/2022;202227;101;1634,94;;SUPER;;NFK|1101|30012|202227
1101;30077;04/07/2022;202227;244;8582,70;MP;SUPER;;NFK|1101|30077|202227
1101;30154;04/07/2022;202227;93;1569,38;;SUPER;;NFK|1101|30154|202227
1101;30209;04/07/2022;202227;122;4567,38;;SUPER;;NFK|1101|30209|202227
1102;10023;04/07/2022;202227;452;5367,50;;SUPER;;NFK|1102|10023|202227
1102;10047;04/07/2022;202227;277;3116,25;;SUPER;;NFK|1102|10047|202227
1102;10112;04/07/2022;202227;170;3601,88;;SUPER;;NFK|1102|10112|202227
1102;10310;04/07/2022;202227;117;3144,38;;SUPER;;NFK|1102|10310|202227
1102;11020;04/07/2022;202227;334;6241,62;;SUPER;;NFK|1102|11020|202227
1102;11085;04/07/2022;202227;192;2148,00;;SUPER;;NFK|1102|11085|202227
1102;11142;04/07/2022;202227;148;3690,75;;SUPER;;NFK|1102|11142|202227
1102;12004;04/07/2022;202227;205;8200,00;;SUPER;;NFK|1102|12004|202227
1102;12066;04/07/2022;202227;152;9215,00;;SUPER;;NFK|1102|12066|202227
1102;12190;04/07/2022;202227;96;2160,00;;SUPER;;NFK|1102|12190|202227
1102;20015;04/07/2022;202227;282;7173,38;;SUPER;C;NFK|1102|20015|202227
1102;20041;04/07/2022;202227;374;3412,75;;SUPER;A;NFK|1102|20041|202227
1102;20088;04/07/2022;202227;239;13503,50;;SUPER;B;NFK|1102|20088|202227
1102;20131;04/07/2022;202227;163;3443,38;;SUPER;C;NFK|1102|20131|202227
1102;30012;04/07/2022;202227;91;1473,06;;SUPER;;NFK|1102|30012|202227
1102;30077;04/07/2022;202227;240;8442,00;MP;SUPER;;NFK|1102|30077|202227
1102;30154;04/07/2022;202227;107;1805,62;;SUPER;;NFK|1102|30154|202227
1102;30209;04/07/2022;202227;122;4567,38;;SUPER;;NFK|1102|30209|202227
1103;10023;04/07/2022;202227;215;2553,12;;NAER;;NFK|1103|10023|202227
1103;10047;04/07/2022;202227;132;1485,00;;NAER;;NFK|1103|10047|202227
1103;10112;04/07/2022;202227;72;1525,50;;NAER;;NFK|1103|10112|202227
1103;10310;04/07/2022;202227;72;1935,00;;NAER;;NFK|1103|10310|202227
1103;11020;04/07/2022;202227;189;3531,94;;NAER;;NFK|1103|11020|202227
1103;11085;04/07/2022;202227;105;1174,69;;NAER;;NFK|1103|11085|202227
1103;11142;04/07/2022;202227;75;1870,31;;NAER;;NFK|1103|11142|202227
1103;12004;04/07/2022;202227;95;3800,00;;NAER;;NFK|1103|12004|202227
1103;12066;04/07/2022;202227;69;4183,12;;NAER;;NFK|1103|12066|202227
1103;12190;04/07/2022;202227;59;1327,50;;NAER;;NFK|1103|12190|202227
1103;20015;04/07/2022;202227;170;4324,38;;NAER;C;NFK|1103|20015|202227
1103;20041;04/07/2022;202227;205;1870,62;;NAER;A;NFK|1103|20041|202227
1103;20088;04/07/2022;202227;103;5819,50;;NAER;B;NFK|1103|20088|202227
1103;20131;04/07/2022;202227;73;1542,12;;NAER;C;NFK|1103|20131|202227
1103;30012;04/07/2022;202227;47;760,81;;NAER;;NFK|1103|30012|202227
1103;30077;04/07/2022;202227;122;4291,35;MP;NAER;;NFK|1103|30077|202227
1103;30154;04/07/2022;202227;47;793,12;;NAER;;NFK|1103|30154|202227
1103;30209;04/07/2022;202227;61;2283,69;;NAER;;NFK|1103|30209|202227
1108;10023;04/07/2022;202227;821;9749,38;;HYPER;;NFK|1108|10023|202227
1108;10047;04/07/2022;202227;557;6266,25;;HYPER;;NFK|1108|10047|202227
1108;10112;04/07/2022;202227;328;6949,50;;HYPER;;NFK|1108|10112|202227
1108;10310;04/07/2022;202227;224;6020,00;;HYPER;;NFK|1108|10310|202227
1108;11020;04/07/2022;202227;737;13772,69;;HYPER;;NFK|1108|11020|202227
1108;11085;04/07/2022;202227;357;3993,94;;HYPER;;NFK|1108|11085|202227
1108;11142;04/07/2022;202227;310;7730,62;;HYPER;;NFK|1108|11142|202227
1108;12004;04/07/2022;202227;337;13480,00;;HYPER;;NFK|1108|12004|202227
1108;12066;04/07/2022;202227;264;16005,00;;HYPER;;NFK|1108|12066|202227
1108;12190;04/07/2022;202227;172;3870,00;;HYPER;;NFK|1108|12190|202227
1108;20015;04/07/2022;202227;637;16203,69;;HYPER;C;NFK|1108|20015|202227
1108;20041;04/07/2022;202227;856;7811,00;;HYPER;A;NFK|1108|20041|202227
1108;20088;04/07/2022;202227;468;26442,00;;HYPER;B;NFK|1108|20088|202227
1108;20131;04/07/2022;202227;263;5555,88;;HYPER;C;NFK|1108|20131|202227
1108;30012;04/07/2022;202227;165;2670,94;;HYPER;;NFK|1108|30012|202227
1108;30077;04/07/2022;202227;389;13683,08;MP;HYPER;;NFK|1108|30077|202227
1108;30154;04/07/2022;202227;182;3071,25;;HYPER;;NFK|1108|30154|202227
1108;30209;04/07/2022;202227;262;9808,62;;HYPER;;NFK|1108|30209|202227
3104;10023;04/07/2022;202227;374;4441,25;;SUPER;;NFK|3104|10023|202227
3104;10047;04/07/2022;202227;262;2947,50;;SUPER;;NFK|3104|10047|202227
3104;10112;04/07/2022;202227;166;3517,12;;SUPER;;NFK|3104|10112|202227
3104;10310;04/07/2022;202227;121;3251,88;;SUPER;;NFK|3104|10310|202227
3104;11020;04/07/2022;202227;305;5699,69;;SUPER;;NFK|3104|11020|202227
3104;11085;04/07/2022;202227;196;2192,75;;SUPER;;NFK|3104|11085|202227
3104;11142;04/07/2022;202227;143;3566,06;;SUPER;;NFK|3104|11142|202227
3104;12004;04/07/2022;202227;176;7040,00;;SUPER;;NFK|3104|12004|202227
3104;12066;04/07/2022;202227;135;8184,38;;SUPER;;NFK|3104|12066|202227
3104;12190;04/07/2022;202227;83;1867,50;;SUPER;;NFK|3104|12190|202227
3104;20015;04/07/2022;202227;301;7656,69;;SUPER;C;NFK|3104|20015|202227
3104;20041;04/07/2022;202227;416;3796,00;;SUPER;A;NFK|3104|20041|202227
3104;20088;04/07/2022;202227;231;13051,50;;SUPER;B;NFK|3104|20088|202227
3104;20131;04/07/2022;202227;129;2725,12;;SUPER;C;NFK|3104|20131|202227
3104;30012;04/07/2022;202227;91;1473,06;;SUPER;;NFK|3104|30012|202227
3104;30077;04/07/2022;202227;114;5985,00;;SUPER;;NFK|3104|30077|202227
3104;30154;04/07/2022;202227;108;1822,50;;SUPER;;NFK|3104|30154|202227
3104;30209;04/07/2022;202227;135;5054,06;;SUPER;;NFK|3104|30209|202227
3117;10023;04/07/2022;202227;206;2446,25;;NAER;;NFK|3117|10023|202227
3117;10047;04/07/2022;202227;117;1316,25;;NAER;;NFK|3117|10047|202227
3117;10112;04/07/2022;202227;79;1673,81;;NAER;;NFK|3117|10112|202227
3117;10310;04/07/2022;202227;50;1343,75;;NAER;;NFK|3117|10310|202227
3117;11020;04/07/2022;202227;144;2691,00;;NAER;;NFK|3117|11020|202227
3117;11085;04/07/2022;202227;80;895,00;;NAER;;NFK|3117|11085|202227
3117;11142;04/07/2022;202227;64;1596,00;;NAER;;NFK|3117|11142|202227
3117;12004;04/07/2022;202227;82;3280,00;;NAER;;NFK|3117|12004|202227
3117;12066;04/07/2022;202227;57;3455,62;;NAER;;NFK|3117|12066|202227
3117;12190;04/07/2022;202227;48;1080,00;;NAER;;NFK|3117|12190|202227
3117;20015;04/07/2022;202227;127;3230,56;;NAER;C;NFK|3117|20015|202227
3117;20041;04/07/2022;202227;160;1460,00;;NAER;A;NFK|3117|20041|202227
3117;20088;04/07/2022;202227;86;4859,00;;NAER;B;NFK|3117|20088|202227
3117;20131;04/07/2022;202227;64;1352,00;;NAER;C;NFK|3117|20131|202227
3117;30012;04/07/2022;202227;39;631,31;;NAER;;NFK|3117|30012|202227
3117;30077;04/07/2022;202227;55;2887,50;;NAER;;NFK|3117|30077|202227
3117;30154;04/07/2022;202227;48;810,00;;NAER;;NFK|3117|30154|202227
3117;30209;04/07/2022;202227;56;2096,50;;NAER;;NFK|3117|30209|202227
3117;99001;04/07/2022;202227;3;0,00;;NAER;;NFK|3117|99001|202227
3122;10023;04/07/2022;202227;145;1721,88;;FRANCHISE;;NFK|3122|10023|202227
3122;10047;04/07/2022;202227;78;877,50;;FRANCHISE;;NFK|3122|10047|202227
3122;10112;04/07/2022;202227;46;974,62;;FRANCHISE;;NFK|3122|10112|202227
3122;10310;04/07/2022;202227;40;1075,00;;FRANCHISE;;NFK|3122|10310|202227
3122;11020;04/07/2022;202227;109;2036,94;;FRANCHISE;;NFK|3122|11020|202227
3122;11085;04/07/2022;202227;58;648,87;;FRANCHISE;;NFK|3122|11085|202227
3122;11142;04/07/2022;202227;44;1097,25;;FRANCHISE;;NFK|3122|11142|202227
3122;12004;04/07/2022;202227;64;2560,00;;FRANCHISE;;NFK|3122|12004|202227
3122;12066;04/07/2022;202227;45;2728,12;;FRANCHISE;;NFK|3122|12066|202227
3122;12190;04/07/2022;202227;37;832,50;;FRANCHISE;;NFK|3122|12190|202227
3122;20015;04/07/2022;202227;111;2823,56;;FRANCHISE;C;NFK|3122|20015|202227
3122;20041;04/07/2022;202227;123;1122,38;;FRANCHISE;A;NFK|3122|20041|202227
3122;20088;04/07/2022;202227;67;3785,50;;FRANCHISE;B;NFK|3122|20088|202227
3122;20131;04/07/2022;202227;46;971,75;;FRANCHISE;C;NFK|3122|20131|202227
3122;30012;04/07/2022;202227;28;453,25;;FRANCHISE;;NFK|3122|30012|202227
3122;30077;04/07/2022;202227;44;2310,00;;FRANCHISE;;NFK|3122|30077|202227
3122;30154;04/07/2022;202227;29;489,38;;FRANCHISE;;NFK|3122|30154|202227
3122;30209;04/07/2022;202227;45;1684,69;;FRANCHISE;;NFK|3122|30209|202227
4201;10023;04/07/2022;202227;788;9357,50;;HYPER;;NFK|4201|10023|202227
4201;10047;04/07/2022;202227;532;5985,00;;HYPER;;NFK|4201|10047|202227
4201;10112;04/07/2022;202227;259;5487,56;;HYPER;;NFK|4201|10112|202227
4201;10310;04/07/2022;202227;231;6208,12;;HYPER;;NFK|4201|10310|202227
4201;11020;04/07/2022;202227;591;11044,31;;HYPER;;NFK|4201|11020|202227
4201;11085;04/07/2022;202227;334;3736,62;;HYPER;;NFK|4201|11085|202227
4201;11142;04/07/2022;202227;260;6483,75;;HYPER;;NFK|4201|11142|202227
4201;12004;04/07/2022;202227;353;14120,00;;HYPER;;NFK|4201|12004|202227
4201;12066;04/07/2022;202227;227;13761,88;;HYPER;;NFK|4201|12066|202227
4201;12190;04/07/2022;202227;166;3735,00;;HYPER;;NFK|4201|12190|202227
4201;20015;04/07/2022;202227;497;12642,44;;HYPER;C;NFK|4201|20015|202227
4201;20041;04/07/2022;202227;1520;10792,00;AVIS;HYPER;A;NFK|4201|20041|202227
4201;20088;04/07/2022;202227;329;18588,50;;HYPER;B;NFK|4201|20088|202227
4201;20131;04/07/2022;202227;252;5323,50;;HYPER;C;NFK|4201|20131|202227
4201;30012;04/07/2022;202227;150;2428,12;;HYPER;;NFK|4201|30012|202227
4201;30077;04/07/2022;202227;424;14914,20;MP;HYPER;;NFK|4201|30077|202227
4201;30154;04/07/2022;202227;174;2936,25;;HYPER;;NFK|4201|30154|202227
4201;30209;04/07/2022;202227;246;9209,62;;HYPER;;NFK|4201|30209|202227
4205;10023;04/07/2022;202227;408;4845,00;;SUPER;;NFK|4205|10023|202227
4205;10047;04/07/2022;202227;243;2733,75;;SUPER;;NFK|4205|10047|202227
4205;10112;04/07/2022;202227;169;3580,69;;SUPER;;NFK|4205|10112|202227
4205;10310;04/07/2022;202227;146;3923,75;;SUPER;;NFK|4205|10310|202227
4205;11020;04/07/2022;202227;384;7176,00;;SUPER;;NFK|4205|11020|202227
4205;11085;04/07/2022;202227;181;2024,94;;SUPER;;NFK|4205|11085|202227
4205;11142;04/07/2022;202227;132;3291,75;;SUPER;;NFK|4205|11142|202227
4205;12004;04/07/2022;202227;207;8280,00;;SUPER;;NFK|4205|12004|202227
4205;12066;04/07/2022;202227;145;8790,62;;SUPER;;NFK|4205|12066|202227
4205;12190;04/07/2022;202227;108;2430,00;;SUPER;;NFK|4205|12190|202227
4205;20015;04/07/2022;202227;358;9106,62;;SUPER;C;NFK|4205|20015|202227
4205;20041;04/07/2022;202227;906;6432,60;AVIS;SUPER;A;NFK|4205|20041|202227
4205;20088;04/07/2022;202227;219;12373,50;;SUPER;B;NFK|4205|20088|202227
4205;20131;04/07/2022;202227;166;3506,75;;SUPER;C;NFK|4205|20131|202227
4205;30012;04/07/2022;202227;103;1667,31;;SUPER;;NFK|4205|30012|202227
4205;30077;04/07/2022;202227;224;7879,20;MP;SUPER;;NFK|4205|30077|202227
4205;30154;04/07/2022;202227;90;1518,75;;SUPER;;NFK|4205|30154|202227
4205;30209;04/07/2022;202227;120;4492,50;;SUPER;;NFK|4205|30209|202227
4218;10023;04/07/2022;202227;524;6222,50;;SUPER;;NFK|4218|10023|202227
4218;10047;04/07/2022;202227;274;3082,50;;SUPER;;NFK|4218|10047|202227
4218;10112;04/07/2022;202227;169;3580,69;;SUPER;;NFK|4218|10112|202227
4218;10310;04/07/2022;202227;137;3681,88;;SUPER;;NFK|4218|10310|202227
4218;11020;04/07/2022;202227;390;7288,12;;SUPER;;NFK|4218|11020|202227
4218;11085;04/07/2022;202227;243;2718,56;;SUPER;;NFK|4218|11085|202227
4218;11142;04/07/2022;202227;168;4189,50;;SUPER;;NFK|4218|11142|202227
4218;12004;04/07/2022;202227;229;9160,00;;SUPER;;NFK|4218|12004|202227
4218;12066;04/07/2022;202227;135;8184,38;;SUPER;;NFK|4218|12066|202227
4218;12190;04/07/2022;202227;98;2205,00;;SUPER;;NFK|4218|12190|202227
4218;20015;04/07/2022;202227;353;8979,44;;SUPER;C;NFK|4218|20015|202227
4218;20041;04/07/2022;202227;1026;7284,60;AVIS;SUPER;A;NFK|4218|20041|202227
4218;20088;04/07/2022;202227;250;14125,00;;SUPER;B;NFK|4218|20088|202227
4218;20131;04/07/2022;202227;150;3168,75;;SUPER;C;NFK|4218|20131|202227
4218;30012;04/07/2022;202227;111;1796,81;;SUPER;;NFK|4218|30012|202227
4218;30077;04/07/2022;202227;263;9251,02;MP;SUPER;;NFK|4218|30077|202227
4218;30154;04/07/2022;202227;124;2092,50;;SUPER;;NFK|4218|30154|202227
4218;30209;04/07/2022;202227;140;5241,25;;SUPER;;NFK|4218|30209|202227
5502;10023;04/07/2022;202227;444;5272,50;;SUPER;;NFK|5502|10023|202227
5502;10047;04/07/2022;202227;296;3330,00;;SUPER;;NFK|5502|10047|202227
5502;10112;04/07/2022;202227;137;2902,69;;SUPER;;NFK|5502|10112|202227
5502;10310;04/07/2022;202227;138;3708,75;;SUPER;;NFK|5502|10310|202227
5502;11020;04/07/2022;202227;365;6820,94;;SUPER;;NFK|5502|11020|202227
5502;11085;04/07/2022;202227;205;2293,44;;SUPER;;NFK|5502|11085|202227
5502;11142;04/07/2022;202227;135;3366,56;;SUPER;;NFK|5502|11142|202227
5502;12004;04/07/2022;202227;176;7040,00;;SUPER;;NFK|5502|12004|202227
5502;12066;04/07/2022;202227;151;9154,38;;SUPER;;NFK|5502|12066|202227
5502;12190;04/07/2022;202227;106;2385,00;;SUPER;;NFK|5502|12190|202227
5502;20015;04/07/2022;202227;290;7376,88;;SUPER;C;NFK|5502|20015|202227
5502;20041;04/07/2022;202227;823;5843,30;AVIS;SUPER;A;NFK|5502|20041|202227
5502;20088;04/07/2022;202227;197;11130,50;;SUPER;B;NFK|5502|20088|202227
5502;20131;04/07/2022;202227;143;3020,88;;SUPER;C;NFK|5502|20131|202227
5502;30012;04/07/2022;202227;90;1456,88;;SUPER;;NFK|5502|30012|202227
5502;30077;04/07/2022;202227;126;6615,00;;SUPER;;NFK|5502|30077|202227
5502;30154;04/07/2022;202227;102;1721,25;;SUPER;;NFK|5502|30154|202227
5502;30209;04/07/2022;202227;119;4455,06;;SUPER;;NFK|5502|30209|202227
5511;10023;04/07/2022;202227;150;1781,25;;PARTNER;;NFK|5511|10023|202227
5511;10047;04/07/2022;202227;90;1012,50;;PARTNER;;NFK|5511|10047|202227
5511;10112;04/07/2022;202227;61;1292,44;;PARTNER;;NFK|5511|10112|202227
5511;10310;04/07/2022;202227;54;1451,25;;PARTNER;;NFK|5511|10310|202227
5511;11020;04/07/2022;202227;133;2485,44;;PARTNER;;NFK|5511|11020|202227
5511;11085;04/07/2022;202227;76;850,25;;PARTNER;;NFK|5511|11085|202227
5511;11142;04/07/2022;202227;61;1521,19;;PARTNER;;NFK|5511|11142|202227
5511;12004;04/07/2022;202227;64;2560,00;;PARTNER;;NFK|5511|12004|202227
5511;12066;04/07/2022;202227;56;3395,00;;PARTNER;;NFK|5511|12066|202227
5511;12190;04/07/2022;202227;39;877,50;;PARTNER;;NFK|5511|12190|202227
5511;20015;04/07/2022;202227;122;3103,38;;PARTNER;C;NFK|5511|20015|202227
5511;20041;04/07/2022;202227;321;2279,10;AVIS;PARTNER;A;NFK|5511|20041|202227
5511;20088;04/07/2022;202227;82;4633,00;;PARTNER;B;NFK|5511|20088|202227
5511;20131;04/07/2022;202227;59;1246,38;;PARTNER;C;NFK|5511|20131|202227
5511;30012;04/07/2022;202227;33;534,19;;PARTNER;;NFK|5511|30012|202227
5511;30077;04/07/2022;202227;52;2730,00;;PARTNER;;NFK|5511|30077|202227
5511;30154;04/07/2022;202227;34;573,75;;PARTNER;;NFK|5511|30154|202227
5511;30209;04/07/2022;202227;53;1984,19;;PARTNER;;NFK|5511|30209|202227
9001;10023;04/07/2022;202227;25;296,88;;DEPOT;;NFK|9001|10023|202227
9001;10047;04/07/2022;202227;14;157,50;;DEPOT;;NFK|9001|10047|202227
9001;10112;04/07/2022;202227;8;169,50;;DEPOT;;NFK|9001|10112|202227
9001;10310;04/07/2022;202227;7;188,12;;DEPOT;;NFK|9001|10310|202227
9001;11020;04/07/2022;202227;21;392,44;;DEPOT;;NFK|9001|11020|202227
9001;11085;04/07/2022;202227;12;134,25;;DEPOT;;NFK|9001|11085|202227
9001;11142;04/07/2022;202227;8;199,50;;DEPOT;;NFK|9001|11142|202227
9001;12004;04/07/2022;202227;9;360,00;;DEPOT;;NFK|9001|12004|202227
9001;12066;04/07/2022;202227;8;485,00;;DEPOT;;NFK|9001|12066|202227
9001;12190;04/07/2022;202227;6;135,00;;DEPOT;;NFK|9001|12190|202227
9001;20015;04/07/2022;202227;19;483,31;;DEPOT;C;NFK|9001|20015|202227
9001;20041;04/07/2022;202227;23;209,88;;DEPOT;A;NFK|9001|20041|202227
9001;20088;04/07/2022;202227;12;678,00;;DEPOT;B;NFK|9001|20088|202227
9001;20131;04/07/2022;202227;9;190,12;;DEPOT;C;NFK|9001|20131|202227
9001;30012;04/07/2022;202227;4;64,75;;DEPOT;;NFK|9001|30012|202227
9001;30077;04/07/2022;202227;8;420,00;;DEPOT;;NFK|9001|30077|202227
9001;30154;04/07/2022;202227;6;101,25;;DEPOT;;NFK|9001|30154|202227
9001;30209;04/07/2022;202227;6;224,62;;DEPOT;;NFK|9001|30209|202227
1101;10023;11/07/2022;202228;501;5949,38;;SUPER;;NFK|1101|10023|202228
1101;10047;11/07/2022;202228;334;3757,50;;SUPER;;NFK|1101|10047|202228
1101;10112;11/07/2022;202228;175;3707,81;;SUPER;;NFK|1101|10112|202228
1101;10310;11/07/2022;202228;141;3789,38;;SUPER;;NFK|1101|10310|202228
1101;11020;11/07/2022;202228;337;6297,69;;SUPER;;NFK|1101|11020|202228
1101;11085;11/07/2022;202228;214;2394,12;;SUPER;;NFK|1101|11085|202228
1101;11142;11/07/2022;202228;141;3516,19;;SUPER;;NFK|1101|11142|202228
1101;12004;11/07/2022;202228;196;7840,00;;SUPER;;NFK|1101|12004|202228
1101;12066;11/07/2022;202228;133;8063,12;;SUPER;;NFK|1101|12066|202228
1101;12190;11/07/2022;202228;111;2497,50;;SUPER;;NFK|1101|12190|202228
1101;20015;11/07/2022;202228;367;9335,56;;SUPER;C;NFK|1101|20015|202228
1101;20041;11/07/2022;202228;436;3978,50;;SUPER;A;NFK|1101|20041|202228
1101;20088;11/07/2022;202228;268;15142,00;;SUPER;B;NFK|1101|20088|202228
1101;20131;11/07/2022;202228;144;3042,00;;SUPER;C;NFK|1101|20131|202228
1101;30012;11/07/2022;202228;83;1343,56;;SUPER;;NFK|1101|30012|202228
1101;30077;11/07/2022;202228;163;8557,50;;SUPER;;NFK|1101|30077|202228
1101;30154;11/07/2022;202228;119;2008,12;;SUPER;;NFK|1101|30154|202228
1101;30209;11/07/2022;202228;153;5727,94;;SUPER;;NFK|1101|30209|202228
1102;10023;11/07/2022;202228;369;4381,88;;SUPER;;NFK|1102|10023|202228
1102;10047;11/07/2022;202228;263;2958,75;;SUPER;;NFK|1102|10047|202228
1102;10112;11/07/2022;202228;178;3771,38;;SUPER;;NFK|1102|10112|202228
1102;10310;11/07/2022;202228;115;3090,62;;SUPER;;NFK|1102|10310|202228
1102;11020;11/07/2022;202228;371;6933,06;;SUPER;;NFK|1102|11020|202228
1102;11085;11/07/2022;202228;193;2159,19;;SUPER;;NFK|1102|11085|202228
1102;11142;11/07/2022;202228;161;4014,94;;SUPER;;NFK|1102|11142|202228
1102;12004;11/07/2022;202228;160;6400,00;;SUPER;;NFK|1102|12004|202228
1102;12066;11/07/2022;202228;144;8730,00;;SUPER;;NFK|1102|12066|202228
1102;12190;11/07/2022;202228;109;2452,50;;SUPER;;NFK|1102|12190|202228
1102;20015;11/07/2022;202228;287;7300,56;;SUPER;C;NFK|1102|20015|202228
1102;20041;11/07/2022;202228;458;4179,25;;SUPER;A;NFK|1102|20041|202228
1102;20088;11/07/2022;202228;200;11300,00;;SUPER;B;NFK|1102|20088|202228
1102;20131;11/07/2022;202228;151;3189,88;;SUPER;C;NFK|1102|20131|202228
1102;30012;11/07/2022;202228;100;1618,75;;SUPER;;NFK|1102|30012|202228
1102;30077;11/07/2022;202228;127;6667,50;;SUPER;;NFK|1102|30077|202228
1102;30154;11/07/2022;202228;97;1636,88;;SUPER;;NFK|1102|30154|202228
1102;30209;11/07/2022;202228;-14;-524,12;;SUPER;;NFK|1102|30209|202228
1102;99001;11/07/2022;202228;7;0,00;;SUPER;;NFK|1102|99001|202228
1103;10023;11/07/2022;202228;214;2541,25;;NAER;;NFK|1103|10023|202228
1103;10047;11/07/2022;202228;139;1563,75;;NAER;;NFK|1103|10047|202228
1103;10112;11/07/2022;202228;85;1800,94;;NAER;;NFK|1103|10112|202228
1103;10310;11/07/2022;202228;58;1558,75;;NAER;;NFK|1103|10310|202228
1103;11020;11/07/2022;202228;169;3158,19;;NAER;;NFK|1103|11020|202228
1103;11085;11/07/2022;202228;96;1074,00;;NAER;;NFK|1103|11085|202228
1103;11142;11/07/2022;202228;78;1945,12;;NAER;;NFK|1103|11142|202228
1103;12004;11/07/2022;202228;84;3360,00;;NAER;;NFK|1103|12004|202228
1103;12066;11/07/2022;202228;66;4001,25;;NAER;;NFK|1103|12066|202228
1103;12190;11/07/2022;202228;56;1260,00;;NAER;;NFK|1103|12190|202228
1103;20015;11/07/2022;202228;165;4197,19;;NAER;C;NFK|1103|20015|202228
1103;20041;11/07/2022;202228;188;1715,50;;NAER;A;NFK|1103|20041|202228
1103;20088;11/07/2022;202228;102;5763,00;;NAER;B;NFK|1103|20088|202228
1103;20131;11/07/2022;202228;79;1668,88;;NAER;C;NFK|1103|20131|202228
1103;30012;11/07/2022;202228;46;744,62;;NAER;;NFK|1103|30012|202228
1103;30077;11/07/2022;202228;65;3412,50;;NAER;;NFK|1103|30077|202228
1103;30154;11/07/2022;202228;46;776,25;;NAER;;NFK|1103|30154|202228
1103;30209;11/07/2022;202228;63;2358,56;;NAER;;NFK|1103|30209|202228
1103;99001;11/07/2022;202228;3;0,00;;NAER;;NFK|1103|99001|202228
1108;10023;11/07/2022;202228;746;8858,75;;HYPER;;NFK|1108|10023|202228
1108;10047;11/07/2022;202228;529;5951,25;;HYPER;;NFK|1108|10047|202228
1108;10112;11/07/2022;202228;305;6462,19;;HYPER;;NFK|1108|10112|202228
1108;10310;11/07/2022;202228;272;7310,00;;HYPER;;NFK|1108|10310|202228
1108;11020;11/07/2022;202228;606;11324,62;;HYPER;;NFK|1108|11020|202228
1108;11085;11/07/2022;202228;354;3960,37;;HYPER;;NFK|1108|11085|202228
1108;11142;11/07/2022;202228;279;6957,56;;HYPER;;NFK|1108|11142|202228
1108;12004;11/07/2022;202228;351;14040,00;;HYPER;;NFK|1108|12004|202228
1108;12066;11/07/2022;202228;268;16247,50;;HYPER;;NFK|1108|12066|202228
1108;12190;11/07/2022;202228;208;4680,00;;HYPER;;NFK|1108|12190|202228
1108;20015;11/07/2022;202228;674;17144,88;;HYPER;C;NFK|1108|20015|202228
1108;20041;11/07/2022;202228;718;6551,75;;HYPER;A;NFK|1108|20041|202228
1108;20088;11/07/2022;202228;405;22882,50;;HYPER;B;NFK|1108|20088|202228
1108;20131;11/07/2022;202228;257;5429,12;;HYPER;C;NFK|1108|20131|202228
1108;30012;11/07/2022;202228;199;3221,31;;HYPER;;NFK|1108|30012|202228
1108;30077;11/07/2022;202228;302;15855,00;;HYPER;;NFK|1108|30077|202228
1108;30154;11/07/2022;202228;221;3729,38;;HYPER;;NFK|1108|30154|202228
1108;30209;11/07/2022;202228;242;9059,88;;HYPER;;NFK|1108|30209|202228
3104;10023;11/07/2022;202228;375;4453,12;;SUPER;;NFK|3104|10023|202228
3104;10047;11/07/2022;202228;252;2835,00;;SUPER;;NFK|3104|10047|202228
3104;10112;11/07/2022;202228;136;2881,50;;SUPER;;NFK|3104|10112|202228
3104;10310;11/07/2022;202228;124;3332,50;;SUPER;;NFK|3104|10310|202228
3104;11020;11/07/2022;202228;344;6428,50;;SUPER;;NFK|3104|11020|202228
3104;11085;11/07/2022;202228;192;2148,00;;SUPER;;NFK|3104|11085|202228
3104;11142;11/07/2022;202228;135;3366,56;;SUPER;;NFK|3104|11142|202228
3104;12004;11/07/2022;202228;184;7360,00;;SUPER;;NFK|3104|12004|202228
3104;12066;11/07/2022;202228;130;7881,25;;SUPER;;NFK|3104|12066|202228
3104;12190;11/07/2022;202228;106;2385,00;;SUPER;;NFK|3104|12190|202228
3104;20015;11/07/2022;202228;281;7147,94;;SUPER;C;NFK|3104|20015|202228
3104;20041;11/07/2022;202228;439;4005,88;;SUPER;A;NFK|3104|20041|202228
3104;20088;11/07/2022;202228;191;10791,50;;SUPER;B;NFK|3104|20088|202228
3104;20131;11/07/2022;202228;152;3211,00;;SUPER;C;NFK|3104|20131|202228
3104;30012;11/07/2022;202228;82;1327,37;;SUPER;;NFK|3104|30012|202228
3104;30077;11/07/2022;202228;114;5985,00;;SUPER;;NFK|3104|30077|202228
3104;30154;11/07/2022;202228;102;1721,25;;SUPER;;NFK|3104|30154|202228
3104;30209;11/07/2022;202228;109;4080,69;;SUPER;;NFK|3104|30209|202228
3104;99001;11/07/2022;202228;6;0,00;;SUPER;;NFK|3104|99001|202228
3117;10023;11/07/2022;202228;178;2113,75;;NAER;;NFK|3117|10023|202228
3117;10047;11/07/2022;202228;128;1440,00;;NAER;;NFK|3117|10047|202228
3117;10112;11/07/2022;202228;79;1673,81;;NAER;;NFK|3117|10112|202228
3117;10310;11/07/2022;202228;60;1612,50;;NAER;;NFK|3117|10310|202228
3117;11020;11/07/2022;202228;157;2933,94;;NAER;;NFK|3117|11020|202228
3117;11085;11/07/2022;202228;80;895,00;;NAER;;NFK|3117|11085|202228
3117;11142;11/07/2022;202228;60;1496,25;;NAER;;NFK|3117|11142|202228
3117;12004;11/07/2022;202228;78;3120,00;;NAER;;NFK|3117|12004|202228
3117;12066;11/07/2022;202228;52;3152,50;;NAER;;NFK|3117|12066|202228
3117;12190;11/07/2022;202228;38;855,00;;NAER;;NFK|3117|12190|202228
3117;20015;11/07/2022;202228;134;3408,62;;NAER;C;NFK|3117|20015|202228
3117;20041;11/07/2022;202228;190;1733,75;;NAER;A;NFK|3117|20041|202228
3117;20088;11/07/2022;202228;90;5085,00;;NAER;B;NFK|3117|20088|202228
3117;20131;11/07/2022;202228;59;1246,38;;NAER;C;NFK|3117|20131|202228
3117;30012;11/07/2022;202228;39;631,31;;NAER;;NFK|3117|30012|202228
3117;30077;11/07/2022;202228;58;3045,00;;NAER;;NFK|3117|30077|202228
3117;30154;11/07/2022;202228;42;708,75;;NAER;;NFK|3117|30154|202228
3117;30209;11/07/2022;202228;53;1984,19;;NAER;;NFK|3117|30209|202228
3117;99001;11/07/2022;202228;3;0,00;;NAER;;NFK|3117|99001|202228
3122;10023;11/07/2022;202228;121;1436,88;;FRANCHISE;;NFK|3122|10023|202228
3122;10047;11/07/2022;202228;89;1001,25;;FRANCHISE;;NFK|3122|10047|202228
3122;10112;11/07/2022;202228;46;974,62;;FRANCHISE;;NFK|3122|10112|202228
3122;10310;11/07/2022;202228;44;1182,50;;FRANCHISE;;NFK|3122|10310|202228
3122;11020;11/07/2022;202228;100;1868,75;;FRANCHISE;;NFK|3122|11020|202228
3122;11085;11/07/2022;202228;57;637,69;;FRANCHISE;;NFK|3122|11085|202228
3122;11142;11/07/2022;202228;50;1246,88;;FRANCHISE;;NFK|3122|11142|202228
3122;12004;11/07/2022;202228;67;2680,00;;FRANCHISE;;NFK|3122|12004|202228
3122;12066;11/07/2022;202228;39;2364,38;;FRANCHISE;;NFK|3122|12066|202228
3122;12190;11/07/2022;202228;34;765,00;;FRANCHISE;;NFK|3122|12190|202228
3122;20015;11/07/2022;202228;104;2645,50;;FRANCHISE;C;NFK|3122|20015|202228
3122;20041;11/07/2022;202228;144;1314,00;;FRANCHISE;A;NFK|3122|20041|202228
3122;20088;11/07/2022;202228;63;3559,50;;FRANCHISE;B;NFK|3122|20088|202228
3122;20131;11/07/2022;202228;44;929,50;;FRANCHISE;C;NFK|3122|20131|202228
3122;30012;11/07/2022;202228;27;437,06;;FRANCHISE;;NFK|3122|30012|202228
3122;30077;11/07/2022;202228;38;1995,00;;FRANCHISE;;NFK|3122|30077|202228
3122;30154;11/07/2022;202228;31;523,12;;FRANCHISE;;NFK|3122|30154|202228
3122;30209;11/07/2022;202228;36;1347,75;;FRANCHISE;;NFK|3122|30209|202228
3122;99001;11/07/2022;202228;2;0,00;;FRANCHISE;;NFK|3122|99001|202228
4201;10023;11/07/2022;202228;749;8894,38;;HYPER;;NFK|4201|10023|202228
4201;10047;11/07/2022;202228;413;4646,25;;HYPER;;NFK|4201|10047|202228
4201;10112;11/07/2022;202228;237;5021,44;;HYPER;;NFK|4201|10112|202228
4201;10310;11/07/2022;202228;241;6476,88;;HYPER;;NFK|4201|10310|202228
4201;11020;11/07/2022;202228;588;10988,25;;HYPER;;NFK|4201|11020|202228
4201;11085;11/07/2022;202228;316;3535,25;;HYPER;;NFK|4201|11085|202228
4201;11142;11/07/2022;202228;273;6807,94;;HYPER;;NFK|4201|11142|202228
4201;12004;11/07/2022;202228;329;13160,00;;HYPER;;NFK|4201|12004|202228
4201;12066;11/07/2022;202228;234;14186,25;;HYPER;;NFK|4201|12066|202228
4201;12190;11/07/2022;202228;174;3915,00;;HYPER;;NFK|4201|12190|202228
4201;20015;11/07/2022;202228;492;12515,25;;HYPER;C;NFK|4201|20015|202228
4201;20041;11/07/2022;202228;803;7327,38;;HYPER;A;NFK|4201|20041|202228
4201;20088;11/07/2022;202228;333;18814,50;;HYPER;B;NFK|4201|20088|202228
4201;20131;11/07/2022;202228;257;5429,12;;HYPER;C;NFK|4201|20131|202228
4201;30012;11/07/2022;202228;172;2784,25;;HYPER;;NFK|4201|30012|202228
4201;30077;11/07/2022;202228;207;10867,50;;HYPER;;NFK|4201|30077|202228
4201;30154;11/07/2022;202228;148;2497,50;;HYPER;;NFK|4201|30154|202228
4201;30209;11/07/2022;202228;235;8797,81;;HYPER;;NFK|4201|30209|202228
4205;10023;11/07/2022;202228;433;5141,88;;SUPER;;NFK|4205|10023|202228
4205;10047;11/07/2022;202228;286;3217,50;;SUPER;;NFK|4205|10047|202228
4205;10112;11/07/2022;202228;164;3474,75;;SUPER;;NFK|4205|10112|202228
4205;10310;11/07/2022;202228;120;3225,00;;SUPER;;NFK|4205|10310|202228
4205;11020;11/07/2022;202228;394;7362,87;;SUPER;;NFK|4205|11020|202228
4205;11085;11/07/2022;202228;213;2382,94;;SUPER;;NFK|4205|11085|202228
4205;11142;11/07/2022;202228;161;4014,94;;SUPER;;NFK|4205|11142|202228
4205;12004;11/07/2022;202228;185;7400,00;;SUPER;;NFK|4205|12004|202228
4205;12066;11/07/2022;202228;139;8426,88;;SUPER;;NFK|4205|12066|202228
4205;12190;11/07/2022;202228;97;2182,50;;SUPER;;NFK|4205|12190|202228
4205;20015;11/07/2022;202228;347;8826,81;;SUPER;C;NFK|4205|20015|202228
4205;20041;11/07/2022;202228;372;3394,50;;SUPER;A;NFK|4205|20041|202228
4205;20088;11/07/2022;202228;208;11752,00;;SUPER;B;NFK|4205|20088|202228
4205;20131;11/07/2022;202228;167;3527,88;;SUPER;C;NFK|4205|20131|202228
4205;30012;11/07/2022;202228;101;1634,94;;SUPER;;NFK|4205|30012|202228
4205;30077;11/07/2022;202228;139;7297,50;;SUPER;;NFK|4205|30077|202228
4205;30154;11/07/2022;202228;96;1620,00;;SUPER;;NFK|4205|30154|202228
4205;30209;11/07/2022;202228;128;4792,00;;SUPER;;NFK|4205|30209|202228
4218;10023;11/07/2022;202228;462;5486,25;;SUPER;;NFK|4218|10023|202228
4218;10047;11/07/2022;202228;281;3161,25;;SUPER;;NFK|4218|10047|202228
4218;10112;11/07/2022;202228;181;3834,94;;SUPER;;NFK|4218|10112|202228
4218;10310;11/07/2022;202228;156;4192,50;;SUPER;;NFK|4218|10310|202228
4218;11020;11/07/2022;202228;391;7306,81;;SUPER;;NFK|4218|11020|202228
4218;11085;11/07/2022;202228;230;2573,12;;SUPER;;NFK|4218|11085|202228
4218;11142;11/07/2022;202228;166;4139,62;;SUPER;;NFK|4218|11142|202228
4218;12004;11/07/2022;202228;203;8120,00;;SUPER;;NFK|4218|12004|202228
4218;12066;11/07/2022;202228;139;8426,88;;SUPER;;NFK|4218|12066|202228
4218;12190;11/07/2022;202228;119;2677,50;;SUPER;;NFK|4218|12190|202228
4218;20015;11/07/2022;202228;343;8725,06;;SUPER;C;NFK|4218|20015|202228
4218;20041;11/07/2022;202228;465;4243,12;;SUPER;A;NFK|4218|20041|202228
4218;20088;11/07/2022;202228;263;14859,50;;SUPER;B;NFK|4218|20088|202228
4218;20131;11/07/2022;202228;145;3063,12;;SUPER;C;NFK|4218|20131|202228
4218;30012;11/07/2022;202228;87;1408,31;;SUPER;;NFK|4218|30012|202228
4218;30077;11/07/2022;202228;164;8610,00;;SUPER;;NFK|4218|30077|202228
4218;30154;11/07/2022;202228;110;1856,25;;SUPER;;NFK|4218|30154|202228
4218;30209;11/07/2022;202228;133;4979,19;;SUPER;;NFK|4218|30209|202228
4218;99001;11/07/2022;202228;8;0,00;;SUPER;;NFK|4218|99001|202228
5502;10023;11/07/2022;202228;424;5035,00;;SUPER;;NFK|5502|10023|202228
5502;10047;11/07/2022;202228;247;2778,75;;SUPER;;NFK|5502|10047|202228
5502;10112;11/07/2022;202228;160;3390,00;;SUPER;;NFK|5502|10112|202228
5502;10310;11/07/2022;202228;107;2875,62;;SUPER;;NFK|5502|10310|202228
5502;11020;11/07/2022;202228;366;6839,62;;SUPER;;NFK|5502|11020|202228
5502;11085;11/07/2022;202228;213;2382,94;;SUPER;;NFK|5502|11085|202228
5502;11142;11/07/2022;202228;141;3516,19;;SUPER;;NFK|5502|11142|202228
5502;12004;11/07/2022;202228;154;6160,00;;SUPER;;NFK|5502|12004|202228
5502;12066;11/07/2022;202228;132;8002,50;;SUPER;;NFK|5502|12066|202228
5502;12190;11/07/2022;202228;99;2227,50;;SUPER;;NFK|5502|12190|202228
5502;20015;11/07/2022;202228;359;9132,06;;SUPER;C;NFK|5502|20015|202228
5502;20041;11/07/2022;202228;408;3723,00;;SUPER;A;NFK|5502|20041|202228
5502;20088;11/07/2022;202228;187;10565,50;;SUPER;B;NFK|5502|20088|202228
5502;20131;11/07/2022;202228;165;3485,62;;SUPER;C;NFK|5502|20131|202228
5502;30012;11/07/2022;202228;89;1440,69;;SUPER;;NFK|5502|30012|202228
5502;30077;11/07/2022;202228;135;7087,50;;SUPER;;NFK|5502|30077|202228
5502;30154;11/07/2022;202228;108;1822,50;;SUPER;;NFK|5502|30154|202228
5502;30209;11/07/2022;202228;116;4342,75;;SUPER;;NFK|5502|30209|202228
5511;10023;11/07/2022;202228;145;1721,88;;PARTNER;;NFK|5511|10023|202228
5511;10047;11/07/2022;202228;93;1046,25;;PARTNER;;NFK|5511|10047|202228
5511;10112;11/07/2022;202228;52;1101,75;;PARTNER;;NFK|5511|10112|202228
5511;10310;11/07/2022;202228;48;1290,00;;PARTNER;;NFK|5511|10310|202228
5511;11020;11/07/2022;202228;129;2410,69;;PARTNER;;NFK|5511|11020|202228
5511;11085;11/07/2022;202228;79;883,81;;PARTNER;;NFK|5511|11085|202228
5511;11142;11/07/2022;202228;49;1221,94;;PARTNER;;NFK|5511|11142|202228
5511;12004;11/07/2022;202228;78;3120,00;;PARTNER;;NFK|5511|12004|202228
5511;12066;11/07/2022;202228;47;2849,38;;PARTNER;;NFK|5511|12066|202228
5511;12190;11/07/2022;202228;37;832,50;;PARTNER;;NFK|5511|12190|202228
5511;20015;11/07/2022;202228;131;3332,31;;PARTNER;C;NFK|5511|20015|202228
5511;20041;11/07/2022;202228;151;1377,88;;PARTNER;A;NFK|5511|20041|202228
5511;20088;11/07/2022;202228;83;4689,50;;PARTNER;B;NFK|5511|20088|202228
5511;20131;11/07/2022;202228;64;1352,00;;PARTNER;C;NFK|5511|20131|202228
5511;30012;11/07/2022;202228;32;518,00;;PARTNER;;NFK|5511|30012|202228
5511;30077;11/07/2022;202228;56;2940,00;;PARTNER;;NFK|5511|30077|202228
5511;30154;11/07/2022;202228;37;624,38;;PARTNER;;NFK|5511|30154|202228
5511;30209;11/07/2022;202228;52;1946,75;;PARTNER;;NFK|5511|30209|202228
5511;99001;11/07/2022;202228;3;0,00;;PARTNER;;NFK|5511|99001|202228
9001;10023;11/07/2022;202228;21;249,38;;DEPOT;;NFK|9001|10023|202228
9001;10047;11/07/2022;202228;16;180,00;;DEPOT;;NFK|9001|10047|202228
9001;10112;11/07/2022;202228;9;190,69;;DEPOT;;NFK|9001|10112|202228
9001;10310;11/07/2022;202228;8;215,00;;DEPOT;;NFK|9001|10310|202228
9001;11020;11/07/2022;202228;18;336,37;;DEPOT;;NFK|9001|11020|202228
9001;11085;11/07/2022;202228;10;111,88;;DEPOT;;NFK|9001|11085|202228
9001;11142;11/07/2022;202228;8;199,50;;DEPOT;;NFK|9001|11142|202228
9001;12004;11/07/2022;202228;9;360,00;;DEPOT;;NFK|9001|12004|202228
9001;12066;11/07/2022;202228;7;424,38;;DEPOT;;NFK|9001|12066|202228
9001;12190;11/07/2022;202228;6;135,00;;DEPOT;;NFK|9001|12190|202228
9001;20015;11/07/2022;202228;19;483,31;;DEPOT;C;NFK|9001|20015|202228
9001;20041;11/07/2022;202228;23;209,88;;DEPOT;A;NFK|9001|20041|202228
9001;20088;11/07/2022;202228;12;678,00;;DEPOT;B;NFK|9001|20088|202228
9001;20131;11/07/2022;202228;9;190,12;;DEPOT;C;NFK|9001|20131|202228
9001;30012;11/07/2022;202228;5;80,94;;DEPOT;;NFK|9001|30012|202228
9001;30077;11/07/2022;202228;8;420,00;;DEPOT;;NFK|9001|30077|202228
9001;30154;11/07/2022;202228;5;84,38;;DEPOT;;NFK|9001|30154|202228
9001;30209;11/07/2022;202228;7;262,06;;DEPOT;;NFK|9001|30209|202228
1101;10023;18/07/2022;202229;485;5759,38;;SUPER;;NFK|1101|10023|202229
1101;10047;18/07/2022;202229;423;3807,00;TILBUD;SUPER;;NFK|1101|10047|202229
1101;10112;18/07/2022;202229;191;4046,81;;SUPER;;NFK|1101|10112|202229
1101;10310;18/07/2022;202229;150;4031,25;;SUPER;;NFK|1101|10310|202229
1101;11020;18/07/2022;202229;453;7621,73;MP;SUPER;;NFK|1101|11020|202229
1101;11085;18/07/2022;202229;210;2349,37;;SUPER;;NFK|1101|11085|202229
1101;11142;18/07/2022;202229;170;4239,38;;SUPER;;NFK|1101|11142|202229
1101;12004;18/07/2022;202229;187;7480,00;;SUPER;;NFK|1101|12004|202229
1101;12066;18/07/2022;202229;131;7941,88;;SUPER;;NFK|1101|12066|202229
1101;12190;18/07/2022;202229;116;2610,00;;SUPER;;NFK|1101|12190|202229
1101;20015;18/07/2022;202229;331;8419,81;;SUPER;C;NFK|1101|20015|202229
1101;20041;18/07/2022;202229;392;3577,00;;SUPER;A;NFK|1101|20041|202229
1101;20088;18/07/2022;202229;232;13108,00;;SUPER;B;NFK|1101|20088|202229
1101;20131;18/07/2022;202229;174;3675,75;;SUPER;C;NFK|1101|20131|202229
1101;30012;18/07/2022;202229;86;1392,12;;SUPER;;NFK|1101|30012|202229
1101;30077;18/07/2022;202229;136;7140,00;;SUPER;;NFK|1101|30077|202229
1101;30154;18/07/2022;202229;179;2022,70;3F2;SUPER;;NFK|1101|30154|202229
1101;30209;18/07/2022;202229;135;5054,06;;SUPER;;NFK|1101|30209|202229
1102;10023;18/07/2022;202229;423;5023,12;;SUPER;;NFK|1102|10023|202229
1102;10047;18/07/2022;202229;443;3987,00;TILBUD;SUPER;;NFK|1102|10047|202229
1102;10112;18/07/2022;202229;149;3156,94;;SUPER;;NFK|1102|10112|202229
1102;10310;18/07/2022;202229;119;3198,12;;SUPER;;NFK|1102|10310|202229
1102;11020;18/07/2022;202229;397;6679,52;MP;SUPER;;NFK|1102|11020|202229
1102;11085;18/07/2022;202229;184;2058,50;;SUPER;;NFK|1102|11085|202229
1102;11142;18/07/2022;202229;152;3790,50;;SUPER;;NFK|1102|11142|202229
1102;12004;18/07/2022;202229;157;6280,00;;SUPER;;NFK|1102|12004|202229
1102;12066;18/07/2022;202229;135;8184,38;;SUPER;;NFK|1102|12066|202229
1102;12190;18/07/2022;202229;85;1912,50;;SUPER;;NFK|1102|12190|202229
1102;20015;18/07/2022;202229;336;8547,00;;SUPER;C;NFK|1102|20015|202229
1102;20041;18/07/2022;202229;402;3668,25;;SUPER;A;NFK|1102|20041|202229
1102;20088;18/07/2022;202229;241;13616,50;;SUPER;B;NFK|1102|20088|202229
1102;20131;18/07/2022;202229;160;3380,00;;SUPER;C;NFK|1102|20131|202229
1102;30012;18/07/2022;202229;95;1537,81;;SUPER;;NFK|1102|30012|202229
1102;30077;18/07/2022;202229;133;6982,50;;SUPER;;NFK|1102|30077|202229
1102;30154;18/07/2022;202229;205;2316,50;3F2;SUPER;;NFK|1102|30154|202229
1102;30209;18/07/2022;202229;126;4717,12;;SUPER;;NFK|1102|30209|202229
1103;10023;18/07/2022;202229;192;2280,00;;NAER;;NFK|1103|10023|202229
1103;10047;18/07/2022;202229;212;1908,00;TILBUD;NAER;;NFK|1103|10047|202229
1103;10112;18/07/2022;202229;88;1864,50;;NAER;;NFK|1103|10112|202229
1103;10310;18/07/2022;202229;64;1720,00;;NAER;;NFK|1103|10310|202229
1103;11020;18/07/2022;202229;196;3297,70;MP;NAER;;NFK|1103|11020|202229
1103;11085;18/07/2022;202229;106;1185,88;;NAER;;NFK|1103|11085|202229
1103;11142;18/07/2022;202229;65;1620,94;;NAER;;NFK|1103|11142|202229
1103;12004;18/07/2022;202229;84;3360,00;;NAER;;NFK|1103|12004|202229
1103;12066;18/07/2022;202229;69;4183,12;;NAER;;NFK|1103|12066|202229
1103;12190;18/07/2022;202229;56;1260,00;;NAER;;NFK|1103|12190|202229
1103;20015;18/07/2022;202229;152;3866,50;;NAER;C;NFK|1103|20015|202229
1103;20041;18/07/2022;202229;191;1742,88;;NAER;A;NFK|1103|20041|202229
1103;20088;18/07/2022;202229;127;7175,50;;NAER;B;NFK|1103|20088|202229
1103;20131;18/07/2022;202229;71;1499,88;;NAER;C;NFK|1103|20131|202229
1103;30012;18/07/2022;202229;40;647,50;;NAER;;NFK|1103|30012|202229
1103;30077;18/07/2022;202229;79;4147,50;;NAER;;NFK|1103|30077|202229
1103;30154;18/07/2022;202229;83;937,90;3F2;NAER;;NFK|1103|30154|202229
1103;30209;18/07/2022;202229;60;2246,25;;NAER;;NFK|1103|30209|202229
1108;10023;18/07/2022;202229;784;9310,00;;HYPER;;NFK|1108|10023|202229
1108;10047;18/07/2022;202229;866;7794,00;TILBUD;HYPER;;NFK|1108|10047|202229
1108;10112;18/07/2022;202229;298;6313,87;;HYPER;;NFK|1108|10112|202229
1108;10310;18/07/2022;202229;255;6853,12;;HYPER;;NFK|1108|10310|202229
1108;11020;18/07/2022;202229;907;15260,28;MP;HYPER;;NFK|1108|11020|202229
1108;11085;18/07/2022;202229;381;4262,44;;HYPER;;NFK|1108|11085|202229
1108;11142;18/07/2022;202229;298;7431,37;;HYPER;;NFK|1108|11142|202229
1108;12004;18/07/2022;202229;368;14720,00;;HYPER;;NFK|1108|12004|202229
1108;12066;18/07/2022;202229;284;17217,50;;HYPER;;NFK|1108|12066|202229
1108;12190;18/07/2022;202229;173;3892,50;;HYPER;;NFK|1108|12190|202229
1108;20015;18/07/2022;202229;577;14677,44;;HYPER;C;NFK|1108|20015|202229
1108;20041;18/07/2022;202229;779;7108,38;;HYPER;A;NFK|1108|20041|202229
1108;20088;18/07/2022;202229;484;27346,00;;HYPER;B;NFK|1108|20088|202229
1108;20131;18/07/2022;202229;336;7098,00;;HYPER;C;NFK|1108|20131|202229
1108;30012;18/07/2022;202229;162;2622,38;;HYPER;;NFK|1108|30012|202229
1108;30077;18/07/2022;202229;293;15382,50;;HYPER;;NFK|1108|30077|202229
1108;30154;18/07/2022;202229;392;4429,60;3F2;HYPER;;NFK|1108|30154|202229
1108;30209;18/07/2022;202229;283;10594,81;;HYPER;;NFK|1108|30209|202229
1108;99001;18/07/2022;202229;12;0,00;;HYPER;;NFK|1108|99001|202229
3104;10023;18/07/2022;202229;425;5046,88;;SUPER;;NFK|3104|10023|202229
3104;10047;18/07/2022;202229;450;4050,00;TILBUD;SUPER;;NFK|3104|10047|202229
3104;10112;18/07/2022;202229;161;3411,19;;SUPER;;NFK|3104|10112|202229
3104;10310;18/07/2022;202229;119;3198,12;;SUPER;;NFK|3104|10310|202229
3104;11020;18/07/2022;202229;389;6544,93;MP;SUPER;;NFK|3104|11020|202229
3104;11085;18/07/2022;202229;163;1823,56;;SUPER;;NFK|3104|11085|202229
3104;11142;18/07/2022;202229;134;3341,62;;SUPER;;NFK|3104|11142|202229
3104;12004;18/07/2022;202229;169;6760,00;;SUPER;;NFK|3104|12004|202229
3104;12066;18/07/2022;202229;127;7699,38;;SUPER;;NFK|3104|12066|202229
3104;12190;18/07/2022;202229;82;1845,00;;SUPER;;NFK|3104|12190|202229
3104;20015;18/07/2022;202229;313;7961,94;;SUPER;C;NFK|3104|20015|202229
3104;20041;18/07/2022;202229;401;3659,12;;SUPER;A;NFK|3104|20041|202229
3104;20088;18/07/2022;202229;227;12825,50;;SUPER;B;NFK|3104|20088|202229
3104;20131;18/07/2022;202229;133;2809,62;;SUPER;C;NFK|3104|20131|202229
3104;30012;18/07/2022;202229;77;1246,44;;SUPER;;NFK|3104|30012|202229
3104;30077;18/07/2022;202229;118;6195,00;;SUPER;;NFK|3104|30077|202229
3104;30154;18/07/2022;202229;186;2101,80;3F2;SUPER;;NFK|3104|30154|202229
3104;30209;18/07/2022;202229;104;3893,50;;SUPER;;NFK|3104|30209|202229
3117;10023;18/07/2022;202229;180;2137,50;;NAER;;NFK|3117|10023|202229
3117;10047;18/07/2022;202229;195;1755,00;TILBUD;NAER;;NFK|3117|10047|202229
3117;10112;18/07/2022;202229;63;1334,81;;NAER;;NFK|3117|10112|202229
3117;10310;18/07/2022;202229;53;1424,38;;NAER;;NFK|3117|10310|202229
3117;11020;18/07/2022;202229;183;3078,98;MP;NAER;;NFK|3117|11020|202229
3117;11085;18/07/2022;202229;95;1062,81;;NAER;;NFK|3117|11085|202229
3117;11142;18/07/2022;202229;57;1421,44;;NAER;;NFK|3117|11142|202229
3117;12004;18/07/2022;202229;75;3000,00;;NAER;;NFK|3117|12004|202229
3117;12066;18/07/2022;202229;59;3576,88;;NAER;;NFK|3117|12066|202229
3117;12190;18/07/2022;202229;38;855,00;;NAER;;NFK|3117|12190|202229
3117;20015;18/07/2022;202229;142;3612,12;;NAER;C;NFK|3117|20015|202229
3117;20041;18/07/2022;202229;204;1861,50;;NAER;A;NFK|3117|20041|202229
3117;20088;18/07/2022;202229;94;5311,00;;NAER;B;NFK|3117|20088|202229
3117;20131;18/07/2022;202229;59;1246,38;;NAER;C;NFK|3117|20131|202229
3117;30012;18/07/2022;202229;39;631,31;;NAER;;NFK|3117|30012|202229
3117;30077;18/07/2022;202229;63;3307,50;;NAER;;NFK|3117|30077|202229
3117;30154;18/07/2022;202229;92;1039,60;3F2;NAER;;NFK|3117|30154|202229
3117;30209;18/07/2022;202229;51;1909,31;;NAER;;NFK|3117|30209|202229
3117;99001;18/07/2022;202229;3;0,00;;NAER;;NFK|3117|99001|202229
3122;10023;18/07/2022;202229;151;1793,12;;FRANCHISE;;NFK|3122|10023|202229
3122;10047;18/07/2022;202229;126;1134,00;TILBUD;FRANCHISE;;NFK|3122|10047|202229
3122;10112;18/07/2022;202229;45;953,44;;FRANCHISE;;NFK|3122|10112|202229
3122;10310;18/07/2022;202229;41;1101,88;;FRANCHISE;;NFK|3122|10310|202229
3122;11020;18/07/2022;202229;140;2355,50;MP;FRANCHISE;;NFK|3122|11020|202229
3122;11085;18/07/2022;202229;61;682,44;;FRANCHISE;;NFK|3122|11085|202229
3122;11142;18/07/2022;202229;52;1296,75;;FRANCHISE;;NFK|3122|11142|202229
3122;12004;18/07/2022;202229;59;2360,00;;FRANCHISE;;NFK|3122|12004|202229
3122;12066;18/07/2022;202229;49;2970,62;;FRANCHISE;;NFK|3122|12066|202229
3122;12190;18/07/2022;202229;28;630,00;;FRANCHISE;;NFK|3122|12190|202229
3122;20015;18/07/2022;202229;112;2849,00;;FRANCHISE;C;NFK|3122|20015|202229
3122;20041;18/07/2022;202229;129;1177,12;;FRANCHISE;A;NFK|3122|20041|202229
3122;20088;18/07/2022;202229;79;4463,50;;FRANCHISE;B;NFK|3122|20088|202229
3122;20131;18/07/2022;202229;51;1077,38;;FRANCHISE;C;NFK|3122|20131|202229
3122;30012;18/07/2022;202229;31;501,81;;FRANCHISE;;NFK|3122|30012|202229
3122;30077;18/07/2022;202229;44;2310,00;;FRANCHISE;;NFK|3122|30077|202229
3122;30154;18/07/2022;202229;54;610,20;3F2;FRANCHISE;;NFK|3122|30154|202229
3122;30209;18/07/2022;202229;44;1647,25;;FRANCHISE;;NFK|3122|30209|202229
3122;99001;18/07/2022;202229;2;0,00;;FRANCHISE;;NFK|3122|99001|202229
4201;10023;18/07/2022;202229;826;9808,75;;HYPER;;NFK|4201|10023|202229
4201;10047;18/07/2022;202229;777;6993,00;TILBUD;HYPER;;NFK|4201|10047|202229
4201;10112;18/07/2022;202229;247;5233,31;;HYPER;;NFK|4201|10112|202229
4201;10310;18/07/2022;202229;186;4998,75;;HYPER;;NFK|4201|10310|202229
4201;11020;18/07/2022;202229;697;11727,03;MP;HYPER;;NFK|4201|11020|202229
4201;11085;18/07/2022;202229;376;4206,50;;HYPER;;NFK|4201|11085|202229
4201;11142;18/07/2022;202229;222;5536,12;;HYPER;;NFK|4201|11142|202229
4201;12004;18/07/2022;202229;280;11200,00;;HYPER;;NFK|4201|12004|202229
4201;12066;18/07/2022;202229;205;12428,12;;HYPER;;NFK|4201|12066|202229
4201;12190;18/07/2022;202229;175;3937,50;;HYPER;;NFK|4201|12190|202229
4201;20015;18/07/2022;202229;509;12947,69;;HYPER;C;NFK|4201|20015|202229
4201;20041;18/07/2022;202229;637;5812,62;;HYPER;A;NFK|4201|20041|202229
4201;20088;18/07/2022;202229;358;20227,00;;HYPER;B;NFK|4201|20088|202229
4201;20131;18/07/2022;202229;246;5196,75;;HYPER;C;NFK|4201|20131|202229
4201;30012;18/07/2022;202229;149;2411,94;;HYPER;;NFK|4201|30012|202229
4201;30077;18/07/2022;202229;206;10815,00;;HYPER;;NFK|4201|30077|202229
4201;30154;18/07/2022;202229;283;3197,90;3F2;HYPER;;NFK|4201|30154|202229
4201;30209;18/07/2022;202229;223;8348,56;;HYPER;;NFK|4201|30209|202229
4205;10023;18/07/2022;202229;442;5248,75;;SUPER;;NFK|4205|10023|202229
4205;10047;18/07/2022;202229;458;4122,00;TILBUD;SUPER;;NFK|4205|10047|202229
4205;10112;18/07/2022;202229;169;3580,69;;SUPER;;NFK|4205|10112|202229
4205;10310;18/07/2022;202229;144;3870,00;;SUPER;;NFK|4205|10310|202229
4205;11020;18/07/2022;202229;375;6309,38;MP;SUPER;;NFK|4205|11020|202229
4205;11085;18/07/2022;202229;225;2517,19;;SUPER;;NFK|4205|11085|202229
4205;11142;18/07/2022;202229;161;4014,94;;SUPER;;NFK|4205|11142|202229
4205;12004;18/07/2022;202229;162;6480,00;;SUPER;;NFK|4205|12004|202229
4205;12066;18/07/2022;202229;120;7275,00;;SUPER;;NFK|4205|12066|202229
4205;12190;18/07/2022;202229;110;2475,00;;SUPER;;NFK|4205|12190|202229
4205;20015;18/07/2022;202229;341;8674,19;;SUPER;C;NFK|4205|20015|202229
4205;20041;18/07/2022;202229;411;3750,38;;SUPER;A;NFK|4205|20041|202229
4205;20088;18/07/2022;202229;235;13277,50;;SUPER;B;NFK|4205|20088|202229
4205;20131;18/07/2022;202229;134;2830,75;;SUPER;C;NFK|4205|20131|202229
4205;30012;18/07/2022;202229;93;1505,44;;SUPER;;NFK|4205|30012|202229
4205;30077;18/07/2022;202229;137;7192,50;;SUPER;;NFK|4205|30077|202229
4205;30154;18/07/2022;202229;210;2373,00;3F2;SUPER;;NFK|4205|30154|202229
4205;30209;18/07/2022;202229;138;5166,37;;SUPER;;NFK|4205|30209|202229
4218;10023;18/07/2022;202229;483;5735,62;;SUPER;;NFK|4218|10023|202229
4218;10047;18/07/2022;202229;414;3726,00;TILBUD;SUPER;;NFK|4218|10047|202229
4218;10112;18/07/2022;202229;192;4068,00;;SUPER;;NFK|4218|10112|202229
4218;10310;18/07/2022;202229;152;4085,00;;SUPER;;NFK|4218|10310|202229
4218;11020;18/07/2022;202229;441;7419,83;MP;SUPER;;NFK|4218|11020|202229
4218;11085;18/07/2022;202229;236;2640,25;;SUPER;;NFK|4218|11085|202229
4218;11142;18/07/2022;202229;148;3690,75;;SUPER;;NFK|4218|11142|202229
4218;12004;18/07/2022;202229;182;7280,00;;SUPER;;NFK|4218|12004|202229
4218;12066;18/07/2022;202229;153;9275,62;;SUPER;;NFK|4218|12066|202229
4218;12190;18/07/2022;202229;122;2745,00;;SUPER;;NFK|4218|12190|202229
4218;20015;18/07/2022;202229;392;9971,50;;SUPER;C;NFK|4218|20015|202229
4218;20041;18/07/2022;202229;497;4535,12;;SUPER;A;NFK|4218|20041|202229
4218;20088;18/07/2022;202229;223;12599,50;;SUPER;B;NFK|4218|20088|202229
4218;20131;18/07/2022;202229;163;3443,38;;SUPER;C;NFK|4218|20131|202229
4218;30012;18/07/2022;202229;107;1732,06;;SUPER;;NFK|4218|30012|202229
4218;30077;18/07/2022;202229;157;8242,50;;SUPER;;NFK|4218|30077|202229
4218;30154;18/07/2022;202229;208;2350,40;3F2;SUPER;;NFK|4218|30154|202229
4218;30209;18/07/2022;202229;140;5241,25;;SUPER;;NFK|4218|30209|202229
5502;10023;18/07/2022;202229;393;4666,88;;SUPER;;NFK|5502|10023|202229
5502;10047;18/07/2022;202229;461;4149,00;TILBUD;SUPER;;NFK|5502|10047|202229
5502;10112;18/07/2022;202229;164;3474,75;;SUPER;;NFK|5502|10112|202229
5502;10310;18/07/2022;202229;113;3036,88;;SUPER;;NFK|5502|10310|202229
5502;11020;18/07/2022;202229;366;6157,95;MP;SUPER;;NFK|5502|11020|202229
5502;11085;18/07/2022;202229;190;2125,62;;SUPER;;NFK|5502|11085|202229
5502;11142;18/07/2022;202229;150;3740,62;;SUPER;;NFK|5502|11142|202229
5502;12004;18/07/2022;202229;188;7520,00;;SUPER;;NFK|5502|12004|202229
5502;12066;18/07/2022;202229;123;7456,88;;SUPER;;NFK|5502|12066|202229
5502;12190;18/07/2022;202229;101;2272,50;;SUPER;;NFK|5502|12190|202229
5502;20015;18/07/2022;202229;350;8903,12;;SUPER;C;NFK|5502|20015|202229
5502;20041;18/07/2022;202229;346;3157,25;;SUPER;A;NFK|5502|20041|202229
5502;20088;18/07/2022;202229;202;11413,00;;SUPER;B;NFK|5502|20088|202229
5502;20131;18/07/2022;202229;139;2936,38;;SUPER;C;NFK|5502|20131|202229
5502;30012;18/07/2022;202229;86;1392,12;;SUPER;;NFK|5502|30012|202229
5502;30077;18/07/2022;202229;126;6615,00;;SUPER;;NFK|5502|30077|202229
5502;30154;18/07/2022;202229;202;2282,60;3F2;SUPER;;NFK|5502|30154|202229
5502;30209;18/07/2022;202229;127;4754,56;;SUPER;;NFK|5502|30209|202229
5511;10023;18/07/2022;202229;142;1686,25;;PARTNER;;NFK|5511|10023|202229
5511;10047;18/07/2022;202229;185;1665,00;TILBUD;PARTNER;;NFK|5511|10047|202229
5511;10112;18/07/2022;202229;59;1250,06;;PARTNER;;NFK|5511|10112|202229
5511;10310;18/07/2022;202229;46;1236,25;;PARTNER;;NFK|5511|10310|202229
5511;11020;18/07/2022;202229;162;2725,65;MP;PARTNER;;NFK|5511|11020|202229
5511;11085;18/07/2022;202229;65;727,19;;PARTNER;;NFK|5511|11085|202229
5511;11142;18/07/2022;202229;51;1271,81;;PARTNER;;NFK|5511|11142|202229
5511;12004;18/07/2022;202229;69;2760,00;;PARTNER;;NFK|5511|12004|202229
5511;12066;18/07/2022;202229;51;3091,88;;PARTNER;;NFK|5511|12066|202229
5511;12190;18/07/2022;202229;35;787,50;;PARTNER;;NFK|5511|12190|202229
5511;20015;18/07/2022;202229;111;2823,56;;PARTNER;C;NFK|5511|20015|202229
5511;20041;18/07/2022;202229;139;1268,38;;PARTNER;A;NFK|5511|20041|202229
5511;20088;18/07/2022;202229;89;5028,50;;PARTNER;B;NFK|5511|20088|202229
5511;20131;18/07/2022;202229;52;1098,50;;PARTNER;C;NFK|5511|20131|202229
5511;30012;18/07/2022;202229;30;485,62;;PARTNER;;NFK|5511|30012|202229
5511;30077;18/07/2022;202229;57;2992,50;;PARTNER;;NFK|5511|30077|202229
5511;30154;18/07/2022;202229;77;870,10;3F2;PARTNER;;NFK|5511|30154|202229
5511;30209;18/07/2022;202229;46;1722,12;;PARTNER;;NFK|5511|30209|202229
9001;10023;18/07/2022;202229;20;237,50;;DEPOT;;NFK|9001|10023|202229
9001;10047;18/07/2022;202229;24;216,00;TILBUD;DEPOT;;NFK|9001|10047|202229
9001;10112;18/07/2022;202229;8;169,50;;DEPOT;;NFK|9001|10112|202229
9001;10310;18/07/2022;202229;6;161,25;;DEPOT;;NFK|9001|10310|202229
9001;11020;18/07/2022;202229;24;403,80;MP;DEPOT;;NFK|9001|11020|202229
9001;11085;18/07/2022;202229;10;111,88;;DEPOT;;NFK|9001|11085|202229
9001;11142;18/07/2022;202229;8;199,50;;DEPOT;;NFK|9001|11142|202229
9001;12004;18/07/2022;202229;10;400,00;;DEPOT;;NFK|9001|12004|202229
9001;12066;18/07/2022;202229;7;424,38;;DEPOT;;NFK|9001|12066|202229
9001;12190;18/07/2022;202229;5;112,50;;DEPOT;;NFK|9001|12190|202229
9001;20015;18/07/2022;202229;19;483,31;;DEPOT;C;NFK|9001|20015|202229
9001;20041;18/07/2022;202229;24;219,00;;DEPOT;A;NFK|9001|20041|202229
9001;20088;18/07/2022;202229;10;565,00;;DEPOT;B;NFK|9001|20088|202229
9001;20131;18/07/2022;202229;8;169,00;;DEPOT;C;NFK|9001|20131|202229
9001;30012;18/07/2022;202229;4;64,75;;DEPOT;;NFK|9001|30012|202229
9001;30077;18/07/2022;202229;7;367,50;;DEPOT;;NFK|9001|30077|202229
9001;30154;18/07/2022;202229;9;101,70;3F2;DEPOT;;NFK|9001|30154|202229
9001;30209;18/07/2022;202229;7;262,06;;DEPOT;;NFK|9001|30209|202229
1101;10023;25/07/2022;202230;441;5236,88;;SUPER;;NFK|1101|10023|202230
1101;10047;25/07/2022;202230;301;3386,25;;SUPER;;NFK|1101|10047|202230
1101;10112;25/07/2022;202230;184;3898,50;;SUPER;;NFK|1101|10112|202230
1101;10310;25/07/2022;202230;151;4058,12;;SUPER;;NFK|1101|10310|202230
1101;11020;25/07/2022;202230;383;7157,31;;SUPER;;NFK|1101|11020|202230
1101;11085;25/07/2022;202230;189;2114,44;;SUPER;;NFK|1101|11085|202230
1101;11142;25/07/2022;202230;138;3441,38;;SUPER;;NFK|1101|11142|202230
1101;12004;25/07/2022;202230;189;7560,00;;SUPER;;NFK|1101|12004|202230
1101;12066;25/07/2022;202230;153;9275,62;;SUPER;;NFK|1101|12066|202230
1101;12190;25/07/2022;202230;100;2250,00;;SUPER;;NFK|1101|12190|202230
1101;20015;25/07/2022;202230;306;7783,88;;SUPER;C;NFK|1101|20015|202230
1101;20041;25/07/2022;202230;415;3786,88;;SUPER;A;NFK|1101|20041|202230
1101;20088;25/07/2022;202230;244;13786,00;;SUPER;B;NFK|1101|20088|202230
1101;20131;25/07/2022;202230;171;3612,38;;SUPER;C;NFK|1101|20131|202230
1101;30012;25/07/2022;202230;96;1554,00;;SUPER;;NFK|1101|30012|202230
1101;30077;25/07/2022;202230;124;6510,00;;SUPER;;NFK|1101|30077|202230
1101;30154;25/07/2022;202230;91;1535,62;;SUPER;;NFK|1101|30154|202230
1101;30209;25/07/2022;202230;140;5241,25;;SUPER;;NFK|1101|30209|202230
1102;10023;25/07/2022;202230;370;4393,75;;SUPER;;NFK|1102|10023|202230
1102;10047;25/07/2022;202230;269;3026,25;;SUPER;;NFK|1102|10047|202230
1102;10112;25/07/2022;202230;143;3029,81;;SUPER;;NFK|1102|10112|202230
1102;10310;25/07/2022;202230;115;3090,62;;SUPER;;NFK|1102|10310|202230
1102;11020;25/07/2022;202230;333;6222,94;;SUPER;;NFK|1102|11020|202230
1102;11085;25/07/2022;202230;211;2360,56;;SUPER;;NFK|1102|11085|202230
1102;11142;25/07/2022;202230;144;3591,00;;SUPER;;NFK|1102|11142|202230
1102;12004;25/07/2022;202230;173;6920,00;;SUPER;;NFK|1102|12004|202230
1102;12066;25/07/2022;202230;119;7214,38;;SUPER;;NFK|1102|12066|202230
1102;12190;25/07/2022;202230;91;2047,50;;SUPER;;NFK|1102|12190|202230
1102;20015;25/07/2022;202230;276;7020,75;;SUPER;C;NFK|1102|20015|202230
1102;20041;25/07/2022;202230;423;3859,88;;SUPER;A;NFK|1102|20041|202230
1102;20088;25/07/2022;202230;191;10791,50;;SUPER;B;NFK|1102|20088|202230
1102;20131;25/07/2022;202230;154;3253,25;;SUPER;C;NFK|1102|20131|202230
1102;30012;25/07/2022;202230;93;1505,44;;SUPER;;NFK|1102|30012|202230
1102;30077;25/07/2022;202230;130;6825,00;;SUPER;;NFK|1102|30077|202230
1102;30154;25/07/2022;202230;98;1653,75;;SUPER;;NFK|1102|30154|202230
1102;30209;25/07/2022;202230;105;3930,94;;SUPER;;NFK|1102|30209|202230
1103;10023;25/07/2022;202230;192;2280,00;;NAER;;NFK|1103|10023|202230
1103;10047;25/07/2022;202230;154;1732,50;;NAER;;NFK|1103|10047|202230
1103;10112;25/07/2022;202230;88;1864,50;;NAER;;NFK|1103|10112|202230
1103;10310;25/07/2022;202230;70;1881,25;;NAER;;NFK|1103|10310|202230
1103;11020;25/07/2022;202230;197;3681,44;;NAER;;NFK|1103|11020|202230
1103;11085;25/07/2022;202230;91;1018,06;;NAER;;NFK|1103|11085|202230
1103;11142;25/07/2022;202230;80;1995,00;;NAER;;NFK|1103|11142|202230
1103;12004;25/07/2022;202230;93;3720,00;;NAER;;NFK|1103|12004|202230
1103;12066;25/07/2022;202230;77;4668,12;;NAER;;NFK|1103|12066|202230
1103;12190;25/07/2022;202230;55;1237,50;;NAER;;NFK|1103|12190|202230
1103;20015;25/07/2022;202230;163;4146,31;;NAER;C;NFK|1103|20015|202230
1103;20041;25/07/2022;202230;207;1888,88;;NAER;A;NFK|1103|20041|202230
1103;20088;25/07/2022;202230;123;6949,50;;NAER;B;NFK|1103|20088|202230
1103;20131;25/07/2022;202230;86;1816,75;;NAER;C;NFK|1103|20131|202230
1103;30012;25/07/2022;202230;40;647,50;;NAER;;NFK|1103|30012|202230
1103;30077;25/07/2022;202230;73;3832,50;;NAER;;NFK|1103|30077|202230
1103;30154;25/07/2022;202230;46;776,25;;NAER;;NFK|1103|30154|202230
1103;30209;25/07/2022;202230;55;2059,06;;NAER;;NFK|1103|30209|202230
1108;10023;25/07/2022;202230;743;8823,12;;HYPER;;NFK|1108|10023|202230
1108;10047;25/07/2022;202230;561;6311,25;;HYPER;;NFK|1108|10047|202230
1108;10112;25/07/2022;202230;290;6144,38;;HYPER;;NFK|1108|10112|202230
1108;10310;25/07/2022;202230;249;6691,88;;HYPER;;NFK|1108|10310|202230
1108;11020;25/07/2022;202230;624;11661,00;;HYPER;;NFK|1108|11020|202230
1108;11085;25/07/2022;202230;359;4016,31;;HYPER;;NFK|1108|11085|202230
1108;11142;25/07/2022;202230;297;7406,44;;HYPER;;NFK|1108|11142|202230
1108;12004;25/07/2022;202230;398;15920,00;;HYPER;;NFK|1108|12004|202230
1108;12066;25/07/2022;202230;265;16065,62;;HYPER;;NFK|1108|12066|202230
1108;12190;25/07/2022;202230;177;3982,50;;HYPER;;NFK|1108|12190|202230
1108;20015;25/07/2022;202230;653;16610,69;;HYPER;C;NFK|1108|20015|202230
1108;20041;25/07/2022;202230;853;7783,62;;HYPER;A;NFK|1108|20041|202230
1108;20088;25/07/2022;202230;394;22261,00;;HYPER;B;NFK|1108|20088|202230
1108;20131;25/07/2022;202230;295;6231,88;;HYPER;C;NFK|1108|20131|202230
1108;30012;25/07/2022;202230;154;2492,88;;HYPER;;NFK|1108|30012|202230
1108;30077;25/07/2022;202230;296;15540,00;;HYPER;;NFK|1108|30077|202230
1108;30154;25/07/2022;202230;206;3476,25;;HYPER;;NFK|1108|30154|202230
1108;30209;25/07/2022;202230;273;10220,44;;HYPER;;NFK|1108|30209|202230
1108;99001;25/07/2022;202230;11;0,00;;HYPER;;NFK|1108|99001|202230
3104;10023;25/07/2022;202230;452;5367,50;;SUPER;;NFK|3104|10023|202230
3104;10047;25/07/2022;202230;229;2576,25;;SUPER;;NFK|3104|10047|202230
3104;10112;25/07/2022;202230;165;3495,94;;SUPER;;NFK|3104|10112|202230
3104;10310;25/07/2022;202230;110;2956,25;;SUPER;;NFK|3104|10310|202230
3104;11020;25/07/2022;202230;296;5531,50;;SUPER;;NFK|3104|11020|202230
3104;11085;25/07/2022;202230;196;2192,75;;SUPER;;NFK|3104|11085|202230
3104;11142;25/07/2022;202230;133;3316,69;;SUPER;;NFK|3104|11142|202230
3104;12004;25/07/2022;202230;189;7560,00;;SUPER;;NFK|3104|12004|202230
3104;12066;25/07/2022;202230;124;7517,50;;SUPER;;NFK|3104|12066|202230
3104;12190;25/07/2022;202230;94;2115,00;;SUPER;;NFK|3104|12190|202230
3104;20015;25/07/2022;202230;287;7300,56;;SUPER;C;NFK|3104|20015|202230
3104;20041;25/07/2022;202230;338;3084,25;;SUPER;A;NFK|3104|20041|202230
3104;20088;25/07/2022;202230;-23;-1265,00;;SUPER;B;NFK|3104|20088|202230
3104;20131;25/07/2022;202230;125;2640,62;;SUPER;C;NFK|3104|20131|202230
3104;30012;25/07/2022;202230;78;1262,62;;SUPER;;NFK|3104|30012|202230
3104;30077;25/07/2022;202230;124;6510,00;;SUPER;;NFK|3104|30077|202230
3104;30154;25/07/2022;202230;95;1603,12;;SUPER;;NFK|3104|30154|202230
3104;30209;25/07/2022;202230;127;4754,56;;SUPER;;NFK|3104|30209|202230
3117;10023;25/07/2022;202230;202;2398,75;;NAER;;NFK|3117|10023|202230
3117;10047;25/07/2022;202230;117;1316,25;;NAER;;NFK|3117|10047|202230
3117;10112;25/07/2022;202230;61;1292,44;;NAER;;NFK|3117|10112|202230
3117;10310;25/07/2022;202230;53;1424,38;;NAER;;NFK|3117|10310|202230
3117;11020;25/07/2022;202230;153;2859,19;;NAER;;NFK|3117|11020|202230
3117;11085;25/07/2022;202230;92;1029,25;;NAER;;NFK|3117|11085|202230
3117;11142;25/07/2022;202230;67;1670,81;;NAER;;NFK|3117|11142|202230
3117;12004;25/07/2022;202230;80;3200,00;;NAER;;NFK|3117|12004|202230
3117;12066;25/07/2022;202230;61;3698,12;;NAER;;NFK|3117|12066|202230
3117;12190;25/07/2022;202230;47;1057,50;;NAER;;NFK|3117|12190|202230
3117;20015;25/07/2022;202230;158;4019,12;;NAER;C;NFK|3117|20015|202230
3117;20041;25/07/2022;202230;162;1478,25;;NAER;A;NFK|3117|20041|202230
3117;20088;25/07/2022;202230;85;4802,50;;NAER;B;NFK|3117|20088|202230
3117;20131;25/07/2022;202230;66;1394,25;;NAER;C;NFK|3117|20131|202230
3117;30012;25/07/2022;202230;42;679,88;;NAER;;NFK|3117|30012|202230
3117;30077;25/07/2022;202230;61;3202,50;;NAER;;NFK|3117|30077|202230
3117;30154;25/07/2022;202230;43;725,62;;NAER;;NFK|3117|30154|202230
3117;30209;25/07/2022;202230;51;1909,31;;NAER;;NFK|3117|30209|202230
3117;99001;25/07/2022;202230;3;0,00;;NAER;;NFK|3117|99001|202230
3122;10023;25/07/2022;202230;140;1662,50;;FRANCHISE;;NFK|3122|10023|202230
3122;10047;25/07/2022;202230;84;945,00;;FRANCHISE;;NFK|3122|10047|202230
3122;10112;25/07/2022;202230;45;953,44;;FRANCHISE;;NFK|3122|10112|202230
3122;10310;25/07/2022;202230;36;967,50;;FRANCHISE;;NFK|3122|10310|202230
3122;11020;25/07/2022;202230;106;1980,87;;FRANCHISE;;NFK|3122|11020|202230
3122;11085;25/07/2022;202230;69;771,94;;FRANCHISE;;NFK|3122|11085|202230
3122;11142;25/07/2022;202230;50;1246,88;;FRANCHISE;;NFK|3122|11142|202230
3122;12004;25/07/2022;202230;62;2480,00;;FRANCHISE;;NFK|3122|12004|202230
3122;12066;25/07/2022;202230;42;2546,25;;FRANCHISE;;NFK|3122|12066|202230
3122;12190;25/07/2022;202230;36;810,00;;FRANCHISE;;NFK|3122|12190|202230
3122;20015;25/07/2022;202230;106;2696,38;;FRANCHISE;C;NFK|3122|20015|202230
3122;20041;25/07/2022;202230;131;1195,38;;FRANCHISE;A;NFK|3122|20041|202230
3122;20088;25/07/2022;202230;78;4407,00;;FRANCHISE;B;NFK|3122|20088|202230
3122;20131;25/07/2022;202230;52;1098,50;;FRANCHISE;C;NFK|3122|20131|202230
3122;30012;25/07/2022;202230;25;404,69;;FRANCHISE;;NFK|3122|30012|202230
3122;30077;25/07/2022;202230;47;2467,50;;FRANCHISE;;NFK|3122|30077|202230
3122;30154;25/07/2022;202230;29;489,38;;FRANCHISE;;NFK|3122|30154|202230
3122;30209;25/07/2022;202230;44;1647,25;;FRANCHISE;;NFK|3122|30209|202230
4201;10023;25/07/2022;202230;798;9476,25;;HYPER;;NFK|4201|10023|202230
4201;10047;25/07/2022;202230;453;5096,25;;HYPER;;NFK|4201|10047|202230
4201;10112;25/07/2022;202230;284;6017,25;;HYPER;;NFK|4201|10112|202230
4201;10310;25/07/2022;202230;202;5428,75;;HYPER;;NFK|4201|10310|202230
4201;11020;25/07/2022;202230;556;10390,25;;HYPER;;NFK|4201|11020|202230
4201;11085;25/07/2022;202230;301;3367,44;;HYPER;;NFK|4201|11085|202230
4201;11142;25/07/2022;202230;279;6957,56;;HYPER;;NFK|4201|11142|202230
4201;12004;25/07/2022;202230;298;11920,00;;HYPER;;NFK|4201|12004|202230
4201;12066;25/07/2022;202230;240;14550,00;;HYPER;;NFK|4201|12066|202230
4201;12190;25/07/2022;202230;162;3645,00;;HYPER;;NFK|4201|12190|202230
4201;20015;25/07/2022;202230;605;15389,69;;HYPER;C;NFK|4201|20015|202230
4201;20041;25/07/2022;202230;643;5867,38;;HYPER;A;NFK|4201|20041|202230
4201;20088;25/07/2022;202230;414;23391,00;;HYPER;B;NFK|4201|20088|202230
4201;20131;25/07/2022;202230;234;4943,25;;HYPER;C;NFK|4201|20131|202230
4201;30012;25/07/2022;202230;139;2250,06;;HYPER;;NFK|4201|30012|202230
4201;30077;25/07/2022;202230;256;13440,00;;HYPER;;NFK|4201|30077|202230
4201;30154;25/07/2022;202230;172;2902,50;;HYPER;;NFK|4201|30154|202230
4201;30209;25/07/2022;202230;214;8011,62;;HYPER;;NFK|4201|30209|202230
4201;99001;25/07/2022;202230;10;0,00;;HYPER;;NFK|4201|99001|202230
4205;10023;25/07/2022;202230;471;5593,12;;SUPER;;NFK|4205|10023|202230
4205;10047;25/07/2022;202230;303;3408,75;;SUPER;;NFK|4205|10047|202230
4205;10112;25/07/2022;202230;173;3665,44;;SUPER;;NFK|4205|10112|202230
4205;10310;25/07/2022;202230;137;3681,88;;SUPER;;NFK|4205|10310|202230
4205;11020;25/07/2022;202230;309;5774,44;;SUPER;;NFK|4205|11020|202230
4205;11085;25/07/2022;202230;223;2494,81;;SUPER;;NFK|4205|11085|202230
4205;11142;25/07/2022;202230;130;3241,88;;SUPER;;NFK|4205|11142|202230
4205;12004;25/07/2022;202230;199;7960,00;;SUPER;;NFK|4205|12004|202230
4205;12066;25/07/2022;202230;149;9033,12;;SUPER;;NFK|4205|12066|202230
4205;12190;25/07/2022;202230;101;2272,50;;SUPER;;NFK|4205|12190|202230
4205;20015;25/07/2022;202230;333;8470,69;;SUPER;C;NFK|4205|20015|202230
4205;20041;25/07/2022;202230;455;4151,88;;SUPER;A;NFK|4205|20041|202230
4205;20088;25/07/2022;202230;234;13221,00;;SUPER;B;NFK|4205|20088|202230
4205;20131;25/07/2022;202230;169;3570,12;;SUPER;C;NFK|4205|20131|202230
4205;30012;25/07/2022;202230;-9;-145,69;;SUPER;;NFK|4205|30012|202230
4205;30077;25/07/2022;202230;150;7875,00;;SUPER;;NFK|4205|30077|202230
4205;30154;25/07/2022;202230;108;1822,50;;SUPER;;NFK|4205|30154|202230
4205;30209;25/07/2022;202230;139;5203,81;;SUPER;;NFK|4205|30209|202230
4218;10023;25/07/2022;202230;431;5118,12;;SUPER;;NFK|4218|10023|202230
4218;10047;25/07/2022;202230;266;2992,50;;SUPER;;NFK|4218|10047|202230
4218;10112;25/07/2022;202230;155;3284,06;;SUPER;;NFK|4218|10112|202230
4218;10310;25/07/2022;202230;145;3896,88;;SUPER;;NFK|4218|10310|202230
4218;11020;25/07/2022;202230;366;6839,62;;SUPER;;NFK|4218|11020|202230
4218;11085;25/07/2022;202230;193;2159,19;;SUPER;;NFK|4218|11085|202230
4218;11142;25/07/2022;202230;175;4364,06;;SUPER;;NFK|4218|11142|202230
4218;12004;25/07/2022;202230;219;8760,00;;SUPER;;NFK|4218|12004|202230
4218;12066;25/07/2022;202230;158;9578,75;;SUPER;;NFK|4218|12066|202230
4218;12190;25/07/2022;202230;107;2407,50;;SUPER;;NFK|4218|12190|202230
4218;20015;25/07/2022;202230;352;8954,00;;SUPER;C;NFK|4218|20015|202230
4218;20041;25/07/2022;202230;438;3996,75;;SUPER;A;NFK|4218|20041|202230
4218;20088;25/07/2022;202230;245;13842,50;;SUPER;B;NFK|4218|20088|202230
4218;20131;25/07/2022;202230;153;3232,12;;SUPER;C;NFK|4218|20131|202230
4218;30012;25/07/2022;202230;92;1489,25;;SUPER;;NFK|4218|30012|202230
4218;30077;25/07/2022;202230;133;6982,50;;SUPER;;NFK|4218|30077|202230
4218;30154;25/07/2022;202230;100;1687,50;;SUPER;;NFK|4218|30154|202230
4218;30209;25/07/2022;202230;128;4792,00;;SUPER;;NFK|4218|30209|202230
5502;10023;25/07/2022;202230;420;4987,50;;SUPER;;NFK|5502|10023|202230
5502;10047;25/07/2022;202230;271;3048,75;;SUPER;;NFK|5502|10047|202230
5502;10112;25/07/2022;202230;134;2839,12;;SUPER;;NFK|5502|10112|202230
5502;10310;25/07/2022;202230;126;3386,25;;SUPER;;NFK|5502|10310|202230
5502;11020;25/07/2022;202230;289;5400,69;;SUPER;;NFK|5502|11020|202230
5502;11085;25/07/2022;202230;199;2226,31;;SUPER;;NFK|5502|11085|202230
5502;11142;25/07/2022;202230;158;3940,12;;SUPER;;NFK|5502|11142|202230
5502;12004;25/07/2022;202230;172;6880,00;;SUPER;;NFK|5502|12004|202230
5502;12066;25/07/2022;202230;127;7699,38;;SUPER;;NFK|5502|12066|202230
5502;12190;25/07/2022;202230;98;2205,00;;SUPER;;NFK|5502|12190|202230
5502;20015;25/07/2022;202230;325;8267,19;;SUPER;C;NFK|5502|20015|202230
5502;20041;25/07/2022;202230;411;3750,38;;SUPER;A;NFK|5502|20041|202230
5502;20088;25/07/2022;202230;194;10961,00;;SUPER;B;NFK|5502|20088|202230
5502;20131;25/07/2022;202230;127;2682,88;;SUPER;C;NFK|5502|20131|202230
5502;30012;25/07/2022;202230;86;1392,12;;SUPER;;NFK|5502|30012|202230
5502;30077;25/07/2022;202230;138;7245,00;;SUPER;;NFK|5502|30077|202230
5502;30154;25/07/2022;202230;102;1721,25;;SUPER;;NFK|5502|30154|202230
5502;30209;25/07/2022;202230;131;4904,31;;SUPER;;NFK|5502|30209|202230
5511;10023;25/07/2022;202230;159;1888,12;;PARTNER;;NFK|5511|10023|202230
5511;10047;25/07/2022;202230;107;1203,75;;PARTNER;;NFK|5511|10047|202230
5511;10112;25/07/2022;202230;62;1313,62;;PARTNER;;NFK|5511|10112|202230
5511;10310;25/07/2022;202230;43;1155,62;;PARTNER;;NFK|5511|10310|202230
5511;11020;25/07/2022;202230;137;2560,19;;PARTNER;;NFK|5511|11020|202230
5511;11085;25/07/2022;202230;81;906,19;;PARTNER;;NFK|5511|11085|202230
5511;11142;25/07/2022;202230;48;1197,00;;PARTNER;;NFK|5511|11142|202230
5511;12004;25/07/2022;202230;66;2640,00;;PARTNER;;NFK|5511|12004|202230
5511;12066;25/07/2022;202230;53;3213,12;;PARTNER;;NFK|5511|12066|202230
5511;12190;25/07/2022;202230;38;855,00;;PARTNER;;NFK|5511|12190|202230
5511;20015;25/07/2022;202230;120;3052,50;;PARTNER;C;NFK|5511|20015|202230
5511;20041;25/07/2022;202230;141;1286,62;;PARTNER;A;NFK|5511|20041|202230
5511;20088;25/07/2022;202230;86;4859,00;;PARTNER;B;NFK|5511|20088|202230
5511;20131;25/07/2022;202230;54;1140,75;;PARTNER;C;NFK|5511|20131|202230
5511;30012;25/07/2022;202230;31;501,81;;PARTNER;;NFK|5511|30012|202230
5511;30077;25/07/2022;202230;46;2415,00;;PARTNER;;NFK|5511|30077|202230
5511;30154;25/07/2022;202230;40;675,00;;PARTNER;;NFK|5511|30154|202230
5511;30209;25/07/2022;202230;51;1909,31;;PARTNER;;NFK|5511|30209|202230
5511;99001;25/07/2022;202230;2;0,00;;PARTNER;;NFK|5511|99001|202230
9001;10023;25/07/2022;202230;23;273,12;;DEPOT;;NFK|9001|10023|202230
9001;10047;25/07/2022;202230;14;157,50;;DEPOT;;NFK|9001|10047|202230
9001;10112;25/07/2022;202230;8;169,50;;DEPOT;;NFK|9001|10112|202230
9001;10310;25/07/2022;202230;6;161,25;;DEPOT;;NFK|9001|10310|202230
9001;11020;25/07/2022;202230;20;373,75;;DEPOT;;NFK|9001|11020|202230
9001;11085;25/07/2022;202230;11;123,06;;DEPOT;;NFK|9001|11085|202230
9001;11142;25/07/2022;202230;7;174,56;;DEPOT;;NFK|9001|11142|202230
9001;12004;25/07/2022;202230;9;360,00;;DEPOT;;NFK|9001|12004|202230
9001;12066;25/07/2022;202230;8;485,00;;DEPOT;;NFK|9001|12066|202230
9001;12190;25/07/2022;202230;6;135,00;;DEPOT;;NFK|9001|12190|202230
9001;20015;25/07/2022;202230;19;483,31;;DEPOT;C;NFK|9001|20015|202230
9001;20041;25/07/2022;202230;24;219,00;;DEPOT;A;NFK|9001|20041|202230
9001;20088;25/07/2022;202230;12;678,00;;DEPOT;B;NFK|9001|20088|202230
9001;20131;25/07/2022;202230;8;169,00;;DEPOT;C;NFK|9001|20131|202230
9001;30012;25/07/2022;202230;5;80,94;;DEPOT;;NFK|9001|30012|202230
9001;30077;25/07/2022;202230;8;420,00;;DEPOT;;NFK|9001|30077|202230
9001;30154;25/07/2022;202230;5;84,38;;DEPOT;;NFK|9001|30154|202230
9001;30209;25/07/2022;202230;7;262,06;;DEPOT;;NFK|9001|30209|202230
9001;99001;25/07/2022;202230;0;0,00;;DEPOT;;NFK|9001|99001|202230
1199;10023;25/07/2022;202230;10;118,75;;SUPER;;NFK|1199|10023|202230
1199;10047;25/07/2022;202230;6;67,50;;SUPER;;NFK|1199|10047|202230
1199;10112;25/07/2022;202230;3;63,56;;SUPER;;NFK|1199|10112|202230
1199;10310;25/07/2022;202230;3;80,62;;SUPER;;NFK|1199|10310|202230
1199;11020;25/07/2022;202230;7;130,81;;SUPER;;NFK|1199|11020|202230
1199;11085;25/07/2022;202230;4;44,75;;SUPER;;NFK|1199|11085|202230
1199;11142;25/07/2022;202230;3;74,81;;SUPER;;NFK|1199|11142|202230
1199;12004;25/07/2022;202230;4;160,00;;SUPER;;NFK|1199|12004|202230
1199;12066;25/07/2022;202230;3;181,88;;SUPER;;NFK|1199|12066|202230
1199;12190;25/07/2022;202230;2;45,00;;SUPER;;NFK|1199|12190|202230
1199;20015;25/07/2022;202230;7;178,06;;SUPER;C;NFK|1199|20015|202230
1199;20041;25/07/2022;202230;9;82,12;;SUPER;A;NFK|1199|20041|202230
1199;20088;25/07/2022;202230;4;226,00;;SUPER;B;NFK|1199|20088|202230
1199;20131;25/07/2022;202230;3;63,38;;SUPER;C;NFK|1199|20131|202230
1199;30012;25/07/2022;202230;2;32,38;;SUPER;;NFK|1199|30012|202230
1199;30077;25/07/2022;202230;3;157,50;;SUPER;;NFK|1199|30077|202230
1199;30154;25/07/2022;202230;2;33,75;;SUPER;;NFK|1199|30154|202230
1199;30209;25/07/2022;202230;2;74,88;;SUPER;;NFK|1199|30209|202230
1101;10023;01/08/2022;202231;466;5533,75;;SUPER;;NFK|1101|10023|202231
1101;10047;01/08/2022;202231;300;3375,00;;SUPER;;NFK|1101|10047|202231
1101;10112;01/08/2022;202231;142;3008,62;;SUPER;;NFK|1101|10112|202231
1101;10310;01/08/2022;202231;127;3413,12;;SUPER;;NFK|1101|10310|202231
1101;11020;01/08/2022;202231;392;7325,50;;SUPER;;NFK|1101|11020|202231
1101;11085;01/08/2022;202231;189;2114,44;;SUPER;;NFK|1101|11085|202231
1101;11142;01/08/2022;202231;237;3960,86;KUPON;SUPER;;NFK|1101|11142|202231
1101;12004;01/08/2022;202231;205;8200,00;;SUPER;;NFK|1101|12004|202231
1101;12066;01/08/2022;202231;133;8063,12;;SUPER;;NFK|1101|12066|202231
1101;12190;01/08/2022;202231;133;2244,38;KUPON;SUPER;;NFK|1101|12190|202231
1101;20015;01/08/2022;202231;282;7173,38;;SUPER;C;NFK|1101|20015|202231
1101;20041;01/08/2022;202231;290;2646,25;;SUPER;A;NFK|1101|20041|202231
1101;20088;01/08/2022;202231;339;14492,25;TILBUD;SUPER;B;NFK|1101|20088|202231
1101;20131;01/08/2022;202231;123;2598,38;;SUPER;C;NFK|1101|20131|202231
1101;30012;01/08/2022;202231;131;1802,89;3F2;SUPER;;NFK|1101|30012|202231
1101;30077;01/08/2022;202231;145;7612,50;;SUPER;;NFK|1101|30077|202231
1101;30154;01/08/2022;202231;95;1603,12;;SUPER;;NFK|1101|30154|202231
1101;30209;01/08/2022;202231;131;4904,31;;SUPER;;NFK|1101|30209|202231
1102;10023;01/08/2022;202231;392;4655,00;;SUPER;;NFK|1102|10023|202231
1102;10047;01/08/2022;202231;281;3161,25;;SUPER;;NFK|1102|10047|202231
1102;10112;01/08/2022;202231;140;2966,25;;SUPER;;NFK|1102|10112|202231
1102;10310;01/08/2022;202231;119;3198,12;;SUPER;;NFK|1102|10310|202231
1102;11020;01/08/2022;202231;299;5587,56;;SUPER;;NFK|1102|11020|202231
1102;11085;01/08/2022;202231;196;2192,75;;SUPER;;NFK|1102|11085|202231
1102;11142;01/08/2022;202231;198;3309,07;KUPON;SUPER;;NFK|1102|11142|202231
1102;12004;01/08/2022;202231;191;7640,00;;SUPER;;NFK|1102|12004|202231
1102;12066;01/08/2022;202231;132;8002,50;;SUPER;;NFK|1102|12066|202231
1102;12190;01/08/2022;202231;118;1991,25;KUPON;SUPER;;NFK|1102|12190|202231
1102;20015;01/08/2022;202231;274;6969,88;;SUPER;C;NFK|1102|20015|202231
1102;20041;01/08/2022;202231;279;2545,88;;SUPER;A;NFK|1102|20041|202231
1102;20088;01/08/2022;202231;281;12012,75;TILBUD;SUPER;B;NFK|1102|20088|202231
1102;20131;01/08/2022;202231;110;2323,75;;SUPER;C;NFK|1102|20131|202231
1102;30012;01/08/2022;202231;134;1844,17;3F2;SUPER;;NFK|1102|30012|202231
1102;30077;01/08/2022;202231;116;6090,00;;SUPER;;NFK|1102|30077|202231
1102;30154;01/08/2022;202231;104;1755,00;;SUPER;;NFK|1102|30154|202231
1102;30209;01/08/2022;202231;111;4155,56;;SUPER;;NFK|1102|30209|202231
1103;10023;01/08/2022;202231;243;2885,62;;NAER;;NFK|1103|10023|202231
1103;10047;01/08/2022;202231;152;1710,00;;NAER;;NFK|1103|10047|202231
1103;10112;01/08/2022;202231;72;1525,50;;NAER;;NFK|1103|10112|202231
1103;10310;01/08/2022;202231;65;1746,88;;NAER;;NFK|1103|10310|202231
1103;11020;01/08/2022;202231;192;3588,00;;NAER;;NFK|1103|11020|202231
1103;11085;01/08/2022;202231;100;1118,75;;NAER;;NFK|1103|11085|202231
1103;11142;01/08/2022;202231;119;1988,79;KUPON;NAER;;NFK|1103|11142|202231
1103;12004;01/08/2022;202231;83;3320,00;;NAER;;NFK|1103|12004|202231
1103;12066;01/08/2022;202231;61;3698,12;;NAER;;NFK|1103|12066|202231
1103;12190;01/08/2022;202231;58;978,75;KUPON;NAER;;NFK|1103|12190|202231
1103;20015;01/08/2022;202231;112;2849,00;;NAER;C;NFK|1103|20015|202231
1103;20041;01/08/2022;202231;160;1460,00;;NAER;A;NFK|1103|20041|202231
1103;20088;01/08/2022;202231;141;6027,75;TILBUD;NAER;B;NFK|1103|20088|202231
1103;20131;01/08/2022;202231;58;1225,25;;NAER;C;NFK|1103|20131|202231
1103;30012;01/08/2022;202231;69;949,61;3F2;NAER;;NFK|1103|30012|202231
1103;30077;01/08/2022;202231;64;3360,00;;NAER;;NFK|1103|30077|202231
1103;30154;01/08/2022;202231;55;928,12;;NAER;;NFK|1103|30154|202231
1103;30209;01/08/2022;202231;69;2583,19;;NAER;;NFK|1103|30209|202231
1108;10023;01/08/2022;202231;840;9975,00;;HYPER;;NFK|1108|10023|202231
1108;10047;01/08/2022;202231;572;6435,00;;HYPER;;NFK|1108|10047|202231
1108;10112;01/08/2022;202231;304;6441,00;;HYPER;;NFK|1108|10112|202231
1108;10310;01/08/2022;202231;255;6853,12;;HYPER;;NFK|1108|10310|202231
1108;11020;01/08/2022;202231;717;13398,94;;HYPER;;NFK|1108|11020|202231
1108;11085;01/08/2022;202231;400;4475,00;;HYPER;;NFK|1108|11085|202231
1108;11142;01/08/2022;202231;383;6400,89;KUPON;HYPER;;NFK|1108|11142|202231
1108;12004;01/08/2022;202231;361;14440,00;;HYPER;;NFK|1108|12004|202231
1108;12066;01/08/2022;202231;291;17641,88;;HYPER;;NFK|1108|12066|202231
1108;12190;01/08/2022;202231;277;4674,38;KUPON;HYPER;;NFK|1108|12190|202231
1108;20015;01/08/2022;202231;442;11243,38;;HYPER;C;NFK|1108|20015|202231
1108;20041;01/08/2022;202231;654;5967,75;;HYPER;A;NFK|1108|20041|202231
1108;20088;01/08/2022;202231;497;21246,75;TILBUD;HYPER;B;NFK|1108|20088|202231
1108;20131;01/08/2022;202231;200;4225,00;;HYPER;C;NFK|1108|20131|202231
1108;30012;01/08/2022;202231;244;3358,05;3F2;HYPER;;NFK|1108|30012|202231
1108;30077;01/08/2022;202231;298;15645,00;;HYPER;;NFK|1108|30077|202231
1108;30154;01/08/2022;202231;216;3645,00;;HYPER;;NFK|1108|30154|202231
1108;30209;01/08/2022;202231;252;9434,25;;HYPER;;NFK|1108|30209|202231
1108;99001;01/08/2022;202231;12;0,00;;HYPER;;NFK|1108|99001|202231
3104;10023;01/08/2022;202231;360;4275,00;;SUPER;;NFK|3104|10023|202231
3104;10047;01/08/2022;202231;234;2632,50;;SUPER;;NFK|3104|10047|202231
3104;10112;01/08/2022;202231;143;3029,81;;SUPER;;NFK|3104|10112|202231
3104;10310;01/08/2022;202231;125;3359,38;;SUPER;;NFK|3104|10310|202231
3104;11020;01/08/2022;202231;309;5774,44;;SUPER;;NFK|3104|11020|202231
3104;11085;01/08/2022;202231;170;1901,87;;SUPER;;NFK|3104|11085|202231
3104;11142;01/08/2022;202231;209;3492,91;KUPON;SUPER;;NFK|3104|11142|202231
3104;12004;01/08/2022;202231;159;6360,00;;SUPER;;NFK|3104|12004|202231
3104;12066;01/08/2022;202231;136;8245,00;;SUPER;;NFK|3104|12066|202231
3104;12190;01/08/2022;202231;132;2227,50;KUPON;SUPER;;NFK|3104|12190|202231
3104;20015;01/08/2022;202231;259;6588,31;;SUPER;C;NFK|3104|20015|202231
3104;20041;01/08/2022;202231;263;2399,88;;SUPER;A;NFK|3104|20041|202231
3104;20088;01/08/2022;202231;257;10986,75;TILBUD;SUPER;B;NFK|3104|20088|202231
3104;20131;01/08/2022;202231;116;2450,50;;SUPER;C;NFK|3104|20131|202231
3104;30012;01/08/2022;202231;98;1348,72;3F2;SUPER;;NFK|3104|30012|202231
3104;30077;01/08/2022;202231;134;7035,00;;SUPER;;NFK|3104|30077|202231
3104;30154;01/08/2022;202231;81;1366,88;;SUPER;;NFK|3104|30154|202231
3104;30209;01/08/2022;202231;112;4193,00;;SUPER;;NFK|3104|30209|202231
3117;10023;01/08/2022;202231;175;2078,12;;NAER;;NFK|3117|10023|202231
3117;10047;01/08/2022;202231;106;1192,50;;NAER;;NFK|3117|10047|202231
3117;10112;01/08/2022;202231;71;1504,31;;NAER;;NFK|3117|10112|202231
3117;10310;01/08/2022;202231;55;1478,12;;NAER;;NFK|3117|10310|202231
3117;11020;01/08/2022;202231;140;2616,25;;NAER;;NFK|3117|11020|202231
3117;11085;01/08/2022;202231;75;839,06;;NAER;;NFK|3117|11085|202231
3117;11142;01/08/2022;202231;86;1437,27;KUPON;NAER;;NFK|3117|11142|202231
3117;12004;01/08/2022;202231;85;3400,00;;NAER;;NFK|3117|12004|202231
3117;12066;01/08/2022;202231;53;3213,12;;NAER;;NFK|3117|12066|202231
3117;12190;01/08/2022;202231;52;877,50;KUPON;NAER;;NFK|3117|12190|202231
3117;20015;01/08/2022;202231;121;3077,94;;NAER;C;NFK|3117|20015|202231
3117;20041;01/08/2022;202231;130;1186,25;;NAER;A;NFK|3117|20041|202231
3117;20088;01/08/2022;202231;126;5386,50;TILBUD;NAER;B;NFK|3117|20088|202231
3117;20131;01/08/2022;202231;56;1183,00;;NAER;C;NFK|3117|20131|202231
3117;30012;01/08/2022;202231;49;674,36;3F2;NAER;;NFK|3117|30012|202231
3117;30077;01/08/2022;202231;53;2782,50;;NAER;;NFK|3117|30077|202231
3117;30154;01/08/2022;202231;46;776,25;;NAER;;NFK|3117|30154|202231
3117;30209;01/08/2022;202231;51;1909,31;;NAER;;NFK|3117|30209|202231
3117;99001;01/08/2022;202231;2;0,00;;NAER;;NFK|3117|99001|202231
3122;10023;01/08/2022;202231;152;1805,00;;FRANCHISE;;NFK|3122|10023|202231
3122;10047;01/08/2022;202231;74;832,50;;FRANCHISE;;NFK|3122|10047|202231
3122;10112;01/08/2022;202231;48;1017,00;;FRANCHISE;;NFK|3122|10112|202231
3122;10310;01/08/2022;202231;34;913,75;;FRANCHISE;;NFK|3122|10310|202231
3122;11020;01/08/2022;202231;110;2055,62;;FRANCHISE;;NFK|3122|11020|202231
3122;11085;01/08/2022;202231;63;704,81;;FRANCHISE;;NFK|3122|11085|202231
3122;11142;01/08/2022;202231;69;1153,16;KUPON;FRANCHISE;;NFK|3122|11142|202231
3122;12004;01/08/2022;202231;57;2280,00;;FRANCHISE;;NFK|3122|12004|202231
3122;12066;01/08/2022;202231;42;2546,25;;FRANCHISE;;NFK|3122|12066|202231
3122;12190;01/08/2022;202231;43;725,62;KUPON;FRANCHISE;;NFK|3122|12190|202231
3122;20015;01/08/2022;202231;69;1755,19;;FRANCHISE;C;NFK|3122|20015|202231
3122;20041;01/08/2022;202231;94;857,75;;FRANCHISE;A;NFK|3122|20041|202231
3122;20088;01/08/2022;202231;84;3591,00;TILBUD;FRANCHISE;B;NFK|3122|20088|202231
3122;20131;01/08/2022;202231;33;697,12;;FRANCHISE;C;NFK|3122|20131|202231
3122;30012;01/08/2022;202231;35;481,69;3F2;FRANCHISE;;NFK|3122|30012|202231
3122;30077;01/08/2022;202231;41;2152,50;;FRANCHISE;;NFK|3122|30077|202231
3122;30154;01/08/2022;202231;29;489,38;;FRANCHISE;;NFK|3122|30154|202231
3122;30209;01/08/2022;202231;38;1422,62;;FRANCHISE;;NFK|3122|30209|202231
3122;99001;01/08/2022;202231;2;0,00;;FRANCHISE;;NFK|3122|99001|202231
4201;10023;01/08/2022;202231;660;7837,50;;HYPER;;NFK|4201|10023|202231
4201;10047;01/08/2022;202231;490;5512,50;;HYPER;;NFK|4201|10047|202231
4201;10112;01/08/2022;202231;258;5466,37;;HYPER;;NFK|4201|10112|202231
4201;10310;01/08/2022;202231;214;5751,25;;HYPER;;NFK|4201|10310|202231
4201;11020;01/08/2022;202231;600;11212,50;;HYPER;;NFK|4201|11020|202231
4201;11085;01/08/2022;202231;366;4094,62;;HYPER;;NFK|4201|11085|202231
4201;11142;01/08/2022;202231;321;5364,71;KUPON;HYPER;;NFK|4201|11142|202231
4201;12004;01/08/2022;202231;344;13760,00;;HYPER;;NFK|4201|12004|202231
4201;12066;01/08/2022;202231;210;12731,25;;HYPER;;NFK|4201|12066|202231
4201;12190;01/08/2022;202231;247;4168,12;KUPON;HYPER;;NFK|4201|12190|202231
4201;20015;01/08/2022;202231;455;11574,06;;HYPER;C;NFK|4201|20015|202231
4201;20041;01/08/2022;202231;492;4489,50;;HYPER;A;NFK|4201|20041|202231
4201;20088;01/08/2022;202231;504;21546,00;TILBUD;HYPER;B;NFK|4201|20088|202231
4201;20131;01/08/2022;202231;193;4077,12;;HYPER;C;NFK|4201|20131|202231
4201;30012;01/08/2022;202231;182;2504,78;3F2;HYPER;;NFK|4201|30012|202231
4201;30077;01/08/2022;202231;255;13387,50;;HYPER;;NFK|4201|30077|202231
4201;30154;01/08/2022;202231;169;2851,88;;HYPER;;NFK|4201|30154|202231
4201;30209;01/08/2022;202231;199;7450,06;;HYPER;;NFK|4201|30209|202231
4201;99001;01/08/2022;202231;12;0,00;;HYPER;;NFK|4201|99001|202231
4205;10023;01/08/2022;202231;464;5510,00;;SUPER;;NFK|4205|10023|202231
4205;10047;01/08/2022;202231;282;3172,50;;SUPER;;NFK|4205|10047|202231
4205;10112;01/08/2022;202231;145;3072,19;;SUPER;;NFK|4205|10112|202231
4205;10310;01/08/2022;202231;135;3628,12;;SUPER;;NFK|4205|10310|202231
4205;11020;01/08/2022;202231;296;5531,50;;SUPER;;NFK|4205|11020|202231
4205;11085;01/08/2022;202231;187;2092,06;;SUPER;;NFK|4205|11085|202231
4205;11142;01/08/2022;202231;236;3944,15;KUPON;SUPER;;NFK|4205|11142|202231
4205;12004;01/08/2022;202231;182;7280,00;;SUPER;;NFK|4205|12004|202231
4205;12066;01/08/2022;202231;124;7517,50;;SUPER;;NFK|4205|12066|202231
4205;12190;01/08/2022;202231;139;2345,62;KUPON;SUPER;;NFK|4205|12190|202231
4205;20015;01/08/2022;202231;222;5647,12;;SUPER;C;NFK|4205|20015|202231
4205;20041;01/08/2022;202231;335;3056,88;;SUPER;A;NFK|4205|20041|202231
4205;20088;01/08/2022;202231;323;13808,25;TILBUD;SUPER;B;NFK|4205|20088|202231
4205;20131;01/08/2022;202231;113;2387,12;;SUPER;C;NFK|4205|20131|202231
4205;30012;01/08/2022;202231;107;1472,59;3F2;SUPER;;NFK|4205|30012|202231
4205;30077;01/08/2022;202231;136;7140,00;;SUPER;;NFK|4205|30077|202231
4205;30154;01/08/2022;202231;107;1805,62;;SUPER;;NFK|4205|30154|202231
4205;30209;01/08/2022;202231;118;4417,62;;SUPER;;NFK|4205|30209|202231
4205;99001;01/08/2022;202231;6;0,00;;SUPER;;NFK|4205|99001|202231
4218;10023;01/08/2022;202231;399;4738,12;;SUPER;;NFK|4218|10023|202231
4218;10047;01/08/2022;202231;296;3330,00;;SUPER;;NFK|4218|10047|202231
4218;10112;01/08/2022;202231;175;3707,81;;SUPER;;NFK|4218|10112|202231
4218;10310;01/08/2022;202231;146;3923,75;;SUPER;;NFK|4218|10310|202231
4218;11020;01/08/2022;202231;378;7063,87;;SUPER;;NFK|4218|11020|202231
4218;11085;01/08/2022;202231;194;2170,38;;SUPER;;NFK|4218|11085|202231
4218;11142;01/08/2022;202231;242;4044,43;KUPON;SUPER;;NFK|4218|11142|202231
4218;12004;01/08/2022;202231;191;7640,00;;SUPER;;NFK|4218|12004|202231
4218;12066;01/08/2022;202231;143;8669,38;;SUPER;;NFK|4218|12066|202231
4218;12190;01/08/2022;202231;128;2160,00;KUPON;SUPER;;NFK|4218|12190|202231
4218;20015;01/08/2022;202231;235;5977,81;;SUPER;C;NFK|4218|20015|202231
4218;20041;01/08/2022;202231;301;2746,62;;SUPER;A;NFK|4218|20041|202231
4218;20088;01/08/2022;202231;275;11756,25;TILBUD;SUPER;B;NFK|4218|20088|202231
4218;20131;01/08/2022;202231;125;2640,62;;SUPER;C;NFK|4218|20131|202231
4218;30012;01/08/2022;202231;141;1940,51;3F2;SUPER;;NFK|4218|30012|202231
4218;30077;01/08/2022;202231;158;8295,00;;SUPER;;NFK|4218|30077|202231
4218;30154;01/08/2022;202231;96;1620,00;;SUPER;;NFK|4218|30154|202231
4218;30209;01/08/2022;202231;116;4342,75;;SUPER;;NFK|4218|30209|202231
5502;10023;01/08/2022;202231;435;5165,62;;SUPER;;NFK|5502|10023|202231
5502;10047;01/08/2022;202231;242;2722,50;;SUPER;;NFK|5502|10047|202231
5502;10112;01/08/2022;202231;166;3517,12;;SUPER;;NFK|5502|10112|202231
5502;10310;01/08/2022;202231;130;3493,75;;SUPER;;NFK|5502|10310|202231
5502;11020;01/08/2022;202231;349;6521,94;;SUPER;;NFK|5502|11020|202231
5502;11085;01/08/2022;202231;172;1924,25;;SUPER;;NFK|5502|11085|202231
5502;11142;01/08/2022;202231;216;3609,90;KUPON;SUPER;;NFK|5502|11142|202231
5502;12004;01/08/2022;202231;152;6080,00;;SUPER;;NFK|5502|12004|202231
5502;12066;01/08/2022;202231;128;7760,00;;SUPER;;NFK|5502|12066|202231
5502;12190;01/08/2022;202231;142;2396,25;KUPON;SUPER;;NFK|5502|12190|202231
5502;20015;01/08/2022;202231;237;6028,69;;SUPER;C;NFK|5502|20015|202231
5502;20041;01/08/2022;202231;266;2427,25;;SUPER;A;NFK|5502|20041|202231
5502;20088;01/08/2022;202231;248;10602,00;TILBUD;SUPER;B;NFK|5502|20088|202231
5502;20131;01/08/2022;202231;100;2112,50;;SUPER;C;NFK|5502|20131|202231
5502;30012;01/08/2022;202231;106;1458,82;3F2;SUPER;;NFK|5502|30012|202231
5502;30077;01/08/2022;202231;126;6615,00;;SUPER;;NFK|5502|30077|202231
5502;30154;01/08/2022;202231;85;1434,38;;SUPER;;NFK|5502|30154|202231
5502;30209;01/08/2022;202231;103;3856,06;;SUPER;;NFK|5502|30209|202231
5502;99001;01/08/2022;202231;6;0,00;;SUPER;;NFK|5502|99001|202231
5511;10023;01/08/2022;202231;158;1876,25;;PARTNER;;NFK|5511|10023|202231
5511;10047;01/08/2022;202231;97;1091,25;;PARTNER;;NFK|5511|10047|202231
5511;10112;01/08/2022;202231;64;1356,00;;PARTNER;;NFK|5511|10112|202231
5511;10310;01/08/2022;202231;50;1343,75;;PARTNER;;NFK|5511|10310|202231
5511;11020;01/08/2022;202231;115;2149,06;;PARTNER;;NFK|5511|11020|202231
5511;11085;01/08/2022;202231;73;816,69;;PARTNER;;NFK|5511|11085|202231
5511;11142;01/08/2022;202231;84;1403,85;KUPON;PARTNER;;NFK|5511|11142|202231
5511;12004;01/08/2022;202231;62;2480,00;;PARTNER;;NFK|5511|12004|202231
5511;12066;01/08/2022;202231;55;3334,38;;PARTNER;;NFK|5511|12066|202231
5511;12190;01/08/2022;202231;52;877,50;KUPON;PARTNER;;NFK|5511|12190|202231
5511;20015;01/08/2022;202231;104;2645,50;;PARTNER;C;NFK|5511|20015|202231
5511;20041;01/08/2022;202231;126;1149,75;;PARTNER;A;NFK|5511|20041|202231
5511;20088;01/08/2022;202231;119;5087,25;TILBUD;PARTNER;B;NFK|5511|20088|202231
5511;20131;01/08/2022;202231;45;950,62;;PARTNER;C;NFK|5511|20131|202231
5511;30012;01/08/2022;202231;44;605,55;3F2;PARTNER;;NFK|5511|30012|202231
5511;30077;01/08/2022;202231;51;2677,50;;PARTNER;;NFK|5511|30077|202231
5511;30154;01/08/2022;202231;35;590,62;;PARTNER;;NFK|5511|30154|202231
5511;30209;01/08/2022;202231;51;1909,31;;PARTNER;;NFK|5511|30209|202231
5511;99001;01/08/2022;202231;2;0,00;;PARTNER;;NFK|5511|99001|202231
9001;10023;01/08/2022;202231;19;225,62;;DEPOT;;NFK|9001|10023|202231
9001;10047;01/08/2022;202231;14;157,50;;DEPOT;;NFK|9001|10047|202231
9001;10112;01/08/2022;202231;8;169,50;;DEPOT;;NFK|9001|10112|202231
9001;10310;01/08/2022;202231;7;188,12;;DEPOT;;NFK|9001|10310|202231
9001;11020;01/08/2022;202231;20;373,75;;DEPOT;;NFK|9001|11020|202231
9001;11085;01/08/2022;202231;10;111,88;;DEPOT;;NFK|9001|11085|202231
9001;11142;01/08/2022;202231;12;200,55;KUPON;DEPOT;;NFK|9001|11142|202231
9001;12004;01/08/2022;202231;9;360,00;;DEPOT;;NFK|9001|12004|202231
9001;12066;01/08/2022;202231;7;424,38;;DEPOT;;NFK|9001|12066|202231
9001;12190;01/08/2022;202231;7;118,12;KUPON;DEPOT;;NFK|9001|12190|202231
9001;20015;01/08/2022;202231;13;330,69;;DEPOT;C;NFK|9001|20015|202231
9001;20041;01/08/2022;202231;17;155,12;;DEPOT;A;NFK|9001|20041|202231
9001;20088;01/08/2022;202231;16;684,00;TILBUD;DEPOT;B;NFK|9001|20088|202231
9001;20131;01/08/2022;202231;6;126,75;;DEPOT;C;NFK|9001|20131|202231
9001;30012;01/08/2022;202231;6;82,58;3F2;DEPOT;;NFK|9001|30012|202231
9001;30077;01/08/2022;202231;7;367,50;;DEPOT;;NFK|9001|30077|202231
9001;30154;01/08/2022;202231;6;101,25;;DEPOT;;NFK|9001|30154|202231
9001;30209;01/08/2022;202231;6;224,62;;DEPOT;;NFK|9001|30209|202231
1199;10023;01/08/2022;202231;8;95,00;;SUPER;;NFK|1199|10023|202231
1199;10047;01/08/2022;202231;6;67,50;;SUPER;;NFK|1199|10047|202231
1199;10112;01/08/2022;202231;3;63,56;;SUPER;;NFK|1199|10112|202231
1199;10310;01/08/2022;202231;3;80,62;;SUPER;;NFK|1199|10310|202231
1199;11020;01/08/2022;202231;7;130,81;;SUPER;;NFK|1199|11020|202231
1199;11085;01/08/2022;202231;4;44,75;;SUPER;;NFK|1199|11085|202231
1199;11142;01/08/2022;202231;4;66,85;KUPON;SUPER;;NFK|1199|11142|202231
1199;12004;01/08/2022;202231;3;120,00;;SUPER;;NFK|1199|12004|202231
1199;12066;01/08/2022;202231;3;181,88;;SUPER;;NFK|1199|12066|202231
1199;12190;01/08/2022;202231;3;50,62;KUPON;SUPER;;NFK|1199|12190|202231
1199;20015;01/08/2022;202231;6;152,62;;SUPER;C;NFK|1199|20015|202231
1199;20041;01/08/2022;202231;6;54,75;;SUPER;A;NFK|1199|20041|202231
1199;20088;01/08/2022;202231;7;299,25;TILBUD;SUPER;B;NFK|1199|20088|202231
1199;20131;01/08/2022;202231;3;63,38;;SUPER;C;NFK|1199|20131|202231
1199;30012;01/08/2022;202231;3;41,29;3F2;SUPER;;NFK|1199|30012|202231
1199;30077;01/08/2022;202231;3;157,50;;SUPER;;NFK|1199|30077|202231
1199;30154;01/08/2022;202231;2;33,75;;SUPER;;NFK|1199|30154|202231
1199;30209;01/08/2022;202231;3;112,31;;SUPER;;NFK|1199|30209|202231
1101;10023;08/08/2022;202232;449;5331,88;;SUPER;;NFK|1101|10023|202232
1101;10047;08/08/2022;202232;500;3768,75;3F2;SUPER;;NFK|1101|10047|202232
1101;10112;08/08/2022;202232;164;3474,75;;SUPER;;NFK|1101|10112|202232
1101;10310;08/08/2022;202232;146;3923,75;;SUPER;;NFK|1101|10310|202232
1101;11020;08/08/2022;202232;356;6652,75;;SUPER;;NFK|1101|11020|202232
1101;11085;08/08/2022;202232;220;2461,25;;SUPER;;NFK|1101|11085|202232
1101;11142;08/08/2022;202232;142;3541,12;;SUPER;;NFK|1101|11142|202232
1101;12004;08/08/2022;202232;203;8120,00;;SUPER;;NFK|1101|12004|202232
1101;12066;08/08/2022;202232;137;8305,62;;SUPER;;NFK|1101|12066|202232
1101;12190;08/08/2022;202232;102;2295,00;;SUPER;;NFK|1101|12190|202232
1101;20015;08/08/2022;202232;248;6308,50;;SUPER;C;NFK|1101|20015|202232
1101;20041;08/08/2022;202232;310;2828,75;;SUPER;A;NFK|1101|20041|202232
1101;20088;08/08/2022;202232;197;11130,50;;SUPER;B;NFK|1101|20088|202232
1101;20131;08/08/2022;202232;111;2344,88;;SUPER;C;NFK|1101|20131|202232
1101;30012;08/08/2022;202232;88;1424,50;;SUPER;;NFK|1101|30012|202232
1101;30077;08/08/2022;202232;126;6615,00;;SUPER;;NFK|1101|30077|202232
1101;30154;08/08/2022;202232;92;1552,50;;SUPER;;NFK|1101|30154|202232
1101;30209;08/08/2022;202232;123;4604,81;;SUPER;;NFK|1101|30209|202232
1102;10023;08/08/2022;202232;445;5284,38;;SUPER;;NFK|1102|10023|202232
1102;10047;08/08/2022;202232;446;3361,73;3F2;SUPER;;NFK|1102|10047|202232
1102;10112;08/08/2022;202232;128;2712,00;;SUPER;;NFK|1102|10112|202232
1102;10310;08/08/2022;202232;113;3036,88;;SUPER;;NFK|1102|10310|202232
1102;11020;08/08/2022;202232;354;6615,38;;SUPER;;NFK|1102|11020|202232
1102;11085;08/08/2022;202232;194;2170,38;;SUPER;;NFK|1102|11085|202232
1102;11142;08/08/2022;202232;142;3541,12;;SUPER;;NFK|1102|11142|202232
1102;12004;08/08/2022;202232;186;7440,00;;SUPER;;NFK|1102|12004|202232
1102;12066;08/08/2022;202232;122;7396,25;;SUPER;;NFK|1102|12066|202232
1102;12190;08/08/2022;202232;100;2250,00;;SUPER;;NFK|1102|12190|202232
1102;20015;08/08/2022;202232;252;6410,25;;SUPER;C;NFK|1102|20015|202232
1102;20041;08/08/2022;202232;318;2901,75;;SUPER;A;NFK|1102|20041|202232
1102;20088;08/08/2022;202232;148;8362,00;;SUPER;B;NFK|1102|20088|202232
1102;20131;08/08/2022;202232;98;2070,25;;SUPER;C;NFK|1102|20131|202232
1102;30012;08/08/2022;202232;78;1262,62;;SUPER;;NFK|1102|30012|202232
1102;30077;08/08/2022;202232;128;6720,00;;SUPER;;NFK|1102|30077|202232
1102;30154;08/08/2022;202232;93;1569,38;;SUPER;;NFK|1102|30154|202232
1102;30209;08/08/2022;202232;110;4118,12;;SUPER;;NFK|1102|30209|202232
1102;99001;08/08/2022;202232;5;0,00;;SUPER;;NFK|1102|99001|202232
1103;10023;08/08/2022;202232;242;2873,75;;NAER;;NFK|1103|10023|202232
1103;10047;08/08/2022;202232;260;1959,75;3F2;NAER;;NFK|1103|10047|202232
1103;10112;08/08/2022;202232;77;1631,44;;NAER;;NFK|1103|10112|202232
1103;10310;08/08/2022;202232;63;1693,12;;NAER;;NFK|1103|10310|202232
1103;11020;08/08/2022;202232;168;3139,50;;NAER;;NFK|1103|11020|202232
1103;11085;08/08/2022;202232;96;1074,00;;NAER;;NFK|1103|11085|202232
1103;11142;08/08/2022;202232;72;1795,50;;NAER;;NFK|1103|11142|202232
1103;12004;08/08/2022;202232;79;3160,00;;NAER;;NFK|1103|12004|202232
1103;12066;08/08/2022;202232;76;4607,50;;NAER;;NFK|1103|12066|202232
1103;12190;08/08/2022;202232;50;1125,00;;NAER;;NFK|1103|12190|202232
1103;20015;08/08/2022;202232;111;2823,56;;NAER;C;NFK|1103|20015|202232
1103;20041;08/08/2022;202232;167;1523,88;;NAER;A;NFK|1103|20041|202232
1103;20088;08/08/2022;202232;86;4859,00;;NAER;B;NFK|1103|20088|202232
1103;20131;08/08/2022;202232;64;1352,00;;NAER;C;NFK|1103|20131|202232
1103;30012;08/08/2022;202232;48;777,00;;NAER;;NFK|1103|30012|202232
1103;30077;08/08/2022;202232;68;3570,00;;NAER;;NFK|1103|30077|202232
1103;30154;08/08/2022;202232;47;793,12;;NAER;;NFK|1103|30154|202232
1103;30209;08/08/2022;202232;61;2283,69;;NAER;;NFK|1103|30209|202232
1103;99001;08/08/2022;202232;3;0,00;;NAER;;NFK|1103|99001|202232
1108;10023;08/08/2022;202232;881;10461,88;;HYPER;;NFK|1108|10023|202232
1108;10047;08/08/2022;202232;990;7462,12;3F2;HYPER;;NFK|1108|10047|202232
1108;10112;08/08/2022;202232;328;6949,50;;HYPER;;NFK|1108|10112|202232
1108;10310;08/08/2022;202232;247;6638,12;;HYPER;;NFK|1108|10310|202232
1108;11020;08/08/2022;202232;581;10857,44;;HYPER;;NFK|1108|11020|202232
1108;11085;08/08/2022;202232;358;4005,12;;HYPER;;NFK|1108|11085|202232
1108;11142;08/08/2022;202232;288;7182,00;;HYPER;;NFK|1108|11142|202232
1108;12004;08/08/2022;202232;338;13520,00;;HYPER;;NFK|1108|12004|202232
1108;12066;08/08/2022;202232;255;15459,38;;HYPER;;NFK|1108|12066|202232
1108;12190;08/08/2022;202232;206;4635,00;;HYPER;;NFK|1108|12190|202232
1108;20015;08/08/2022;202232;546;13888,87;;HYPER;C;NFK|1108|20015|202232
1108;20041;08/08/2022;202232;567;5173,88;;HYPER;A;NFK|1108|20041|202232
1108;20088;08/08/2022;202232;284;16046,00;;HYPER;B;NFK|1108|20088|202232
1108;20131;08/08/2022;202232;210;4436,25;;HYPER;C;NFK|1108|20131|202232
1108;30012;08/08/2022;202232;179;2897,56;;HYPER;;NFK|1108|30012|202232
1108;30077;08/08/2022;202232;286;15015,00;;HYPER;;NFK|1108|30077|202232
1108;30154;08/08/2022;202232;199;3358,12;;HYPER;;NFK|1108|30154|202232
1108;30209;08/08/2022;202232;265;9920,94;;HYPER;;NFK|1108|30209|202232
3104;10023;08/08/2022;202232;434;5153,75;;SUPER;;NFK|3104|10023|202232
3104;10047;08/08/2022;202232;275;3093,75;;SUPER;;NFK|3104|10047|202232
3104;10112;08/08/2022;202232;125;2648,44;;SUPER;;NFK|3104|10112|202232
3104;10310;08/08/2022;202232;108;2902,50;;SUPER;;NFK|3104|10310|202232
3104;11020;08/08/2022;202232;272;5083,00;;SUPER;;NFK|3104|11020|202232
3104;11085;08/08/2022;202232;190;2125,62;;SUPER;;NFK|3104|11085|202232
3104;11142;08/08/2022;202232;135;3366,56;;SUPER;;NFK|3104|11142|202232
3104;12004;08/08/2022;202232;174;6960,00;;SUPER;;NFK|3104|12004|202232
3104;12066;08/08/2022;202232;125;7578,12;;SUPER;;NFK|3104|12066|202232
3104;12190;08/08/2022;202232;94;2115,00;;SUPER;;NFK|3104|12190|202232
3104;20015;08/08/2022;202232;215;5469,06;;SUPER;C;NFK|3104|20015|202232
3104;20041;08/08/2022;202232;284;2591,50;;SUPER;A;NFK|3104|20041|202232
3104;20088;08/08/2022;202232;172;9718,00;;SUPER;B;NFK|3104|20088|202232
3104;20131;08/08/2022;202232;0;0,00;;SUPER;C;NFK|3104|20131|202232
3104;30012;08/08/2022;202232;72;1165,50;;SUPER;;NFK|3104|30012|202232
3104;30077;08/08/2022;202232;114;5985,00;;SUPER;;NFK|3104|30077|202232
3104;30154;08/08/2022;202232;93;1569,38;;SUPER;;NFK|3104|30154|202232
3104;30209;08/08/2022;202232;99;3706,31;;SUPER;;NFK|3104|30209|202232
3104;99001;08/08/2022;202232;5;0,00;;SUPER;;NFK|3104|99001|202232
3117;10023;08/08/2022;202232;195;2315,62;;NAER;;NFK|3117|10023|202232
3117;10047;08/08/2022;202232;111;1248,75;;NAER;;NFK|3117|10047|202232
3117;10112;08/08/2022;202232;68;1440,75;;NAER;;NFK|3117|10112|202232
3117;10310;08/08/2022;202232;55;1478,12;;NAER;;NFK|3117|10310|202232
3117;11020;08/08/2022;202232;141;2634,94;;NAER;;NFK|3117|11020|202232
3117;11085;08/08/2022;202232;88;984,50;;NAER;;NFK|3117|11085|202232
3117;11142;08/08/2022;202232;66;1645,88;;NAER;;NFK|3117|11142|202232
3117;12004;08/08/2022;202232;85;3400,00;;NAER;;NFK|3117|12004|202232
3117;12066;08/08/2022;202232;64;3880,00;;NAER;;NFK|3117|12066|202232
3117;12190;08/08/2022;202232;38;855,00;;NAER;;NFK|3117|12190|202232
3117;20015;08/08/2022;202232;116;2950,75;;NAER;C;NFK|3117|20015|202232
3117;20041;08/08/2022;202232;151;1377,88;;NAER;A;NFK|3117|20041|202232
3117;20088;08/08/2022;202232;66;3729,00;;NAER;B;NFK|3117|20088|202232
3117;20131;08/08/2022;202232;51;1077,38;;NAER;C;NFK|3117|20131|202232
3117;30012;08/08/2022;202232;36;582,75;;NAER;;NFK|3117|30012|202232
3117;30077;08/08/2022;202232;65;3412,50;;NAER;;NFK|3117|30077|202232
3117;30154;08/08/2022;202232;39;658,12;;NAER;;NFK|3117|30154|202232
3117;30209;08/08/2022;202232;59;2208,81;;NAER;;NFK|3117|30209|202232
3122;10023;08/08/2022;202232;133;1579,38;;FRANCHISE;;NFK|3122|10023|202232
3122;10047;08/08/2022;202232;80;900,00;;FRANCHISE;;NFK|3122|10047|202232
3122;10112;08/08/2022;202232;49;1038,19;;FRANCHISE;;NFK|3122|10112|202232
3122;10310;08/08/2022;202232;43;1155,62;;FRANCHISE;;NFK|3122|10310|202232
3122;11020;08/08/2022;202232;115;2149,06;;FRANCHISE;;NFK|3122|11020|202232
3122;11085;08/08/2022;202232;60;671,25;;FRANCHISE;;NFK|3122|11085|202232
3122;11142;08/08/2022;202232;43;1072,31;;FRANCHISE;;NFK|3122|11142|202232
3122;12004;08/08/2022;202232;57;2280,00;;FRANCHISE;;NFK|3122|12004|202232
3122;12066;08/08/2022;202232;47;2849,38;;FRANCHISE;;NFK|3122|12066|202232
3122;12190;08/08/2022;202232;29;652,50;;FRANCHISE;;NFK|3122|12190|202232
3122;20015;08/08/2022;202232;88;2238,50;;FRANCHISE;C;NFK|3122|20015|202232
3122;20041;08/08/2022;202232;98;894,25;;FRANCHISE;A;NFK|3122|20041|202232
3122;20088;08/08/2022;202232;54;3051,00;;FRANCHISE;B;NFK|3122|20088|202232
3122;20131;08/08/2022;202232;35;739,38;;FRANCHISE;C;NFK|3122|20131|202232
3122;30012;08/08/2022;202232;31;501,81;;FRANCHISE;;NFK|3122|30012|202232
3122;30077;08/08/2022;202232;44;2310,00;;FRANCHISE;;NFK|3122|30077|202232
3122;30154;08/08/2022;202232;28;472,50;;FRANCHISE;;NFK|3122|30154|202232
3122;30209;08/08/2022;202232;42;1572,37;;FRANCHISE;;NFK|3122|30209|202232
4201;10023;08/08/2022;202232;611;7255,62;;HYPER;;NFK|4201|10023|202232
4201;10047;08/08/2022;202232;912;6874,20;3F2;HYPER;;NFK|4201|10047|202232
4201;10112;08/08/2022;202232;239;5063,81;;HYPER;;NFK|4201|10112|202232
4201;10310;08/08/2022;202232;214;5751,25;;HYPER;;NFK|4201|10310|202232
4201;11020;08/08/2022;202232;590;11025,62;;HYPER;;NFK|4201|11020|202232
4201;11085;08/08/2022;202232;333;3725,44;;HYPER;;NFK|4201|11085|202232
4201;11142;08/08/2022;202232;233;5810,44;;HYPER;;NFK|4201|11142|202232
4201;12004;08/08/2022;202232;345;13800,00;;HYPER;;NFK|4201|12004|202232
4201;12066;08/08/2022;202232;254;15398,75;;HYPER;;NFK|4201|12066|202232
4201;12190;08/08/2022;202232;180;4050,00;;HYPER;;NFK|4201|12190|202232
4201;20015;08/08/2022;202232;463;11777,56;;HYPER;C;NFK|4201|20015|202232
4201;20041;08/08/2022;202232;506;4617,25;;HYPER;A;NFK|4201|20041|202232
4201;20088;08/08/2022;202232;260;14690,00;;HYPER;B;NFK|4201|20088|202232
4201;20131;08/08/2022;202232;168;3549,00;;HYPER;C;NFK|4201|20131|202232
4201;30012;08/08/2022;202232;291;3768,45;AVIS;HYPER;;NFK|4201|30012|202232
4201;30077;08/08/2022;202232;234;12285,00;;HYPER;;NFK|4201|30077|202232
4201;30154;08/08/2022;202232;170;2868,75;;HYPER;;NFK|4201|30154|202232
4201;30209;08/08/2022;202232;459;12886,43;AVIS;HYPER;;NFK|4201|30209|202232
4201;99001;08/08/2022;202232;12;0,00;;HYPER;;NFK|4201|99001|202232
4205;10023;08/08/2022;202232;377;4476,88;;SUPER;;NFK|4205|10023|202232
4205;10047;08/08/2022;202232;514;3874,28;3F2;SUPER;;NFK|4205|10047|202232
4205;10112;08/08/2022;202232;169;3580,69;;SUPER;;NFK|4205|10112|202232
4205;10310;08/08/2022;202232;140;3762,50;;SUPER;;NFK|4205|10310|202232
4205;11020;08/08/2022;202232;309;5774,44;;SUPER;;NFK|4205|11020|202232
4205;11085;08/08/2022;202232;193;2159,19;;SUPER;;NFK|4205|11085|202232
4205;11142;08/08/2022;202232;152;3790,50;;SUPER;;NFK|4205|11142|202232
4205;12004;08/08/2022;202232;174;6960,00;;SUPER;;NFK|4205|12004|202232
4205;12066;08/08/2022;202232;120;7275,00;;SUPER;;NFK|4205|12066|202232
4205;12190;08/08/2022;202232;96;2160,00;;SUPER;;NFK|4205|12190|202232
4205;20015;08/08/2022;202232;213;5418,19;;SUPER;C;NFK|4205|20015|202232
4205;20041;08/08/2022;202232;268;2445,50;;SUPER;A;NFK|4205|20041|202232
4205;20088;08/08/2022;202232;143;8079,50;;SUPER;B;NFK|4205|20088|202232
4205;20131;08/08/2022;202232;115;2429,38;;SUPER;C;NFK|4205|20131|202232
4205;30012;08/08/2022;202232;149;1929,55;AVIS;SUPER;;NFK|4205|30012|202232
4205;30077;08/08/2022;202232;128;6720,00;;SUPER;;NFK|4205|30077|202232
4205;30154;08/08/2022;202232;89;1501,88;;SUPER;;NFK|4205|30154|202232
4205;30209;08/08/2022;202232;266;7467,95;AVIS;SUPER;;NFK|4205|30209|202232
4205;99001;08/08/2022;202232;7;0,00;;SUPER;;NFK|4205|99001|202232
4218;10023;08/08/2022;202232;485;5759,38;;SUPER;;NFK|4218|10023|202232
4218;10047;08/08/2022;202232;597;4499,89;3F2;SUPER;;NFK|4218|10047|202232
4218;10112;08/08/2022;202232;161;3411,19;;SUPER;;NFK|4218|10112|202232
4218;10310;08/08/2022;202232;149;4004,38;;SUPER;;NFK|4218|10310|202232
4218;11020;08/08/2022;202232;362;6764,88;;SUPER;;NFK|4218|11020|202232
4218;11085;08/08/2022;202232;214;2394,12;;SUPER;;NFK|4218|11085|202232
4218;11142;08/08/2022;202232;145;3615,94;;SUPER;;NFK|4218|11142|202232
4218;12004;08/08/2022;202232;181;7240,00;;SUPER;;NFK|4218|12004|202232
4218;12066;08/08/2022;202232;157;9518,12;;SUPER;;NFK|4218|12066|202232
4218;12190;08/08/2022;202232;96;2160,00;;SUPER;;NFK|4218|12190|202232
4218;20015;08/08/2022;202232;292;7427,75;;SUPER;C;NFK|4218|20015|202232
4218;20041;08/08/2022;202232;347;3166,38;;SUPER;A;NFK|4218|20041|202232
4218;20088;08/08/2022;202232;188;10622,00;;SUPER;B;NFK|4218|20088|202232
4218;20131;08/08/2022;202232;132;2788,50;;SUPER;C;NFK|4218|20131|202232
4218;30012;08/08/2022;202232;149;1929,55;AVIS;SUPER;;NFK|4218|30012|202232
4218;30077;08/08/2022;202232;157;8242,50;;SUPER;;NFK|4218|30077|202232
4218;30154;08/08/2022;202232;117;1974,38;;SUPER;;NFK|4218|30154|202232
4218;30209;08/08/2022;202232;257;7215,28;AVIS;SUPER;;NFK|4218|30209|202232
4218;99001;08/08/2022;202232;7;0,00;;SUPER;;NFK|4218|99001|202232
5502;10023;08/08/2022;202232;391;4643,12;;SUPER;;NFK|5502|10023|202232
5502;10047;08/08/2022;202232;236;2655,00;;SUPER;;NFK|5502|10047|202232
5502;10112;08/08/2022;202232;157;3326,44;;SUPER;;NFK|5502|10112|202232
5502;10310;08/08/2022;202232;127;3413,12;;SUPER;;NFK|5502|10310|202232
5502;11020;08/08/2022;202232;334;6241,62;;SUPER;;NFK|5502|11020|202232
5502;11085;08/08/2022;202232;192;2148,00;;SUPER;;NFK|5502|11085|202232
5502;11142;08/08/2022;202232;136;3391,50;;SUPER;;NFK|5502|11142|202232
5502;12004;08/08/2022;202232;175;7000,00;;SUPER;;NFK|5502|12004|202232
5502;12066;08/08/2022;202232;125;7578,12;;SUPER;;NFK|5502|12066|202232
5502;12190;08/08/2022;202232;86;1935,00;;SUPER;;NFK|5502|12190|202232
5502;20015;08/08/2022;202232;205;5214,69;;SUPER;C;NFK|5502|20015|202232
5502;20041;08/08/2022;202232;266;2427,25;;SUPER;A;NFK|5502|20041|202232
5502;20088;08/08/2022;202232;162;9153,00;;SUPER;B;NFK|5502|20088|202232
5502;20131;08/08/2022;202232;93;1964,62;;SUPER;C;NFK|5502|20131|202232
5502;30012;08/08/2022;202232;141;1825,95;AVIS;SUPER;;NFK|5502|30012|202232
5502;30077;08/08/2022;202232;132;6930,00;;SUPER;;NFK|5502|30077|202232
5502;30154;08/08/2022;202232;98;1653,75;;SUPER;;NFK|5502|30154|202232
5502;30209;08/08/2022;202232;209;5867,68;AVIS;SUPER;;NFK|5502|30209|202232
5511;10023;08/08/2022;202232;156;1852,50;;PARTNER;;NFK|5511|10023|202232
5511;10047;08/08/2022;202232;104;1170,00;;PARTNER;;NFK|5511|10047|202232
5511;10112;08/08/2022;202232;50;1059,38;;PARTNER;;NFK|5511|10112|202232
5511;10310;08/08/2022;202232;51;1370,62;;PARTNER;;NFK|5511|10310|202232
5511;11020;08/08/2022;202232;134;2504,12;;PARTNER;;NFK|5511|11020|202232
5511;11085;08/08/2022;202232;68;760,75;;PARTNER;;NFK|5511|11085|202232
5511;11142;08/08/2022;202232;51;1271,81;;PARTNER;;NFK|5511|11142|202232
5511;12004;08/08/2022;202232;65;2600,00;;PARTNER;;NFK|5511|12004|202232
5511;12066;08/08/2022;202232;43;2606,88;;PARTNER;;NFK|5511|12066|202232
5511;12190;08/08/2022;202232;36;810,00;;PARTNER;;NFK|5511|12190|202232
5511;20015;08/08/2022;202232;84;2136,75;;PARTNER;C;NFK|5511|20015|202232
5511;20041;08/08/2022;202232;128;1168,00;;PARTNER;A;NFK|5511|20041|202232
5511;20088;08/08/2022;202232;66;3729,00;;PARTNER;B;NFK|5511|20088|202232
5511;20131;08/08/2022;202232;43;908,38;;PARTNER;C;NFK|5511|20131|202232
5511;30012;08/08/2022;202232;63;815,85;AVIS;PARTNER;;NFK|5511|30012|202232
5511;30077;08/08/2022;202232;55;2887,50;;PARTNER;;NFK|5511|30077|202232
5511;30154;08/08/2022;202232;38;641,25;;PARTNER;;NFK|5511|30154|202232
5511;30209;08/08/2022;202232;102;2863,65;AVIS;PARTNER;;NFK|5511|30209|202232
9001;10023;08/08/2022;202232;25;296,88;;DEPOT;;NFK|9001|10023|202232
9001;10047;08/08/2022;202232;12;135,00;;DEPOT;;NFK|9001|10047|202232
9001;10112;08/08/2022;202232;7;148,31;;DEPOT;;NFK|9001|10112|202232
9001;10310;08/08/2022;202232;6;161,25;;DEPOT;;NFK|9001|10310|202232
9001;11020;08/08/2022;202232;17;317,69;;DEPOT;;NFK|9001|11020|202232
9001;11085;08/08/2022;202232;10;111,88;;DEPOT;;NFK|9001|11085|202232
9001;11142;08/08/2022;202232;9;224,44;;DEPOT;;NFK|9001|11142|202232
9001;12004;08/08/2022;202232;9;360,00;;DEPOT;;NFK|9001|12004|202232
9001;12066;08/08/2022;202232;6;363,75;;DEPOT;;NFK|9001|12066|202232
9001;12190;08/08/2022;202232;5;112,50;;DEPOT;;NFK|9001|12190|202232
9001;20015;08/08/2022;202232;12;305,25;;DEPOT;C;NFK|9001|20015|202232
9001;20041;08/08/2022;202232;15;136,88;;DEPOT;A;NFK|9001|20041|202232
9001;20088;08/08/2022;202232;9;508,50;;DEPOT;B;NFK|9001|20088|202232
9001;20131;08/08/2022;202232;5;105,62;;DEPOT;C;NFK|9001|20131|202232
9001;30012;08/08/2022;202232;5;80,94;;DEPOT;;NFK|9001|30012|202232
9001;30077;08/08/2022;202232;6;315,00;;DEPOT;;NFK|9001|30077|202232
9001;30154;08/08/2022;202232;4;67,50;;DEPOT;;NFK|9001|30154|202232
9001;30209;08/08/2022;202232;7;262,06;;DEPOT;;NFK|9001|30209|202232
9001;99001;08/08/2022;202232;0;0,00;;DEPOT;;NFK|9001|99001|202232
1101;10023;15/08/2022;202233;491;5830,62;;SUPER;;NFK|1101|10023|202233
1101;10047;15/08/2022;202233;306;3442,50;;SUPER;;NFK|1101|10047|202233
1101;10112;15/08/2022;202233;144;3051,00;;SUPER;;NFK|1101|10112|202233
1101;10310;15/08/2022;202233;146;3923,75;;SUPER;;NFK|1101|10310|202233
1101;11020;15/08/2022;202233;344;6428,50;;SUPER;;NFK|1101|11020|202233
1101;11085;15/08/2022;202233;204;2282,25;;SUPER;;NFK|1101|11085|202233
1101;11142;15/08/2022;202233;156;3890,25;;SUPER;;NFK|1101|11142|202233
1101;12004;15/08/2022;202233;193;7720,00;;SUPER;;NFK|1101|12004|202233
1101;12066;15/08/2022;202233;130;7881,25;;SUPER;;NFK|1101|12066|202233
1101;12190;15/08/2022;202233;100;2250,00;;SUPER;;NFK|1101|12190|202233
1101;20015;15/08/2022;202233;228;5799,75;;SUPER;C;NFK|1101|20015|202233
1101;20041;15/08/2022;202233;568;3656,50;MP;SUPER;A;NFK|1101|20041|202233
1101;20088;15/08/2022;202233;185;10452,50;;SUPER;B;NFK|1101|20088|202233
1101;20131;15/08/2022;202233;132;2788,50;;SUPER;C;NFK|1101|20131|202233
1101;30012;15/08/2022;202233;100;1618,75;;SUPER;;NFK|1101|30012|202233
1101;30077;15/08/2022;202233;162;7654,50;KUPON;SUPER;;NFK|1101|30077|202233
1101;30154;15/08/2022;202233;126;1913,62;KUPON;SUPER;;NFK|1101|30154|202233
1101;30209;15/08/2022;202233;121;4529,94;;SUPER;;NFK|1101|30209|202233
1101;99001;15/08/2022;202233;6;0,00;;SUPER;;NFK|1101|99001|202233
1102;10023;15/08/2022;202233;446;5296,25;;SUPER;;NFK|1102|10023|202233
1102;10047;15/08/2022;202233;261;2936,25;;SUPER;;NFK|1102|10047|202233
1102;10112;15/08/2022;202233;155;3284,06;;SUPER;;NFK|1102|10112|202233
1102;10310;15/08/2022;202233;113;3036,88;;SUPER;;NFK|1102|10310|202233
1102;11020;15/08/2022;202233;338;6316,37;;SUPER;;NFK|1102|11020|202233
1102;11085;15/08/2022;202233;206;2304,62;;SUPER;;NFK|1102|11085|202233
1102;11142;15/08/2022;202233;132;3291,75;;SUPER;;NFK|1102|11142|202233
1102;12004;15/08/2022;202233;170;6800,00;;SUPER;;NFK|1102|12004|202233
1102;12066;15/08/2022;202233;127;7699,38;;SUPER;;NFK|1102|12066|202233
1102;12190;15/08/2022;202233;84;1890,00;;SUPER;;NFK|1102|12190|202233
1102;20015;15/08/2022;202233;262;6664,62;;SUPER;C;NFK|1102|20015|202233
1102;20041;15/08/2022;202233;479;3083,56;MP;SUPER;A;NFK|1102|20041|202233
1102;20088;15/08/2022;202233;138;7797,00;;SUPER;B;NFK|1102|20088|202233
1102;20131;15/08/2022;202233;113;2387,12;;SUPER;C;NFK|1102|20131|202233
1102;30012;15/08/2022;202233;90;1456,88;;SUPER;;NFK|1102|30012|202233
1102;30077;15/08/2022;202233;155;7323,75;KUPON;SUPER;;NFK|1102|30077|202233
1102;30154;15/08/2022;202233;111;1685,81;KUPON;SUPER;;NFK|1102|30154|202233
1102;30209;15/08/2022;202233;120;4492,50;;SUPER;;NFK|1102|30209|202233
1102;99001;15/08/2022;202233;6;0,00;;SUPER;;NFK|1102|99001|202233
1103;10023;15/08/2022;202233;188;2232,50;;NAER;;NFK|1103|10023|202233
1103;10047;15/08/2022;202233;129;1451,25;;NAER;;NFK|1103|10047|202233
1103;10112;15/08/2022;202233;83;1758,56;;NAER;;NFK|1103|10112|202233
1103;10310;15/08/2022;202233;54;1451,25;;NAER;;NFK|1103|10310|202233
1103;11020;15/08/2022;202233;169;3158,19;;NAER;;NFK|1103|11020|202233
1103;11085;15/08/2022;202233;98;1096,38;;NAER;;NFK|1103|11085|202233
1103;11142;15/08/2022;202233;65;1620,94;;NAER;;NFK|1103|11142|202233
1103;12004;15/08/2022;202233;99;3960,00;;NAER;;NFK|1103|12004|202233
1103;12066;15/08/2022;202233;63;3819,38;;NAER;;NFK|1103|12066|202233
1103;12190;15/08/2022;202233;54;1215,00;;NAER;;NFK|1103|12190|202233
1103;20015;15/08/2022;202233;128;3256,00;;NAER;C;NFK|1103|20015|202233
1103;20041;15/08/2022;202233;216;1390,50;MP;NAER;A;NFK|1103|20041|202233
1103;20088;15/08/2022;202233;84;4746,00;;NAER;B;NFK|1103|20088|202233
1103;20131;15/08/2022;202233;60;1267,50;;NAER;C;NFK|1103|20131|202233
1103;30012;15/08/2022;202233;49;793,19;;NAER;;NFK|1103|30012|202233
1103;30077;15/08/2022;202233;75;3543,75;KUPON;NAER;;NFK|1103|30077|202233
1103;30154;15/08/2022;202233;62;941,63;KUPON;NAER;;NFK|1103|30154|202233
1103;30209;15/08/2022;202233;56;2096,50;;NAER;;NFK|1103|30209|202233
1108;10023;15/08/2022;202233;807;9583,12;;HYPER;;NFK|1108|10023|202233
1108;10047;15/08/2022;202233;533;5996,25;;HYPER;;NFK|1108|10047|202233
1108;10112;15/08/2022;202233;261;5529,94;;HYPER;;NFK|1108|10112|202233
1108;10310;15/08/2022;202233;252;6772,50;;HYPER;;NFK|1108|10310|202233
1108;11020;15/08/2022;202233;659;12315,06;;HYPER;;NFK|1108|11020|202233
1108;11085;15/08/2022;202233;357;3993,94;;HYPER;;NFK|1108|11085|202233
1108;11142;15/08/2022;202233;300;7481,25;;HYPER;;NFK|1108|11142|202233
1108;12004;15/08/2022;202233;340;13600,00;;HYPER;;NFK|1108|12004|202233
1108;12066;15/08/2022;202233;251;15216,88;;HYPER;;NFK|1108|12066|202233
1108;12190;15/08/2022;202233;171;3847,50;;HYPER;;NFK|1108|12190|202233
1108;20015;15/08/2022;202233;421;10709,19;;HYPER;C;NFK|1108|20015|202233
1108;20041;15/08/2022;202233;1041;6701,44;MP;HYPER;A;NFK|1108|20041|202233
1108;20088;15/08/2022;202233;295;16667,50;;HYPER;B;NFK|1108|20088|202233
1108;20131;15/08/2022;202233;230;4858,75;;HYPER;C;NFK|1108|20131|202233
1108;30012;15/08/2022;202233;175;2832,81;;HYPER;;NFK|1108|30012|202233
1108;30077;15/08/2022;202233;300;14175,00;KUPON;HYPER;;NFK|1108|30077|202233
1108;30154;15/08/2022;202233;197;2991,94;KUPON;HYPER;;NFK|1108|30154|202233
1108;30209;15/08/2022;202233;225;8423,44;;HYPER;;NFK|1108|30209|202233
1108;99001;15/08/2022;202233;12;0,00;;HYPER;;NFK|1108|99001|202233
3104;10023;15/08/2022;202233;407;4833,12;;SUPER;;NFK|3104|10023|202233
3104;10047;15/08/2022;202233;276;3105,00;;SUPER;;NFK|3104|10047|202233
3104;10112;15/08/2022;202233;152;3220,50;;SUPER;;NFK|3104|10112|202233
3104;10310;15/08/2022;202233;125;3359,38;;SUPER;;NFK|3104|10310|202233
3104;11020;15/08/2022;202233;341;6372,44;;SUPER;;NFK|3104|11020|202233
3104;11085;15/08/2022;202233;176;1969,00;;SUPER;;NFK|3104|11085|202233
3104;11142;15/08/2022;202233;125;3117,19;;SUPER;;NFK|3104|11142|202233
3104;12004;15/08/2022;202233;145;5800,00;;SUPER;;NFK|3104|12004|202233
3104;12066;15/08/2022;202233;133;8063,12;;SUPER;;NFK|3104|12066|202233
3104;12190;15/08/2022;202233;79;1777,50;;SUPER;;NFK|3104|12190|202233
3104;20015;15/08/2022;202233;228;5799,75;;SUPER;C;NFK|3104|20015|202233
3104;20041;15/08/2022;202233;264;2409,00;;SUPER;A;NFK|3104|20041|202233
3104;20088;15/08/2022;202233;144;8136,00;;SUPER;B;NFK|3104|20088|202233
3104;20131;15/08/2022;202233;99;2091,38;;SUPER;C;NFK|3104|20131|202233
3104;30012;15/08/2022;202233;89;1440,69;;SUPER;;NFK|3104|30012|202233
3104;30077;15/08/2022;202233;143;6756,75;KUPON;SUPER;;NFK|3104|30077|202233
3104;30154;15/08/2022;202233;112;1701,00;KUPON;SUPER;;NFK|3104|30154|202233
3104;30209;15/08/2022;202233;104;3893,50;;SUPER;;NFK|3104|30209|202233
3117;10023;15/08/2022;202233;175;2078,12;;NAER;;NFK|3117|10023|202233
3117;10047;15/08/2022;202233;106;1192,50;;NAER;;NFK|3117|10047|202233
3117;10112;15/08/2022;202233;65;1377,19;;NAER;;NFK|3117|10112|202233
3117;10310;15/08/2022;202233;50;1343,75;;NAER;;NFK|3117|10310|202233
3117;11020;15/08/2022;202233;159;2971,31;;NAER;;NFK|3117|11020|202233
3117;11085;15/08/2022;202233;72;805,50;;NAER;;NFK|3117|11085|202233
3117;11142;15/08/2022;202233;56;1396,50;;NAER;;NFK|3117|11142|202233
3117;12004;15/08/2022;202233;87;3480,00;;NAER;;NFK|3117|12004|202233
3117;12066;15/08/2022;202233;63;3819,38;;NAER;;NFK|3117|12066|202233
3117;12190;15/08/2022;202233;42;945,00;;NAER;;NFK|3117|12190|202233
3117;20015;15/08/2022;202233;101;2569,19;;NAER;C;NFK|3117|20015|202233
3117;20041;15/08/2022;202233;120;1095,00;;NAER;A;NFK|3117|20041|202233
3117;20088;15/08/2022;202233;66;3729,00;;NAER;B;NFK|3117|20088|202233
3117;20131;15/08/2022;202233;47;992,88;;NAER;C;NFK|3117|20131|202233
3117;30012;15/08/2022;202233;35;566,56;;NAER;;NFK|3117|30012|202233
3117;30077;15/08/2022;202233;64;3024,00;KUPON;NAER;;NFK|3117|30077|202233
3117;30154;15/08/2022;202233;51;774,56;KUPON;NAER;;NFK|3117|30154|202233
3117;30209;15/08/2022;202233;47;1759,56;;NAER;;NFK|3117|30209|202233
3122;10023;15/08/2022;202233;116;1377,50;;FRANCHISE;;NFK|3122|10023|202233
3122;10047;15/08/2022;202233;94;1057,50;;FRANCHISE;;NFK|3122|10047|202233
3122;10112;15/08/2022;202233;52;1101,75;;FRANCHISE;;NFK|3122|10112|202233
3122;10310;15/08/2022;202233;35;940,62;;FRANCHISE;;NFK|3122|10310|202233
3122;11020;15/08/2022;202233;105;1962,19;;FRANCHISE;;NFK|3122|11020|202233
3122;11085;15/08/2022;202233;68;760,75;;FRANCHISE;;NFK|3122|11085|202233
3122;11142;15/08/2022;202233;42;1047,38;;FRANCHISE;;NFK|3122|11142|202233
3122;12004;15/08/2022;202233;60;2400,00;;FRANCHISE;;NFK|3122|12004|202233
3122;12066;15/08/2022;202233;47;2849,38;;FRANCHISE;;NFK|3122|12066|202233
3122;12190;15/08/2022;202233;33;742,50;;FRANCHISE;;NFK|3122|12190|202233
3122;20015;15/08/2022;202233;84;2136,75;;FRANCHISE;C;NFK|3122|20015|202233
3122;20041;15/08/2022;202233;103;939,88;;FRANCHISE;A;NFK|3122|20041|202233
3122;20088;15/08/2022;202233;46;2599,00;;FRANCHISE;B;NFK|3122|20088|202233
3122;20131;15/08/2022;202233;32;676,00;;FRANCHISE;C;NFK|3122|20131|202233
3122;30012;15/08/2022;202233;25;404,69;;FRANCHISE;;NFK|3122|30012|202233
3122;30077;15/08/2022;202233;42;1984,50;KUPON;FRANCHISE;;NFK|3122|30077|202233
3122;30154;15/08/2022;202233;35;531,56;KUPON;FRANCHISE;;NFK|3122|30154|202233
3122;30209;15/08/2022;202233;39;1460,06;;FRANCHISE;;NFK|3122|30209|202233
4201;10023;15/08/2022;202233;681;8086,88;;HYPER;;NFK|4201|10023|202233
4201;10047;15/08/2022;202233;497;5591,25;;HYPER;;NFK|4201|10047|202233
4201;10112;15/08/2022;202233;286;6059,62;;HYPER;;NFK|4201|10112|202233
4201;10310;15/08/2022;202233;229;6154,38;;HYPER;;NFK|4201|10310|202233
4201;11020;15/08/2022;202233;549;10259,44;;HYPER;;NFK|4201|11020|202233
4201;11085;15/08/2022;202233;320;3580,00;;HYPER;;NFK|4201|11085|202233
4201;11142;15/08/2022;202233;233;5810,44;;HYPER;;NFK|4201|11142|202233
4201;12004;15/08/2022;202233;287;11480,00;;HYPER;;NFK|4201|12004|202233
4201;12066;15/08/2022;202233;229;13883,12;;HYPER;;NFK|4201|12066|202233
4201;12190;15/08/2022;202233;140;3150,00;;HYPER;;NFK|4201|12190|202233
4201;20015;15/08/2022;202233;400;10175,00;;HYPER;C;NFK|4201|20015|202233
4201;20041;15/08/2022;202233;737;4744,44;MP;HYPER;A;NFK|4201|20041|202233
4201;20088;15/08/2022;202233;288;16272,00;;HYPER;B;NFK|4201|20088|202233
4201;20131;15/08/2022;202233;193;4077,12;;HYPER;C;NFK|4201|20131|202233
4201;30012;15/08/2022;202233;136;2201,50;;HYPER;;NFK|4201|30012|202233
4201;30077;15/08/2022;202233;247;11670,75;KUPON;HYPER;;NFK|4201|30077|202233
4201;30154;15/08/2022;202233;210;3189,38;KUPON;HYPER;;NFK|4201|30154|202233
4201;30209;15/08/2022;202233;206;7712,12;;HYPER;;NFK|4201|30209|202233
4205;10023;15/08/2022;202233;438;5201,25;;SUPER;;NFK|4205|10023|202233
4205;10047;15/08/2022;202233;249;2801,25;;SUPER;;NFK|4205|10047|202233
4205;10112;15/08/2022;202233;133;2817,94;;SUPER;;NFK|4205|10112|202233
4205;10310;15/08/2022;202233;116;3117,50;;SUPER;;NFK|4205|10310|202233
4205;11020;15/08/2022;202233;377;7045,19;;SUPER;;NFK|4205|11020|202233
4205;11085;15/08/2022;202233;175;1957,81;;SUPER;;NFK|4205|11085|202233
4205;11142;15/08/2022;202233;160;3990,00;;SUPER;;NFK|4205|11142|202233
4205;12004;15/08/2022;202233;169;6760,00;;SUPER;;NFK|4205|12004|202233
4205;12066;15/08/2022;202233;129;7820,62;;SUPER;;NFK|4205|12066|202233
4205;12190;15/08/2022;202233;87;1957,50;;SUPER;;NFK|4205|12190|202233
4205;20015;15/08/2022;202233;247;6283,06;;SUPER;C;NFK|4205|20015|202233
4205;20041;15/08/2022;202233;530;3411,88;MP;SUPER;A;NFK|4205|20041|202233
4205;20088;15/08/2022;202233;144;8136,00;;SUPER;B;NFK|4205|20088|202233
4205;20131;15/08/2022;202233;120;2535,00;;SUPER;C;NFK|4205|20131|202233
4205;30012;15/08/2022;202233;81;1311,19;;SUPER;;NFK|4205|30012|202233
4205;30077;15/08/2022;202233;150;7087,50;KUPON;SUPER;;NFK|4205|30077|202233
4205;30154;15/08/2022;202233;123;1868,06;KUPON;SUPER;;NFK|4205|30154|202233
4205;30209;15/08/2022;202233;114;4267,88;;SUPER;;NFK|4205|30209|202233
4218;10023;15/08/2022;202233;417;4951,88;;SUPER;;NFK|4218|10023|202233
4218;10047;15/08/2022;202233;247;2778,75;;SUPER;;NFK|4218|10047|202233
4218;10112;15/08/2022;202233;152;3220,50;;SUPER;;NFK|4218|10112|202233
4218;10310;15/08/2022;202233;121;3251,88;;SUPER;;NFK|4218|10310|202233
4218;11020;15/08/2022;202233;341;6372,44;;SUPER;;NFK|4218|11020|202233
4218;11085;15/08/2022;202233;212;2371,75;;SUPER;;NFK|4218|11085|202233
4218;11142;15/08/2022;202233;158;3940,12;;SUPER;;NFK|4218|11142|202233
4218;12004;15/08/2022;202233;196;7840,00;;SUPER;;NFK|4218|12004|202233
4218;12066;15/08/2022;202233;148;8972,50;;SUPER;;NFK|4218|12066|202233
4218;12190;15/08/2022;202233;112;2520,00;;SUPER;;NFK|4218|12190|202233
4218;20015;15/08/2022;202233;286;7275,12;;SUPER;C;NFK|4218|20015|202233
4218;20041;15/08/2022;202233;548;3527,75;MP;SUPER;A;NFK|4218|20041|202233
4218;20088;15/08/2022;202233;185;10452,50;;SUPER;B;NFK|4218|20088|202233
4218;20131;15/08/2022;202233;119;2513,88;;SUPER;C;NFK|4218|20131|202233
4218;30012;15/08/2022;202233;105;1699,69;;SUPER;;NFK|4218|30012|202233
4218;30077;15/08/2022;202233;172;8127,00;KUPON;SUPER;;NFK|4218|30077|202233
4218;30154;15/08/2022;202233;111;1685,81;KUPON;SUPER;;NFK|4218|30154|202233
4218;30209;15/08/2022;202233;135;5054,06;;SUPER;;NFK|4218|30209|202233
5502;10023;15/08/2022;202233;411;4880,62;;SUPER;;NFK|5502|10023|202233
5502;10047;15/08/2022;202233;240;2700,00;;SUPER;;NFK|5502|10047|202233
5502;10112;15/08/2022;202233;160;3390,00;;SUPER;;NFK|5502|10112|202233
5502;10310;15/08/2022;202233;119;3198,12;;SUPER;;NFK|5502|10310|202233
5502;11020;15/08/2022;202233;321;5998,69;;SUPER;;NFK|5502|11020|202233
5502;11085;15/08/2022;202233;191;2136,81;;SUPER;;NFK|5502|11085|202233
5502;11142;15/08/2022;202233;136;3391,50;;SUPER;;NFK|5502|11142|202233
5502;12004;15/08/2022;202233;151;6040,00;;SUPER;;NFK|5502|12004|202233
5502;12066;15/08/2022;202233;119;7214,38;;SUPER;;NFK|5502|12066|202233
5502;12190;15/08/2022;202233;101;2272,50;;SUPER;;NFK|5502|12190|202233
5502;20015;15/08/2022;202233;215;5469,06;;SUPER;C;NFK|5502|20015|202233
5502;20041;15/08/2022;202233;285;2600,62;;SUPER;A;NFK|5502|20041|202233
5502;20088;15/08/2022;202233;162;9153,00;;SUPER;B;NFK|5502|20088|202233
5502;20131;15/08/2022;202233;116;2450,50;;SUPER;C;NFK|5502|20131|202233
5502;30012;15/08/2022;202233;79;1278,81;;SUPER;;NFK|5502|30012|202233
5502;30077;15/08/2022;202233;129;6095,25;KUPON;SUPER;;NFK|5502|30077|202233
5502;30154;15/08/2022;202233;95;1442,81;KUPON;SUPER;;NFK|5502|30154|202233
5502;30209;15/08/2022;202233;106;3968,38;;SUPER;;NFK|5502|30209|202233
5511;10023;15/08/2022;202233;145;1721,88;;PARTNER;;NFK|5511|10023|202233
5511;10047;15/08/2022;202233;104;1170,00;;PARTNER;;NFK|5511|10047|202233
5511;10112;15/08/2022;202233;53;1122,94;;PARTNER;;NFK|5511|10112|202233
5511;10310;15/08/2022;202233;42;1128,75;;PARTNER;;NFK|5511|10310|202233
5511;11020;15/08/2022;202233;110;2055,62;;PARTNER;;NFK|5511|11020|202233
5511;11085;15/08/2022;202233;80;895,00;;PARTNER;;NFK|5511|11085|202233
5511;11142;15/08/2022;202233;46;1147,12;;PARTNER;;NFK|5511|11142|202233
5511;12004;15/08/2022;202233;69;2760,00;;PARTNER;;NFK|5511|12004|202233
5511;12066;15/08/2022;202233;47;2849,38;;PARTNER;;NFK|5511|12066|202233
5511;12190;15/08/2022;202233;34;765,00;;PARTNER;;NFK|5511|12190|202233
5511;20015;15/08/2022;202233;97;2467,44;;PARTNER;C;NFK|5511|20015|202233
5511;20041;15/08/2022;202233;99;903,38;;PARTNER;A;NFK|5511|20041|202233
5511;20088;15/08/2022;202233;55;3107,50;;PARTNER;B;NFK|5511|20088|202233
5511;20131;15/08/2022;202233;37;781,62;;PARTNER;C;NFK|5511|20131|202233
5511;30012;15/08/2022;202233;28;453,25;;PARTNER;;NFK|5511|30012|202233
5511;30077;15/08/2022;202233;59;2787,75;KUPON;PARTNER;;NFK|5511|30077|202233
5511;30154;15/08/2022;202233;37;561,94;KUPON;PARTNER;;NFK|5511|30154|202233
5511;30209;15/08/2022;202233;50;1871,88;;PARTNER;;NFK|5511|30209|202233
9001;10023;15/08/2022;202233;21;249,38;;DEPOT;;NFK|9001|10023|202233
9001;10047;15/08/2022;202233;15;168,75;;DEPOT;;NFK|9001|10047|202233
9001;10112;15/08/2022;202233;8;169,50;;DEPOT;;NFK|9001|10112|202233
9001;10310;15/08/2022;202233;7;188,12;;DEPOT;;NFK|9001|10310|202233
9001;11020;15/08/2022;202233;18;336,37;;DEPOT;;NFK|9001|11020|202233
9001;11085;15/08/2022;202233;10;111,88;;DEPOT;;NFK|9001|11085|202233
9001;11142;15/08/2022;202233;7;174,56;;DEPOT;;NFK|9001|11142|202233
9001;12004;15/08/2022;202233;8;320,00;;DEPOT;;NFK|9001|12004|202233
9001;12066;15/08/2022;202233;6;363,75;;DEPOT;;NFK|9001|12066|202233
9001;12190;15/08/2022;202233;5;112,50;;DEPOT;;NFK|9001|12190|202233
9001;20015;15/08/2022;202233;14;356,12;;DEPOT;C;NFK|9001|20015|202233
9001;20041;15/08/2022;202233;18;164,25;;DEPOT;A;NFK|9001|20041|202233
9001;20088;15/08/2022;202233;9;508,50;;DEPOT;B;NFK|9001|20088|202233
9001;20131;15/08/2022;202233;6;126,75;;DEPOT;C;NFK|9001|20131|202233
9001;30012;15/08/2022;202233;4;64,75;;DEPOT;;NFK|9001|30012|202233
9001;30077;15/08/2022;202233;8;378,00;KUPON;DEPOT;;NFK|9001|30077|202233
9001;30154;15/08/2022;202233;6;91,12;KUPON;DEPOT;;NFK|9001|30154|202233
9001;30209;15/08/2022;202233;6;224,62;;DEPOT;;NFK|9001|30209|202233
1199;10023;15/08/2022;202233;8;95,00;;SUPER;;NFK|1199|10023|202233
1199;10047;15/08/2022;202233;5;56,25;;SUPER;;NFK|1199|10047|202233
1199;10112;15/08/2022;202233;3;63,56;;SUPER;;NFK|1199|10112|202233
1199;10310;15/08/2022;202233;3;80,62;;SUPER;;NFK|1199|10310|202233
1199;11020;15/08/2022;202233;8;149,50;;SUPER;;NFK|1199|11020|202233
1199;11085;15/08/2022;202233;4;44,75;;SUPER;;NFK|1199|11085|202233
1199;11142;15/08/2022;202233;3;74,81;;SUPER;;NFK|1199|11142|202233
1199;12004;15/08/2022;202233;3;120,00;;SUPER;;NFK|1199|12004|202233
1199;12066;15/08/2022;202233;3;181,88;;SUPER;;NFK|1199|12066|202233
1199;12190;15/08/2022;202233;2;45,00;;SUPER;;NFK|1199|12190|202233
1199;20015;15/08/2022;202233;4;101,75;;SUPER;C;NFK|1199|20015|202233
1199;20041;15/08/2022;202233;10;64,38;MP;SUPER;A;NFK|1199|20041|202233
1199;20088;15/08/2022;202233;3;169,50;;SUPER;B;NFK|1199|20088|202233
1199;20131;15/08/2022;202233;3;63,38;;SUPER;C;NFK|1199|20131|202233
1199;30012;15/08/2022;202233;2;32,38;;SUPER;;NFK|1199|30012|202233
1199;30077;15/08/2022;202233;3;141,75;KUPON;SUPER;;NFK|1199|30077|202233
1199;30154;15/08/2022;202233;2;30,38;KUPON;SUPER;;NFK|1199|30154|202233
1199;30209;15/08/2022;202233;3;112,31;;SUPER;;NFK|1199|30209|202233
1101;10023;22/08/2022;202234;410;4868,75;;SUPER;;NFK|1101|10023|202234
1101;10047;22/08/2022;202234;242;2722,50;;SUPER;;NFK|1101|10047|202234
1101;10112;22/08/2022;202234;172;3644,25;;SUPER;;NFK|1101|10112|202234
1101;10310;22/08/2022;202234;110;2956,25;;SUPER;;NFK|1101|10310|202234
1101;11020;22/08/2022;202234;307;5737,06;;SUPER;;NFK|1101|11020|202234
1101;11085;22/08/2022;202234;227;2539,56;;SUPER;;NFK|1101|11085|202234
1101;11142;22/08/2022;202234;163;4064,81;;SUPER;;NFK|1101|11142|202234
1101;12004;22/08/2022;202234;205;8200,00;;SUPER;;NFK|1101|12004|202234
1101;12066;22/08/2022;202234;127;7699,38;;SUPER;;NFK|1101|12066|202234
1101;12190;22/08/2022;202234;111;2497,50;;SUPER;;NFK|1101|12190|202234
1101;20015;22/08/2022;202234;243;6181,31;;SUPER;C;NFK|1101|20015|202234
1101;20041;22/08/2022;202234;279;2545,88;;SUPER;A;NFK|1101|20041|202234
1101;20088;22/08/2022;202234;171;9661,50;;SUPER;B;NFK|1101|20088|202234
1101;20131;22/08/2022;202234;119;2513,88;;SUPER;C;NFK|1101|20131|202234
1101;30012;22/08/2022;202234;92;1489,25;;SUPER;;NFK|1101|30012|202234
1101;30077;22/08/2022;202234;130;6825,00;;SUPER;;NFK|1101|30077|202234
1101;30154;22/08/2022;202234;113;1906,88;;SUPER;;NFK|1101|30154|202234
1101;30209;22/08/2022;202234;126;4717,12;;SUPER;;NFK|1101|30209|202234
1102;10023;22/08/2022;202234;354;4203,75;;SUPER;;NFK|1102|10023|202234
1102;10047;22/08/2022;202234;252;2835,00;;SUPER;;NFK|1102|10047|202234
1102;10112;22/08/2022;202234;160;3390,00;;SUPER;;NFK|1102|10112|202234
1102;10310;22/08/2022;202234;131;3520,62;;SUPER;;NFK|1102|10310|202234
1102;11020;22/08/2022;202234;278;5195,12;;SUPER;;NFK|1102|11020|202234
1102;11085;22/08/2022;202234;176;1969,00;;SUPER;;NFK|1102|11085|202234
1102;11142;22/08/2022;202234;145;3615,94;;SUPER;;NFK|1102|11142|202234
1102;12004;22/08/2022;202234;149;5960,00;;SUPER;;NFK|1102|12004|202234
1102;12066;22/08/2022;202234;115;6971,88;;SUPER;;NFK|1102|12066|202234
1102;12190;22/08/2022;202234;99;2227,50;;SUPER;;NFK|1102|12190|202234
1102;20015;22/08/2022;202234;253;6435,69;;SUPER;C;NFK|1102|20015|202234
1102;20041;22/08/2022;202234;280;2555,00;;SUPER;A;NFK|1102|20041|202234
1102;20088;22/08/2022;202234;150;8475,00;;SUPER;B;NFK|1102|20088|202234
1102;20131;22/08/2022;202234;102;2154,75;;SUPER;C;NFK|1102|20131|202234
1102;30012;22/08/2022;202234;74;1197,88;;SUPER;;NFK|1102|30012|202234
1102;30077;22/08/2022;202234;141;7402,50;;SUPER;;NFK|1102|30077|202234
1102;30154;22/08/2022;202234;83;1400,62;;SUPER;;NFK|1102|30154|202234
1102;30209;22/08/2022;202234;103;3856,06;;SUPER;;NFK|1102|30209|202234
1102;99001;22/08/2022;202234;5;0,00;;SUPER;;NFK|1102|99001|202234
1103;10023;22/08/2022;202234;202;2398,75;;NAER;;NFK|1103|10023|202234
1103;10047;22/08/2022;202234;120;1350,00;;NAER;;NFK|1103|10047|202234
1103;10112;22/08/2022;202234;83;1758,56;;NAER;;NFK|1103|10112|202234
1103;10310;22/08/2022;202234;64;1720,00;;NAER;;NFK|1103|10310|202234
1103;11020;22/08/2022;202234;188;3513,25;;NAER;;NFK|1103|11020|202234
1103;11085;22/08/2022;202234;83;928,56;;NAER;;NFK|1103|11085|202234
1103;11142;22/08/2022;202234;72;1795,50;;NAER;;NFK|1103|11142|202234
1103;12004;22/08/2022;202234;88;3520,00;;NAER;;NFK|1103|12004|202234
1103;12066;22/08/2022;202234;73;4425,62;;NAER;;NFK|1103|12066|202234
1103;12190;22/08/2022;202234;42;945,00;;NAER;;NFK|1103|12190|202234
1103;20015;22/08/2022;202234;125;3179,69;;NAER;C;NFK|1103|20015|202234
1103;20041;22/08/2022;202234;139;1268,38;;NAER;A;NFK|1103|20041|202234
1103;20088;22/08/2022;202234;89;5028,50;;NAER;B;NFK|1103|20088|202234
1103;20131;22/08/2022;202234;59;1246,38;;NAER;C;NFK|1103|20131|202234
1103;30012;22/08/2022;202234;49;793,19;;NAER;;NFK|1103|30012|202234
1103;30077;22/08/2022;202234;71;3727,50;;NAER;;NFK|1103|30077|202234
1103;30154;22/08/2022;202234;51;860,62;;NAER;;NFK|1103|30154|202234
1103;30209;22/08/2022;202234;67;2508,31;;NAER;;NFK|1103|30209|202234
1108;10023;22/08/2022;202234;904;10735,00;;HYPER;;NFK|1108|10023|202234
1108;10047;22/08/2022;202234;570;6412,50;;HYPER;;NFK|1108|10047|202234
1108;10112;22/08/2022;202234;298;6313,87;;HYPER;;NFK|1108|10112|202234
1108;10310;22/08/2022;202234;238;6396,25;;HYPER;;NFK|1108|10310|202234
1108;11020;22/08/2022;202234;659;12315,06;;HYPER;;NFK|1108|11020|202234
1108;11085;22/08/2022;202234;374;4184,12;;HYPER;;NFK|1108|11085|202234
1108;11142;22/08/2022;202234;290;7231,88;;HYPER;;NFK|1108|11142|202234
1108;12004;22/08/2022;202234;317;12680,00;;HYPER;;NFK|1108|12004|202234
1108;12066;22/08/2022;202234;223;13519,38;;HYPER;;NFK|1108|12066|202234
1108;12190;22/08/2022;202234;186;4185,00;;HYPER;;NFK|1108|12190|202234
1108;20015;22/08/2022;202234;418;10632,88;;HYPER;C;NFK|1108|20015|202234
1108;20041;22/08/2022;202234;650;5931,25;;HYPER;A;NFK|1108|20041|202234
1108;20088;22/08/2022;202234;278;15707,00;;HYPER;B;NFK|1108|20088|202234
1108;20131;22/08/2022;202234;230;4858,75;;HYPER;C;NFK|1108|20131|202234
1108;30012;22/08/2022;202234;186;3010,88;;HYPER;;NFK|1108|30012|202234
1108;30077;22/08/2022;202234;288;15120,00;;HYPER;;NFK|1108|30077|202234
1108;30154;22/08/2022;202234;199;3358,12;;HYPER;;NFK|1108|30154|202234
1108;30209;22/08/2022;202234;217;8123,94;;HYPER;;NFK|1108|30209|202234
3104;10023;22/08/2022;202234;399;4738,12;;SUPER;;NFK|3104|10023|202234
3104;10047;22/08/2022;202234;268;3015,00;;SUPER;;NFK|3104|10047|202234
3104;10112;22/08/2022;202234;130;2754,38;;SUPER;;NFK|3104|10112|202234
3104;10310;22/08/2022;202234;100;2687,50;;SUPER;;NFK|3104|10310|202234
3104;11020;22/08/2022;202234;307;5737,06;;SUPER;;NFK|3104|11020|202234
3104;11085;22/08/2022;202234;177;1980,19;;SUPER;;NFK|3104|11085|202234
3104;11142;22/08/2022;202234;114;2842,87;;SUPER;;NFK|3104|11142|202234
3104;12004;22/08/2022;202234;153;6120,00;;SUPER;;NFK|3104|12004|202234
3104;12066;22/08/2022;202234;130;7881,25;;SUPER;;NFK|3104|12066|202234
3104;12190;22/08/2022;202234;88;1980,00;;SUPER;;NFK|3104|12190|202234
3104;20015;22/08/2022;202234;247;6283,06;;SUPER;C;NFK|3104|20015|202234
3104;20041;22/08/2022;202234;245;2235,62;;SUPER;A;NFK|3104|20041|202234
3104;20088;22/08/2022;202234;134;7571,00;;SUPER;B;NFK|3104|20088|202234
3104;20131;22/08/2022;202234;108;2281,50;;SUPER;C;NFK|3104|20131|202234
3104;30012;22/08/2022;202234;87;1408,31;;SUPER;;NFK|3104|30012|202234
3104;30077;22/08/2022;202234;107;5617,50;;SUPER;;NFK|3104|30077|202234
3104;30154;22/08/2022;202234;95;1603,12;;SUPER;;NFK|3104|30154|202234
3104;30209;22/08/2022;202234;117;4380,19;;SUPER;;NFK|3104|30209|202234
3117;10023;22/08/2022;202234;158;1876,25;;NAER;;NFK|3117|10023|202234
3117;10047;22/08/2022;202234;112;1260,00;;NAER;;NFK|3117|10047|202234
3117;10112;22/08/2022;202234;65;1377,19;;NAER;;NFK|3117|10112|202234
3117;10310;22/08/2022;202234;57;1531,88;;NAER;;NFK|3117|10310|202234
3117;11020;22/08/2022;202234;126;2354,62;;NAER;;NFK|3117|11020|202234
3117;11085;22/08/2022;202234;91;1018,06;;NAER;;NFK|3117|11085|202234
3117;11142;22/08/2022;202234;65;1620,94;;NAER;;NFK|3117|11142|202234
3117;12004;22/08/2022;202234;81;3240,00;;NAER;;NFK|3117|12004|202234
3117;12066;22/08/2022;202234;51;3091,88;;NAER;;NFK|3117|12066|202234
3117;12190;22/08/2022;202234;41;922,50;;NAER;;NFK|3117|12190|202234
3117;20015;22/08/2022;202234;104;2645,50;;NAER;C;NFK|3117|20015|202234
3117;20041;22/08/2022;202234;130;1186,25;;NAER;A;NFK|3117|20041|202234
3117;20088;22/08/2022;202234;78;4407,00;;NAER;B;NFK|3117|20088|202234
3117;20131;22/08/2022;202234;52;1098,50;;NAER;C;NFK|3117|20131|202234
3117;30012;22/08/2022;202234;34;550,38;;NAER;;NFK|3117|30012|202234
3117;30077;22/08/2022;202234;56;2940,00;;NAER;;NFK|3117|30077|202234
3117;30154;22/08/2022;202234;44;742,50;;NAER;;NFK|3117|30154|202234
3117;30209;22/08/2022;202234;50;1871,88;;NAER;;NFK|3117|30209|202234
3122;10023;22/08/2022;202234;147;1745,62;;FRANCHISE;;NFK|3122|10023|202234
3122;10047;22/08/2022;202234;79;888,75;;FRANCHISE;;NFK|3122|10047|202234
3122;10112;22/08/2022;202234;49;1038,19;;FRANCHISE;;NFK|3122|10112|202234
3122;10310;22/08/2022;202234;37;994,38;;FRANCHISE;;NFK|3122|10310|202234
3122;11020;22/08/2022;202234;96;1794,00;;FRANCHISE;;NFK|3122|11020|202234
3122;11085;22/08/2022;202234;68;760,75;;FRANCHISE;;NFK|3122|11085|202234
3122;11142;22/08/2022;202234;41;1022,44;;FRANCHISE;;NFK|3122|11142|202234
3122;12004;22/08/2022;202234;62;2480,00;;FRANCHISE;;NFK|3122|12004|202234
3122;12066;22/08/2022;202234;42;2546,25;;FRANCHISE;;NFK|3122|12066|202234
3122;12190;22/08/2022;202234;31;697,50;;FRANCHISE;;NFK|3122|12190|202234
3122;20015;22/08/2022;202234;76;1933,25;;FRANCHISE;C;NFK|3122|20015|202234
3122;20041;22/08/2022;202234;102;930,75;;FRANCHISE;A;NFK|3122|20041|202234
3122;20088;22/08/2022;202234;55;3107,50;;FRANCHISE;B;NFK|3122|20088|202234
3122;20131;22/08/2022;202234;38;802,75;;FRANCHISE;C;NFK|3122|20131|202234
3122;30012;22/08/2022;202234;28;453,25;;FRANCHISE;;NFK|3122|30012|202234
3122;30077;22/08/2022;202234;46;2415,00;;FRANCHISE;;NFK|3122|30077|202234
3122;30154;22/08/2022;202234;26;438,75;;FRANCHISE;;NFK|3122|30154|202234
3122;30209;22/08/2022;202234;39;1460,06;;FRANCHISE;;NFK|3122|30209|202234
4201;10023;22/08/2022;202234;775;9203,12;;HYPER;;NFK|4201|10023|202234
4201;10047;22/08/2022;202234;417;4691,25;;HYPER;;NFK|4201|10047|202234
4201;10112;22/08/2022;202234;266;5635,88;;HYPER;;NFK|4201|10112|202234
4201;10310;22/08/2022;202234;213;5724,38;;HYPER;;NFK|4201|10310|202234
4201;11020;22/08/2022;202234;562;10502,38;;HYPER;;NFK|4201|11020|202234
4201;11085;22/08/2022;202234;345;3859,69;;HYPER;;NFK|4201|11085|202234
4201;11142;22/08/2022;202234;261;6508,69;;HYPER;;NFK|4201|11142|202234
4201;12004;22/08/2022;202234;305;12200,00;;HYPER;;NFK|4201|12004|202234
4201;12066;22/08/2022;202234;246;14913,75;;HYPER;;NFK|4201|12066|202234
4201;12190;22/08/2022;202234;210;4252,50;3F2;HYPER;;NFK|4201|12190|202234
4201;20015;22/08/2022;202234;368;9361,00;;HYPER;C;NFK|4201|20015|202234
4201;20041;22/08/2022;202234;480;4380,00;;HYPER;A;NFK|4201|20041|202234
4201;20088;22/08/2022;202234;244;13786,00;;HYPER;B;NFK|4201|20088|202234
4201;20131;22/08/2022;202234;174;3675,75;;HYPER;C;NFK|4201|20131|202234
4201;30012;22/08/2022;202234;146;2363,38;;HYPER;;NFK|4201|30012|202234
4201;30077;22/08/2022;202234;206;10815,00;;HYPER;;NFK|4201|30077|202234
4201;30154;22/08/2022;202234;142;2396,25;;HYPER;;NFK|4201|30154|202234
4201;30209;22/08/2022;202234;200;7487,50;;HYPER;;NFK|4201|30209|202234
4201;99001;22/08/2022;202234;11;0,00;;HYPER;;NFK|4201|99001|202234
4205;10023;22/08/2022;202234;403;4785,62;;SUPER;;NFK|4205|10023|202234
4205;10047;22/08/2022;202234;228;2565,00;;SUPER;;NFK|4205|10047|202234
4205;10112;22/08/2022;202234;161;3411,19;;SUPER;;NFK|4205|10112|202234
4205;10310;22/08/2022;202234;122;3278,75;;SUPER;;NFK|4205|10310|202234
4205;11020;22/08/2022;202234;320;5980,00;;SUPER;;NFK|4205|11020|202234
4205;11085;22/08/2022;202234;172;1924,25;;SUPER;;NFK|4205|11085|202234
4205;11142;22/08/2022;202234;140;3491,25;;SUPER;;NFK|4205|11142|202234
4205;12004;22/08/2022;202234;157;6280,00;;SUPER;;NFK|4205|12004|202234
4205;12066;22/08/2022;202234;131;7941,88;;SUPER;;NFK|4205|12066|202234
4205;12190;22/08/2022;202234;124;2511,00;3F2;SUPER;;NFK|4205|12190|202234
4205;20015;22/08/2022;202234;256;6512,00;;SUPER;C;NFK|4205|20015|202234
4205;20041;22/08/2022;202234;278;2536,75;;SUPER;A;NFK|4205|20041|202234
4205;20088;22/08/2022;202234;169;9548,50;;SUPER;B;NFK|4205|20088|202234
4205;20131;22/08/2022;202234;120;2535,00;;SUPER;C;NFK|4205|20131|202234
4205;30012;22/08/2022;202234;78;1262,62;;SUPER;;NFK|4205|30012|202234
4205;30077;22/08/2022;202234;140;7350,00;;SUPER;;NFK|4205|30077|202234
4205;30154;22/08/2022;202234;103;1738,12;;SUPER;;NFK|4205|30154|202234
4205;30209;22/08/2022;202234;119;4455,06;;SUPER;;NFK|4205|30209|202234
4218;10023;22/08/2022;202234;435;5165,62;;SUPER;;NFK|4218|10023|202234
4218;10047;22/08/2022;202234;292;3285,00;;SUPER;;NFK|4218|10047|202234
4218;10112;22/08/2022;202234;156;3305,25;;SUPER;;NFK|4218|10112|202234
4218;10310;22/08/2022;202234;138;3708,75;;SUPER;;NFK|4218|10310|202234
4218;11020;22/08/2022;202234;312;5830,50;;SUPER;;NFK|4218|11020|202234
4218;11085;22/08/2022;202234;203;2271,06;;SUPER;;NFK|4218|11085|202234
4218;11142;22/08/2022;202234;138;3441,38;;SUPER;;NFK|4218|11142|202234
4218;12004;22/08/2022;202234;185;7400,00;;SUPER;;NFK|4218|12004|202234
4218;12066;22/08/2022;202234;127;7699,38;;SUPER;;NFK|4218|12066|202234
4218;12190;22/08/2022;202234;140;2835,00;3F2;SUPER;;NFK|4218|12190|202234
4218;20015;22/08/2022;202234;236;6003,25;;SUPER;C;NFK|4218|20015|202234
4218;20041;22/08/2022;202234;340;3102,50;;SUPER;A;NFK|4218|20041|202234
4218;20088;22/08/2022;202234;168;9492,00;;SUPER;B;NFK|4218|20088|202234
4218;20131;22/08/2022;202234;104;2197,00;;SUPER;C;NFK|4218|20131|202234
4218;30012;22/08/2022;202234;97;1570,19;;SUPER;;NFK|4218|30012|202234
4218;30077;22/08/2022;202234;137;7192,50;;SUPER;;NFK|4218|30077|202234
4218;30154;22/08/2022;202234;94;1586,25;;SUPER;;NFK|4218|30154|202234
4218;30209;22/08/2022;202234;134;5016,62;;SUPER;;NFK|4218|30209|202234
4218;99001;22/08/2022;202234;6;0,00;;SUPER;;NFK|4218|99001|202234
5502;10023;22/08/2022;202234;434;5153,75;;SUPER;;NFK|5502|10023|202234
5502;10047;22/08/2022;202234;216;2430,00;;SUPER;;NFK|5502|10047|202234
5502;10112;22/08/2022;202234;148;3135,75;;SUPER;;NFK|5502|10112|202234
5502;10310;22/08/2022;202234;100;2687,50;;SUPER;;NFK|5502|10310|202234
5502;11020;22/08/2022;202234;290;5419,38;;SUPER;;NFK|5502|11020|202234
5502;11085;22/08/2022;202234;205;2293,44;;SUPER;;NFK|5502|11085|202234
5502;11142;22/08/2022;202234;128;3192,00;;SUPER;;NFK|5502|11142|202234
5502;12004;22/08/2022;202234;144;5760,00;;SUPER;;NFK|5502|12004|202234
5502;12066;22/08/2022;202234;134;8123,75;;SUPER;;NFK|5502|12066|202234
5502;12190;22/08/2022;202234;119;2409,75;3F2;SUPER;;NFK|5502|12190|202234
5502;20015;22/08/2022;202234;243;6181,31;;SUPER;C;NFK|5502|20015|202234
5502;20041;22/08/2022;202234;246;2244,75;;SUPER;A;NFK|5502|20041|202234
5502;20088;22/08/2022;202234;145;8192,50;;SUPER;B;NFK|5502|20088|202234
5502;20131;22/08/2022;202234;104;2197,00;;SUPER;C;NFK|5502|20131|202234
5502;30012;22/08/2022;202234;87;1408,31;;SUPER;;NFK|5502|30012|202234
5502;30077;22/08/2022;202234;117;6142,50;;SUPER;;NFK|5502|30077|202234
5502;30154;22/08/2022;202234;101;1704,38;;SUPER;;NFK|5502|30154|202234
5502;30209;22/08/2022;202234;127;4754,56;;SUPER;;NFK|5502|30209|202234
5511;10023;22/08/2022;202234;142;1686,25;;PARTNER;;NFK|5511|10023|202234
5511;10047;22/08/2022;202234;99;1113,75;;PARTNER;;NFK|5511|10047|202234
5511;10112;22/08/2022;202234;53;1122,94;;PARTNER;;NFK|5511|10112|202234
5511;10310;22/08/2022;202234;38;1021,25;;PARTNER;;NFK|5511|10310|202234
5511;11020;22/08/2022;202234;130;2429,38;;PARTNER;;NFK|5511|11020|202234
5511;11085;22/08/2022;202234;67;749,56;;PARTNER;;NFK|5511|11085|202234
5511;11142;22/08/2022;202234;52;1296,75;;PARTNER;;NFK|5511|11142|202234
5511;12004;22/08/2022;202234;65;2600,00;;PARTNER;;NFK|5511|12004|202234
5511;12066;22/08/2022;202234;52;3152,50;;PARTNER;;NFK|5511|12066|202234
5511;12190;22/08/2022;202234;46;931,50;3F2;PARTNER;;NFK|5511|12190|202234
5511;20015;22/08/2022;202234;90;2289,38;;PARTNER;C;NFK|5511|20015|202234
5511;20041;22/08/2022;202234;103;939,88;;PARTNER;A;NFK|5511|20041|202234
5511;20088;22/08/2022;202234;59;3333,50;;PARTNER;B;NFK|5511|20088|202234
5511;20131;22/08/2022;202234;42;887,25;;PARTNER;C;NFK|5511|20131|202234
5511;30012;22/08/2022;202234;29;469,44;;PARTNER;;NFK|5511|30012|202234
5511;30077;22/08/2022;202234;44;2310,00;;PARTNER;;NFK|5511|30077|202234
5511;30154;22/08/2022;202234;36;607,50;;PARTNER;;NFK|5511|30154|202234
5511;30209;22/08/2022;202234;50;1871,88;;PARTNER;;NFK|5511|30209|202234
9001;10023;22/08/2022;202234;20;237,50;;DEPOT;;NFK|9001|10023|202234
9001;10047;22/08/2022;202234;15;168,75;;DEPOT;;NFK|9001|10047|202234
9001;10112;22/08/2022;202234;7;148,31;;DEPOT;;NFK|9001|10112|202234
9001;10310;22/08/2022;202234;6;161,25;;DEPOT;;NFK|9001|10310|202234
9001;11020;22/08/2022;202234;17;317,69;;DEPOT;;NFK|9001|11020|202234
9001;11085;22/08/2022;202234;11;123,06;;DEPOT;;NFK|9001|11085|202234
9001;11142;22/08/2022;202234;8;199,50;;DEPOT;;NFK|9001|11142|202234
9001;12004;22/08/2022;202234;10;400,00;;DEPOT;;NFK|9001|12004|202234
9001;12066;22/08/2022;202234;6;363,75;;DEPOT;;NFK|9001|12066|202234
9001;12190;22/08/2022;202234;4;90,00;;DEPOT;;NFK|9001|12190|202234
9001;20015;22/08/2022;202234;14;356,12;;DEPOT;C;NFK|9001|20015|202234
9001;20041;22/08/2022;202234;17;155,12;;DEPOT;A;NFK|9001|20041|202234
9001;20088;22/08/2022;202234;8;452,00;;DEPOT;B;NFK|9001|20088|202234
9001;20131;22/08/2022;202234;5;105,62;;DEPOT;C;NFK|9001|20131|202234
9001;30012;22/08/2022;202234;4;64,75;;DEPOT;;NFK|9001|30012|202234
9001;30077;22/08/2022;202234;7;367,50;;DEPOT;;NFK|9001|30077|202234
9001;30154;22/08/2022;202234;5;84,38;;DEPOT;;NFK|9001|30154|202234
9001;30209;22/08/2022;202234;6;224,62;;DEPOT;;NFK|9001|30209|202234
1199;10023;22/08/2022;202234;8;95,00;;SUPER;;NFK|1199|10023|202234
1199;10047;22/08/2022;202234;5;56,25;;SUPER;;NFK|1199|10047|202234
1199;10112;22/08/2022;202234;3;63,56;;SUPER;;NFK|1199|10112|202234
1199;10310;22/08/2022;202234;3;80,62;;SUPER;;NFK|1199|10310|202234
1199;11020;22/08/2022;202234;6;112,12;;SUPER;;NFK|1199|11020|202234
1199;11085;22/08/2022;202234;4;44,75;;SUPER;;NFK|1199|11085|202234
1199;11142;22/08/2022;202234;3;74,81;;SUPER;;NFK|1199|11142|202234
1199;12004;22/08/2022;202234;4;160,00;;SUPER;;NFK|1199|12004|202234
1199;12066;22/08/2022;202234;3;181,88;;SUPER;;NFK|1199|12066|202234
1199;12190;22/08/2022;202234;2;45,00;;SUPER;;NFK|1199|12190|202234
1199;20015;22/08/2022;202234;5;127,19;;SUPER;C;NFK|1199|20015|202234
1199;20041;22/08/2022;202234;6;54,75;;SUPER;A;NFK|1199|20041|202234
1199;20088;22/08/2022;202234;4;226,00;;SUPER;B;NFK|1199|20088|202234
1199;20131;22/08/2022;202234;3;63,38;;SUPER;C;NFK|1199|20131|202234
1199;30012;22/08/2022;202234;2;32,38;;SUPER;;NFK|1199|30012|202234
1199;30077;22/08/2022;202234;3;157,50;;SUPER;;NFK|1199|30077|202234
1199;30154;22/08/2022;202234;2;33,75;;SUPER;;NFK|1199|30154|202234
1199;30209;22/08/2022;202234;2;74,88;;SUPER;;NFK|1199|30209|202234
1199;99001;22/08/2022;202234;0;0,00;;SUPER;;NFK|1199|99001|202234
1101;10023;29/08/2022;202235;477;5664,38;;SUPER;;NFK|1101|10023|202235
1101;10047;29/08/2022;202235;434;3271,28;MP;SUPER;;NFK|1101|10047|202235
1101;10112;29/08/2022;202235;164;3474,75;;SUPER;;NFK|1101|10112|202235
1101;10310;29/08/2022;202235;117;3144,38;;SUPER;;NFK|1101|10310|202235
1101;11020;29/08/2022;202235;480;6726,00;KUPON;SUPER;;NFK|1101|11020|202235
1101;11085;29/08/2022;202235;204;2282,25;;SUPER;;NFK|1101|11085|202235
1101;11142;29/08/2022;202235;137;3416,44;;SUPER;;NFK|1101|11142|202235
1101;12004;29/08/2022;202235;180;7200,00;;SUPER;;NFK|1101|12004|202235
1101;12066;29/08/2022;202235;149;9033,12;;SUPER;;NFK|1101|12066|202235
1101;12190;29/08/2022;202235;98;2205,00;;SUPER;;NFK|1101|12190|202235
1101;20015;29/08/2022;202235;241;6130,44;;SUPER;C;NFK|1101|20015|202235
1101;20041;29/08/2022;202235;354;3230,25;;SUPER;A;NFK|1101|20041|202235
1101;20088;29/08/2022;202235;182;10283,00;;SUPER;B;NFK|1101|20088|202235
1101;20131;29/08/2022;202235;111;2344,88;;SUPER;C;NFK|1101|20131|202235
1101;30012;29/08/2022;202235;86;1392,12;;SUPER;;NFK|1101|30012|202235
1101;30077;29/08/2022;202235;118;6195,00;;SUPER;;NFK|1101|30077|202235
1101;30154;29/08/2022;202235;93;1569,38;;SUPER;;NFK|1101|30154|202235
1101;30209;29/08/2022;202235;140;5241,25;;SUPER;;NFK|1101|30209|202235
1102;10023;29/08/2022;202235;342;4061,25;;SUPER;;NFK|1102|10023|202235
1102;10047;29/08/2022;202235;398;2999,93;MP;SUPER;;NFK|1102|10047|202235
1102;10112;29/08/2022;202235;130;2754,38;;SUPER;;NFK|1102|10112|202235
1102;10310;29/08/2022;202235;112;3010,00;;SUPER;;NFK|1102|10310|202235
1102;11020;29/08/2022;202235;389;5450,86;KUPON;SUPER;;NFK|1102|11020|202235
1102;11085;29/08/2022;202235;204;2282,25;;SUPER;;NFK|1102|11085|202235
1102;11142;29/08/2022;202235;132;3291,75;;SUPER;;NFK|1102|11142|202235
1102;12004;29/08/2022;202235;152;6080,00;;SUPER;;NFK|1102|12004|202235
1102;12066;29/08/2022;202235;119;7214,38;;SUPER;;NFK|1102|12066|202235
1102;12190;29/08/2022;202235;91;2047,50;;SUPER;;NFK|1102|12190|202235
1102;20015;29/08/2022;202235;208;5291,00;;SUPER;C;NFK|1102|20015|202235
1102;20041;29/08/2022;202235;300;2737,50;;SUPER;A;NFK|1102|20041|202235
1102;20088;29/08/2022;202235;166;9379,00;;SUPER;B;NFK|1102|20088|202235
1102;20131;29/08/2022;202235;93;1964,62;;SUPER;C;NFK|1102|20131|202235
1102;30012;29/08/2022;202235;72;1165,50;;SUPER;;NFK|1102|30012|202235
1102;30077;29/08/2022;202235;125;6562,50;;SUPER;;NFK|1102|30077|202235
1102;30154;29/08/2022;202235;100;1687,50;;SUPER;;NFK|1102|30154|202235
1102;30209;29/08/2022;202235;131;4904,31;;SUPER;;NFK|1102|30209|202235
1103;10023;29/08/2022;202235;228;2707,50;;NAER;;NFK|1103|10023|202235
1103;10047;29/08/2022;202235;203;1530,11;MP;NAER;;NFK|1103|10047|202235
1103;10112;29/08/2022;202235;68;1440,75;;NAER;;NFK|1103|10112|202235
1103;10310;29/08/2022;202235;65;1746,88;;NAER;;NFK|1103|10310|202235
1103;11020;29/08/2022;202235;211;2956,64;KUPON;NAER;;NFK|1103|11020|202235
1103;11085;29/08/2022;202235;93;1040,44;;NAER;;NFK|1103|11085|202235
1103;11142;29/08/2022;202235;62;1546,12;;NAER;;NFK|1103|11142|202235
1103;12004;29/08/2022;202235;87;3480,00;;NAER;;NFK|1103|12004|202235
1103;12066;29/08/2022;202235;62;3758,75;;NAER;;NFK|1103|12066|202235
1103;12190;29/08/2022;202235;51;1147,50;;NAER;;NFK|1103|12190|202235
1103;20015;29/08/2022;202235;135;3434,06;;NAER;C;NFK|1103|20015|202235
1103;20041;29/08/2022;202235;164;1496,50;;NAER;A;NFK|1103|20041|202235
1103;20088;29/08/2022;202235;89;5028,50;;NAER;B;NFK|1103|20088|202235
1103;20131;29/08/2022;202235;56;1183,00;;NAER;C;NFK|1103|20131|202235
1103;30012;29/08/2022;202235;43;696,06;;NAER;;NFK|1103|30012|202235
1103;30077;29/08/2022;202235;59;3097,50;;NAER;;NFK|1103|30077|202235
1103;30154;29/08/2022;202235;49;826,88;;NAER;;NFK|1103|30154|202235
1103;30209;29/08/2022;202235;67;2508,31;;NAER;;NFK|1103|30209|202235
1108;10023;29/08/2022;202235;772;9167,50;;HYPER;;NFK|1108|10023|202235
1108;10047;29/08/2022;202235;704;5306,40;MP;HYPER;;NFK|1108|10047|202235
1108;10112;29/08/2022;202235;285;6038,44;;HYPER;;NFK|1108|10112|202235
1108;10310;29/08/2022;202235;245;6584,38;;HYPER;;NFK|1108|10310|202235
1108;11020;29/08/2022;202235;934;13087,68;KUPON;HYPER;;NFK|1108|11020|202235
1108;11085;29/08/2022;202235;342;3826,12;;HYPER;;NFK|1108|11085|202235
1108;11142;29/08/2022;202235;265;6608,44;;HYPER;;NFK|1108|11142|202235
1108;12004;29/08/2022;202235;321;12840,00;;HYPER;;NFK|1108|12004|202235
1108;12066;29/08/2022;202235;246;14913,75;;HYPER;;NFK|1108|12066|202235
1108;12190;29/08/2022;202235;181;4072,50;;HYPER;;NFK|1108|12190|202235
1108;20015;29/08/2022;202235;519;13202,06;;HYPER;C;NFK|1108|20015|202235
1108;20041;29/08/2022;202235;641;5849,12;;HYPER;A;NFK|1108|20041|202235
1108;20088;29/08/2022;202235;333;18814,50;;HYPER;B;NFK|1108|20088|202235
1108;20131;29/08/2022;202235;238;5027,75;;HYPER;C;NFK|1108|20131|202235
1108;30012;29/08/2022;202235;162;2622,38;;HYPER;;NFK|1108|30012|202235
1108;30077;29/08/2022;202235;283;14857,50;;HYPER;;NFK|1108|30077|202235
1108;30154;29/08/2022;202235;187;3155,62;;HYPER;;NFK|1108|30154|202235
1108;30209;29/08/2022;202235;215;8049,06;;HYPER;;NFK|1108|30209|202235
3104;10023;29/08/2022;202235;409;4856,88;;SUPER;;NFK|3104|10023|202235
3104;10047;29/08/2022;202235;436;3286,35;MP;SUPER;;NFK|3104|10047|202235
3104;10112;29/08/2022;202235;138;2923,88;;SUPER;;NFK|3104|10112|202235
3104;10310;29/08/2022;202235;122;3278,75;;SUPER;;NFK|3104|10310|202235
3104;11020;29/08/2022;202235;303;5662,31;;SUPER;;NFK|3104|11020|202235
3104;11085;29/08/2022;202235;181;2024,94;;SUPER;;NFK|3104|11085|202235
3104;11142;29/08/2022;202235;145;3615,94;;SUPER;;NFK|3104|11142|202235
3104;12004;29/08/2022;202235;166;6640,00;;SUPER;;NFK|3104|12004|202235
3104;12066;29/08/2022;202235;120;7275,00;;SUPER;;NFK|3104|12066|202235
3104;12190;29/08/2022;202235;96;2160,00;;SUPER;;NFK|3104|12190|202235
3104;20015;29/08/2022;202235;198;5036,62;;SUPER;C;NFK|3104|20015|202235
3104;20041;29/08/2022;202235;270;2463,75;;SUPER;A;NFK|3104|20041|202235
3104;20088;29/08/2022;202235;137;7740,50;;SUPER;B;NFK|3104|20088|202235
3104;20131;29/08/2022;202235;99;2091,38;;SUPER;C;NFK|3104|20131|202235
3104;30012;29/08/2022;202235;71;1149,31;;SUPER;;NFK|3104|30012|202235
3104;30077;29/08/2022;202235;108;5670,00;;SUPER;;NFK|3104|30077|202235
3104;30154;29/08/2022;202235;80;1350,00;;SUPER;;NFK|3104|30154|202235
3104;30209;29/08/2022;202235;117;4380,19;;SUPER;;NFK|3104|30209|202235
3117;10023;29/08/2022;202235;189;2244,38;;NAER;;NFK|3117|10023|202235
3117;10047;29/08/2022;202235;179;1349,21;MP;NAER;;NFK|3117|10047|202235
3117;10112;29/08/2022;202235;72;1525,50;;NAER;;NFK|3117|10112|202235
3117;10310;29/08/2022;202235;48;1290,00;;NAER;;NFK|3117|10310|202235
3117;11020;29/08/2022;202235;130;2429,38;;NAER;;NFK|3117|11020|202235
3117;11085;29/08/2022;202235;91;1018,06;;NAER;;NFK|3117|11085|202235
3117;11142;29/08/2022;202235;58;1446,38;;NAER;;NFK|3117|11142|202235
3117;12004;29/08/2022;202235;69;2760,00;;NAER;;NFK|3117|12004|202235
3117;12066;29/08/2022;202235;60;3637,50;;NAER;;NFK|3117|12066|202235
3117;12190;29/08/2022;202235;46;1035,00;;NAER;;NFK|3117|12190|202235
3117;20015;29/08/2022;202235;105;2670,94;;NAER;C;NFK|3117|20015|202235
3117;20041;29/08/2022;202235;117;1067,62;;NAER;A;NFK|3117|20041|202235
3117;20088;29/08/2022;202235;59;3333,50;;NAER;B;NFK|3117|20088|202235
3117;20131;29/08/2022;202235;51;1077,38;;NAER;C;NFK|3117|20131|202235
3117;30012;29/08/2022;202235;36;582,75;;NAER;;NFK|3117|30012|202235
3117;30077;29/08/2022;202235;53;2782,50;;NAER;;NFK|3117|30077|202235
3117;30154;29/08/2022;202235;41;691,88;;NAER;;NFK|3117|30154|202235
3117;30209;29/08/2022;202235;53;1984,19;;NAER;;NFK|3117|30209|202235
3122;10023;29/08/2022;202235;139;1650,62;;FRANCHISE;;NFK|3122|10023|202235
3122;10047;29/08/2022;202235;123;927,11;MP;FRANCHISE;;NFK|3122|10047|202235
3122;10112;29/08/2022;202235;43;911,06;;FRANCHISE;;NFK|3122|10112|202235
3122;10310;29/08/2022;202235;34;913,75;;FRANCHISE;;NFK|3122|10310|202235
3122;11020;29/08/2022;202235;116;2167,75;;FRANCHISE;;NFK|3122|11020|202235
3122;11085;29/08/2022;202235;65;727,19;;FRANCHISE;;NFK|3122|11085|202235
3122;11142;29/08/2022;202235;41;1022,44;;FRANCHISE;;NFK|3122|11142|202235
3122;12004;29/08/2022;202235;60;2400,00;;FRANCHISE;;NFK|3122|12004|202235
3122;12066;29/08/2022;202235;42;2546,25;;FRANCHISE;;NFK|3122|12066|202235
3122;12190;29/08/2022;202235;27;607,50;;FRANCHISE;;NFK|3122|12190|202235
3122;20015;29/08/2022;202235;69;1755,19;;FRANCHISE;C;NFK|3122|20015|202235
3122;20041;29/08/2022;202235;89;812,12;;FRANCHISE;A;NFK|3122|20041|202235
3122;20088;29/08/2022;202235;53;2994,50;;FRANCHISE;B;NFK|3122|20088|202235
3122;20131;29/08/2022;202235;30;633,75;;FRANCHISE;C;NFK|3122|20131|202235
3122;30012;29/08/2022;202235;25;404,69;;FRANCHISE;;NFK|3122|30012|202235
3122;30077;29/08/2022;202235;44;2310,00;;FRANCHISE;;NFK|3122|30077|202235
3122;30154;29/08/2022;202235;32;540,00;;FRANCHISE;;NFK|3122|30154|202235
3122;30209;29/08/2022;202235;40;1497,50;;FRANCHISE;;NFK|3122|30209|202235
4201;10023;29/08/2022;202235;717;8514,38;;HYPER;;NFK|4201|10023|202235
4201;10047;29/08/2022;202235;622;4688,33;MP;HYPER;;NFK|4201|10047|202235
4201;10112;29/08/2022;202235;250;5296,88;;HYPER;;NFK|4201|10112|202235
4201;10310;29/08/2022;202235;192;5160,00;;HYPER;;NFK|4201|10310|202235
4201;11020;29/08/2022;202235;751;10523,39;KUPON;HYPER;;NFK|4201|11020|202235
4201;11085;29/08/2022;202235;357;3993,94;;HYPER;;NFK|4201|11085|202235
4201;11142;29/08/2022;202235;254;6334,12;;HYPER;;NFK|4201|11142|202235
4201;12004;29/08/2022;202235;254;10160,00;;HYPER;;NFK|4201|12004|202235
4201;12066;29/08/2022;202235;235;14246,88;;HYPER;;NFK|4201|12066|202235
4201;12190;29/08/2022;202235;149;3352,50;;HYPER;;NFK|4201|12190|202235
4201;20015;29/08/2022;202235;361;9182,94;;HYPER;C;NFK|4201|20015|202235
4201;20041;29/08/2022;202235;531;4845,38;;HYPER;A;NFK|4201|20041|202235
4201;20088;29/08/2022;202235;251;14181,50;;HYPER;B;NFK|4201|20088|202235
4201;20131;29/08/2022;202235;195;4119,38;;HYPER;C;NFK|4201|20131|202235
4201;30012;29/08/2022;202235;152;2460,50;;HYPER;;NFK|4201|30012|202235
4201;30077;29/08/2022;202235;191;10027,50;;HYPER;;NFK|4201|30077|202235
4201;30154;29/08/2022;202235;163;2750,62;;HYPER;;NFK|4201|30154|202235
4201;30209;29/08/2022;202235;188;7038,25;;HYPER;;NFK|4201|30209|202235
4201;99001;29/08/2022;202235;11;0,00;;HYPER;;NFK|4201|99001|202235
4205;10023;29/08/2022;202235;411;4880,62;;SUPER;;NFK|4205|10023|202235
4205;10047;29/08/2022;202235;454;3422,02;MP;SUPER;;NFK|4205|10047|202235
4205;10112;29/08/2022;202235;145;3072,19;;SUPER;;NFK|4205|10112|202235
4205;10310;29/08/2022;202235;132;3547,50;;SUPER;;NFK|4205|10310|202235
4205;11020;29/08/2022;202235;472;6613,90;KUPON;SUPER;;NFK|4205|11020|202235
4205;11085;29/08/2022;202235;186;2080,88;;SUPER;;NFK|4205|11085|202235
4205;11142;29/08/2022;202235;124;3092,25;;SUPER;;NFK|4205|11142|202235
4205;12004;29/08/2022;202235;161;6440,00;;SUPER;;NFK|4205|12004|202235
4205;12066;29/08/2022;202235;121;7335,62;;SUPER;;NFK|4205|12066|202235
4205;12190;29/08/2022;202235;106;2385,00;;SUPER;;NFK|4205|12190|202235
4205;20015;29/08/2022;202235;258;6562,87;;SUPER;C;NFK|4205|20015|202235
4205;20041;29/08/2022;202235;328;2993,00;;SUPER;A;NFK|4205|20041|202235
4205;20088;29/08/2022;202235;140;7910,00;;SUPER;B;NFK|4205|20088|202235
4205;20131;29/08/2022;202235;94;1985,75;;SUPER;C;NFK|4205|20131|202235
4205;30012;29/08/2022;202235;91;1473,06;;SUPER;;NFK|4205|30012|202235
4205;30077;29/08/2022;202235;128;6720,00;;SUPER;;NFK|4205|30077|202235
4205;30154;29/08/2022;202235;93;1569,38;;SUPER;;NFK|4205|30154|202235
4205;30209;29/08/2022;202235;114;4267,88;;SUPER;;NFK|4205|30209|202235
4218;10023;29/08/2022;202235;379;4500,62;;SUPER;;NFK|4218|10023|202235
4218;10047;29/08/2022;202235;407;3067,76;MP;SUPER;;NFK|4218|10047|202235
4218;10112;29/08/2022;202235;140;2966,25;;SUPER;;NFK|4218|10112|202235
4218;10310;29/08/2022;202235;126;3386,25;;SUPER;;NFK|4218|10310|202235
4218;11020;29/08/2022;202235;466;6529,83;KUPON;SUPER;;NFK|4218|11020|202235
4218;11085;29/08/2022;202235;191;2136,81;;SUPER;;NFK|4218|11085|202235
4218;11142;29/08/2022;202235;136;3391,50;;SUPER;;NFK|4218|11142|202235
4218;12004;29/08/2022;202235;178;7120,00;;SUPER;;NFK|4218|12004|202235
4218;12066;29/08/2022;202235;137;8305,62;;SUPER;;NFK|4218|12066|202235
4218;12190;29/08/2022;202235;94;2115,00;;SUPER;;NFK|4218|12190|202235
4218;20015;29/08/2022;202235;219;5570,81;;SUPER;C;NFK|4218|20015|202235
4218;20041;29/08/2022;202235;285;2600,62;;SUPER;A;NFK|4218|20041|202235
4218;20088;29/08/2022;202235;161;9096,50;;SUPER;B;NFK|4218|20088|202235
4218;20131;29/08/2022;202235;122;2577,25;;SUPER;C;NFK|4218|20131|202235
4218;30012;29/08/2022;202235;83;1343,56;;SUPER;;NFK|4218|30012|202235
4218;30077;29/08/2022;202235;126;6615,00;;SUPER;;NFK|4218|30077|202235
4218;30154;29/08/2022;202235;89;1501,88;;SUPER;;NFK|4218|30154|202235
4218;30209;29/08/2022;202235;120;4492,50;;SUPER;;NFK|4218|30209|202235
5502;10023;29/08/2022;202235;337;4001,88;;SUPER;;NFK|5502|10023|202235
5502;10047;29/08/2022;202235;447;3369,26;MP;SUPER;;NFK|5502|10047|202235
5502;10112;29/08/2022;202235;154;3262,87;;SUPER;;NFK|5502|10112|202235
5502;10310;29/08/2022;202235;118;3171,25;;SUPER;;NFK|5502|10310|202235
5502;11020;29/08/2022;202235;304;5681,00;;SUPER;;NFK|5502|11020|202235
5502;11085;29/08/2022;202235;184;2058,50;;SUPER;;NFK|5502|11085|202235
5502;11142;29/08/2022;202235;135;3366,56;;SUPER;;NFK|5502|11142|202235
5502;12004;29/08/2022;202235;150;6000,00;;SUPER;;NFK|5502|12004|202235
5502;12066;29/08/2022;202235;133;8063,12;;SUPER;;NFK|5502|12066|202235
5502;12190;29/08/2022;202235;91;2047,50;;SUPER;;NFK|5502|12190|202235
5502;20015;29/08/2022;202235;225;5723,44;;SUPER;C;NFK|5502|20015|202235
5502;20041;29/08/2022;202235;292;2664,50;;SUPER;A;NFK|5502|20041|202235
5502;20088;29/08/2022;202235;155;8757,50;;SUPER;B;NFK|5502|20088|202235
5502;20131;29/08/2022;202235;116;2450,50;;SUPER;C;NFK|5502|20131|202235
5502;30012;29/08/2022;202235;82;1327,37;;SUPER;;NFK|5502|30012|202235
5502;30077;29/08/2022;202235;125;6562,50;;SUPER;;NFK|5502|30077|202235
5502;30154;29/08/2022;202235;77;1299,38;;SUPER;;NFK|5502|30154|202235
5502;30209;29/08/2022;202235;119;4455,06;;SUPER;;NFK|5502|30209|202235
5502;99001;29/08/2022;202235;6;0,00;;SUPER;;NFK|5502|99001|202235
5511;10023;29/08/2022;202235;151;1793,12;;PARTNER;;NFK|5511|10023|202235
5511;10047;29/08/2022;202235;175;1319,06;MP;PARTNER;;NFK|5511|10047|202235
5511;10112;29/08/2022;202235;48;1017,00;;PARTNER;;NFK|5511|10112|202235
5511;10310;29/08/2022;202235;46;1236,25;;PARTNER;;NFK|5511|10310|202235
5511;11020;29/08/2022;202235;125;2335,94;;PARTNER;;NFK|5511|11020|202235
5511;11085;29/08/2022;202235;78;872,62;;PARTNER;;NFK|5511|11085|202235
5511;11142;29/08/2022;202235;49;1221,94;;PARTNER;;NFK|5511|11142|202235
5511;12004;29/08/2022;202235;68;2720,00;;PARTNER;;NFK|5511|12004|202235
5511;12066;29/08/2022;202235;42;2546,25;;PARTNER;;NFK|5511|12066|202235
5511;12190;29/08/2022;202235;36;810,00;;PARTNER;;NFK|5511|12190|202235
5511;20015;29/08/2022;202235;81;2060,44;;PARTNER;C;NFK|5511|20015|202235
5511;20041;29/08/2022;202235;113;1031,12;;PARTNER;A;NFK|5511|20041|202235
5511;20088;29/08/2022;202235;59;3333,50;;PARTNER;B;NFK|5511|20088|202235
5511;20131;29/08/2022;202235;45;950,62;;PARTNER;C;NFK|5511|20131|202235
5511;30012;29/08/2022;202235;32;518,00;;PARTNER;;NFK|5511|30012|202235
5511;30077;29/08/2022;202235;51;2677,50;;PARTNER;;NFK|5511|30077|202235
5511;30154;29/08/2022;202235;38;641,25;;PARTNER;;NFK|5511|30154|202235
5511;30209;29/08/2022;202235;42;1572,37;;PARTNER;;NFK|5511|30209|202235
5511;99001;29/08/2022;202235;2;0,00;;PARTNER;;NFK|5511|99001|202235
9001;10023;29/08/2022;202235;23;273,12;;DEPOT;;NFK|9001|10023|202235
9001;10047;29/08/2022;202235;21;158,29;MP;DEPOT;;NFK|9001|10047|202235
9001;10112;29/08/2022;202235;9;190,69;;DEPOT;;NFK|9001|10112|202235
9001;10310;29/08/2022;202235;5;134,38;;DEPOT;;NFK|9001|10310|202235
9001;11020;29/08/2022;202235;18;336,37;;DEPOT;;NFK|9001|11020|202235
9001;11085;29/08/2022;202235;10;111,88;;DEPOT;;NFK|9001|11085|202235
9001;11142;29/08/2022;202235;8;199,50;;DEPOT;;NFK|9001|11142|202235
9001;12004;29/08/2022;202235;9;360,00;;DEPOT;;NFK|9001|12004|202235
9001;12066;29/08/2022;202235;7;424,38;;DEPOT;;NFK|9001|12066|202235
9001;12190;29/08/2022;202235;5;112,50;;DEPOT;;NFK|9001|12190|202235
9001;20015;29/08/2022;202235;11;279,81;;DEPOT;C;NFK|9001|20015|202235
9001;20041;29/08/2022;202235;14;127,75;;DEPOT;A;NFK|9001|20041|202235
9001;20088;29/08/2022;202235;7;395,50;;DEPOT;B;NFK|9001|20088|202235
9001;20131;29/08/2022;202235;5;105,62;;DEPOT;C;NFK|9001|20131|202235
9001;30012;29/08/2022;202235;4;64,75;;DEPOT;;NFK|9001|30012|202235
9001;30077;29/08/2022;202235;7;367,50;;DEPOT;;NFK|9001|30077|202235
9001;30154;29/08/2022;202235;5;84,38;;DEPOT;;NFK|9001|30154|202235
9001;30209;29/08/2022;202235;7;262,06;;DEPOT;;NFK|9001|30209|202235
9001;99001;29/08/2022;202235;0;0,00;;DEPOT;;NFK|9001|99001|202235
1101;10023;05/09/2022;202236;382;4536,25;;SUPER;;NFK|1101|10023|202236
1101;10047;05/09/2022;202236;303;3408,75;;SUPER;;NFK|1101|10047|202236
1101;10112;05/09/2022;202236;161;3411,19;;SUPER;;NFK|1101|10112|202236
1101;10310;05/09/2022;202236;129;3466,88;;SUPER;;NFK|1101|10310|202236
1101;11020;05/09/2022;202236;326;6092,12;;SUPER;;NFK|1101|11020|202236
1101;11085;05/09/2022;202236;192;2148,00;;SUPER;;NFK|1101|11085|202236
1101;11142;05/09/2022;202236;136;3391,50;;SUPER;;NFK|1101|11142|202236
1101;12004;05/09/2022;202236;178;7120,00;;SUPER;;NFK|1101|12004|202236
1101;12066;05/09/2022;202236;135;8184,38;;SUPER;;NFK|1101|12066|202236
1101;12190;05/09/2022;202236;95;2137,50;;SUPER;;NFK|1101|12190|202236
1101;20015;05/09/2022;202236;269;6842,69;;SUPER;C;NFK|1101|20015|202236
1101;20041;05/09/2022;202236;293;2673,62;;SUPER;A;NFK|1101|20041|202236
1101;20088;05/09/2022;202236;142;8023,00;;SUPER;B;NFK|1101|20088|202236
1101;20131;05/09/2022;202236;163;2705,80;3F2;SUPER;C;NFK|1101|20131|202236
1101;30012;05/09/2022;202236;82;1327,37;;SUPER;;NFK|1101|30012|202236
1101;30077;05/09/2022;202236;128;6720,00;;SUPER;;NFK|1101|30077|202236
1101;30154;05/09/2022;202236;103;1738,12;;SUPER;;NFK|1101|30154|202236
1101;30209;05/09/2022;202236;133;4979,19;;SUPER;;NFK|1101|30209|202236
1102;10023;05/09/2022;202236;376;4465,00;;SUPER;;NFK|1102|10023|202236
1102;10047;05/09/2022;202236;242;2722,50;;SUPER;;NFK|1102|10047|202236
1102;10112;05/09/2022;202236;126;2669,62;;SUPER;;NFK|1102|10112|202236
1102;10310;05/09/2022;202236;104;2795,00;;SUPER;;NFK|1102|10310|202236
1102;11020;05/09/2022;202236;344;6428,50;;SUPER;;NFK|1102|11020|202236
1102;11085;05/09/2022;202236;167;1868,31;;SUPER;;NFK|1102|11085|202236
1102;11142;05/09/2022;202236;115;2867,81;;SUPER;;NFK|1102|11142|202236
1102;12004;05/09/2022;202236;164;6560,00;;SUPER;;NFK|1102|12004|202236
1102;12066;05/09/2022;202236;111;6729,38;;SUPER;;NFK|1102|12066|202236
1102;12190;05/09/2022;202236;86;1935,00;;SUPER;;NFK|1102|12190|202236
1102;20015;05/09/2022;202236;219;5570,81;;SUPER;C;NFK|1102|20015|202236
1102;20041;05/09/2022;202236;316;2883,50;;SUPER;A;NFK|1102|20041|202236
1102;20088;05/09/2022;202236;139;7853,50;;SUPER;B;NFK|1102|20088|202236
1102;20131;05/09/2022;202236;182;3021,20;3F2;SUPER;C;NFK|1102|20131|202236
1102;30012;05/09/2022;202236;77;1246,44;;SUPER;;NFK|1102|30012|202236
1102;30077;05/09/2022;202236;126;6615,00;;SUPER;;NFK|1102|30077|202236
1102;30154;05/09/2022;202236;103;1738,12;;SUPER;;NFK|1102|30154|202236
1102;30209;05/09/2022;202236;121;4529,94;;SUPER;;NFK|1102|30209|202236
1103;10023;05/09/2022;202236;225;2671,88;;NAER;;NFK|1103|10023|202236
1103;10047;05/09/2022;202236;116;1305,00;;NAER;;NFK|1103|10047|202236
1103;10112;05/09/2022;202236;66;1398,38;;NAER;;NFK|1103|10112|202236
1103;10310;05/09/2022;202236;52;1397,50;;NAER;;NFK|1103|10310|202236
1103;11020;05/09/2022;202236;147;2747,06;;NAER;;NFK|1103|11020|202236
1103;11085;05/09/2022;202236;104;1163,50;;NAER;;NFK|1103|11085|202236
1103;11142;05/09/2022;202236;71;1770,56;;NAER;;NFK|1103|11142|202236
1103;12004;05/09/2022;202236;86;3440,00;;NAER;;NFK|1103|12004|202236
1103;12066;05/09/2022;202236;65;3940,62;;NAER;;NFK|1103|12066|202236
1103;12190;05/09/2022;202236;47;1057,50;;NAER;;NFK|1103|12190|202236
1103;20015;05/09/2022;202236;114;2899,88;;NAER;C;NFK|1103|20015|202236
1103;20041;05/09/2022;202236;162;1478,25;;NAER;A;NFK|1103|20041|202236
1103;20088;05/09/2022;202236;76;4294,00;;NAER;B;NFK|1103|20088|202236
1103;20131;05/09/2022;202236;89;1477,40;3F2;NAER;C;NFK|1103|20131|202236
1103;30012;05/09/2022;202236;40;647,50;;NAER;;NFK|1103|30012|202236
1103;30077;05/09/2022;202236;56;2940,00;;NAER;;NFK|1103|30077|202236
1103;30154;05/09/2022;202236;53;894,38;;NAER;;NFK|1103|30154|202236
1103;30209;05/09/2022;202236;67;2508,31;;NAER;;NFK|1103|30209|202236
1103;99001;05/09/2022;202236;3;0,00;;NAER;;NFK|1103|99001|202236
1108;10023;05/09/2022;202236;793;9416,88;;HYPER;;NFK|1108|10023|202236
1108;10047;05/09/2022;202236;557;6266,25;;HYPER;;NFK|1108|10047|202236
1108;10112;05/09/2022;202236;247;5233,31;;HYPER;;NFK|1108|10112|202236
1108;10310;05/09/2022;202236;252;6772,50;;HYPER;;NFK|1108|10310|202236
1108;11020;05/09/2022;202236;681;12726,19;;HYPER;;NFK|1108|11020|202236
1108;11085;05/09/2022;202236;358;4005,12;;HYPER;;NFK|1108|11085|202236
1108;11142;05/09/2022;202236;296;7381,50;;HYPER;;NFK|1108|11142|202236
1108;12004;05/09/2022;202236;347;13880,00;;HYPER;;NFK|1108|12004|202236
1108;12066;05/09/2022;202236;259;15701,88;;HYPER;;NFK|1108|12066|202236
1108;12190;05/09/2022;202236;174;3915,00;;HYPER;;NFK|1108|12190|202236
1108;20015;05/09/2022;202236;496;12617,00;;HYPER;C;NFK|1108|20015|202236
1108;20041;05/09/2022;202236;510;4653,75;;HYPER;A;NFK|1108|20041|202236
1108;20088;05/09/2022;202236;343;19379,50;;HYPER;B;NFK|1108|20088|202236
1108;20131;05/09/2022;202236;344;5710,40;3F2;HYPER;C;NFK|1108|20131|202236
1108;30012;05/09/2022;202236;161;2606,19;;HYPER;;NFK|1108|30012|202236
1108;30077;05/09/2022;202236;244;12810,00;;HYPER;;NFK|1108|30077|202236
1108;30154;05/09/2022;202236;181;3054,38;;HYPER;;NFK|1108|30154|202236
1108;30209;05/09/2022;202236;216;8086,50;;HYPER;;NFK|1108|30209|202236
3104;10023;05/09/2022;202236;340;4037,50;;SUPER;;NFK|3104|10023|202236
3104;10047;05/09/2022;202236;253;2846,25;;SUPER;;NFK|3104|10047|202236
3104;10112;05/09/2022;202236;128;2712,00;;SUPER;;NFK|3104|10112|202236
3104;10310;05/09/2022;202236;96;2580,00;;SUPER;;NFK|3104|10310|202236
3104;11020;05/09/2022;202236;288;5382,00;;SUPER;;NFK|3104|11020|202236
3104;11085;05/09/2022;202236;154;1722,88;;SUPER;;NFK|3104|11085|202236
3104;11142;05/09/2022;202236;121;3017,44;;SUPER;;NFK|3104|11142|202236
3104;12004;05/09/2022;202236;178;7120,00;;SUPER;;NFK|3104|12004|202236
3104;12066;05/09/2022;202236;115;6971,88;;SUPER;;NFK|3104|12066|202236
3104;12190;05/09/2022;202236;88;1980,00;;SUPER;;NFK|3104|12190|202236
3104;20015;05/09/2022;202236;235;5977,81;;SUPER;C;NFK|3104|20015|202236
3104;20041;05/09/2022;202236;286;2609,75;;SUPER;A;NFK|3104|20041|202236
3104;20088;05/09/2022;202236;134;7571,00;;SUPER;B;NFK|3104|20088|202236
3104;20131;05/09/2022;202236;174;2888,40;3F2;SUPER;C;NFK|3104|20131|202236
3104;30012;05/09/2022;202236;72;1165,50;;SUPER;;NFK|3104|30012|202236
3104;30077;05/09/2022;202236;119;6247,50;;SUPER;;NFK|3104|30077|202236
3104;30154;05/09/2022;202236;93;1569,38;;SUPER;;NFK|3104|30154|202236
3104;30209;05/09/2022;202236;116;4342,75;;SUPER;;NFK|3104|30209|202236
3104;99001;05/09/2022;202236;5;0,00;;SUPER;;NFK|3104|99001|202236
3117;10023;05/09/2022;202236;163;1935,62;;NAER;;NFK|3117|10023|202236
3117;10047;05/09/2022;202236;119;1338,75;;NAER;;NFK|3117|10047|202236
3117;10112;05/09/2022;202236;60;1271,25;;NAER;;NFK|3117|10112|202236
3117;10310;05/09/2022;202236;51;1370,62;;NAER;;NFK|3117|10310|202236
3117;11020;05/09/2022;202236;124;2317,25;;NAER;;NFK|3117|11020|202236
3117;11085;05/09/2022;202236;78;872,62;;NAER;;NFK|3117|11085|202236
3117;11142;05/09/2022;202236;58;1446,38;;NAER;;NFK|3117|11142|202236
3117;12004;05/09/2022;202236;76;3040,00;;NAER;;NFK|3117|12004|202236
3117;12066;05/09/2022;202236;55;3334,38;;NAER;;NFK|3117|12066|202236
3117;12190;05/09/2022;202236;36;810,00;;NAER;;NFK|3117|12190|202236
3117;20015;05/09/2022;202236;104;2645,50;;NAER;C;NFK|3117|20015|202236
3117;20041;05/09/2022;202236;140;1277,50;;NAER;A;NFK|3117|20041|202236
3117;20088;05/09/2022;202236;66;3729,00;;NAER;B;NFK|3117|20088|202236
3117;20131;05/09/2022;202236;68;1128,80;3F2;NAER;C;NFK|3117|20131|202236
3117;30012;05/09/2022;202236;33;534,19;;NAER;;NFK|3117|30012|202236
3117;30077;05/09/2022;202236;56;2940,00;;NAER;;NFK|3117|30077|202236
3117;30154;05/09/2022;202236;40;675,00;;NAER;;NFK|3117|30154|202236
3117;30209;05/09/2022;202236;55;2059,06;;NAER;;NFK|3117|30209|202236
3117;99001;05/09/2022;202236;2;0,00;;NAER;;NFK|3117|99001|202236
3122;10023;05/09/2022;202236;140;1662,50;;FRANCHISE;;NFK|3122|10023|202236
3122;10047;05/09/2022;202236;70;787,50;;FRANCHISE;;NFK|3122|10047|202236
3122;10112;05/09/2022;202236;44;932,25;;FRANCHISE;;NFK|3122|10112|202236
3122;10310;05/09/2022;202236;42;1128,75;;FRANCHISE;;NFK|3122|10310|202236
3122;11020;05/09/2022;202236;107;1999,56;;FRANCHISE;;NFK|3122|11020|202236
3122;11085;05/09/2022;202236;53;592,94;;FRANCHISE;;NFK|3122|11085|202236
3122;11142;05/09/2022;202236;44;1097,25;;FRANCHISE;;NFK|3122|11142|202236
3122;12004;05/09/2022;202236;56;2240,00;;FRANCHISE;;NFK|3122|12004|202236
3122;12066;05/09/2022;202236;35;2121,88;;FRANCHISE;;NFK|3122|12066|202236
3122;12190;05/09/2022;202236;32;720,00;;FRANCHISE;;NFK|3122|12190|202236
3122;20015;05/09/2022;202236;76;1933,25;;FRANCHISE;C;NFK|3122|20015|202236
3122;20041;05/09/2022;202236;87;793,88;;FRANCHISE;A;NFK|3122|20041|202236
3122;20088;05/09/2022;202236;52;2938,00;;FRANCHISE;B;NFK|3122|20088|202236
3122;20131;05/09/2022;202236;57;946,20;3F2;FRANCHISE;C;NFK|3122|20131|202236
3122;30012;05/09/2022;202236;29;469,44;;FRANCHISE;;NFK|3122|30012|202236
3122;30077;05/09/2022;202236;42;2205,00;;FRANCHISE;;NFK|3122|30077|202236
3122;30154;05/09/2022;202236;26;438,75;;FRANCHISE;;NFK|3122|30154|202236
3122;30209;05/09/2022;202236;36;1347,75;;FRANCHISE;;NFK|3122|30209|202236
3122;99001;05/09/2022;202236;2;0,00;;FRANCHISE;;NFK|3122|99001|202236
4201;10023;05/09/2022;202236;739;8775,62;;HYPER;;NFK|4201|10023|202236
4201;10047;05/09/2022;202236;442;4972,50;;HYPER;;NFK|4201|10047|202236
4201;10112;05/09/2022;202236;222;4703,62;;HYPER;;NFK|4201|10112|202236
4201;10310;05/09/2022;202236;211;5670,62;;HYPER;;NFK|4201|10310|202236
4201;11020;05/09/2022;202236;570;10651,88;;HYPER;;NFK|4201|11020|202236
4201;11085;05/09/2022;202236;345;3859,69;;HYPER;;NFK|4201|11085|202236
4201;11142;05/09/2022;202236;214;5336,62;;HYPER;;NFK|4201|11142|202236
4201;12004;05/09/2022;202236;318;12720,00;;HYPER;;NFK|4201|12004|202236
4201;12066;05/09/2022;202236;184;11155,00;;HYPER;;NFK|4201|12066|202236
4201;12190;05/09/2022;202236;168;3780,00;;HYPER;;NFK|4201|12190|202236
4201;20015;05/09/2022;202236;421;10709,19;;HYPER;C;NFK|4201|20015|202236
4201;20041;05/09/2022;202236;561;5119,12;;HYPER;A;NFK|4201|20041|202236
4201;20088;05/09/2022;202236;253;14294,50;;HYPER;B;NFK|4201|20088|202236
4201;20131;05/09/2022;202236;293;4863,80;3F2;HYPER;C;NFK|4201|20131|202236
4201;30012;05/09/2022;202236;125;2023,44;;HYPER;;NFK|4201|30012|202236
4201;30077;05/09/2022;202236;224;11760,00;;HYPER;;NFK|4201|30077|202236
4201;30154;05/09/2022;202236;141;2379,38;;HYPER;;NFK|4201|30154|202236
4201;30209;05/09/2022;202236;201;7524,94;;HYPER;;NFK|4201|30209|202236
4205;10023;05/09/2022;202236;346;4108,75;;SUPER;;NFK|4205|10023|202236
4205;10047;05/09/2022;202236;254;2857,50;;SUPER;;NFK|4205|10047|202236
4205;10112;05/09/2022;202236;127;2690,81;;SUPER;;NFK|4205|10112|202236
4205;10310;05/09/2022;202236;121;3251,88;;SUPER;;NFK|4205|10310|202236
4205;11020;05/09/2022;202236;302;5643,62;;SUPER;;NFK|4205|11020|202236
4205;11085;05/09/2022;202236;167;1868,31;;SUPER;;NFK|4205|11085|202236
4205;11142;05/09/2022;202236;130;3241,88;;SUPER;;NFK|4205|11142|202236
4205;12004;05/09/2022;202236;190;7600,00;;SUPER;;NFK|4205|12004|202236
4205;12066;05/09/2022;202236;143;8669,38;;SUPER;;NFK|4205|12066|202236
4205;12190;05/09/2022;202236;89;2002,50;;SUPER;;NFK|4205|12190|202236
4205;20015;05/09/2022;202236;253;6435,69;;SUPER;C;NFK|4205|20015|202236
4205;20041;05/09/2022;202236;270;2463,75;;SUPER;A;NFK|4205|20041|202236
4205;20088;05/09/2022;202236;150;8475,00;;SUPER;B;NFK|4205|20088|202236
4205;20131;05/09/2022;202236;162;2689,20;3F2;SUPER;C;NFK|4205|20131|202236
4205;30012;05/09/2022;202236;87;1408,31;;SUPER;;NFK|4205|30012|202236
4205;30077;05/09/2022;202236;131;6877,50;;SUPER;;NFK|4205|30077|202236
4205;30154;05/09/2022;202236;89;1501,88;;SUPER;;NFK|4205|30154|202236
4205;30209;05/09/2022;202236;124;4642,25;;SUPER;;NFK|4205|30209|202236
4218;10023;05/09/2022;202236;415;4928,12;;SUPER;;NFK|4218|10023|202236
4218;10047;05/09/2022;202236;303;3408,75;;SUPER;;NFK|4218|10047|202236
4218;10112;05/09/2022;202236;163;3453,56;;SUPER;;NFK|4218|10112|202236
4218;10310;05/09/2022;202236;121;3251,88;;SUPER;;NFK|4218|10310|202236
4218;11020;05/09/2022;202236;372;6951,75;;SUPER;;NFK|4218|11020|202236
4218;11085;05/09/2022;202236;-18;-201,38;;SUPER;;NFK|4218|11085|202236
4218;11142;05/09/2022;202236;161;4014,94;;SUPER;;NFK|4218|11142|202236
4218;12004;05/09/2022;202236;181;7240,00;;SUPER;;NFK|4218|12004|202236
4218;12066;05/09/2022;202236;121;7335,62;;SUPER;;NFK|4218|12066|202236
4218;12190;05/09/2022;202236;94;2115,00;;SUPER;;NFK|4218|12190|202236
4218;20015;05/09/2022;202236;268;6817,25;;SUPER;C;NFK|4218|20015|202236
4218;20041;05/09/2022;202236;331;3020,38;;SUPER;A;NFK|4218|20041|202236
4218;20088;05/09/2022;202236;172;9718,00;;SUPER;B;NFK|4218|20088|202236
4218;20131;05/09/2022;202236;178;2954,80;3F2;SUPER;C;NFK|4218|20131|202236
4218;30012;05/09/2022;202236;86;1392,12;;SUPER;;NFK|4218|30012|202236
4218;30077;05/09/2022;202236;129;6772,50;;SUPER;;NFK|4218|30077|202236
4218;30154;05/09/2022;202236;106;1788,75;;SUPER;;NFK|4218|30154|202236
4218;30209;05/09/2022;202236;132;4941,75;;SUPER;;NFK|4218|30209|202236
5502;10023;05/09/2022;202236;366;4346,25;;SUPER;;NFK|5502|10023|202236
5502;10047;05/09/2022;202236;220;2475,00;;SUPER;;NFK|5502|10047|202236
5502;10112;05/09/2022;202236;138;2923,88;;SUPER;;NFK|5502|10112|202236
5502;10310;05/09/2022;202236;125;3359,38;;SUPER;;NFK|5502|10310|202236
5502;11020;05/09/2022;202236;344;6428,50;;SUPER;;NFK|5502|11020|202236
5502;11085;05/09/2022;202236;178;1991,38;;SUPER;;NFK|5502|11085|202236
5502;11142;05/09/2022;202236;129;3216,94;;SUPER;;NFK|5502|11142|202236
5502;12004;05/09/2022;202236;147;5880,00;;SUPER;;NFK|5502|12004|202236
5502;12066;05/09/2022;202236;117;7093,12;;SUPER;;NFK|5502|12066|202236
5502;12190;05/09/2022;202236;93;2092,50;;SUPER;;NFK|5502|12190|202236
5502;20015;05/09/2022;202236;202;5138,38;;SUPER;C;NFK|5502|20015|202236
5502;20041;05/09/2022;202236;301;2746,62;;SUPER;A;NFK|5502|20041|202236
5502;20088;05/09/2022;202236;144;8136,00;;SUPER;B;NFK|5502|20088|202236
5502;20131;05/09/2022;202236;162;2689,20;3F2;SUPER;C;NFK|5502|20131|202236
5502;30012;05/09/2022;202236;88;1424,50;;SUPER;;NFK|5502|30012|202236
5502;30077;05/09/2022;202236;124;6510,00;;SUPER;;NFK|5502|30077|202236
5502;30154;05/09/2022;202236;97;1636,88;;SUPER;;NFK|5502|30154|202236
5502;30209;05/09/2022;202236;99;3706,31;;SUPER;;NFK|5502|30209|202236
5511;10023;05/09/2022;202236;150;1781,25;;PARTNER;;NFK|5511|10023|202236
5511;10047;05/09/2022;202236;90;1012,50;;PARTNER;;NFK|5511|10047|202236
5511;10112;05/09/2022;202236;61;1292,44;;PARTNER;;NFK|5511|10112|202236
5511;10310;05/09/2022;202236;46;1236,25;;PARTNER;;NFK|5511|10310|202236
5511;11020;05/09/2022;202236;132;2466,75;;PARTNER;;NFK|5511|11020|202236
5511;11085;05/09/2022;202236;66;738,37;;PARTNER;;NFK|5511|11085|202236
5511;11142;05/09/2022;202236;55;1371,56;;PARTNER;;NFK|5511|11142|202236
5511;12004;05/09/2022;202236;66;2640,00;;PARTNER;;NFK|5511|12004|202236
5511;12066;05/09/2022;202236;48;2910,00;;PARTNER;;NFK|5511|12066|202236
5511;12190;05/09/2022;202236;36;810,00;;PARTNER;;NFK|5511|12190|202236
5511;20015;05/09/2022;202236;90;2289,38;;PARTNER;C;NFK|5511|20015|202236
5511;20041;05/09/2022;202236;93;848,62;;PARTNER;A;NFK|5511|20041|202236
5511;20088;05/09/2022;202236;65;3672,50;;PARTNER;B;NFK|5511|20088|202236
5511;20131;05/09/2022;202236;60;996,00;3F2;PARTNER;C;NFK|5511|20131|202236
5511;30012;05/09/2022;202236;27;437,06;;PARTNER;;NFK|5511|30012|202236
5511;30077;05/09/2022;202236;46;2415,00;;PARTNER;;NFK|5511|30077|202236
5511;30154;05/09/2022;202236;37;624,38;;PARTNER;;NFK|5511|30154|202236
5511;30209;05/09/2022;202236;47;1759,56;;PARTNER;;NFK|5511|30209|202236
9001;10023;05/09/2022;202236;23;273,12;;DEPOT;;NFK|9001|10023|202236
9001;10047;05/09/2022;202236;15;168,75;;DEPOT;;NFK|9001|10047|202236
9001;10112;05/09/2022;202236;7;148,31;;DEPOT;;NFK|9001|10112|202236
9001;10310;05/09/2022;202236;7;188,12;;DEPOT;;NFK|9001|10310|202236
9001;11020;05/09/2022;202236;16;299,00;;DEPOT;;NFK|9001|11020|202236
9001;11085;05/09/2022;202236;10;111,88;;DEPOT;;NFK|9001|11085|202236
9001;11142;05/09/2022;202236;6;149,62;;DEPOT;;NFK|9001|11142|202236
9001;12004;05/09/2022;202236;8;320,00;;DEPOT;;NFK|9001|12004|202236
9001;12066;05/09/2022;202236;7;424,38;;DEPOT;;NFK|9001|12066|202236
9001;12190;05/09/2022;202236;5;112,50;;DEPOT;;NFK|9001|12190|202236
9001;20015;05/09/2022;202236;14;356,12;;DEPOT;C;NFK|9001|20015|202236
9001;20041;05/09/2022;202236;14;127,75;;DEPOT;A;NFK|9001|20041|202236
9001;20088;05/09/2022;202236;9;508,50;;DEPOT;B;NFK|9001|20088|202236
9001;20131;05/09/2022;202236;9;149,40;3F2;DEPOT;C;NFK|9001|20131|202236
9001;30012;05/09/2022;202236;4;64,75;;DEPOT;;NFK|9001|30012|202236
9001;30077;05/09/2022;202236;7;367,50;;DEPOT;;NFK|9001|30077|202236
9001;30154;05/09/2022;202236;5;84,38;;DEPOT;;NFK|9001|30154|202236
9001;30209;05/09/2022;202236;6;224,62;;DEPOT;;NFK|9001|30209|202236
9001;99001;05/09/2022;202236;0;0,00;;DEPOT;;NFK|9001|99001|202236
1101;10023;12/09/2022;202237;393;4666,88;;SUPER;;NFK|1101|10023|202237
1101;10047;12/09/2022;202237;275;3093,75;;SUPER;;NFK|1101|10047|202237
1101;10112;12/09/2022;202237;133;2817,94;;SUPER;;NFK|1101|10112|202237
1101;10310;12/09/2022;202237;120;3225,00;;SUPER;;NFK|1101|10310|202237
1101;11020;12/09/2022;202237;353;6596,69;;SUPER;;NFK|1101|11020|202237
1101;11085;12/09/2022;202237;191;2136,81;;SUPER;;NFK|1101|11085|202237
1101;11142;12/09/2022;202237;138;3441,38;;SUPER;;NFK|1101|11142|202237
1101;12004;12/09/2022;202237;177;7080,00;;SUPER;;NFK|1101|12004|202237
1101;12066;12/09/2022;202237;148;8972,50;;SUPER;;NFK|1101|12066|202237
1101;12190;12/09/2022;202237;100;2250,00;;SUPER;;NFK|1101|12190|202237
1101;20015;12/09/2022;202237;212;5392,75;;SUPER;C;NFK|1101|20015|202237
1101;20041;12/09/2022;202237;280;2555,00;;SUPER;A;NFK|1101|20041|202237
1101;20088;12/09/2022;202237;161;9096,50;;SUPER;B;NFK|1101|20088|202237
1101;20131;12/09/2022;202237;123;2598,38;;SUPER;C;NFK|1101|20131|202237
1101;30012;12/09/2022;202237;89;1440,69;;SUPER;;NFK|1101|30012|202237
1101;30077;12/09/2022;202237;138;7245,00;;SUPER;;NFK|1101|30077|202237
1101;30154;12/09/2022;202237;92;1552,50;;SUPER;;NFK|1101|30154|202237
1101;30209;12/09/2022;202237;129;4829,44;;SUPER;;NFK|1101|30209|202237
1102;10023;12/09/2022;202237;410;4868,75;;SUPER;;NFK|1102|10023|202237
1102;10047;12/09/2022;202237;228;2565,00;;SUPER;;NFK|1102|10047|202237
1102;10112;12/09/2022;202237;141;2987,44;;SUPER;;NFK|1102|10112|202237
1102;10310;12/09/2022;202237;121;3251,88;;SUPER;;NFK|1102|10310|202237
1102;11020;12/09/2022;202237;345;6447,19;;SUPER;;NFK|1102|11020|202237
1102;11085;12/09/2022;202237;165;1845,94;;SUPER;;NFK|1102|11085|202237
1102;11142;12/09/2022;202237;122;3042,38;;SUPER;;NFK|1102|11142|202237
1102;12004;12/09/2022;202237;155;6200,00;;SUPER;;NFK|1102|12004|202237
1102;12066;12/09/2022;202237;134;8123,75;;SUPER;;NFK|1102|12066|202237
1102;12190;12/09/2022;202237;96;2160,00;;SUPER;;NFK|1102|12190|202237
1102;20015;12/09/2022;202237;234;5952,38;;SUPER;C;NFK|1102|20015|202237
1102;20041;12/09/2022;202237;282;2573,25;;SUPER;A;NFK|1102|20041|202237
1102;20088;12/09/2022;202237;167;9435,50;;SUPER;B;NFK|1102|20088|202237
1102;20131;12/09/2022;202237;92;1943,50;;SUPER;C;NFK|1102|20131|202237
1102;30012;12/09/2022;202237;77;1246,44;;SUPER;;NFK|1102|30012|202237
1102;30077;12/09/2022;202237;108;5670,00;;SUPER;;NFK|1102|30077|202237
1102;30154;12/09/2022;202237;101;1704,38;;SUPER;;NFK|1102|30154|202237
1102;30209;12/09/2022;202237;97;3631,44;;SUPER;;NFK|1102|30209|202237
1102;99001;12/09/2022;202237;6;0,00;;SUPER;;NFK|1102|99001|202237
1103;10023;12/09/2022;202237;201;2386,88;;NAER;;NFK|1103|10023|202237
1103;10047;12/09/2022;202237;118;1327,50;;NAER;;NFK|1103|10047|202237
1103;10112;12/09/2022;202237;82;1737,37;;NAER;;NFK|1103|10112|202237
1103;10310;12/09/2022;202237;53;1424,38;;NAER;;NFK|1103|10310|202237
1103;11020;12/09/2022;202237;146;2728,38;;NAER;;NFK|1103|11020|202237
1103;11085;12/09/2022;202237;94;1051,62;;NAER;;NFK|1103|11085|202237
1103;11142;12/09/2022;202237;78;1945,12;;NAER;;NFK|1103|11142|202237
1103;12004;12/09/2022;202237;75;3000,00;;NAER;;NFK|1103|12004|202237
1103;12066;12/09/2022;202237;71;4304,38;;NAER;;NFK|1103|12066|202237
1103;12190;12/09/2022;202237;41;922,50;;NAER;;NFK|1103|12190|202237
1103;20015;12/09/2022;202237;130;3306,88;;NAER;C;NFK|1103|20015|202237
1103;20041;12/09/2022;202237;133;1213,62;;NAER;A;NFK|1103|20041|202237
1103;20088;12/09/2022;202237;71;4011,50;;NAER;B;NFK|1103|20088|202237
1103;20131;12/09/2022;202237;53;1119,62;;NAER;C;NFK|1103|20131|202237
1103;30012;12/09/2022;202237;42;679,88;;NAER;;NFK|1103|30012|202237
1103;30077;12/09/2022;202237;60;3150,00;;NAER;;NFK|1103|30077|202237
1103;30154;12/09/2022;202237;48;810,00;;NAER;;NFK|1103|30154|202237
1103;30209;12/09/2022;202237;53;1984,19;;NAER;;NFK|1103|30209|202237
1108;10023;12/09/2022;202237;812;9642,50;;HYPER;;NFK|1108|10023|202237
1108;10047;12/09/2022;202237;427;4803,75;;HYPER;;NFK|1108|10047|202237
1108;10112;12/09/2022;202237;304;6441,00;;HYPER;;NFK|1108|10112|202237
1108;10310;12/09/2022;202237;203;5455,62;;HYPER;;NFK|1108|10310|202237
1108;11020;12/09/2022;202237;624;11661,00;;HYPER;;NFK|1108|11020|202237
1108;11085;12/09/2022;202237;393;4396,69;;HYPER;;NFK|1108|11085|202237
1108;11142;12/09/2022;202237;242;6034,88;;HYPER;;NFK|1108|11142|202237
1108;12004;12/09/2022;202237;358;14320,00;;HYPER;;NFK|1108|12004|202237
1108;12066;12/09/2022;202237;245;14853,12;;HYPER;;NFK|1108|12066|202237
1108;12190;12/09/2022;202237;182;4095,00;;HYPER;;NFK|1108|12190|202237
1108;20015;12/09/2022;202237;429;10912,69;;HYPER;C;NFK|1108|20015|202237
1108;20041;12/09/2022;202237;564;5146,50;;HYPER;A;NFK|1108|20041|202237
1108;20088;12/09/2022;202237;295;16667,50;;HYPER;B;NFK|1108|20088|202237
1108;20131;12/09/2022;202237;204;4309,50;;HYPER;C;NFK|1108|20131|202237
1108;30012;12/09/2022;202237;156;2525,25;;HYPER;;NFK|1108|30012|202237
1108;30077;12/09/2022;202237;273;14332,50;;HYPER;;NFK|1108|30077|202237
1108;30154;12/09/2022;202237;179;3020,62;;HYPER;;NFK|1108|30154|202237
1108;30209;12/09/2022;202237;246;9209,62;;HYPER;;NFK|1108|30209|202237
3104;10023;12/09/2022;202237;326;3871,25;;SUPER;;NFK|3104|10023|202237
3104;10047;12/09/2022;202237;263;2958,75;;SUPER;;NFK|3104|10047|202237
3104;10112;12/09/2022;202237;135;2860,31;;SUPER;;NFK|3104|10112|202237
3104;10310;12/09/2022;202237;94;2526,25;;SUPER;;NFK|3104|10310|202237
3104;11020;12/09/2022;202237;257;4802,69;;SUPER;;NFK|3104|11020|202237
3104;11085;12/09/2022;202237;181;2024,94;;SUPER;;NFK|3104|11085|202237
3104;11142;12/09/2022;202237;112;2793,00;;SUPER;;NFK|3104|11142|202237
3104;12004;12/09/2022;202237;142;5680,00;;SUPER;;NFK|3104|12004|202237
3104;12066;12/09/2022;202237;113;6850,62;;SUPER;;NFK|3104|12066|202237
3104;12190;12/09/2022;202237;86;1935,00;;SUPER;;NFK|3104|12190|202237
3104;20015;12/09/2022;202237;227;5774,31;;SUPER;C;NFK|3104|20015|202237
3104;20041;12/09/2022;202237;253;2308,62;;SUPER;A;NFK|3104|20041|202237
3104;20088;12/09/2022;202237;154;8701,00;;SUPER;B;NFK|3104|20088|202237
3104;20131;12/09/2022;202237;89;1880,12;;SUPER;C;NFK|3104|20131|202237
3104;30012;12/09/2022;202237;73;1181,69;;SUPER;;NFK|3104|30012|202237
3104;30077;12/09/2022;202237;127;6667,50;;SUPER;;NFK|3104|30077|202237
3104;30154;12/09/2022;202237;75;1265,62;;SUPER;;NFK|3104|30154|202237
3104;30209;12/09/2022;202237;109;4080,69;;SUPER;;NFK|3104|30209|202237
3117;10023;12/09/2022;202237;151;1793,12;;NAER;;NFK|3117|10023|202237
3117;10047;12/09/2022;202237;106;1192,50;;NAER;;NFK|3117|10047|202237
3117;10112;12/09/2022;202237;70;1483,12;;NAER;;NFK|3117|10112|202237
3117;10310;12/09/2022;202237;49;1316,88;;NAER;;NFK|3117|10310|202237
3117;11020;12/09/2022;202237;141;2634,94;;NAER;;NFK|3117|11020|202237
3117;11085;12/09/2022;202237;87;973,31;;NAER;;NFK|3117|11085|202237
3117;11142;12/09/2022;202237;64;1596,00;;NAER;;NFK|3117|11142|202237
3117;12004;12/09/2022;202237;73;2920,00;;NAER;;NFK|3117|12004|202237
3117;12066;12/09/2022;202237;57;3455,62;;NAER;;NFK|3117|12066|202237
3117;12190;12/09/2022;202237;43;967,50;;NAER;;NFK|3117|12190|202237
3117;20015;12/09/2022;202237;89;2263,94;;NAER;C;NFK|3117|20015|202237
3117;20041;12/09/2022;202237;133;1213,62;;NAER;A;NFK|3117|20041|202237
3117;20088;12/09/2022;202237;64;3616,00;;NAER;B;NFK|3117|20088|202237
3117;20131;12/09/2022;202237;51;1077,38;;NAER;C;NFK|3117|20131|202237
3117;30012;12/09/2022;202237;40;647,50;;NAER;;NFK|3117|30012|202237
3117;30077;12/09/2022;202237;55;2887,50;;NAER;;NFK|3117|30077|202237
3117;30154;12/09/2022;202237;42;708,75;;NAER;;NFK|3117|30154|202237
3117;30209;12/09/2022;202237;52;1946,75;;NAER;;NFK|3117|30209|202237
3122;10023;12/09/2022;202237;142;1686,25;;FRANCHISE;;NFK|3122|10023|202237
3122;10047;12/09/2022;202237;77;866,25;;FRANCHISE;;NFK|3122|10047|202237
3122;10112;12/09/2022;202237;42;889,88;;FRANCHISE;;NFK|3122|10112|202237
3122;10310;12/09/2022;202237;33;886,88;;FRANCHISE;;NFK|3122|10310|202237
3122;11020;12/09/2022;202237;106;1980,87;;FRANCHISE;;NFK|3122|11020|202237
3122;11085;12/09/2022;202237;64;716,00;;FRANCHISE;;NFK|3122|11085|202237
3122;11142;12/09/2022;202237;37;922,69;;FRANCHISE;;NFK|3122|11142|202237
3122;12004;12/09/2022;202237;55;2200,00;;FRANCHISE;;NFK|3122|12004|202237
3122;12066;12/09/2022;202237;36;2182,50;;FRANCHISE;;NFK|3122|12066|202237
3122;12190;12/09/2022;202237;26;585,00;;FRANCHISE;;NFK|3122|12190|202237
3122;20015;12/09/2022;202237;83;2111,31;;FRANCHISE;C;NFK|3122|20015|202237
3122;20041;12/09/2022;202237;103;939,88;;FRANCHISE;A;NFK|3122|20041|202237
3122;20088;12/09/2022;202237;44;2486,00;;FRANCHISE;B;NFK|3122|20088|202237
3122;20131;12/09/2022;202237;34;718,25;;FRANCHISE;C;NFK|3122|20131|202237
3122;30012;12/09/2022;202237;27;437,06;;FRANCHISE;;NFK|3122|30012|202237
3122;30077;12/09/2022;202237;44;2310,00;;FRANCHISE;;NFK|3122|30077|202237
3122;30154;12/09/2022;202237;33;556,88;;FRANCHISE;;NFK|3122|30154|202237
3122;30209;12/09/2022;202237;32;1198,00;;FRANCHISE;;NFK|3122|30209|202237
3122;99001;12/09/2022;202237;2;0,00;;FRANCHISE;;NFK|3122|99001|202237
4201;10023;12/09/2022;202237;668;7932,50;;HYPER;;NFK|4201|10023|202237
4201;10047;12/09/2022;202237;387;4353,75;;HYPER;;NFK|4201|10047|202237
4201;10112;12/09/2022;202237;251;5318,06;;HYPER;;NFK|4201|10112|202237
4201;10310;12/09/2022;202237;169;4541,88;;HYPER;;NFK|4201|10310|202237
4201;11020;12/09/2022;202237;547;10222,06;;HYPER;;NFK|4201|11020|202237
4201;11085;12/09/2022;202237;269;3009,44;;HYPER;;NFK|4201|11085|202237
4201;11142;12/09/2022;202237;214;5336,62;;HYPER;;NFK|4201|11142|202237
4201;12004;12/09/2022;202237;325;13000,00;;HYPER;;NFK|4201|12004|202237
4201;12066;12/09/2022;202237;241;14610,62;;HYPER;;NFK|4201|12066|202237
4201;12190;12/09/2022;202237;167;3757,50;;HYPER;;NFK|4201|12190|202237
4201;20015;12/09/2022;202237;413;10505,69;;HYPER;C;NFK|4201|20015|202237
4201;20041;12/09/2022;202237;516;4708,50;;HYPER;A;NFK|4201|20041|202237
4201;20088;12/09/2022;202237;236;13334,00;;HYPER;B;NFK|4201|20088|202237
4201;20131;12/09/2022;202237;174;3675,75;;HYPER;C;NFK|4201|20131|202237
4201;30012;12/09/2022;202237;153;2476,69;;HYPER;;NFK|4201|30012|202237
4201;30077;12/09/2022;202237;192;10080,00;;HYPER;;NFK|4201|30077|202237
4201;30154;12/09/2022;202237;163;2750,62;;HYPER;;NFK|4201|30154|202237
4201;30209;12/09/2022;202237;206;7712,12;;HYPER;;NFK|4201|30209|202237
4205;10023;12/09/2022;202237;452;5367,50;;SUPER;;NFK|4205|10023|202237
4205;10047;12/09/2022;202237;260;2925,00;;SUPER;;NFK|4205|10047|202237
4205;10112;12/09/2022;202237;151;3199,31;;SUPER;;NFK|4205|10112|202237
4205;10310;12/09/2022;202237;107;2875,62;;SUPER;;NFK|4205|10310|202237
4205;11020;12/09/2022;202237;310;5793,12;;SUPER;;NFK|4205|11020|202237
4205;11085;12/09/2022;202237;186;2080,88;;SUPER;;NFK|4205|11085|202237
4205;11142;12/09/2022;202237;136;3391,50;;SUPER;;NFK|4205|11142|202237
4205;12004;12/09/2022;202237;174;6960,00;;SUPER;;NFK|4205|12004|202237
4205;12066;12/09/2022;202237;138;8366,25;;SUPER;;NFK|4205|12066|202237
4205;12190;12/09/2022;202237;103;2317,50;;SUPER;;NFK|4205|12190|202237
4205;20015;12/09/2022;202237;250;6359,38;;SUPER;C;NFK|4205|20015|202237
4205;20041;12/09/2022;202237;258;2354,25;;SUPER;A;NFK|4205|20041|202237
4205;20088;12/09/2022;202237;169;9548,50;;SUPER;B;NFK|4205|20088|202237
4205;20131;12/09/2022;202237;111;2344,88;;SUPER;C;NFK|4205|20131|202237
4205;30012;12/09/2022;202237;91;1473,06;;SUPER;;NFK|4205|30012|202237
4205;30077;12/09/2022;202237;130;6825,00;;SUPER;;NFK|4205|30077|202237
4205;30154;12/09/2022;202237;96;1620,00;;SUPER;;NFK|4205|30154|202237
4205;30209;12/09/2022;202237;130;4866,88;;SUPER;;NFK|4205|30209|202237
4218;10023;12/09/2022;202237;374;4441,25;;SUPER;;NFK|4218|10023|202237
4218;10047;12/09/2022;202237;276;3105,00;;SUPER;;NFK|4218|10047|202237
4218;10112;12/09/2022;202237;147;3114,56;;SUPER;;NFK|4218|10112|202237
4218;10310;12/09/2022;202237;118;3171,25;;SUPER;;NFK|4218|10310|202237
4218;11020;12/09/2022;202237;323;6036,06;;SUPER;;NFK|4218|11020|202237
4218;11085;12/09/2022;202237;211;2360,56;;SUPER;;NFK|4218|11085|202237
4218;11142;12/09/2022;202237;144;3591,00;;SUPER;;NFK|4218|11142|202237
4218;12004;12/09/2022;202237;176;7040,00;;SUPER;;NFK|4218|12004|202237
4218;12066;12/09/2022;202237;117;7093,12;;SUPER;;NFK|4218|12066|202237
4218;12190;12/09/2022;202237;110;2475,00;;SUPER;;NFK|4218|12190|202237
4218;20015;12/09/2022;202237;263;6690,06;;SUPER;C;NFK|4218|20015|202237
4218;20041;12/09/2022;202237;342;3120,75;;SUPER;A;NFK|4218|20041|202237
4218;20088;12/09/2022;202237;174;9831,00;;SUPER;B;NFK|4218|20088|202237
4218;20131;12/09/2022;202237;122;2577,25;;SUPER;C;NFK|4218|20131|202237
4218;30012;12/09/2022;202237;85;1375,94;;SUPER;;NFK|4218|30012|202237
4218;30077;12/09/2022;202237;147;7717,50;;SUPER;;NFK|4218|30077|202237
4218;30154;12/09/2022;202237;104;1755,00;;SUPER;;NFK|4218|30154|202237
4218;30209;12/09/2022;202237;136;5091,50;;SUPER;;NFK|4218|30209|202237
5502;10023;12/09/2022;202237;383;4548,12;;SUPER;;NFK|5502|10023|202237
5502;10047;12/09/2022;202237;253;2846,25;;SUPER;;NFK|5502|10047|202237
5502;10112;12/09/2022;202237;129;2733,19;;SUPER;;NFK|5502|10112|202237
5502;10310;12/09/2022;202237;95;2553,12;;SUPER;;NFK|5502|10310|202237
5502;11020;12/09/2022;202237;310;5793,12;;SUPER;;NFK|5502|11020|202237
5502;11085;12/09/2022;202237;155;1734,06;;SUPER;;NFK|5502|11085|202237
5502;11142;12/09/2022;202237;113;2817,94;;SUPER;;NFK|5502|11142|202237
5502;12004;12/09/2022;202237;175;7000,00;;SUPER;;NFK|5502|12004|202237
5502;12066;12/09/2022;202237;113;6850,62;;SUPER;;NFK|5502|12066|202237
5502;12190;12/09/2022;202237;78;1755,00;;SUPER;;NFK|5502|12190|202237
5502;20015;12/09/2022;202237;190;4833,12;;SUPER;C;NFK|5502|20015|202237
5502;20041;12/09/2022;202237;273;2491,12;;SUPER;A;NFK|5502|20041|202237
5502;20088;12/09/2022;202237;138;7797,00;;SUPER;B;NFK|5502|20088|202237
5502;20131;12/09/2022;202237;108;2281,50;;SUPER;C;NFK|5502|20131|202237
5502;30012;12/09/2022;202237;75;1214,06;;SUPER;;NFK|5502|30012|202237
5502;30077;12/09/2022;202237;124;6510,00;;SUPER;;NFK|5502|30077|202237
5502;30154;12/09/2022;202237;94;1586,25;;SUPER;;NFK|5502|30154|202237
5502;30209;12/09/2022;202237;124;4642,25;;SUPER;;NFK|5502|30209|202237
5511;10023;12/09/2022;202237;135;1603,12;;PARTNER;;NFK|5511|10023|202237
5511;10047;12/09/2022;202237;98;1102,50;;PARTNER;;NFK|5511|10047|202237
5511;10112;12/09/2022;202237;47;995,81;;PARTNER;;NFK|5511|10112|202237
5511;10310;12/09/2022;202237;39;1048,12;;PARTNER;;NFK|5511|10310|202237
5511;11020;12/09/2022;202237;122;2279,88;;PARTNER;;NFK|5511|11020|202237
5511;11085;12/09/2022;202237;60;671,25;;PARTNER;;NFK|5511|11085|202237
5511;11142;12/09/2022;202237;54;1346,62;;PARTNER;;NFK|5511|11142|202237
5511;12004;12/09/2022;202237;56;2240,00;;PARTNER;;NFK|5511|12004|202237
5511;12066;12/09/2022;202237;41;2485,62;;PARTNER;;NFK|5511|12066|202237
5511;12190;12/09/2022;202237;32;720,00;;PARTNER;;NFK|5511|12190|202237
5511;20015;12/09/2022;202237;93;2365,69;;PARTNER;C;NFK|5511|20015|202237
5511;20041;12/09/2022;202237;108;985,50;;PARTNER;A;NFK|5511|20041|202237
5511;20088;12/09/2022;202237;64;3616,00;;PARTNER;B;NFK|5511|20088|202237
5511;20131;12/09/2022;202237;40;845,00;;PARTNER;C;NFK|5511|20131|202237
5511;30012;12/09/2022;202237;32;518,00;;PARTNER;;NFK|5511|30012|202237
5511;30077;12/09/2022;202237;42;2205,00;;PARTNER;;NFK|5511|30077|202237
5511;30154;12/09/2022;202237;29;489,38;;PARTNER;;NFK|5511|30154|202237
5511;30209;12/09/2022;202237;38;1422,62;;PARTNER;;NFK|5511|30209|202237
9001;10023;12/09/2022;202237;19;225,62;;DEPOT;;NFK|9001|10023|202237
9001;10047;12/09/2022;202237;13;146,25;;DEPOT;;NFK|9001|10047|202237
9001;10112;12/09/2022;202237;8;169,50;;DEPOT;;NFK|9001|10112|202237
9001;10310;12/09/2022;202237;6;161,25;;DEPOT;;NFK|9001|10310|202237
9001;11020;12/09/2022;202237;15;280,31;;DEPOT;;NFK|9001|11020|202237
9001;11085;12/09/2022;202237;10;111,88;;DEPOT;;NFK|9001|11085|202237
9001;11142;12/09/2022;202237;7;174,56;;DEPOT;;NFK|9001|11142|202237
9001;12004;12/09/2022;202237;8;320,00;;DEPOT;;NFK|9001|12004|202237
9001;12066;12/09/2022;202237;7;424,38;;DEPOT;;NFK|9001|12066|202237
9001;12190;12/09/2022;202237;5;112,50;;DEPOT;;NFK|9001|12190|202237
9001;20015;12/09/2022;202237;13;330,69;;DEPOT;C;NFK|9001|20015|202237
9001;20041;12/09/2022;202237;16;146,00;;DEPOT;A;NFK|9001|20041|202237
9001;20088;12/09/2022;202237;9;508,50;;DEPOT;B;NFK|9001|20088|202237
9001;20131;12/09/2022;202237;6;126,75;;DEPOT;C;NFK|9001|20131|202237
9001;30012;12/09/2022;202237;5;80,94;;DEPOT;;NFK|9001|30012|202237
9001;30077;12/09/2022;202237;6;315,00;;DEPOT;;NFK|9001|30077|202237
9001;30154;12/09/2022;202237;5;84,38;;DEPOT;;NFK|9001|30154|202237
9001;30209;12/09/2022;202237;6;224,62;;DEPOT;;NFK|9001|30209|202237
1101;10023;19/09/2022;202238;369;4381,88;;SUPER;;NFK|1101|10023|202238
1101;10047;19/09/2022;202238;299;3363,75;;SUPER;;NFK|1101|10047|202238
1101;10112;19/09/2022;202238;161;3411,19;;SUPER;;NFK|1101|10112|202238
1101;10310;19/09/2022;202238;106;2848,75;;SUPER;;NFK|1101|10310|202238
1101;11020;19/09/2022;202238;345;6447,19;;SUPER;;NFK|1101|11020|202238
1101;11085;19/09/2022;202238;176;1969,00;;SUPER;;NFK|1101|11085|202238
1101;11142;19/09/2022;202238;146;3640,88;;SUPER;;NFK|1101|11142|202238
1101;12004;19/09/2022;202238;187;7480,00;;SUPER;;NFK|1101|12004|202238
1101;12066;19/09/2022;202238;137;8305,62;;SUPER;;NFK|1101|12066|202238
1101;12190;19/09/2022;202238;100;2250,00;;SUPER;;NFK|1101|12190|202238
1101;20015;19/09/2022;202238;220;5596,25;;SUPER;C;NFK|1101|20015|202238
1101;20041;19/09/2022;202238;325;2965,62;;SUPER;A;NFK|1101|20041|202238
1101;20088;19/09/2022;202238;0;0,00;;SUPER;B;NFK|1101|20088|202238
1101;20131;19/09/2022;202238;105;2218,12;;SUPER;C;NFK|1101|20131|202238
1101;30012;19/09/2022;202238;82;1327,37;;SUPER;;NFK|1101|30012|202238
1101;30077;19/09/2022;202238;116;6090,00;;SUPER;;NFK|1101|30077|202238
1101;30154;19/09/2022;202238;83;1400,62;;SUPER;;NFK|1101|30154|202238
1101;30209;19/09/2022;202238;134;5016,62;;SUPER;;NFK|1101|30209|202238
1102;10023;19/09/2022;202238;430;5106,25;;SUPER;;NFK|1102|10023|202238
1102;10047;19/09/2022;202238;270;3037,50;;SUPER;;NFK|1102|10047|202238
1102;10112;19/09/2022;202238;151;3199,31;;SUPER;;NFK|1102|10112|202238
1102;10310;19/09/2022;202238;119;3198,12;;SUPER;;NFK|1102|10310|202238
1102;11020;19/09/2022;202238;340;6353,75;;SUPER;;NFK|1102|11020|202238
1102;11085;19/09/2022;202238;185;2069,69;;SUPER;;NFK|1102|11085|202238
1102;11142;19/09/2022;202238;131;3266,81;;SUPER;;NFK|1102|11142|202238
1102;12004;19/09/2022;202238;185;7400,00;;SUPER;;NFK|1102|12004|202238
1102;12066;19/09/2022;202238;127;7699,38;;SUPER;;NFK|1102|12066|202238
1102;12190;19/09/2022;202238;79;1777,50;;SUPER;;NFK|1102|12190|202238
1102;20015;19/09/2022;202238;193;4909,44;;SUPER;C;NFK|1102|20015|202238
1102;20041;19/09/2022;202238;279;2545,88;;SUPER;A;NFK|1102|20041|202238
1102;20088;19/09/2022;202238;137;7740,50;;SUPER;B;NFK|1102|20088|202238
1102;20131;19/09/2022;202238;112;2366,00;;SUPER;C;NFK|1102|20131|202238
1102;30012;19/09/2022;202238;80;1295,00;;SUPER;;NFK|1102|30012|202238
1102;30077;19/09/2022;202238;128;6720,00;;SUPER;;NFK|1102|30077|202238
1102;30154;19/09/2022;202238;81;1366,88;;SUPER;;NFK|1102|30154|202238
1102;30209;19/09/2022;202238;113;4230,44;;SUPER;;NFK|1102|30209|202238
1103;10023;19/09/2022;202238;185;2196,88;;NAER;;NFK|1103|10023|202238
1103;10047;19/09/2022;202238;126;1417,50;;NAER;;NFK|1103|10047|202238
1103;10112;19/09/2022;202238;71;1504,31;;NAER;;NFK|1103|10112|202238
1103;10310;19/09/2022;202238;59;1585,62;;NAER;;NFK|1103|10310|202238
1103;11020;19/09/2022;202238;155;2896,56;;NAER;;NFK|1103|11020|202238
1103;11085;19/09/2022;202238;93;1040,44;;NAER;;NFK|1103|11085|202238
1103;11142;19/09/2022;202238;63;1571,06;;NAER;;NFK|1103|11142|202238
1103;12004;19/09/2022;202238;91;3640,00;;NAER;;NFK|1103|12004|202238
1103;12066;19/09/2022;202238;61;3698,12;;NAER;;NFK|1103|12066|202238
1103;12190;19/09/2022;202238;40;900,00;;NAER;;NFK|1103|12190|202238
1103;20015;19/09/2022;202238;109;2772,69;;NAER;C;NFK|1103|20015|202238
1103;20041;19/09/2022;202238;130;1186,25;;NAER;A;NFK|1103|20041|202238
1103;20088;19/09/2022;202238;71;4011,50;;NAER;B;NFK|1103|20088|202238
1103;20131;19/09/2022;202238;48;1014,00;;NAER;C;NFK|1103|20131|202238
1103;30012;19/09/2022;202238;46;744,62;;NAER;;NFK|1103|30012|202238
1103;30077;19/09/2022;202238;71;3727,50;;NAER;;NFK|1103|30077|202238
1103;30154;19/09/2022;202238;40;675,00;;NAER;;NFK|1103|30154|202238
1103;30209;19/09/2022;202238;54;2021,62;;NAER;;NFK|1103|30209|202238
1108;10023;19/09/2022;202238;699;8300,62;;HYPER;;NFK|1108|10023|202238
1108;10047;19/09/2022;202238;468;5265,00;;HYPER;;NFK|1108|10047|202238
1108;10112;19/09/2022;202238;296;6271,50;;HYPER;;NFK|1108|10112|202238
1108;10310;19/09/2022;202238;205;5509,38;;HYPER;;NFK|1108|10310|202238
1108;11020;19/09/2022;202238;557;10408,94;;HYPER;;NFK|1108|11020|202238
1108;11085;19/09/2022;202238;372;4161,75;;HYPER;;NFK|1108|11085|202238
1108;11142;19/09/2022;202238;243;6059,81;;HYPER;;NFK|1108|11142|202238
1108;12004;19/09/2022;202238;357;14280,00;;HYPER;;NFK|1108|12004|202238
1108;12066;19/09/2022;202238;251;15216,88;;HYPER;;NFK|1108|12066|202238
1108;12190;19/09/2022;202238;199;4477,50;;HYPER;;NFK|1108|12190|202238
1108;20015;19/09/2022;202238;429;10912,69;;HYPER;C;NFK|1108|20015|202238
1108;20041;19/09/2022;202238;521;4754,12;;HYPER;A;NFK|1108|20041|202238
1108;20088;19/09/2022;202238;291;16441,50;;HYPER;B;NFK|1108|20088|202238
1108;20131;19/09/2022;202238;196;4140,50;;HYPER;C;NFK|1108|20131|202238
1108;30012;19/09/2022;202238;147;2379,56;;HYPER;;NFK|1108|30012|202238
1108;30077;19/09/2022;202238;264;13860,00;;HYPER;;NFK|1108|30077|202238
1108;30154;19/09/2022;202238;175;2953,12;;HYPER;;NFK|1108|30154|202238
1108;30209;19/09/2022;202238;202;7562,38;;HYPER;;NFK|1108|30209|202238
3104;10023;19/09/2022;202238;402;4773,75;;SUPER;;NFK|3104|10023|202238
3104;10047;19/09/2022;202238;251;2823,75;;SUPER;;NFK|3104|10047|202238
3104;10112;19/09/2022;202238;133;2817,94;;SUPER;;NFK|3104|10112|202238
3104;10310;19/09/2022;202238;112;3010,00;;SUPER;;NFK|3104|10310|202238
3104;11020;19/09/2022;202238;329;6148,19;;SUPER;;NFK|3104|11020|202238
3104;11085;19/09/2022;202238;168;1879,50;;SUPER;;NFK|3104|11085|202238
3104;11142;19/09/2022;202238;121;3017,44;;SUPER;;NFK|3104|11142|202238
3104;12004;19/09/2022;202238;136;5440,00;;SUPER;;NFK|3104|12004|202238
3104;12066;19/09/2022;202238;110;6668,75;;SUPER;;NFK|3104|12066|202238
3104;12190;19/09/2022;202238;75;1687,50;;SUPER;;NFK|3104|12190|202238
3104;20015;19/09/2022;202238;224;5698,00;;SUPER;C;NFK|3104|20015|202238
3104;20041;19/09/2022;202238;294;2682,75;;SUPER;A;NFK|3104|20041|202238
3104;20088;19/09/2022;202238;137;7740,50;;SUPER;B;NFK|3104|20088|202238
3104;20131;19/09/2022;202238;104;2197,00;;SUPER;C;NFK|3104|20131|202238
3104;30012;19/09/2022;202238;71;1149,31;;SUPER;;NFK|3104|30012|202238
3104;30077;19/09/2022;202238;130;6825,00;;SUPER;;NFK|3104|30077|202238
3104;30154;19/09/2022;202238;94;1586,25;;SUPER;;NFK|3104|30154|202238
3104;30209;19/09/2022;202238;119;4455,06;;SUPER;;NFK|3104|30209|202238
3117;10023;19/09/2022;202238;188;2232,50;;NAER;;NFK|3117|10023|202238
3117;10047;19/09/2022;202238;122;1372,50;;NAER;;NFK|3117|10047|202238
3117;10112;19/09/2022;202238;61;1292,44;;NAER;;NFK|3117|10112|202238
3117;10310;19/09/2022;202238;45;1209,38;;NAER;;NFK|3117|10310|202238
3117;11020;19/09/2022;202238;142;2653,62;;NAER;;NFK|3117|11020|202238
3117;11085;19/09/2022;202238;84;939,75;;NAER;;NFK|3117|11085|202238
3117;11142;19/09/2022;202238;65;1620,94;;NAER;;NFK|3117|11142|202238
3117;12004;19/09/2022;202238;67;2680,00;;NAER;;NFK|3117|12004|202238
3117;12066;19/09/2022;202238;58;3516,25;;NAER;;NFK|3117|12066|202238
3117;12190;19/09/2022;202238;36;810,00;;NAER;;NFK|3117|12190|202238
3117;20015;19/09/2022;202238;110;2798,12;;NAER;C;NFK|3117|20015|202238
3117;20041;19/09/2022;202238;141;1286,62;;NAER;A;NFK|3117|20041|202238
3117;20088;19/09/2022;202238;73;4124,50;;NAER;B;NFK|3117|20088|202238
3117;20131;19/09/2022;202238;39;823,88;;NAER;C;NFK|3117|20131|202238
3117;30012;19/09/2022;202238;32;518,00;;NAER;;NFK|3117|30012|202238
3117;30077;19/09/2022;202238;48;2520,00;;NAER;;NFK|3117|30077|202238
3117;30154;19/09/2022;202238;42;708,75;;NAER;;NFK|3117|30154|202238
3117;30209;19/09/2022;202238;51;1909,31;;NAER;;NFK|3117|30209|202238
3117;99001;19/09/2022;202238;2;0,00;;NAER;;NFK|3117|99001|202238
3122;10023;19/09/2022;202238;133;1579,38;;FRANCHISE;;NFK|3122|10023|202238
3122;10047;19/09/2022;202238;73;821,25;;FRANCHISE;;NFK|3122|10047|202238
3122;10112;19/09/2022;202238;49;1038,19;;FRANCHISE;;NFK|3122|10112|202238
3122;10310;19/09/2022;202238;36;967,50;;FRANCHISE;;NFK|3122|10310|202238
3122;11020;19/09/2022;202238;88;1644,50;;FRANCHISE;;NFK|3122|11020|202238
3122;11085;19/09/2022;202238;63;704,81;;FRANCHISE;;NFK|3122|11085|202238
3122;11142;19/09/2022;202238;37;922,69;;FRANCHISE;;NFK|3122|11142|202238
3122;12004;19/09/2022;202238;57;2280,00;;FRANCHISE;;NFK|3122|12004|202238
3122;12066;19/09/2022;202238;35;2121,88;;FRANCHISE;;NFK|3122|12066|202238
3122;12190;19/09/2022;202238;25;562,50;;FRANCHISE;;NFK|3122|12190|202238
3122;20015;19/09/2022;202238;68;1729,75;;FRANCHISE;C;NFK|3122|20015|202238
3122;20041;19/09/2022;202238;82;748,25;;FRANCHISE;A;NFK|3122|20041|202238
3122;20088;19/09/2022;202238;44;2486,00;;FRANCHISE;B;NFK|3122|20088|202238
3122;20131;19/09/2022;202238;36;760,50;;FRANCHISE;C;NFK|3122|20131|202238
3122;30012;19/09/2022;202238;29;469,44;;FRANCHISE;;NFK|3122|30012|202238
3122;30077;19/09/2022;202238;40;2100,00;;FRANCHISE;;NFK|3122|30077|202238
3122;30154;19/09/2022;202238;31;523,12;;FRANCHISE;;NFK|3122|30154|202238
3122;30209;19/09/2022;202238;37;1385,19;;FRANCHISE;;NFK|3122|30209|202238
4201;10023;19/09/2022;202238;736;8740,00;;HYPER;;NFK|4201|10023|202238
4201;10047;19/09/2022;202238;445;5006,25;;HYPER;;NFK|4201|10047|202238
4201;10112;19/09/2022;202238;268;5678,25;;HYPER;;NFK|4201|10112|202238
4201;10310;19/09/2022;202238;204;5482,50;;HYPER;;NFK|4201|10310|202238
4201;11020;19/09/2022;202238;484;9044,75;;HYPER;;NFK|4201|11020|202238
4201;11085;19/09/2022;202238;344;3848,50;;HYPER;;NFK|4201|11085|202238
4201;11142;19/09/2022;202238;225;5610,94;;HYPER;;NFK|4201|11142|202238
4201;12004;19/09/2022;202238;311;12440,00;;HYPER;;NFK|4201|12004|202238
4201;12066;19/09/2022;202238;217;13155,62;;HYPER;;NFK|4201|12066|202238
4201;12190;19/09/2022;202238;148;3330,00;;HYPER;;NFK|4201|12190|202238
4201;20015;19/09/2022;202238;393;9996,94;;HYPER;C;NFK|4201|20015|202238
4201;20041;19/09/2022;202238;544;4964,00;;HYPER;A;NFK|4201|20041|202238
4201;20088;19/09/2022;202238;234;13221,00;;HYPER;B;NFK|4201|20088|202238
4201;20131;19/09/2022;202238;221;4066,40;MP;HYPER;C;NFK|4201|20131|202238
4201;30012;19/09/2022;202238;138;2233,88;;HYPER;;NFK|4201|30012|202238
4201;30077;19/09/2022;202238;184;9660,00;;HYPER;;NFK|4201|30077|202238
4201;30154;19/09/2022;202238;154;2598,75;;HYPER;;NFK|4201|30154|202238
4201;30209;19/09/2022;202238;190;7113,12;;HYPER;;NFK|4201|30209|202238
4201;99001;19/09/2022;202238;11;0,00;;HYPER;;NFK|4201|99001|202238
4205;10023;19/09/2022;202238;420;4987,50;;SUPER;;NFK|4205|10023|202238
4205;10047;19/09/2022;202238;269;3026,25;;SUPER;;NFK|4205|10047|202238
4205;10112;19/09/2022;202238;147;3114,56;;SUPER;;NFK|4205|10112|202238
4205;10310;19/09/2022;202238;126;3386,25;;SUPER;;NFK|4205|10310|202238
4205;11020;19/09/2022;202238;276;5157,75;;SUPER;;NFK|4205|11020|202238
4205;11085;19/09/2022;202238;168;1879,50;;SUPER;;NFK|4205|11085|202238
4205;11142;19/09/2022;202238;115;2867,81;;SUPER;;NFK|4205|11142|202238
4205;12004;19/09/2022;202238;157;6280,00;;SUPER;;NFK|4205|12004|202238
4205;12066;19/09/2022;202238;123;7456,88;;SUPER;;NFK|4205|12066|202238
4205;12190;19/09/2022;202238;91;2047,50;;SUPER;;NFK|4205|12190|202238
4205;20015;19/09/2022;202238;251;6384,81;;SUPER;C;NFK|4205|20015|202238
4205;20041;19/09/2022;202238;257;2345,12;;SUPER;A;NFK|4205|20041|202238
4205;20088;19/09/2022;202238;173;9774,50;;SUPER;B;NFK|4205|20088|202238
4205;20131;19/09/2022;202238;139;2557,60;MP;SUPER;C;NFK|4205|20131|202238
4205;30012;19/09/2022;202238;70;1133,12;;SUPER;;NFK|4205|30012|202238
4205;30077;19/09/2022;202238;126;6615,00;;SUPER;;NFK|4205|30077|202238
4205;30154;19/09/2022;202238;82;1383,75;;SUPER;;NFK|4205|30154|202238
4205;30209;19/09/2022;202238;127;4754,56;;SUPER;;NFK|4205|30209|202238
4218;10023;19/09/2022;202238;369;4381,88;;SUPER;;NFK|4218|10023|202238
4218;10047;19/09/2022;202238;237;2666,25;;SUPER;;NFK|4218|10047|202238
4218;10112;19/09/2022;202238;158;3347,62;;SUPER;;NFK|4218|10112|202238
4218;10310;19/09/2022;202238;111;2983,12;;SUPER;;NFK|4218|10310|202238
4218;11020;19/09/2022;202238;297;5550,19;;SUPER;;NFK|4218|11020|202238
4218;11085;19/09/2022;202238;208;2327,00;;SUPER;;NFK|4218|11085|202238
4218;11142;19/09/2022;202238;163;4064,81;;SUPER;;NFK|4218|11142|202238
4218;12004;19/09/2022;202238;166;6640,00;;SUPER;;NFK|4218|12004|202238
4218;12066;19/09/2022;202238;149;9033,12;;SUPER;;NFK|4218|12066|202238
4218;12190;19/09/2022;202238;84;1890,00;;SUPER;;NFK|4218|12190|202238
4218;20015;19/09/2022;202238;281;7147,94;;SUPER;C;NFK|4218|20015|202238
4218;20041;19/09/2022;202238;266;2427,25;;SUPER;A;NFK|4218|20041|202238
4218;20088;19/09/2022;202238;186;10509,00;;SUPER;B;NFK|4218|20088|202238
4218;20131;19/09/2022;202238;146;2686,40;MP;SUPER;C;NFK|4218|20131|202238
4218;30012;19/09/2022;202238;97;1570,19;;SUPER;;NFK|4218|30012|202238
4218;30077;19/09/2022;202238;126;6615,00;;SUPER;;NFK|4218|30077|202238
4218;30154;19/09/2022;202238;94;1586,25;;SUPER;;NFK|4218|30154|202238
4218;30209;19/09/2022;202238;124;4642,25;;SUPER;;NFK|4218|30209|202238
4218;99001;19/09/2022;202238;7;0,00;;SUPER;;NFK|4218|99001|202238
5502;10023;19/09/2022;202238;414;4916,25;;SUPER;;NFK|5502|10023|202238
5502;10047;19/09/2022;202238;205;2306,25;;SUPER;;NFK|5502|10047|202238
5502;10112;19/09/2022;202238;125;2648,44;;SUPER;;NFK|5502|10112|202238
5502;10310;19/09/2022;202238;104;2795,00;;SUPER;;NFK|5502|10310|202238
5502;11020;19/09/2022;202238;284;5307,25;;SUPER;;NFK|5502|11020|202238
5502;11085;19/09/2022;202238;165;1845,94;;SUPER;;NFK|5502|11085|202238
5502;11142;19/09/2022;202238;144;3591,00;;SUPER;;NFK|5502|11142|202238
5502;12004;19/09/2022;202238;139;5560,00;;SUPER;;NFK|5502|12004|202238
5502;12066;19/09/2022;202238;106;6426,25;;SUPER;;NFK|5502|12066|202238
5502;12190;19/09/2022;202238;91;2047,50;;SUPER;;NFK|5502|12190|202238
5502;20015;19/09/2022;202238;194;4934,88;;SUPER;C;NFK|5502|20015|202238
5502;20041;19/09/2022;202238;243;2217,38;;SUPER;A;NFK|5502|20041|202238
5502;20088;19/09/2022;202238;127;7175,50;;SUPER;B;NFK|5502|20088|202238
5502;20131;19/09/2022;202238;126;2318,40;MP;SUPER;C;NFK|5502|20131|202238
5502;30012;19/09/2022;202238;71;1149,31;;SUPER;;NFK|5502|30012|202238
5502;30077;19/09/2022;202238;102;5355,00;;SUPER;;NFK|5502|30077|202238
5502;30154;19/09/2022;202238;80;1350,00;;SUPER;;NFK|5502|30154|202238
5502;30209;19/09/2022;202238;0;0,00;;SUPER;;NFK|5502|30209|202238
5511;10023;19/09/2022;202238;149;1769,38;;PARTNER;;NFK|5511|10023|202238
5511;10047;19/09/2022;202238;102;1147,50;;PARTNER;;NFK|5511|10047|202238
5511;10112;19/09/2022;202238;52;1101,75;;PARTNER;;NFK|5511|10112|202238
5511;10310;19/09/2022;202238;46;1236,25;;PARTNER;;NFK|5511|10310|202238
5511;11020;19/09/2022;202238;119;2223,81;;PARTNER;;NFK|5511|11020|202238
5511;11085;19/09/2022;202238;64;716,00;;PARTNER;;NFK|5511|11085|202238
5511;11142;19/09/2022;202238;56;1396,50;;PARTNER;;NFK|5511|11142|202238
5511;12004;19/09/2022;202238;65;2600,00;;PARTNER;;NFK|5511|12004|202238
5511;12066;19/09/2022;202238;47;2849,38;;PARTNER;;NFK|5511|12066|202238
5511;12190;19/09/2022;202238;37;832,50;;PARTNER;;NFK|5511|12190|202238
5511;20015;19/09/2022;202238;83;2111,31;;PARTNER;C;NFK|5511|20015|202238
5511;20041;19/09/2022;202238;93;848,62;;PARTNER;A;NFK|5511|20041|202238
5511;20088;19/09/2022;202238;56;3164,00;;PARTNER;B;NFK|5511|20088|202238
5511;20131;19/09/2022;202238;56;1030,40;MP;PARTNER;C;NFK|5511|20131|202238
5511;30012;19/09/2022;202238;26;420,88;;PARTNER;;NFK|5511|30012|202238
5511;30077;19/09/2022;202238;50;2625,00;;PARTNER;;NFK|5511|30077|202238
5511;30154;19/09/2022;202238;35;590,62;;PARTNER;;NFK|5511|30154|202238
5511;30209;19/09/2022;202238;48;1797,00;;PARTNER;;NFK|5511|30209|202238
5511;99001;19/09/2022;202238;2;0,00;;PARTNER;;NFK|5511|99001|202238
9001;10023;19/09/2022;202238;19;225,62;;DEPOT;;NFK|9001|10023|202238
9001;10047;19/09/2022;202238;13;146,25;;DEPOT;;NFK|9001|10047|202238
9001;10112;19/09/2022;202238;9;190,69;;DEPOT;;NFK|9001|10112|202238
9001;10310;19/09/2022;202238;6;161,25;;DEPOT;;NFK|9001|10310|202238
9001;11020;19/09/2022;202238;16;299,00;;DEPOT;;NFK|9001|11020|202238
9001;11085;19/09/2022;202238;11;123,06;;DEPOT;;NFK|9001|11085|202238
9001;11142;19/09/2022;202238;7;174,56;;DEPOT;;NFK|9001|11142|202238
9001;12004;19/09/2022;202238;9;360,00;;DEPOT;;NFK|9001|12004|202238
9001;12066;19/09/2022;202238;7;424,38;;DEPOT;;NFK|9001|12066|202238
9001;12190;19/09/2022;202238;5;112,50;;DEPOT;;NFK|9001|12190|202238
9001;20015;19/09/2022;202238;11;279,81;;DEPOT;C;NFK|9001|20015|202238
9001;20041;19/09/2022;202238;14;127,75;;DEPOT;A;NFK|9001|20041|202238
9001;20088;19/09/2022;202238;9;508,50;;DEPOT;B;NFK|9001|20088|202238
9001;20131;19/09/2022;202238;6;126,75;;DEPOT;C;NFK|9001|20131|202238
9001;30012;19/09/2022;202238;4;64,75;;DEPOT;;NFK|9001|30012|202238
9001;30077;19/09/2022;202238;6;315,00;;DEPOT;;NFK|9001|30077|202238
9001;30154;19/09/2022;202238;5;84,38;;DEPOT;;NFK|9001|30154|202238
9001;30209;19/09/2022;202238;6;224,62;;DEPOT;;NFK|9001|30209|202238
1101;10023;26/09/2022;202239;386;4583,75;;SUPER;;NFK|1101|10023|202239
1101;10047;26/09/2022;202239;255;2868,75;;SUPER;;NFK|1101|10047|202239
1101;10112;26/09/2022;202239;163;3453,56;;SUPER;;NFK|1101|10112|202239
1101;10310;26/09/2022;202239;105;2821,88;;SUPER;;NFK|1101|10310|202239
1101;11020;26/09/2022;202239;366;5814,83;KUPON;SUPER;;NFK|1101|11020|202239
1101;11085;26/09/2022;202239;202;2259,88;;SUPER;;NFK|1101|11085|202239
1101;11142;26/09/2022;202239;124;3092,25;;SUPER;;NFK|1101|11142|202239
1101;12004;26/09/2022;202239;178;7120,00;;SUPER;;NFK|1101|12004|202239
1101;12066;26/09/2022;202239;143;8669,38;;SUPER;;NFK|1101|12066|202239
1101;12190;26/09/2022;202239;130;2486,25;MP;SUPER;;NFK|1101|12190|202239
1101;20015;26/09/2022;202239;272;6919,00;;SUPER;C;NFK|1101|20015|202239
1101;20041;26/09/2022;202239;277;2527,62;;SUPER;A;NFK|1101|20041|202239
1101;20088;26/09/2022;202239;149;8418,50;;SUPER;B;NFK|1101|20088|202239
1101;20131;26/09/2022;202239;111;2344,88;;SUPER;C;NFK|1101|20131|202239
1101;30012;26/09/2022;202239;87;1408,31;;SUPER;;NFK|1101|30012|202239
1101;30077;26/09/2022;202239;144;7560,00;;SUPER;;NFK|1101|30077|202239
1101;30154;26/09/2022;202239;92;1552,50;;SUPER;;NFK|1101|30154|202239
1101;30209;26/09/2022;202239;107;4005,81;;SUPER;;NFK|1101|30209|202239
1101;99001;26/09/2022;202239;6;0,00;;SUPER;;NFK|1101|99001|202239
1102;10023;26/09/2022;202239;378;4488,75;;SUPER;;NFK|1102|10023|202239
1102;10047;26/09/2022;202239;253;2846,25;;SUPER;;NFK|1102|10047|202239
1102;10112;26/09/2022;202239;129;2733,19;;SUPER;;NFK|1102|10112|202239
1102;10310;26/09/2022;202239;118;3171,25;;SUPER;;NFK|1102|10310|202239
1102;11020;26/09/2022;202239;387;6148,46;KUPON;SUPER;;NFK|1102|11020|202239
1102;11085;26/09/2022;202239;191;2136,81;;SUPER;;NFK|1102|11085|202239
1102;11142;26/09/2022;202239;111;2768,06;;SUPER;;NFK|1102|11142|202239
1102;12004;26/09/2022;202239;146;5840,00;;SUPER;;NFK|1102|12004|202239
1102;12066;26/09/2022;202239;104;6305,00;;SUPER;;NFK|1102|12066|202239
1102;12190;26/09/2022;202239;124;2371,50;MP;SUPER;;NFK|1102|12190|202239
1102;20015;26/09/2022;202239;232;5901,50;;SUPER;C;NFK|1102|20015|202239
1102;20041;26/09/2022;202239;280;2555,00;;SUPER;A;NFK|1102|20041|202239
1102;20088;26/09/2022;202239;165;9322,50;;SUPER;B;NFK|1102|20088|202239
1102;20131;26/09/2022;202239;88;1859,00;;SUPER;C;NFK|1102|20131|202239
1102;30012;26/09/2022;202239;71;1149,31;;SUPER;;NFK|1102|30012|202239
1102;30077;26/09/2022;202239;129;6772,50;;SUPER;;NFK|1102|30077|202239
1102;30154;26/09/2022;202239;98;1653,75;;SUPER;;NFK|1102|30154|202239
1102;30209;26/09/2022;202239;119;4455,06;;SUPER;;NFK|1102|30209|202239
1102;99001;26/09/2022;202239;6;0,00;;SUPER;;NFK|1102|99001|202239
1103;10023;26/09/2022;202239;192;2280,00;;NAER;;NFK|1103|10023|202239
1103;10047;26/09/2022;202239;138;1552,50;;NAER;;NFK|1103|10047|202239
1103;10112;26/09/2022;202239;82;1737,37;;NAER;;NFK|1103|10112|202239
1103;10310;26/09/2022;202239;58;1558,75;;NAER;;NFK|1103|10310|202239
1103;11020;26/09/2022;202239;207;3288,71;KUPON;NAER;;NFK|1103|11020|202239
1103;11085;26/09/2022;202239;82;917,38;;NAER;;NFK|1103|11085|202239
1103;11142;26/09/2022;202239;73;1820,44;;NAER;;NFK|1103|11142|202239
1103;12004;26/09/2022;202239;85;3400,00;;NAER;;NFK|1103|12004|202239
1103;12066;26/09/2022;202239;68;4122,50;;NAER;;NFK|1103|12066|202239
1103;12190;26/09/2022;202239;65;1243,12;MP;NAER;;NFK|1103|12190|202239
1103;20015;26/09/2022;202239;127;3230,56;;NAER;C;NFK|1103|20015|202239
1103;20041;26/09/2022;202239;128;1168,00;;NAER;A;NFK|1103|20041|202239
1103;20088;26/09/2022;202239;69;3898,50;;NAER;B;NFK|1103|20088|202239
1103;20131;26/09/2022;202239;54;1140,75;;NAER;C;NFK|1103|20131|202239
1103;30012;26/09/2022;202239;42;679,88;;NAER;;NFK|1103|30012|202239
1103;30077;26/09/2022;202239;60;3150,00;;NAER;;NFK|1103|30077|202239
1103;30154;26/09/2022;202239;50;843,75;;NAER;;NFK|1103|30154|202239
1103;30209;26/09/2022;202239;64;2396,00;;NAER;;NFK|1103|30209|202239
1108;10023;26/09/2022;202239;799;9488,12;;HYPER;;NFK|1108|10023|202239
1108;10047;26/09/2022;202239;519;5838,75;;HYPER;;NFK|1108|10047|202239
1108;10112;26/09/2022;202239;289;6123,19;;HYPER;;NFK|1108|10112|202239
1108;10310;26/09/2022;202239;236;6342,50;;HYPER;;NFK|1108|10310|202239
1108;11020;26/09/2022;202239;670;10644,62;KUPON;HYPER;;NFK|1108|11020|202239
1108;11085;26/09/2022;202239;378;4228,88;;HYPER;;NFK|1108|11085|202239
1108;11142;26/09/2022;202239;279;6957,56;;HYPER;;NFK|1108|11142|202239
1108;12004;26/09/2022;202239;302;12080,00;;HYPER;;NFK|1108|12004|202239
1108;12066;26/09/2022;202239;270;16368,75;;HYPER;;NFK|1108|12066|202239
1108;12190;26/09/2022;202239;202;3863,25;MP;HYPER;;NFK|1108|12190|202239
1108;20015;26/09/2022;202239;405;10302,19;;HYPER;C;NFK|1108|20015|202239
1108;20041;26/09/2022;202239;547;4991,38;;HYPER;A;NFK|1108|20041|202239
1108;20088;26/09/2022;202239;317;17910,50;;HYPER;B;NFK|1108|20088|202239
1108;20131;26/09/2022;202239;185;3908,12;;HYPER;C;NFK|1108|20131|202239
1108;30012;26/09/2022;202239;152;2460,50;;HYPER;;NFK|1108|30012|202239
1108;30077;26/09/2022;202239;209;10972,50;;HYPER;;NFK|1108|30077|202239
1108;30154;26/09/2022;202239;164;2767,50;;HYPER;;NFK|1108|30154|202239
1108;30209;26/09/2022;202239;191;7150,56;;HYPER;;NFK|1108|30209|202239
1108;99001;26/09/2022;202239;12;0,00;;HYPER;;NFK|1108|99001|202239
3104;10023;26/09/2022;202239;380;4512,50;;SUPER;;NFK|3104|10023|202239
3104;10047;26/09/2022;202239;223;2508,75;;SUPER;;NFK|3104|10047|202239
3104;10112;26/09/2022;202239;136;2881,50;;SUPER;;NFK|3104|10112|202239
3104;10310;26/09/2022;202239;103;2768,12;;SUPER;;NFK|3104|10310|202239
3104;11020;26/09/2022;202239;336;5338,20;KUPON;SUPER;;NFK|3104|11020|202239
3104;11085;26/09/2022;202239;176;1969,00;;SUPER;;NFK|3104|11085|202239
3104;11142;26/09/2022;202239;134;3341,62;;SUPER;;NFK|3104|11142|202239
3104;12004;26/09/2022;202239;153;6120,00;;SUPER;;NFK|3104|12004|202239
3104;12066;26/09/2022;202239;118;7153,75;;SUPER;;NFK|3104|12066|202239
3104;12190;26/09/2022;202239;105;2008,12;MP;SUPER;;NFK|3104|12190|202239
3104;20015;26/09/2022;202239;227;5774,31;;SUPER;C;NFK|3104|20015|202239
3104;20041;26/09/2022;202239;233;2126,12;;SUPER;A;NFK|3104|20041|202239
3104;20088;26/09/2022;202239;135;7627,50;;SUPER;B;NFK|3104|20088|202239
3104;20131;26/09/2022;202239;99;2091,38;;SUPER;C;NFK|3104|20131|202239
3104;30012;26/09/2022;202239;73;1181,69;;SUPER;;NFK|3104|30012|202239
3104;30077;26/09/2022;202239;124;6510,00;;SUPER;;NFK|3104|30077|202239
3104;30154;26/09/2022;202239;76;1282,50;;SUPER;;NFK|3104|30154|202239
3104;30209;26/09/2022;202239;113;4230,44;;SUPER;;NFK|3104|30209|202239
3104;99001;26/09/2022;202239;5;0,00;;SUPER;;NFK|3104|99001|202239
3117;10023;26/09/2022;202239;160;1900,00;;NAER;;NFK|3117|10023|202239
3117;10047;26/09/2022;202239;119;1338,75;;NAER;;NFK|3117|10047|202239
3117;10112;26/09/2022;202239;67;1419,56;;NAER;;NFK|3117|10112|202239
3117;10310;26/09/2022;202239;45;1209,38;;NAER;;NFK|3117|10310|202239
3117;11020;26/09/2022;202239;169;2684,99;KUPON;NAER;;NFK|3117|11020|202239
3117;11085;26/09/2022;202239;70;783,12;;NAER;;NFK|3117|11085|202239
3117;11142;26/09/2022;202239;64;1596,00;;NAER;;NFK|3117|11142|202239
3117;12004;26/09/2022;202239;78;3120,00;;NAER;;NFK|3117|12004|202239
3117;12066;26/09/2022;202239;58;3516,25;;NAER;;NFK|3117|12066|202239
3117;12190;26/09/2022;202239;44;841,50;MP;NAER;;NFK|3117|12190|202239
3117;20015;26/09/2022;202239;110;2798,12;;NAER;C;NFK|3117|20015|202239
3117;20041;26/09/2022;202239;119;1085,88;;NAER;A;NFK|3117|20041|202239
3117;20088;26/09/2022;202239;58;3277,00;;NAER;B;NFK|3117|20088|202239
3117;20131;26/09/2022;202239;43;908,38;;NAER;C;NFK|3117|20131|202239
3117;30012;26/09/2022;202239;34;550,38;;NAER;;NFK|3117|30012|202239
3117;30077;26/09/2022;202239;54;2835,00;;NAER;;NFK|3117|30077|202239
3117;30154;26/09/2022;202239;40;675,00;;NAER;;NFK|3117|30154|202239
3117;30209;26/09/2022;202239;54;2021,62;;NAER;;NFK|3117|30209|202239
3122;10023;26/09/2022;202239;111;1318,12;;FRANCHISE;;NFK|3122|10023|202239
3122;10047;26/09/2022;202239;67;753,75;;FRANCHISE;;NFK|3122|10047|202239
3122;10112;26/09/2022;202239;51;1080,56;;FRANCHISE;;NFK|3122|10112|202239
3122;10310;26/09/2022;202239;34;913,75;;FRANCHISE;;NFK|3122|10310|202239
3122;11020;26/09/2022;202239;133;2113,04;KUPON;FRANCHISE;;NFK|3122|11020|202239
3122;11085;26/09/2022;202239;60;671,25;;FRANCHISE;;NFK|3122|11085|202239
3122;11142;26/09/2022;202239;38;947,62;;FRANCHISE;;NFK|3122|11142|202239
3122;12004;26/09/2022;202239;49;1960,00;;FRANCHISE;;NFK|3122|12004|202239
3122;12066;26/09/2022;202239;38;2303,75;;FRANCHISE;;NFK|3122|12066|202239
3122;12190;26/09/2022;202239;33;631,12;MP;FRANCHISE;;NFK|3122|12190|202239
3122;20015;26/09/2022;202239;73;1856,94;;FRANCHISE;C;NFK|3122|20015|202239
3122;20041;26/09/2022;202239;84;766,50;;FRANCHISE;A;NFK|3122|20041|202239
3122;20088;26/09/2022;202239;53;2994,50;;FRANCHISE;B;NFK|3122|20088|202239
3122;20131;26/09/2022;202239;31;654,88;;FRANCHISE;C;NFK|3122|20131|202239
3122;30012;26/09/2022;202239;25;404,69;;FRANCHISE;;NFK|3122|30012|202239
3122;30077;26/09/2022;202239;36;1890,00;;FRANCHISE;;NFK|3122|30077|202239
3122;30154;26/09/2022;202239;28;472,50;;FRANCHISE;;NFK|3122|30154|202239
3122;30209;26/09/2022;202239;36;1347,75;;FRANCHISE;;NFK|3122|30209|202239
4201;10023;26/09/2022;202239;730;8668,75;;HYPER;;NFK|4201|10023|202239
4201;10047;26/09/2022;202239;465;5231,25;;HYPER;;NFK|4201|10047|202239
4201;10112;26/09/2022;202239;210;4449,38;;HYPER;;NFK|4201|10112|202239
4201;10310;26/09/2022;202239;172;4622,50;;HYPER;;NFK|4201|10310|202239
4201;11020;26/09/2022;202239;611;9707,26;KUPON;HYPER;;NFK|4201|11020|202239
4201;11085;26/09/2022;202239;310;3468,12;;HYPER;;NFK|4201|11085|202239
4201;11142;26/09/2022;202239;200;4987,50;;HYPER;;NFK|4201|11142|202239
4201;12004;26/09/2022;202239;309;12360,00;;HYPER;;NFK|4201|12004|202239
4201;12066;26/09/2022;202239;191;11579,38;;HYPER;;NFK|4201|12066|202239
4201;12190;26/09/2022;202239;171;3270,38;MP;HYPER;;NFK|4201|12190|202239
4201;20015;26/09/2022;202239;348;8852,25;;HYPER;C;NFK|4201|20015|202239
4201;20041;26/09/2022;202239;508;4635,50;;HYPER;A;NFK|4201|20041|202239
4201;20088;26/09/2022;202239;230;12995,00;;HYPER;B;NFK|4201|20088|202239
4201;20131;26/09/2022;202239;177;3739,12;;HYPER;C;NFK|4201|20131|202239
4201;30012;26/09/2022;202239;153;2476,69;;HYPER;;NFK|4201|30012|202239
4201;30077;26/09/2022;202239;296;12432,00;TILBUD;HYPER;;NFK|4201|30077|202239
4201;30154;26/09/2022;202239;150;2531,25;;HYPER;;NFK|4201|30154|202239
4201;30209;26/09/2022;202239;211;7899,31;;HYPER;;NFK|4201|30209|202239
4201;99001;26/09/2022;202239;9;0,00;;HYPER;;NFK|4201|99001|202239
4205;10023;26/09/2022;202239;424;5035,00;;SUPER;;NFK|4205|10023|202239
4205;10047;26/09/2022;202239;234;2632,50;;SUPER;;NFK|4205|10047|202239
4205;10112;26/09/2022;202239;139;2945,06;;SUPER;;NFK|4205|10112|202239
4205;10310;26/09/2022;202239;102;2741,25;;SUPER;;NFK|4205|10310|202239
4205;11020;26/09/2022;202239;374;5941,93;KUPON;SUPER;;NFK|4205|11020|202239
4205;11085;26/09/2022;202239;174;1946,62;;SUPER;;NFK|4205|11085|202239
4205;11142;26/09/2022;202239;143;3566,06;;SUPER;;NFK|4205|11142|202239
4205;12004;26/09/2022;202239;174;6960,00;;SUPER;;NFK|4205|12004|202239
4205;12066;26/09/2022;202239;115;6971,88;;SUPER;;NFK|4205|12066|202239
4205;12190;26/09/2022;202239;128;2448,00;MP;SUPER;;NFK|4205|12190|202239
4205;20015;26/09/2022;202239;246;6257,62;;SUPER;C;NFK|4205|20015|202239
4205;20041;26/09/2022;202239;294;2682,75;;SUPER;A;NFK|4205|20041|202239
4205;20088;26/09/2022;202239;169;9548,50;;SUPER;B;NFK|4205|20088|202239
4205;20131;26/09/2022;202239;116;2450,50;;SUPER;C;NFK|4205|20131|202239
4205;30012;26/09/2022;202239;90;1456,88;;SUPER;;NFK|4205|30012|202239
4205;30077;26/09/2022;202239;186;7812,00;TILBUD;SUPER;;NFK|4205|30077|202239
4205;30154;26/09/2022;202239;90;1518,75;;SUPER;;NFK|4205|30154|202239
4205;30209;26/09/2022;202239;127;4754,56;;SUPER;;NFK|4205|30209|202239
4218;10023;26/09/2022;202239;430;5106,25;;SUPER;;NFK|4218|10023|202239
4218;10047;26/09/2022;202239;256;2880,00;;SUPER;;NFK|4218|10047|202239
4218;10112;26/09/2022;202239;138;2923,88;;SUPER;;NFK|4218|10112|202239
4218;10310;26/09/2022;202239;135;3628,12;;SUPER;;NFK|4218|10310|202239
4218;11020;26/09/2022;202239;388;6164,35;KUPON;SUPER;;NFK|4218|11020|202239
4218;11085;26/09/2022;202239;170;1901,87;;SUPER;;NFK|4218|11085|202239
4218;11142;26/09/2022;202239;133;3316,69;;SUPER;;NFK|4218|11142|202239
4218;12004;26/09/2022;202239;180;7200,00;;SUPER;;NFK|4218|12004|202239
4218;12066;26/09/2022;202239;116;7032,50;;SUPER;;NFK|4218|12066|202239
4218;12190;26/09/2022;202239;137;2620,12;MP;SUPER;;NFK|4218|12190|202239
4218;20015;26/09/2022;202239;277;7046,19;;SUPER;C;NFK|4218|20015|202239
4218;20041;26/09/2022;202239;302;2755,75;;SUPER;A;NFK|4218|20041|202239
4218;20088;26/09/2022;202239;152;8588,00;;SUPER;B;NFK|4218|20088|202239
4218;20131;26/09/2022;202239;118;2492,75;;SUPER;C;NFK|4218|20131|202239
4218;30012;26/09/2022;202239;93;1505,44;;SUPER;;NFK|4218|30012|202239
4218;30077;26/09/2022;202239;189;7938,00;TILBUD;SUPER;;NFK|4218|30077|202239
4218;30154;26/09/2022;202239;101;1704,38;;SUPER;;NFK|4218|30154|202239
4218;30209;26/09/2022;202239;120;4492,50;;SUPER;;NFK|4218|30209|202239
5502;10023;26/09/2022;202239;351;4168,12;;SUPER;;NFK|5502|10023|202239
5502;10047;26/09/2022;202239;238;2677,50;;SUPER;;NFK|5502|10047|202239
5502;10112;26/09/2022;202239;122;2584,88;;SUPER;;NFK|5502|10112|202239
5502;10310;26/09/2022;202239;100;2687,50;;SUPER;;NFK|5502|10310|202239
5502;11020;26/09/2022;202239;382;6069,03;KUPON;SUPER;;NFK|5502|11020|202239
5502;11085;26/09/2022;202239;151;1689,31;;SUPER;;NFK|5502|11085|202239
5502;11142;26/09/2022;202239;122;3042,38;;SUPER;;NFK|5502|11142|202239
5502;12004;26/09/2022;202239;143;5720,00;;SUPER;;NFK|5502|12004|202239
5502;12066;26/09/2022;202239;121;7335,62;;SUPER;;NFK|5502|12066|202239
5502;12190;26/09/2022;202239;122;2333,25;MP;SUPER;;NFK|5502|12190|202239
5502;20015;26/09/2022;202239;244;6206,75;;SUPER;C;NFK|5502|20015|202239
5502;20041;26/09/2022;202239;255;2326,88;;SUPER;A;NFK|5502|20041|202239
5502;20088;26/09/2022;202239;143;8079,50;;SUPER;B;NFK|5502|20088|202239
5502;20131;26/09/2022;202239;110;2323,75;;SUPER;C;NFK|5502|20131|202239
5502;30012;26/09/2022;202239;83;1343,56;;SUPER;;NFK|5502|30012|202239
5502;30077;26/09/2022;202239;189;7938,00;TILBUD;SUPER;;NFK|5502|30077|202239
5502;30154;26/09/2022;202239;89;1501,88;;SUPER;;NFK|5502|30154|202239
5502;30209;26/09/2022;202239;113;4230,44;;SUPER;;NFK|5502|30209|202239
5511;10023;26/09/2022;202239;135;1603,12;;PARTNER;;NFK|5511|10023|202239
5511;10047;26/09/2022;202239;86;967,50;;PARTNER;;NFK|5511|10047|202239
5511;10112;26/09/2022;202239;49;1038,19;;PARTNER;;NFK|5511|10112|202239
5511;10310;26/09/2022;202239;44;1182,50;;PARTNER;;NFK|5511|10310|202239
5511;11020;26/09/2022;202239;152;2414,90;KUPON;PARTNER;;NFK|5511|11020|202239
5511;11085;26/09/2022;202239;74;827,88;;PARTNER;;NFK|5511|11085|202239
5511;11142;26/09/2022;202239;45;1122,19;;PARTNER;;NFK|5511|11142|202239
5511;12004;26/09/2022;202239;65;2600,00;;PARTNER;;NFK|5511|12004|202239
5511;12066;26/09/2022;202239;46;2788,75;;PARTNER;;NFK|5511|12066|202239
5511;12190;26/09/2022;202239;44;841,50;MP;PARTNER;;NFK|5511|12190|202239
5511;20015;26/09/2022;202239;77;1958,69;;PARTNER;C;NFK|5511|20015|202239
5511;20041;26/09/2022;202239;107;976,38;;PARTNER;A;NFK|5511|20041|202239
5511;20088;26/09/2022;202239;54;3051,00;;PARTNER;B;NFK|5511|20088|202239
5511;20131;26/09/2022;202239;37;781,62;;PARTNER;C;NFK|5511|20131|202239
5511;30012;26/09/2022;202239;30;485,62;;PARTNER;;NFK|5511|30012|202239
5511;30077;26/09/2022;202239;74;3108,00;TILBUD;PARTNER;;NFK|5511|30077|202239
5511;30154;26/09/2022;202239;34;573,75;;PARTNER;;NFK|5511|30154|202239
5511;30209;26/09/2022;202239;37;1385,19;;PARTNER;;NFK|5511|30209|202239
9001;10023;26/09/2022;202239;23;273,12;;DEPOT;;NFK|9001|10023|202239
9001;10047;26/09/2022;202239;14;157,50;;DEPOT;;NFK|9001|10047|202239
9001;10112;26/09/2022;202239;7;148,31;;DEPOT;;NFK|9001|10112|202239
9001;10310;26/09/2022;202239;7;188,12;;DEPOT;;NFK|9001|10310|202239
9001;11020;26/09/2022;202239;18;285,98;KUPON;DEPOT;;NFK|9001|11020|202239
9001;11085;26/09/2022;202239;10;111,88;;DEPOT;;NFK|9001|11085|202239
9001;11142;26/09/2022;202239;7;174,56;;DEPOT;;NFK|9001|11142|202239
9001;12004;26/09/2022;202239;8;320,00;;DEPOT;;NFK|9001|12004|202239
9001;12066;26/09/2022;202239;7;424,38;;DEPOT;;NFK|9001|12066|202239
9001;12190;26/09/2022;202239;7;133,88;MP;DEPOT;;NFK|9001|12190|202239
9001;20015;26/09/2022;202239;11;279,81;;DEPOT;C;NFK|9001|20015|202239
9001;20041;26/09/2022;202239;13;118,62;;DEPOT;A;NFK|9001|20041|202239
9001;20088;26/09/2022;202239;9;508,50;;DEPOT;B;NFK|9001|20088|202239
9001;20131;26/09/2022;202239;5;105,62;;DEPOT;C;NFK|9001|20131|202239
9001;30012;26/09/2022;202239;4;64,75;;DEPOT;;NFK|9001|30012|202239
9001;30077;26/09/2022;202239;7;367,50;;DEPOT;;NFK|9001|30077|202239
9001;30154;26/09/2022;202239;5;84,38;;DEPOT;;NFK|9001|30154|202239
9001;30209;26/09/2022;202239;5;187,19;;DEPOT;;NFK|9001|30209|202239
9001;99001;26/09/2022;202239;0;0,00;;DEPOT;;NFK|9001|99001|202239
1199;10023;26/09/2022;202239;9;106,88;;SUPER;;NFK|1199|10023|202239
1199;10047;26/09/2022;202239;5;56,25;;SUPER;;NFK|1199|10047|202239
1199;10112;26/09/2022;202239;3;63,56;;SUPER;;NFK|1199|10112|202239
1199;10310;26/09/2022;202239;2;53,75;;SUPER;;NFK|1199|10310|202239
1199;11020;26/09/2022;202239;0;0,00;KUPON;SUPER;;NFK|1199|11020|202239
1199;11085;26/09/2022;202239;4;44,75;;SUPER;;NFK|1199|11085|202239
1199;11142;26/09/2022;202239;2;49,88;;SUPER;;NFK|1199|11142|202239
1199;12004;26/09/2022;202239;3;120,00;;SUPER;;NFK|1199|12004|202239
1199;12066;26/09/2022;202239;2;121,25;;SUPER;;NFK|1199|12066|202239
1199;12190;26/09/2022;202239;2;38,25;MP;SUPER;;NFK|1199|12190|202239
1199;20015;26/09/2022;202239;5;127,19;;SUPER;C;NFK|1199|20015|202239
1199;20041;26/09/2022;202239;5;45,62;;SUPER;A;NFK|1199|20041|202239
1199;20088;26/09/2022;202239;3;169,50;;SUPER;B;NFK|1199|20088|202239
1199;20131;26/09/2022;202239;3;63,38;;SUPER;C;NFK|1199|20131|202239
1199;30012;26/09/2022;202239;2;32,38;;SUPER;;NFK|1199|30012|202239
1199;30077;26/09/2022;202239;3;157,50;;SUPER;;NFK|1199|30077|202239
1199;30154;26/09/2022;202239;2;33,75;;SUPER;;NFK|1199|30154|202239
1199;30209;26/09/2022;202239;2;74,88;;SUPER;;NFK|1199|30209|202239
1101;10023;03/10/2022;202240;385;4571,88;;SUPER;;NFK|1101|10023|202240
1101;10047;03/10/2022;202240;252;2835,00;;SUPER;;NFK|1101|10047|202240
1101;10112;03/10/2022;202240;156;3305,25;;SUPER;;NFK|1101|10112|202240
1101;10310;03/10/2022;202240;133;3574,38;;SUPER;;NFK|1101|10310|202240
1101;11020;03/10/2022;202240;357;6671,44;;SUPER;;NFK|1101|11020|202240
1101;11085;03/10/2022;202240;190;2125,62;;SUPER;;NFK|1101|11085|202240
1101;11142;03/10/2022;202240;139;3466,31;;SUPER;;NFK|1101|11142|202240
1101;12004;03/10/2022;202240;159;6360,00;;SUPER;;NFK|1101|12004|202240
1101;12066;03/10/2022;202240;114;6911,25;;SUPER;;NFK|1101|12066|202240
1101;12190;03/10/2022;202240;82;1845,00;;SUPER;;NFK|1101|12190|202240
1101;20015;03/10/2022;202240;243;6181,31;;SUPER;C;NFK|1101|20015|202240
1101;20041;03/10/2022;202240;305;2783,12;;SUPER;A;NFK|1101|20041|202240
1101;20088;03/10/2022;202240;143;8079,50;;SUPER;B;NFK|1101|20088|202240
1101;20131;03/10/2022;202240;102;2154,75;;SUPER;C;NFK|1101|20131|202240
1101;30012;03/10/2022;202240;90;1456,88;;SUPER;;NFK|1101|30012|202240
1101;30077;03/10/2022;202240;130;6825,00;;SUPER;;NFK|1101|30077|202240
1101;30154;03/10/2022;202240;90;1518,75;;SUPER;;NFK|1101|30154|202240
1101;30209;03/10/2022;202240;135;5054,06;;SUPER;;NFK|1101|30209|202240
1101;99001;03/10/2022;202240;7;0,00;;SUPER;;NFK|1101|99001|202240
1102;10023;03/10/2022;202240;411;4880,62;;SUPER;;NFK|1102|10023|202240
1102;10047;03/10/2022;202240;218;2452,50;;SUPER;;NFK|1102|10047|202240
1102;10112;03/10/2022;202240;153;3241,69;;SUPER;;NFK|1102|10112|202240
1102;10310;03/10/2022;202240;105;2821,88;;SUPER;;NFK|1102|10310|202240
1102;11020;03/10/2022;202240;304;5681,00;;SUPER;;NFK|1102|11020|202240
1102;11085;03/10/2022;202240;157;1756,44;;SUPER;;NFK|1102|11085|202240
1102;11142;03/10/2022;202240;111;2768,06;;SUPER;;NFK|1102|11142|202240
1102;12004;03/10/2022;202240;154;6160,00;;SUPER;;NFK|1102|12004|202240
1102;12066;03/10/2022;202240;124;7517,50;;SUPER;;NFK|1102|12066|202240
1102;12190;03/10/2022;202240;80;1800,00;;SUPER;;NFK|1102|12190|202240
1102;20015;03/10/2022;202240;224;5698,00;;SUPER;C;NFK|1102|20015|202240
1102;20041;03/10/2022;202240;295;2691,88;;SUPER;A;NFK|1102|20041|202240
1102;20088;03/10/2022;202240;158;8927,00;;SUPER;B;NFK|1102|20088|202240
1102;20131;03/10/2022;202240;96;2028,00;;SUPER;C;NFK|1102|20131|202240
1102;30012;03/10/2022;202240;81;1311,19;;SUPER;;NFK|1102|30012|202240
1102;30077;03/10/2022;202240;112;5880,00;;SUPER;;NFK|1102|30077|202240
1102;30154;03/10/2022;202240;75;1265,62;;SUPER;;NFK|1102|30154|202240
1102;30209;03/10/2022;202240;106;3968,38;;SUPER;;NFK|1102|30209|202240
1102;99001;03/10/2022;202240;5;0,00;;SUPER;;NFK|1102|99001|202240
1103;10023;03/10/2022;202240;184;2185,00;;NAER;;NFK|1103|10023|202240
1103;10047;03/10/2022;202240;107;1203,75;;NAER;;NFK|1103|10047|202240
1103;10112;03/10/2022;202240;79;1673,81;;NAER;;NFK|1103|10112|202240
1103;10310;03/10/2022;202240;54;1451,25;;NAER;;NFK|1103|10310|202240
1103;11020;03/10/2022;202240;141;2634,94;;NAER;;NFK|1103|11020|202240
1103;11085;03/10/2022;202240;101;1129,94;;NAER;;NFK|1103|11085|202240
1103;11142;03/10/2022;202240;67;1670,81;;NAER;;NFK|1103|11142|202240
1103;12004;03/10/2022;202240;89;3560,00;;NAER;;NFK|1103|12004|202240
1103;12066;03/10/2022;202240;58;3516,25;;NAER;;NFK|1103|12066|202240
1103;12190;03/10/2022;202240;42;945,00;;NAER;;NFK|1103|12190|202240
1103;20015;03/10/2022;202240;103;2620,06;;NAER;C;NFK|1103|20015|202240
1103;20041;03/10/2022;202240;148;1350,50;;NAER;A;NFK|1103|20041|202240
1103;20088;03/10/2022;202240;69;3898,50;;NAER;B;NFK|1103|20088|202240
1103;20131;03/10/2022;202240;45;950,62;;NAER;C;NFK|1103|20131|202240
1103;30012;03/10/2022;202240;36;582,75;;NAER;;NFK|1103|30012|202240
1103;30077;03/10/2022;202240;57;2992,50;;NAER;;NFK|1103|30077|202240
1103;30154;03/10/2022;202240;45;759,38;;NAER;;NFK|1103|30154|202240
1103;30209;03/10/2022;202240;51;1909,31;;NAER;;NFK|1103|30209|202240
1103;99001;03/10/2022;202240;3;0,00;;NAER;;NFK|1103|99001|202240
1108;10023;03/10/2022;202240;678;8051,25;;HYPER;;NFK|1108|10023|202240
1108;10047;03/10/2022;202240;519;5838,75;;HYPER;;NFK|1108|10047|202240
1108;10112;03/10/2022;202240;291;6165,56;;HYPER;;NFK|1108|10112|202240
1108;10310;03/10/2022;202240;215;5778,12;;HYPER;;NFK|1108|10310|202240
1108;11020;03/10/2022;202240;662;12371,12;;HYPER;;NFK|1108|11020|202240
1108;11085;03/10/2022;202240;360;4027,50;;HYPER;;NFK|1108|11085|202240
1108;11142;03/10/2022;202240;280;6982,50;;HYPER;;NFK|1108|11142|202240
1108;12004;03/10/2022;202240;327;13080,00;;HYPER;;NFK|1108|12004|202240
1108;12066;03/10/2022;202240;267;16186,88;;HYPER;;NFK|1108|12066|202240
1108;12190;03/10/2022;202240;166;3735,00;;HYPER;;NFK|1108|12190|202240
1108;20015;03/10/2022;202240;402;10225,88;;HYPER;C;NFK|1108|20015|202240
1108;20041;03/10/2022;202240;592;5402,00;;HYPER;A;NFK|1108|20041|202240
1108;20088;03/10/2022;202240;257;14520,50;;HYPER;B;NFK|1108|20088|202240
1108;20131;03/10/2022;202240;225;4753,12;;HYPER;C;NFK|1108|20131|202240
1108;30012;03/10/2022;202240;139;2250,06;;HYPER;;NFK|1108|30012|202240
1108;30077;03/10/2022;202240;256;13440,00;;HYPER;;NFK|1108|30077|202240
1108;30154;03/10/2022;202240;196;3307,50;;HYPER;;NFK|1108|30154|202240
1108;30209;03/10/2022;202240;208;7787,00;;HYPER;;NFK|1108|30209|202240
3104;10023;03/10/2022;202240;363;4310,62;;SUPER;;NFK|3104|10023|202240
3104;10047;03/10/2022;202240;243;2733,75;;SUPER;;NFK|3104|10047|202240
3104;10112;03/10/2022;202240;126;2669,62;;SUPER;;NFK|3104|10112|202240
3104;10310;03/10/2022;202240;116;3117,50;;SUPER;;NFK|3104|10310|202240
3104;11020;03/10/2022;202240;252;4709,25;;SUPER;;NFK|3104|11020|202240
3104;11085;03/10/2022;202240;169;1890,69;;SUPER;;NFK|3104|11085|202240
3104;11142;03/10/2022;202240;118;2942,62;;SUPER;;NFK|3104|11142|202240
3104;12004;03/10/2022;202240;162;6480,00;;SUPER;;NFK|3104|12004|202240
3104;12066;03/10/2022;202240;127;7699,38;;SUPER;;NFK|3104|12066|202240
3104;12190;03/10/2022;202240;74;1665,00;;SUPER;;NFK|3104|12190|202240
3104;20015;03/10/2022;202240;206;5240,12;;SUPER;C;NFK|3104|20015|202240
3104;20041;03/10/2022;202240;286;2609,75;;SUPER;A;NFK|3104|20041|202240
3104;20088;03/10/2022;202240;134;7571,00;;SUPER;B;NFK|3104|20088|202240
3104;20131;03/10/2022;202240;88;1859,00;;SUPER;C;NFK|3104|20131|202240
3104;30012;03/10/2022;202240;71;1149,31;;SUPER;;NFK|3104|30012|202240
3104;30077;03/10/2022;202240;117;6142,50;;SUPER;;NFK|3104|30077|202240
3104;30154;03/10/2022;202240;81;1366,88;;SUPER;;NFK|3104|30154|202240
3104;30209;03/10/2022;202240;111;4155,56;;SUPER;;NFK|3104|30209|202240
3104;99001;03/10/2022;202240;6;0,00;;SUPER;;NFK|3104|99001|202240
3117;10023;03/10/2022;202240;147;1745,62;;NAER;;NFK|3117|10023|202240
3117;10047;03/10/2022;202240;100;1125,00;;NAER;;NFK|3117|10047|202240
3117;10112;03/10/2022;202240;0;0,00;;NAER;;NFK|3117|10112|202240
3117;10310;03/10/2022;202240;49;1316,88;;NAER;;NFK|3117|10310|202240
3117;11020;03/10/2022;202240;148;2765,75;;NAER;;NFK|3117|11020|202240
3117;11085;03/10/2022;202240;79;883,81;;NAER;;NFK|3117|11085|202240
3117;11142;03/10/2022;202240;59;1471,31;;NAER;;NFK|3117|11142|202240
3117;12004;03/10/2022;202240;75;3000,00;;NAER;;NFK|3117|12004|202240
3117;12066;03/10/2022;202240;58;3516,25;;NAER;;NFK|3117|12066|202240
3117;12190;03/10/2022;202240;35;787,50;;NAER;;NFK|3117|12190|202240
3117;20015;03/10/2022;202240;95;2416,56;;NAER;C;NFK|3117|20015|202240
3117;20041;03/10/2022;202240;123;1122,38;;NAER;A;NFK|3117|20041|202240
3117;20088;03/10/2022;202240;72;4068,00;;NAER;B;NFK|3117|20088|202240
3117;20131;03/10/2022;202240;48;1014,00;;NAER;C;NFK|3117|20131|202240
3117;30012;03/10/2022;202240;34;550,38;;NAER;;NFK|3117|30012|202240
3117;30077;03/10/2022;202240;50;2625,00;;NAER;;NFK|3117|30077|202240
3117;30154;03/10/2022;202240;42;708,75;;NAER;;NFK|3117|30154|202240
3117;30209;03/10/2022;202240;45;1684,69;;NAER;;NFK|3117|30209|202240
3117;99001;03/10/2022;202240;3;0,00;;NAER;;NFK|3117|99001|202240
3122;10023;03/10/2022;202240;123;1460,62;;FRANCHISE;;NFK|3122|10023|202240
3122;10047;03/10/2022;202240;88;990,00;;FRANCHISE;;NFK|3122|10047|202240
3122;10112;03/10/2022;202240;48;1017,00;;FRANCHISE;;NFK|3122|10112|202240
3122;10310;03/10/2022;202240;35;940,62;;FRANCHISE;;NFK|3122|10310|202240
3122;11020;03/10/2022;202240;85;1588,44;;FRANCHISE;;NFK|3122|11020|202240
3122;11085;03/10/2022;202240;61;682,44;;FRANCHISE;;NFK|3122|11085|202240
3122;11142;03/10/2022;202240;46;1147,12;;FRANCHISE;;NFK|3122|11142|202240
3122;12004;03/10/2022;202240;52;2080,00;;FRANCHISE;;NFK|3122|12004|202240
3122;12066;03/10/2022;202240;37;2243,12;;FRANCHISE;;NFK|3122|12066|202240
3122;12190;03/10/2022;202240;26;585,00;;FRANCHISE;;NFK|3122|12190|202240
3122;20015;03/10/2022;202240;71;1806,06;;FRANCHISE;C;NFK|3122|20015|202240
3122;20041;03/10/2022;202240;83;757,38;;FRANCHISE;A;NFK|3122|20041|202240
3122;20088;03/10/2022;202240;41;2316,50;;FRANCHISE;B;NFK|3122|20088|202240
3122;20131;03/10/2022;202240;34;718,25;;FRANCHISE;C;NFK|3122|20131|202240
3122;30012;03/10/2022;202240;25;404,69;;FRANCHISE;;NFK|3122|30012|202240
3122;30077;03/10/2022;202240;42;2205,00;;FRANCHISE;;NFK|3122|30077|202240
3122;30154;03/10/2022;202240;28;472,50;;FRANCHISE;;NFK|3122|30154|202240
3122;30209;03/10/2022;202240;31;1160,56;;FRANCHISE;;NFK|3122|30209|202240
4201;10023;03/10/2022;202240;678;8051,25;;HYPER;;NFK|4201|10023|202240
4201;10047;03/10/2022;202240;376;4230,00;;HYPER;;NFK|4201|10047|202240
4201;10112;03/10/2022;202240;232;4915,50;;HYPER;;NFK|4201|10112|202240
4201;10310;03/10/2022;202240;216;5805,00;;HYPER;;NFK|4201|10310|202240
4201;11020;03/10/2022;202240;495;9250,31;;HYPER;;NFK|4201|11020|202240
4201;11085;03/10/2022;202240;278;3110,12;;HYPER;;NFK|4201|11085|202240
4201;11142;03/10/2022;202240;213;5311,69;;HYPER;;NFK|4201|11142|202240
4201;12004;03/10/2022;202240;298;11920,00;;HYPER;;NFK|4201|12004|202240
4201;12066;03/10/2022;202240;186;11276,25;;HYPER;;NFK|4201|12066|202240
4201;12190;03/10/2022;202240;136;3060,00;;HYPER;;NFK|4201|12190|202240
4201;20015;03/10/2022;202240;433;11014,44;;HYPER;C;NFK|4201|20015|202240
4201;20041;03/10/2022;202240;504;4599,00;;HYPER;A;NFK|4201|20041|202240
4201;20088;03/10/2022;202240;242;13673,00;;HYPER;B;NFK|4201|20088|202240
4201;20131;03/10/2022;202240;152;3211,00;;HYPER;C;NFK|4201|20131|202240
4201;30012;03/10/2022;202240;143;2314,81;;HYPER;;NFK|4201|30012|202240
4201;30077;03/10/2022;202240;179;9397,50;;HYPER;;NFK|4201|30077|202240
4201;30154;03/10/2022;202240;144;2430,00;;HYPER;;NFK|4201|30154|202240
4201;30209;03/10/2022;202240;197;7375,19;;HYPER;;NFK|4201|30209|202240
4205;10023;03/10/2022;202240;368;4370,00;;SUPER;;NFK|4205|10023|202240
4205;10047;03/10/2022;202240;235;2643,75;;SUPER;;NFK|4205|10047|202240
4205;10112;03/10/2022;202240;147;3114,56;;SUPER;;NFK|4205|10112|202240
4205;10310;03/10/2022;202240;115;3090,62;;SUPER;;NFK|4205|10310|202240
4205;11020;03/10/2022;202240;350;6540,62;;SUPER;;NFK|4205|11020|202240
4205;11085;03/10/2022;202240;162;1812,37;;SUPER;;NFK|4205|11085|202240
4205;11142;03/10/2022;202240;117;2917,69;;SUPER;;NFK|4205|11142|202240
4205;12004;03/10/2022;202240;180;7200,00;;SUPER;;NFK|4205|12004|202240
4205;12066;03/10/2022;202240;110;6668,75;;SUPER;;NFK|4205|12066|202240
4205;12190;03/10/2022;202240;86;1935,00;;SUPER;;NFK|4205|12190|202240
4205;20015;03/10/2022;202240;217;5519,94;;SUPER;C;NFK|4205|20015|202240
4205;20041;03/10/2022;202240;254;2317,75;;SUPER;A;NFK|4205|20041|202240
4205;20088;03/10/2022;202240;142;8023,00;;SUPER;B;NFK|4205|20088|202240
4205;20131;03/10/2022;202240;110;2323,75;;SUPER;C;NFK|4205|20131|202240
4205;30012;03/10/2022;202240;87;1408,31;;SUPER;;NFK|4205|30012|202240
4205;30077;03/10/2022;202240;116;6090,00;;SUPER;;NFK|4205|30077|202240
4205;30154;03/10/2022;202240;91;1535,62;;SUPER;;NFK|4205|30154|202240
4205;30209;03/10/2022;202240;108;4043,25;;SUPER;;NFK|4205|30209|202240
4218;10023;03/10/2022;202240;453;5379,38;;SUPER;;NFK|4218|10023|202240
4218;10047;03/10/2022;202240;237;2666,25;;SUPER;;NFK|4218|10047|202240
4218;10112;03/10/2022;202240;161;3411,19;;SUPER;;NFK|4218|10112|202240
4218;10310;03/10/2022;202240;124;3332,50;;SUPER;;NFK|4218|10310|202240
4218;11020;03/10/2022;202240;346;6465,88;;SUPER;;NFK|4218|11020|202240
4218;11085;03/10/2022;202240;207;2315,81;;SUPER;;NFK|4218|11085|202240
4218;11142;03/10/2022;202240;129;3216,94;;SUPER;;NFK|4218|11142|202240
4218;12004;03/10/2022;202240;187;7480,00;;SUPER;;NFK|4218|12004|202240
4218;12066;03/10/2022;202240;127;7699,38;;SUPER;;NFK|4218|12066|202240
4218;12190;03/10/2022;202240;109;2452,50;;SUPER;;NFK|4218|12190|202240
4218;20015;03/10/2022;202240;265;6740,94;;SUPER;C;NFK|4218|20015|202240
4218;20041;03/10/2022;202240;306;2792,25;;SUPER;A;NFK|4218|20041|202240
4218;20088;03/10/2022;202240;142;8023,00;;SUPER;B;NFK|4218|20088|202240
4218;20131;03/10/2022;202240;96;2028,00;;SUPER;C;NFK|4218|20131|202240
4218;30012;03/10/2022;202240;95;1537,81;;SUPER;;NFK|4218|30012|202240
4218;30077;03/10/2022;202240;138;7245,00;;SUPER;;NFK|4218|30077|202240
4218;30154;03/10/2022;202240;104;1755,00;;SUPER;;NFK|4218|30154|202240
4218;30209;03/10/2022;202240;106;3968,38;;SUPER;;NFK|4218|30209|202240
4218;99001;03/10/2022;202240;6;0,00;;SUPER;;NFK|4218|99001|202240
5502;10023;03/10/2022;202240;387;4595,62;;SUPER;;NFK|5502|10023|202240
5502;10047;03/10/2022;202240;207;2328,75;;SUPER;;NFK|5502|10047|202240
5502;10112;03/10/2022;202240;137;2902,69;;SUPER;;NFK|5502|10112|202240
5502;10310;03/10/2022;202240;101;2714,38;;SUPER;;NFK|5502|10310|202240
5502;11020;03/10/2022;202240;331;6185,56;;SUPER;;NFK|5502|11020|202240
5502;11085;03/10/2022;202240;178;1991,38;;SUPER;;NFK|5502|11085|202240
5502;11142;03/10/2022;202240;123;3067,31;;SUPER;;NFK|5502|11142|202240
5502;12004;03/10/2022;202240;169;6760,00;;SUPER;;NFK|5502|12004|202240
5502;12066;03/10/2022;202240;118;7153,75;;SUPER;;NFK|5502|12066|202240
5502;12190;03/10/2022;202240;79;1777,50;;SUPER;;NFK|5502|12190|202240
5502;20015;03/10/2022;202240;218;5545,38;;SUPER;C;NFK|5502|20015|202240
5502;20041;03/10/2022;202240;267;2436,38;;SUPER;A;NFK|5502|20041|202240
5502;20088;03/10/2022;202240;138;7797,00;;SUPER;B;NFK|5502|20088|202240
5502;20131;03/10/2022;202240;89;1880,12;;SUPER;C;NFK|5502|20131|202240
5502;30012;03/10/2022;202240;74;1197,88;;SUPER;;NFK|5502|30012|202240
5502;30077;03/10/2022;202240;101;5302,50;;SUPER;;NFK|5502|30077|202240
5502;30154;03/10/2022;202240;73;1231,88;;SUPER;;NFK|5502|30154|202240
5502;30209;03/10/2022;202240;102;3818,62;;SUPER;;NFK|5502|30209|202240
5502;99001;03/10/2022;202240;6;0,00;;SUPER;;NFK|5502|99001|202240
5511;10023;03/10/2022;202240;123;1460,62;;PARTNER;;NFK|5511|10023|202240
5511;10047;03/10/2022;202240;82;922,50;;PARTNER;;NFK|5511|10047|202240
5511;10112;03/10/2022;202240;47;995,81;;PARTNER;;NFK|5511|10112|202240
5511;10310;03/10/2022;202240;39;1048,12;;PARTNER;;NFK|5511|10310|202240
5511;11020;03/10/2022;202240;104;1943,50;;PARTNER;;NFK|5511|11020|202240
5511;11085;03/10/2022;202240;60;671,25;;PARTNER;;NFK|5511|11085|202240
5511;11142;03/10/2022;202240;53;1321,69;;PARTNER;;NFK|5511|11142|202240
5511;12004;03/10/2022;202240;55;2200,00;;PARTNER;;NFK|5511|12004|202240
5511;12066;03/10/2022;202240;50;3031,25;;PARTNER;;NFK|5511|12066|202240
5511;12190;03/10/2022;202240;36;810,00;;PARTNER;;NFK|5511|12190|202240
5511;20015;03/10/2022;202240;73;1856,94;;PARTNER;C;NFK|5511|20015|202240
5511;20041;03/10/2022;202240;114;1040,25;;PARTNER;A;NFK|5511|20041|202240
5511;20088;03/10/2022;202240;48;2712,00;;PARTNER;B;NFK|5511|20088|202240
5511;20131;03/10/2022;202240;42;887,25;;PARTNER;C;NFK|5511|20131|202240
5511;30012;03/10/2022;202240;30;485,62;;PARTNER;;NFK|5511|30012|202240
5511;30077;03/10/2022;202240;41;2152,50;;PARTNER;;NFK|5511|30077|202240
5511;30154;03/10/2022;202240;35;590,62;;PARTNER;;NFK|5511|30154|202240
5511;30209;03/10/2022;202240;45;1684,69;;PARTNER;;NFK|5511|30209|202240
5511;99001;03/10/2022;202240;2;0,00;;PARTNER;;NFK|5511|99001|202240
9001;10023;03/10/2022;202240;23;273,12;;DEPOT;;NFK|9001|10023|202240
9001;10047;03/10/2022;202240;14;157,50;;DEPOT;;NFK|9001|10047|202240
9001;10112;03/10/2022;202240;8;169,50;;DEPOT;;NFK|9001|10112|202240
9001;10310;03/10/2022;202240;6;161,25;;DEPOT;;NFK|9001|10310|202240
9001;11020;03/10/2022;202240;18;336,37;;DEPOT;;NFK|9001|11020|202240
9001;11085;03/10/2022;202240;10;111,88;;DEPOT;;NFK|9001|11085|202240
9001;11142;03/10/2022;202240;6;149,62;;DEPOT;;NFK|9001|11142|202240
9001;12004;03/10/2022;202240;8;320,00;;DEPOT;;NFK|9001|12004|202240
9001;12066;03/10/2022;202240;6;363,75;;DEPOT;;NFK|9001|12066|202240
9001;12190;03/10/2022;202240;5;112,50;;DEPOT;;NFK|9001|12190|202240
9001;20015;03/10/2022;202240;13;330,69;;DEPOT;C;NFK|9001|20015|202240
9001;20041;03/10/2022;202240;15;136,88;;DEPOT;A;NFK|9001|20041|202240
9001;20088;03/10/2022;202240;8;452,00;;DEPOT;B;NFK|9001|20088|202240
9001;20131;03/10/2022;202240;5;105,62;;DEPOT;C;NFK|9001|20131|202240
9001;30012;03/10/2022;202240;4;64,75;;DEPOT;;NFK|9001|30012|202240
9001;30077;03/10/2022;202240;7;367,50;;DEPOT;;NFK|9001|30077|202240
9001;30154;03/10/2022;202240;4;67,50;;DEPOT;;NFK|9001|30154|202240
9001;30209;03/10/2022;202240;6;224,62;;DEPOT;;NFK|9001|30209|202240
1199;10023;03/10/2022;202240;8;95,00;;SUPER;;NFK|1199|10023|202240
1199;10047;03/10/2022;202240;5;56,25;;SUPER;;NFK|1199|10047|202240
1199;10112;03/10/2022;202240;3;63,56;;SUPER;;NFK|1199|10112|202240
1199;10310;03/10/2022;202240;2;53,75;;SUPER;;NFK|1199|10310|202240
1199;11020;03/10/2022;202240;7;130,81;;SUPER;;NFK|1199|11020|202240
1199;11085;03/10/2022;202240;4;44,75;;SUPER;;NFK|1199|11085|202240
1199;11142;03/10/2022;202240;3;74,81;;SUPER;;NFK|1199|11142|202240
1199;12004;03/10/2022;202240;3;120,00;;SUPER;;NFK|1199|12004|202240
1199;12066;03/10/2022;202240;2;121,25;;SUPER;;NFK|1199|12066|202240
1199;12190;03/10/2022;202240;2;45,00;;SUPER;;NFK|1199|12190|202240
1199;20015;03/10/2022;202240;5;127,19;;SUPER;C;NFK|1199|20015|202240
1199;20041;03/10/2022;202240;7;63,88;;SUPER;A;NFK|1199|20041|202240
1199;20088;03/10/2022;202240;3;169,50;;SUPER;B;NFK|1199|20088|202240
1199;20131;03/10/2022;202240;2;42,25;;SUPER;C;NFK|1199|20131|202240
1199;30012;03/10/2022;202240;2;32,38;;SUPER;;NFK|1199|30012|202240
1199;30077;03/10/2022;202240;3;157,50;;SUPER;;NFK|1199|30077|202240
1199;30154;03/10/2022;202240;2;33,75;;SUPER;;NFK|1199|30154|202240
1199;30209;03/10/2022;202240;2;74,88;;SUPER;;NFK|1199|30209|202240
1101;10023;10/10/2022;202241;457;5426,88;;SUPER;;NFK|1101|10023|202241
1101;10047;10/10/2022;202241;280;3150,00;;SUPER;;NFK|1101|10047|202241
1101;10112;10/10/2022;202241;193;3476,41;TILBUD;SUPER;;NFK|1101|10112|202241
1101;10310;10/10/2022;202241;155;3539,81;TILBUD;SUPER;;NFK|1101|10310|202241
1101;11020;10/10/2022;202241;350;6540,62;;SUPER;;NFK|1101|11020|202241
1101;11085;10/10/2022;202241;174;1946,62;;SUPER;;NFK|1101|11085|202241
1101;11142;10/10/2022;202241;126;3142,12;;SUPER;;NFK|1101|11142|202241
1101;12004;10/10/2022;202241;157;6280,00;;SUPER;;NFK|1101|12004|202241
1101;12066;10/10/2022;202241;138;8366,25;;SUPER;;NFK|1101|12066|202241
1101;12190;10/10/2022;202241;98;2205,00;;SUPER;;NFK|1101|12190|202241
1101;20015;10/10/2022;202241;215;5469,06;;SUPER;C;NFK|1101|20015|202241
1101;20041;10/10/2022;202241;293;2673,62;;SUPER;A;NFK|1101|20041|202241
1101;20088;10/10/2022;202241;174;9831,00;;SUPER;B;NFK|1101|20088|202241
1101;20131;10/10/2022;202241;102;2154,75;;SUPER;C;NFK|1101|20131|202241
1101;30012;10/10/2022;202241;95;1537,81;;SUPER;;NFK|1101|30012|202241
1101;30077;10/10/2022;202241;126;6615,00;;SUPER;;NFK|1101|30077|202241
1101;30154;10/10/2022;202241;105;1771,88;;SUPER;;NFK|1101|30154|202241
1101;30209;10/10/2022;202241;115;4305,31;;SUPER;;NFK|1101|30209|202241
1102;10023;10/10/2022;202241;377;4476,88;;SUPER;;NFK|1102|10023|202241
1102;10047;10/10/2022;202241;230;2587,50;;SUPER;;NFK|1102|10047|202241
1102;10112;10/10/2022;202241;204;3674,55;TILBUD;SUPER;;NFK|1102|10112|202241
1102;10310;10/10/2022;202241;155;3539,81;TILBUD;SUPER;;NFK|1102|10310|202241
1102;11020;10/10/2022;202241;259;4840,06;;SUPER;;NFK|1102|11020|202241
1102;11085;10/10/2022;202241;177;1980,19;;SUPER;;NFK|1102|11085|202241
1102;11142;10/10/2022;202241;143;3566,06;;SUPER;;NFK|1102|11142|202241
1102;12004;10/10/2022;202241;151;6040,00;;SUPER;;NFK|1102|12004|202241
1102;12066;10/10/2022;202241;114;6911,25;;SUPER;;NFK|1102|12066|202241
1102;12190;10/10/2022;202241;87;1957,50;;SUPER;;NFK|1102|12190|202241
1102;20015;10/10/2022;202241;192;4884,00;;SUPER;C;NFK|1102|20015|202241
1102;20041;10/10/2022;202241;262;2390,75;;SUPER;A;NFK|1102|20041|202241
1102;20088;10/10/2022;202241;136;7684,00;;SUPER;B;NFK|1102|20088|202241
1102;20131;10/10/2022;202241;105;2218,12;;SUPER;C;NFK|1102|20131|202241
1102;30012;10/10/2022;202241;80;1295,00;;SUPER;;NFK|1102|30012|202241
1102;30077;10/10/2022;202241;127;6667,50;;SUPER;;NFK|1102|30077|202241
1102;30154;10/10/2022;202241;88;1485,00;;SUPER;;NFK|1102|30154|202241
1102;30209;10/10/2022;202241;106;3968,38;;SUPER;;NFK|1102|30209|202241
1102;99001;10/10/2022;202241;5;0,00;;SUPER;;NFK|1102|99001|202241
1103;10023;10/10/2022;202241;194;2303,75;;NAER;;NFK|1103|10023|202241
1103;10047;10/10/2022;202241;116;1305,00;;NAER;;NFK|1103|10047|202241
1103;10112;10/10/2022;202241;109;1963,36;TILBUD;NAER;;NFK|1103|10112|202241
1103;10310;10/10/2022;202241;73;1667,14;TILBUD;NAER;;NFK|1103|10310|202241
1103;11020;10/10/2022;202241;170;3176,88;;NAER;;NFK|1103|11020|202241
1103;11085;10/10/2022;202241;94;1051,62;;NAER;;NFK|1103|11085|202241
1103;11142;10/10/2022;202241;72;1795,50;;NAER;;NFK|1103|11142|202241
1103;12004;10/10/2022;202241;74;2960,00;;NAER;;NFK|1103|12004|202241
1103;12066;10/10/2022;202241;67;4061,88;;NAER;;NFK|1103|12066|202241
1103;12190;10/10/2022;202241;44;990,00;;NAER;;NFK|1103|12190|202241
1103;20015;10/10/2022;202241;100;2543,75;;NAER;C;NFK|1103|20015|202241
1103;20041;10/10/2022;202241;132;1204,50;;NAER;A;NFK|1103|20041|202241
1103;20088;10/10/2022;202241;70;3955,00;;NAER;B;NFK|1103|20088|202241
1103;20131;10/10/2022;202241;46;971,75;;NAER;C;NFK|1103|20131|202241
1103;30012;10/10/2022;202241;36;582,75;;NAER;;NFK|1103|30012|202241
1103;30077;10/10/2022;202241;56;2940,00;;NAER;;NFK|1103|30077|202241
1103;30154;10/10/2022;202241;47;793,12;;NAER;;NFK|1103|30154|202241
1103;30209;10/10/2022;202241;51;1909,31;;NAER;;NFK|1103|30209|202241
1108;10023;10/10/2022;202241;754;8953,75;;HYPER;;NFK|1108|10023|202241
1108;10047;10/10/2022;202241;458;5152,50;;HYPER;;NFK|1108|10047|202241
1108;10112;10/10/2022;202241;419;7547,24;TILBUD;HYPER;;NFK|1108|10112|202241
1108;10310;10/10/2022;202241;323;7376,51;TILBUD;HYPER;;NFK|1108|10310|202241
1108;11020;10/10/2022;202241;629;11754,44;;HYPER;;NFK|1108|11020|202241
1108;11085;10/10/2022;202241;337;3770,19;;HYPER;;NFK|1108|11085|202241
1108;11142;10/10/2022;202241;227;5660,81;;HYPER;;NFK|1108|11142|202241
1108;12004;10/10/2022;202241;316;12640,00;;HYPER;;NFK|1108|12004|202241
1108;12066;10/10/2022;202241;237;14368,12;;HYPER;;NFK|1108|12066|202241
1108;12190;10/10/2022;202241;189;4252,50;;HYPER;;NFK|1108|12190|202241
1108;20015;10/10/2022;202241;457;11624,94;;HYPER;C;NFK|1108|20015|202241
1108;20041;10/10/2022;202241;618;5639,25;;HYPER;A;NFK|1108|20041|202241
1108;20088;10/10/2022;202241;265;14972,50;;HYPER;B;NFK|1108|20088|202241
1108;20131;10/10/2022;202241;214;4520,75;;HYPER;C;NFK|1108|20131|202241
1108;30012;10/10/2022;202241;174;2816,62;;HYPER;;NFK|1108|30012|202241
1108;30077;10/10/2022;202241;264;13860,00;;HYPER;;NFK|1108|30077|202241
1108;30154;10/10/2022;202241;163;2750,62;;HYPER;;NFK|1108|30154|202241
1108;30209;10/10/2022;202241;239;8947,56;;HYPER;;NFK|1108|30209|202241
1108;99001;10/10/2022;202241;10;0,00;;HYPER;;NFK|1108|99001|202241
3104;10023;10/10/2022;202241;338;4013,75;;SUPER;;NFK|3104|10023|202241
3104;10047;10/10/2022;202241;249;2801,25;;SUPER;;NFK|3104|10047|202241
3104;10112;10/10/2022;202241;124;2627,25;;SUPER;;NFK|3104|10112|202241
3104;10310;10/10/2022;202241;98;2633,75;;SUPER;;NFK|3104|10310|202241
3104;11020;10/10/2022;202241;273;5101,69;;SUPER;;NFK|3104|11020|202241
3104;11085;10/10/2022;202241;158;1767,62;;SUPER;;NFK|3104|11085|202241
3104;11142;10/10/2022;202241;134;3341,62;;SUPER;;NFK|3104|11142|202241
3104;12004;10/10/2022;202241;154;6160,00;;SUPER;;NFK|3104|12004|202241
3104;12066;10/10/2022;202241;110;6668,75;;SUPER;;NFK|3104|12066|202241
3104;12190;10/10/2022;202241;76;1710,00;;SUPER;;NFK|3104|12190|202241
3104;20015;10/10/2022;202241;199;5062,06;;SUPER;C;NFK|3104|20015|202241
3104;20041;10/10/2022;202241;289;2637,12;;SUPER;A;NFK|3104|20041|202241
3104;20088;10/10/2022;202241;126;7119,00;;SUPER;B;NFK|3104|20088|202241
3104;20131;10/10/2022;202241;105;2218,12;;SUPER;C;NFK|3104|20131|202241
3104;30012;10/10/2022;202241;69;1116,94;;SUPER;;NFK|3104|30012|202241
3104;30077;10/10/2022;202241;98;5145,00;;SUPER;;NFK|3104|30077|202241
3104;30154;10/10/2022;202241;72;1215,00;;SUPER;;NFK|3104|30154|202241
3104;30209;10/10/2022;202241;106;3968,38;;SUPER;;NFK|3104|30209|202241
3117;10023;10/10/2022;202241;144;1710,00;;NAER;;NFK|3117|10023|202241
3117;10047;10/10/2022;202241;94;1057,50;;NAER;;NFK|3117|10047|202241
3117;10112;10/10/2022;202241;65;1377,19;;NAER;;NFK|3117|10112|202241
3117;10310;10/10/2022;202241;43;1155,62;;NAER;;NFK|3117|10310|202241
3117;11020;10/10/2022;202241;134;2504,12;;NAER;;NFK|3117|11020|202241
3117;11085;10/10/2022;202241;77;861,44;;NAER;;NFK|3117|11085|202241
3117;11142;10/10/2022;202241;59;1471,31;;NAER;;NFK|3117|11142|202241
3117;12004;10/10/2022;202241;71;2840,00;;NAER;;NFK|3117|12004|202241
3117;12066;10/10/2022;202241;55;3334,38;;NAER;;NFK|3117|12066|202241
3117;12190;10/10/2022;202241;38;855,00;;NAER;;NFK|3117|12190|202241
3117;20015;10/10/2022;202241;107;2721,81;;NAER;C;NFK|3117|20015|202241
3117;20041;10/10/2022;202241;116;1058,50;;NAER;A;NFK|3117|20041|202241
3117;20088;10/10/2022;202241;68;3842,00;;NAER;B;NFK|3117|20088|202241
3117;20131;10/10/2022;202241;46;971,75;;NAER;C;NFK|3117|20131|202241
3117;30012;10/10/2022;202241;33;534,19;;NAER;;NFK|3117|30012|202241
3117;30077;10/10/2022;202241;46;2415,00;;NAER;;NFK|3117|30077|202241
3117;30154;10/10/2022;202241;40;675,00;;NAER;;NFK|3117|30154|202241
3117;30209;10/10/2022;202241;43;1609,81;;NAER;;NFK|3117|30209|202241
3122;10023;10/10/2022;202241;107;1270,62;;FRANCHISE;;NFK|3122|10023|202241
3122;10047;10/10/2022;202241;82;922,50;;FRANCHISE;;NFK|3122|10047|202241
3122;10112;10/10/2022;202241;47;995,81;;FRANCHISE;;NFK|3122|10112|202241
3122;10310;10/10/2022;202241;39;1048,12;;FRANCHISE;;NFK|3122|10310|202241
3122;11020;10/10/2022;202241;101;1887,44;;FRANCHISE;;NFK|3122|11020|202241
3122;11085;10/10/2022;202241;58;648,87;;FRANCHISE;;NFK|3122|11085|202241
3122;11142;10/10/2022;202241;37;922,69;;FRANCHISE;;NFK|3122|11142|202241
3122;12004;10/10/2022;202241;52;2080,00;;FRANCHISE;;NFK|3122|12004|202241
3122;12066;10/10/2022;202241;36;2182,50;;FRANCHISE;;NFK|3122|12066|202241
3122;12190;10/10/2022;202241;31;697,50;;FRANCHISE;;NFK|3122|12190|202241
3122;20015;10/10/2022;202241;62;1577,12;;FRANCHISE;C;NFK|3122|20015|202241
3122;20041;10/10/2022;202241;94;857,75;;FRANCHISE;A;NFK|3122|20041|202241
3122;20088;10/10/2022;202241;42;2373,00;;FRANCHISE;B;NFK|3122|20088|202241
3122;20131;10/10/2022;202241;29;612,62;;FRANCHISE;C;NFK|3122|20131|202241
3122;30012;10/10/2022;202241;23;372,31;;FRANCHISE;;NFK|3122|30012|202241
3122;30077;10/10/2022;202241;34;1785,00;;FRANCHISE;;NFK|3122|30077|202241
3122;30154;10/10/2022;202241;29;489,38;;FRANCHISE;;NFK|3122|30154|202241
3122;30209;10/10/2022;202241;37;1385,19;;FRANCHISE;;NFK|3122|30209|202241
4201;10023;10/10/2022;202241;630;7481,25;;HYPER;;NFK|4201|10023|202241
4201;10047;10/10/2022;202241;401;4511,25;;HYPER;;NFK|4201|10047|202241
4201;10112;10/10/2022;202241;307;5529,84;TILBUD;HYPER;;NFK|4201|10112|202241
4201;10310;10/10/2022;202241;312;7125,30;TILBUD;HYPER;;NFK|4201|10310|202241
4201;11020;10/10/2022;202241;512;9568,00;;HYPER;;NFK|4201|11020|202241
4201;11085;10/10/2022;202241;311;3479,31;;HYPER;;NFK|4201|11085|202241
4201;11142;10/10/2022;202241;199;4962,56;;HYPER;;NFK|4201|11142|202241
4201;12004;10/10/2022;202241;254;10160,00;;HYPER;;NFK|4201|12004|202241
4201;12066;10/10/2022;202241;182;11033,75;;HYPER;;NFK|4201|12066|202241
4201;12190;10/10/2022;202241;212;4293,00;TILBUD;HYPER;;NFK|4201|12190|202241
4201;20015;10/10/2022;202241;392;9971,50;;HYPER;C;NFK|4201|20015|202241
4201;20041;10/10/2022;202241;435;3969,38;;HYPER;A;NFK|4201|20041|202241
4201;20088;10/10/2022;202241;226;12769,00;;HYPER;B;NFK|4201|20088|202241
4201;20131;10/10/2022;202241;169;3570,12;;HYPER;C;NFK|4201|20131|202241
4201;30012;10/10/2022;202241;121;1958,69;;HYPER;;NFK|4201|30012|202241
4201;30077;10/10/2022;202241;199;10447,50;;HYPER;;NFK|4201|30077|202241
4201;30154;10/10/2022;202241;168;2835,00;;HYPER;;NFK|4201|30154|202241
4201;30209;10/10/2022;202241;196;7337,75;;HYPER;;NFK|4201|30209|202241
4201;99001;10/10/2022;202241;8;0,00;;HYPER;;NFK|4201|99001|202241
4205;10023;10/10/2022;202241;397;4714,38;;SUPER;;NFK|4205|10023|202241
4205;10047;10/10/2022;202241;221;2486,25;;SUPER;;NFK|4205|10047|202241
4205;10112;10/10/2022;202241;179;3224,24;TILBUD;SUPER;;NFK|4205|10112|202241
4205;10310;10/10/2022;202241;158;3608,32;TILBUD;SUPER;;NFK|4205|10310|202241
4205;11020;10/10/2022;202241;350;6540,62;;SUPER;;NFK|4205|11020|202241
4205;11085;10/10/2022;202241;166;1857,12;;SUPER;;NFK|4205|11085|202241
4205;11142;10/10/2022;202241;127;3167,06;;SUPER;;NFK|4205|11142|202241
4205;12004;10/10/2022;202241;170;6800,00;;SUPER;;NFK|4205|12004|202241
4205;12066;10/10/2022;202241;130;7881,25;;SUPER;;NFK|4205|12066|202241
4205;12190;10/10/2022;202241;107;2166,75;TILBUD;SUPER;;NFK|4205|12190|202241
4205;20015;10/10/2022;202241;218;5545,38;;SUPER;C;NFK|4205|20015|202241
4205;20041;10/10/2022;202241;312;2847,00;;SUPER;A;NFK|4205|20041|202241
4205;20088;10/10/2022;202241;151;8531,50;;SUPER;B;NFK|4205|20088|202241
4205;20131;10/10/2022;202241;97;2049,12;;SUPER;C;NFK|4205|20131|202241
4205;30012;10/10/2022;202241;72;1165,50;;SUPER;;NFK|4205|30012|202241
4205;30077;10/10/2022;202241;126;6615,00;;SUPER;;NFK|4205|30077|202241
4205;30154;10/10/2022;202241;100;1687,50;;SUPER;;NFK|4205|30154|202241
4205;30209;10/10/2022;202241;109;4080,69;;SUPER;;NFK|4205|30209|202241
4205;99001;10/10/2022;202241;5;0,00;;SUPER;;NFK|4205|99001|202241
4218;10023;10/10/2022;202241;400;4750,00;;SUPER;;NFK|4218|10023|202241
4218;10047;10/10/2022;202241;247;2778,75;;SUPER;;NFK|4218|10047|202241
4218;10112;10/10/2022;202241;198;3566,47;TILBUD;SUPER;;NFK|4218|10112|202241
4218;10310;10/10/2022;202241;157;3585,49;TILBUD;SUPER;;NFK|4218|10310|202241
4218;11020;10/10/2022;202241;368;6877,00;;SUPER;;NFK|4218|11020|202241
4218;11085;10/10/2022;202241;169;1890,69;;SUPER;;NFK|4218|11085|202241
4218;11142;10/10/2022;202241;127;3167,06;;SUPER;;NFK|4218|11142|202241
4218;12004;10/10/2022;202241;171;6840,00;;SUPER;;NFK|4218|12004|202241
4218;12066;10/10/2022;202241;137;8305,62;;SUPER;;NFK|4218|12066|202241
4218;12190;10/10/2022;202241;118;2389,50;TILBUD;SUPER;;NFK|4218|12190|202241
4218;20015;10/10/2022;202241;248;6308,50;;SUPER;C;NFK|4218|20015|202241
4218;20041;10/10/2022;202241;332;3029,50;;SUPER;A;NFK|4218|20041|202241
4218;20088;10/10/2022;202241;157;8870,50;;SUPER;B;NFK|4218|20088|202241
4218;20131;10/10/2022;202241;98;2070,25;;SUPER;C;NFK|4218|20131|202241
4218;30012;10/10/2022;202241;93;1505,44;;SUPER;;NFK|4218|30012|202241
4218;30077;10/10/2022;202241;130;6825,00;;SUPER;;NFK|4218|30077|202241
4218;30154;10/10/2022;202241;91;1535,62;;SUPER;;NFK|4218|30154|202241
4218;30209;10/10/2022;202241;124;4642,25;;SUPER;;NFK|4218|30209|202241
5502;10023;10/10/2022;202241;337;4001,88;;SUPER;;NFK|5502|10023|202241
5502;10047;10/10/2022;202241;233;2621,25;;SUPER;;NFK|5502|10047|202241
5502;10112;10/10/2022;202241;131;2775,56;;SUPER;;NFK|5502|10112|202241
5502;10310;10/10/2022;202241;100;2687,50;;SUPER;;NFK|5502|10310|202241
5502;11020;10/10/2022;202241;263;4914,81;;SUPER;;NFK|5502|11020|202241
5502;11085;10/10/2022;202241;170;1901,87;;SUPER;;NFK|5502|11085|202241
5502;11142;10/10/2022;202241;113;2817,94;;SUPER;;NFK|5502|11142|202241
5502;12004;10/10/2022;202241;152;6080,00;;SUPER;;NFK|5502|12004|202241
5502;12066;10/10/2022;202241;116;7032,50;;SUPER;;NFK|5502|12066|202241
5502;12190;10/10/2022;202241;100;2025,00;TILBUD;SUPER;;NFK|5502|12190|202241
5502;20015;10/10/2022;202241;235;5977,81;;SUPER;C;NFK|5502|20015|202241
5502;20041;10/10/2022;202241;241;2199,12;;SUPER;A;NFK|5502|20041|202241
5502;20088;10/10/2022;202241;131;7401,50;;SUPER;B;NFK|5502|20088|202241
5502;20131;10/10/2022;202241;106;2239,25;;SUPER;C;NFK|5502|20131|202241
5502;30012;10/10/2022;202241;72;1165,50;;SUPER;;NFK|5502|30012|202241
5502;30077;10/10/2022;202241;105;5512,50;;SUPER;;NFK|5502|30077|202241
5502;30154;10/10/2022;202241;79;1333,12;;SUPER;;NFK|5502|30154|202241
5502;30209;10/10/2022;202241;113;4230,44;;SUPER;;NFK|5502|30209|202241
5511;10023;10/10/2022;202241;122;1448,75;;PARTNER;;NFK|5511|10023|202241
5511;10047;10/10/2022;202241;91;1023,75;;PARTNER;;NFK|5511|10047|202241
5511;10112;10/10/2022;202241;45;953,44;;PARTNER;;NFK|5511|10112|202241
5511;10310;10/10/2022;202241;47;1263,12;;PARTNER;;NFK|5511|10310|202241
5511;11020;10/10/2022;202241;125;2335,94;;PARTNER;;NFK|5511|11020|202241
5511;11085;10/10/2022;202241;64;716,00;;PARTNER;;NFK|5511|11085|202241
5511;11142;10/10/2022;202241;49;1221,94;;PARTNER;;NFK|5511|11142|202241
5511;12004;10/10/2022;202241;63;2520,00;;PARTNER;;NFK|5511|12004|202241
5511;12066;10/10/2022;202241;43;2606,88;;PARTNER;;NFK|5511|12066|202241
5511;12190;10/10/2022;202241;43;870,75;TILBUD;PARTNER;;NFK|5511|12190|202241
5511;20015;10/10/2022;202241;90;2289,38;;PARTNER;C;NFK|5511|20015|202241
5511;20041;10/10/2022;202241;91;830,38;;PARTNER;A;NFK|5511|20041|202241
5511;20088;10/10/2022;202241;56;3164,00;;PARTNER;B;NFK|5511|20088|202241
5511;20131;10/10/2022;202241;39;823,88;;PARTNER;C;NFK|5511|20131|202241
5511;30012;10/10/2022;202241;29;469,44;;PARTNER;;NFK|5511|30012|202241
5511;30077;10/10/2022;202241;45;2362,50;;PARTNER;;NFK|5511|30077|202241
5511;30154;10/10/2022;202241;35;590,62;;PARTNER;;NFK|5511|30154|202241
5511;30209;10/10/2022;202241;38;1422,62;;PARTNER;;NFK|5511|30209|202241
9001;10023;10/10/2022;202241;22;261,25;;DEPOT;;NFK|9001|10023|202241
9001;10047;10/10/2022;202241;14;157,50;;DEPOT;;NFK|9001|10047|202241
9001;10112;10/10/2022;202241;7;148,31;;DEPOT;;NFK|9001|10112|202241
9001;10310;10/10/2022;202241;5;134,38;;DEPOT;;NFK|9001|10310|202241
9001;11020;10/10/2022;202241;16;299,00;;DEPOT;;NFK|9001|11020|202241
9001;11085;10/10/2022;202241;9;100,69;;DEPOT;;NFK|9001|11085|202241
9001;11142;10/10/2022;202241;7;174,56;;DEPOT;;NFK|9001|11142|202241
9001;12004;10/10/2022;202241;8;320,00;;DEPOT;;NFK|9001|12004|202241
9001;12066;10/10/2022;202241;7;424,38;;DEPOT;;NFK|9001|12066|202241
9001;12190;10/10/2022;202241;4;90,00;;DEPOT;;NFK|9001|12190|202241
9001;20015;10/10/2022;202241;12;305,25;;DEPOT;C;NFK|9001|20015|202241
9001;20041;10/10/2022;202241;15;136,88;;DEPOT;A;NFK|9001|20041|202241
9001;20088;10/10/2022;202241;7;395,50;;DEPOT;B;NFK|9001|20088|202241
9001;20131;10/10/2022;202241;5;105,62;;DEPOT;C;NFK|9001|20131|202241
9001;30012;10/10/2022;202241;4;64,75;;DEPOT;;NFK|9001|30012|202241
9001;30077;10/10/2022;202241;6;315,00;;DEPOT;;NFK|9001|30077|202241
9001;30154;10/10/2022;202241;5;84,38;;DEPOT;;NFK|9001|30154|202241
9001;30209;10/10/2022;202241;6;224,62;;DEPOT;;NFK|9001|30209|202241
1101;10023;17/10/2022;202242;374;4441,25;;SUPER;;NFK|1101|10023|202242
1101;10047;17/10/2022;202242;286;3217,50;;SUPER;;NFK|1101|10047|202242
1101;10112;17/10/2022;202242;192;3458,40;KUPON;SUPER;;NFK|1101|10112|202242
1101;10310;17/10/2022;202242;105;2821,88;;SUPER;;NFK|1101|10310|202242
1101;11020;17/10/2022;202242;333;6222,94;;SUPER;;NFK|1101|11020|202242
1101;11085;17/10/2022;202242;166;1857,12;;SUPER;;NFK|1101|11085|202242
1101;11142;17/10/2022;202242;138;3441,38;;SUPER;;NFK|1101|11142|202242
1101;12004;17/10/2022;202242;210;7560,00;AVIS;SUPER;;NFK|1101|12004|202242
1101;12066;17/10/2022;202242;120;7275,00;;SUPER;;NFK|1101|12066|202242
1101;12190;17/10/2022;202242;105;2362,50;;SUPER;;NFK|1101|12190|202242
1101;20015;17/10/2022;202242;205;5214,69;;SUPER;C;NFK|1101|20015|202242
1101;20041;17/10/2022;202242;365;2737,50;MP;SUPER;A;NFK|1101|20041|202242
1101;20088;17/10/2022;202242;169;9548,50;;SUPER;B;NFK|1101|20088|202242
1101;20131;17/10/2022;202242;116;2450,50;;SUPER;C;NFK|1101|20131|202242
1101;30012;17/10/2022;202242;0;0,00;3F2;SUPER;;NFK|1101|30012|202242
1101;30077;17/10/2022;202242;120;6300,00;;SUPER;;NFK|1101|30077|202242
1101;30154;17/10/2022;202242;99;1670,62;;SUPER;;NFK|1101|30154|202242
1101;30209;17/10/2022;202242;134;5016,62;;SUPER;;NFK|1101|30209|202242
1101;99001;17/10/2022;202242;6;0,00;;SUPER;;NFK|1101|99001|202242
1102;10023;17/10/2022;202242;373;4429,38;;SUPER;;NFK|1102|10023|202242
1102;10047;17/10/2022;202242;217;2441,25;;SUPER;;NFK|1102|10047|202242
1102;10112;17/10/2022;202242;185;3332,31;KUPON;SUPER;;NFK|1102|10112|202242
1102;10310;17/10/2022;202242;95;2553,12;;SUPER;;NFK|1102|10310|202242
1102;11020;17/10/2022;202242;327;6110,81;;SUPER;;NFK|1102|11020|202242
1102;11085;17/10/2022;202242;169;1890,69;;SUPER;;NFK|1102|11085|202242
1102;11142;17/10/2022;202242;142;3541,12;;SUPER;;NFK|1102|11142|202242
1102;12004;17/10/2022;202242;236;8496,00;AVIS;SUPER;;NFK|1102|12004|202242
1102;12066;17/10/2022;202242;109;6608,12;;SUPER;;NFK|1102|12066|202242
1102;12190;17/10/2022;202242;95;2137,50;;SUPER;;NFK|1102|12190|202242
1102;20015;17/10/2022;202242;225;5723,44;;SUPER;C;NFK|1102|20015|202242
1102;20041;17/10/2022;202242;342;2565,00;MP;SUPER;A;NFK|1102|20041|202242
1102;20088;17/10/2022;202242;126;7119,00;;SUPER;B;NFK|1102|20088|202242
1102;20131;17/10/2022;202242;97;2049,12;;SUPER;C;NFK|1102|20131|202242
1102;30012;17/10/2022;202242;110;1513,88;3F2;SUPER;;NFK|1102|30012|202242
1102;30077;17/10/2022;202242;124;6510,00;;SUPER;;NFK|1102|30077|202242
1102;30154;17/10/2022;202242;97;1636,88;;SUPER;;NFK|1102|30154|202242
1102;30209;17/10/2022;202242;118;4417,62;;SUPER;;NFK|1102|30209|202242
1103;10023;17/10/2022;202242;216;2565,00;;NAER;;NFK|1103|10023|202242
1103;10047;17/10/2022;202242;130;1462,50;;NAER;;NFK|1103|10047|202242
1103;10112;17/10/2022;202242;79;1422,99;KUPON;NAER;;NFK|1103|10112|202242
1103;10310;17/10/2022;202242;53;1424,38;;NAER;;NFK|1103|10310|202242
1103;11020;17/10/2022;202242;163;3046,06;;NAER;;NFK|1103|11020|202242
1103;11085;17/10/2022;202242;81;906,19;;NAER;;NFK|1103|11085|202242
1103;11142;17/10/2022;202242;73;1820,44;;NAER;;NFK|1103|11142|202242
1103;12004;17/10/2022;202242;122;4392,00;AVIS;NAER;;NFK|1103|12004|202242
1103;12066;17/10/2022;202242;60;3637,50;;NAER;;NFK|1103|12066|202242
1103;12190;17/10/2022;202242;45;1012,50;;NAER;;NFK|1103|12190|202242
1103;20015;17/10/2022;202242;98;2492,88;;NAER;C;NFK|1103|20015|202242
1103;20041;17/10/2022;202242;197;1477,50;MP;NAER;A;NFK|1103|20041|202242
1103;20088;17/10/2022;202242;82;4633,00;;NAER;B;NFK|1103|20088|202242
1103;20131;17/10/2022;202242;49;1035,12;;NAER;C;NFK|1103|20131|202242
1103;30012;17/10/2022;202242;52;715,65;3F2;NAER;;NFK|1103|30012|202242
1103;30077;17/10/2022;202242;60;3150,00;;NAER;;NFK|1103|30077|202242
1103;30154;17/10/2022;202242;40;675,00;;NAER;;NFK|1103|30154|202242
1103;30209;17/10/2022;202242;60;2246,25;;NAER;;NFK|1103|30209|202242
1103;99001;17/10/2022;202242;3;0,00;;NAER;;NFK|1103|99001|202242
1108;10023;17/10/2022;202242;752;8930,00;;HYPER;;NFK|1108|10023|202242
1108;10047;17/10/2022;202242;505;5681,25;;HYPER;;NFK|1108|10047|202242
1108;10112;17/10/2022;202242;332;5980,15;KUPON;HYPER;;NFK|1108|10112|202242
1108;10310;17/10/2022;202242;216;5805,00;;HYPER;;NFK|1108|10310|202242
1108;11020;17/10/2022;202242;615;11492,81;;HYPER;;NFK|1108|11020|202242
1108;11085;17/10/2022;202242;318;3557,62;;HYPER;;NFK|1108|11085|202242
1108;11142;17/10/2022;202242;288;7182,00;;HYPER;;NFK|1108|11142|202242
1108;12004;17/10/2022;202242;502;18072,00;AVIS;HYPER;;NFK|1108|12004|202242
1108;12066;17/10/2022;202242;226;13701,25;;HYPER;;NFK|1108|12066|202242
1108;12190;17/10/2022;202242;173;3892,50;;HYPER;;NFK|1108|12190|202242
1108;20015;17/10/2022;202242;438;11141,62;;HYPER;C;NFK|1108|20015|202242
1108;20041;17/10/2022;202242;811;6082,50;MP;HYPER;A;NFK|1108|20041|202242
1108;20088;17/10/2022;202242;321;18136,50;;HYPER;B;NFK|1108|20088|202242
1108;20131;17/10/2022;202242;217;4584,12;;HYPER;C;NFK|1108|20131|202242
1108;30012;17/10/2022;202242;229;3151,61;3F2;HYPER;;NFK|1108|30012|202242
1108;30077;17/10/2022;202242;237;12442,50;;HYPER;;NFK|1108|30077|202242
1108;30154;17/10/2022;202242;173;2919,38;;HYPER;;NFK|1108|30154|202242
1108;30209;17/10/2022;202242;226;8460,88;;HYPER;;NFK|1108|30209|202242
3104;10023;17/10/2022;202242;359;4263,12;;SUPER;;NFK|3104|10023|202242
3104;10047;17/10/2022;202242;217;2441,25;;SUPER;;NFK|3104|10047|202242
3104;10112;17/10/2022;202242;161;2900,01;KUPON;SUPER;;NFK|3104|10112|202242
3104;10310;17/10/2022;202242;113;3036,88;;SUPER;;NFK|3104|10310|202242
3104;11020;17/10/2022;202242;300;5606,25;;SUPER;;NFK|3104|11020|202242
3104;11085;17/10/2022;202242;161;1801,19;;SUPER;;NFK|3104|11085|202242
3104;11142;17/10/2022;202242;121;3017,44;;SUPER;;NFK|3104|11142|202242
3104;12004;17/10/2022;202242;218;7848,00;AVIS;SUPER;;NFK|3104|12004|202242
3104;12066;17/10/2022;202242;123;7456,88;;SUPER;;NFK|3104|12066|202242
3104;12190;17/10/2022;202242;88;1980,00;;SUPER;;NFK|3104|12190|202242
3104;20015;17/10/2022;202242;217;5519,94;;SUPER;C;NFK|3104|20015|202242
3104;20041;17/10/2022;202242;338;2535,00;MP;SUPER;A;NFK|3104|20041|202242
3104;20088;17/10/2022;202242;135;7627,50;;SUPER;B;NFK|3104|20088|202242
3104;20131;17/10/2022;202242;87;1837,88;;SUPER;C;NFK|3104|20131|202242
3104;30012;17/10/2022;202242;78;1262,62;;SUPER;;NFK|3104|30012|202242
3104;30077;17/10/2022;202242;106;5565,00;;SUPER;;NFK|3104|30077|202242
3104;30154;17/10/2022;202242;90;1518,75;;SUPER;;NFK|3104|30154|202242
3104;30209;17/10/2022;202242;108;4043,25;;SUPER;;NFK|3104|30209|202242
3117;10023;17/10/2022;202242;162;1923,75;;NAER;;NFK|3117|10023|202242
3117;10047;17/10/2022;202242;115;1293,75;;NAER;;NFK|3117|10047|202242
3117;10112;17/10/2022;202242;82;1477,03;KUPON;NAER;;NFK|3117|10112|202242
3117;10310;17/10/2022;202242;49;1316,88;;NAER;;NFK|3117|10310|202242
3117;11020;17/10/2022;202242;126;2354,62;;NAER;;NFK|3117|11020|202242
3117;11085;17/10/2022;202242;72;805,50;;NAER;;NFK|3117|11085|202242
3117;11142;17/10/2022;202242;57;1421,44;;NAER;;NFK|3117|11142|202242
3117;12004;17/10/2022;202242;105;3780,00;AVIS;NAER;;NFK|3117|12004|202242
3117;12066;17/10/2022;202242;58;3516,25;;NAER;;NFK|3117|12066|202242
3117;12190;17/10/2022;202242;35;787,50;;NAER;;NFK|3117|12190|202242
3117;20015;17/10/2022;202242;97;2467,44;;NAER;C;NFK|3117|20015|202242
3117;20041;17/10/2022;202242;179;1342,50;MP;NAER;A;NFK|3117|20041|202242
3117;20088;17/10/2022;202242;59;3333,50;;NAER;B;NFK|3117|20088|202242
3117;20131;17/10/2022;202242;41;866,12;;NAER;C;NFK|3117|20131|202242
3117;30012;17/10/2022;202242;30;485,62;;NAER;;NFK|3117|30012|202242
3117;30077;17/10/2022;202242;51;2677,50;;NAER;;NFK|3117|30077|202242
3117;30154;17/10/2022;202242;41;691,88;;NAER;;NFK|3117|30154|202242
3117;30209;17/10/2022;202242;42;1572,37;;NAER;;NFK|3117|30209|202242
3122;10023;17/10/2022;202242;113;1341,88;;FRANCHISE;;NFK|3122|10023|202242
3122;10047;17/10/2022;202242;74;832,50;;FRANCHISE;;NFK|3122|10047|202242
3122;10112;17/10/2022;202242;51;918,64;KUPON;FRANCHISE;;NFK|3122|10112|202242
3122;10310;17/10/2022;202242;32;860,00;;FRANCHISE;;NFK|3122|10310|202242
3122;11020;17/10/2022;202242;105;1962,19;;FRANCHISE;;NFK|3122|11020|202242
3122;11085;17/10/2022;202242;62;693,62;;FRANCHISE;;NFK|3122|11085|202242
3122;11142;17/10/2022;202242;39;972,56;;FRANCHISE;;NFK|3122|11142|202242
3122;12004;17/10/2022;202242;76;2736,00;AVIS;FRANCHISE;;NFK|3122|12004|202242
3122;12066;17/10/2022;202242;34;2061,25;;FRANCHISE;;NFK|3122|12066|202242
3122;12190;17/10/2022;202242;27;607,50;;FRANCHISE;;NFK|3122|12190|202242
3122;20015;17/10/2022;202242;0;0,00;;FRANCHISE;C;NFK|3122|20015|202242
3122;20041;17/10/2022;202242;137;1027,50;MP;FRANCHISE;A;NFK|3122|20041|202242
3122;20088;17/10/2022;202242;45;2542,50;;FRANCHISE;B;NFK|3122|20088|202242
3122;20131;17/10/2022;202242;29;612,62;;FRANCHISE;C;NFK|3122|20131|202242
3122;30012;17/10/2022;202242;22;356,12;;FRANCHISE;;NFK|3122|30012|202242
3122;30077;17/10/2022;202242;38;1995,00;;FRANCHISE;;NFK|3122|30077|202242
3122;30154;17/10/2022;202242;29;489,38;;FRANCHISE;;NFK|3122|30154|202242
3122;30209;17/10/2022;202242;33;1235,44;;FRANCHISE;;NFK|3122|30209|202242
4201;10023;17/10/2022;202242;604;7172,50;;HYPER;;NFK|4201|10023|202242
4201;10047;17/10/2022;202242;431;4848,75;;HYPER;;NFK|4201|10047|202242
4201;10112;17/10/2022;202242;284;5115,55;KUPON;HYPER;;NFK|4201|10112|202242
4201;10310;17/10/2022;202242;206;5536,25;;HYPER;;NFK|4201|10310|202242
4201;11020;17/10/2022;202242;559;10446,31;;HYPER;;NFK|4201|11020|202242
4201;11085;17/10/2022;202242;315;3524,06;;HYPER;;NFK|4201|11085|202242
4201;11142;17/10/2022;202242;220;5486,25;;HYPER;;NFK|4201|11142|202242
4201;12004;17/10/2022;202242;343;12348,00;AVIS;HYPER;;NFK|4201|12004|202242
4201;12066;17/10/2022;202242;183;11094,38;;HYPER;;NFK|4201|12066|202242
4201;12190;17/10/2022;202242;268;4040,10;TILBUD;HYPER;;NFK|4201|12190|202242
4201;20015;17/10/2022;202242;409;10403,94;;HYPER;C;NFK|4201|20015|202242
4201;20041;17/10/2022;202242;582;4365,00;MP;HYPER;A;NFK|4201|20041|202242
4201;20088;17/10/2022;202242;216;12204,00;;HYPER;B;NFK|4201|20088|202242
4201;20131;17/10/2022;202242;150;3168,75;;HYPER;C;NFK|4201|20131|202242
4201;30012;17/10/2022;202242;178;2449,72;3F2;HYPER;;NFK|4201|30012|202242
4201;30077;17/10/2022;202242;211;11077,50;;HYPER;;NFK|4201|30077|202242
4201;30154;17/10/2022;202242;143;2413,12;;HYPER;;NFK|4201|30154|202242
4201;30209;17/10/2022;202242;212;7936,75;;HYPER;;NFK|4201|30209|202242
4205;10023;17/10/2022;202242;410;4868,75;;SUPER;;NFK|4205|10023|202242
4205;10047;17/10/2022;202242;259;2913,75;;SUPER;;NFK|4205|10047|202242
4205;10112;17/10/2022;202242;146;2629,83;KUPON;SUPER;;NFK|4205|10112|202242
4205;10310;17/10/2022;202242;116;3117,50;;SUPER;;NFK|4205|10310|202242
4205;11020;17/10/2022;202242;274;5120,38;;SUPER;;NFK|4205|11020|202242
4205;11085;17/10/2022;202242;172;1924,25;;SUPER;;NFK|4205|11085|202242
4205;11142;17/10/2022;202242;142;3541,12;;SUPER;;NFK|4205|11142|202242
4205;12004;17/10/2022;202242;228;8208,00;AVIS;SUPER;;NFK|4205|12004|202242
4205;12066;17/10/2022;202242;122;7396,25;;SUPER;;NFK|4205|12066|202242
4205;12190;17/10/2022;202242;190;2864,25;TILBUD;SUPER;;NFK|4205|12190|202242
4205;20015;17/10/2022;202242;233;5926,94;;SUPER;C;NFK|4205|20015|202242
4205;20041;17/10/2022;202242;355;2662,50;MP;SUPER;A;NFK|4205|20041|202242
4205;20088;17/10/2022;202242;169;9548,50;;SUPER;B;NFK|4205|20088|202242
4205;20131;17/10/2022;202242;101;2133,62;;SUPER;C;NFK|4205|20131|202242
4205;30012;17/10/2022;202242;114;1568,92;3F2;SUPER;;NFK|4205|30012|202242
4205;30077;17/10/2022;202242;135;7087,50;;SUPER;;NFK|4205|30077|202242
4205;30154;17/10/2022;202242;96;1620,00;;SUPER;;NFK|4205|30154|202242
4205;30209;17/10/2022;202242;108;4043,25;;SUPER;;NFK|4205|30209|202242
4218;10023;17/10/2022;202242;442;5248,75;;SUPER;;NFK|4218|10023|202242
4218;10047;17/10/2022;202242;285;3206,25;;SUPER;;NFK|4218|10047|202242
4218;10112;17/10/2022;202242;161;2900,01;KUPON;SUPER;;NFK|4218|10112|202242
4218;10310;17/10/2022;202242;103;2768,12;;SUPER;;NFK|4218|10310|202242
4218;11020;17/10/2022;202242;362;6764,88;;SUPER;;NFK|4218|11020|202242
4218;11085;17/10/2022;202242;206;2304,62;;SUPER;;NFK|4218|11085|202242
4218;11142;17/10/2022;202242;123;3067,31;;SUPER;;NFK|4218|11142|202242
4218;12004;17/10/2022;202242;262;9432,00;AVIS;SUPER;;NFK|4218|12004|202242
4218;12066;17/10/2022;202242;134;8123,75;;SUPER;;NFK|4218|12066|202242
4218;12190;17/10/2022;202242;201;3030,07;TILBUD;SUPER;;NFK|4218|12190|202242
4218;20015;17/10/2022;202242;270;6868,12;;SUPER;C;NFK|4218|20015|202242
4218;20041;17/10/2022;202242;440;3300,00;MP;SUPER;A;NFK|4218|20041|202242
4218;20088;17/10/2022;202242;163;9209,50;;SUPER;B;NFK|4218|20088|202242
4218;20131;17/10/2022;202242;125;2640,62;;SUPER;C;NFK|4218|20131|202242
4218;30012;17/10/2022;202242;127;1747,84;3F2;SUPER;;NFK|4218|30012|202242
4218;30077;17/10/2022;202242;126;6615,00;;SUPER;;NFK|4218|30077|202242
4218;30154;17/10/2022;202242;101;1704,38;;SUPER;;NFK|4218|30154|202242
4218;30209;17/10/2022;202242;133;4979,19;;SUPER;;NFK|4218|30209|202242
5502;10023;17/10/2022;202242;338;4013,75;;SUPER;;NFK|5502|10023|202242
5502;10047;17/10/2022;202242;225;2531,25;;SUPER;;NFK|5502|10047|202242
5502;10112;17/10/2022;202242;177;3188,21;KUPON;SUPER;;NFK|5502|10112|202242
5502;10310;17/10/2022;202242;104;2795,00;;SUPER;;NFK|5502|10310|202242
5502;11020;17/10/2022;202242;320;5980,00;;SUPER;;NFK|5502|11020|202242
5502;11085;17/10/2022;202242;172;1924,25;;SUPER;;NFK|5502|11085|202242
5502;11142;17/10/2022;202242;132;3291,75;;SUPER;;NFK|5502|11142|202242
5502;12004;17/10/2022;202242;192;6912,00;AVIS;SUPER;;NFK|5502|12004|202242
5502;12066;17/10/2022;202242;116;7032,50;;SUPER;;NFK|5502|12066|202242
5502;12190;17/10/2022;202242;176;2653,20;TILBUD;SUPER;;NFK|5502|12190|202242
5502;20015;17/10/2022;202242;230;5850,62;;SUPER;C;NFK|5502|20015|202242
5502;20041;17/10/2022;202242;389;2917,50;MP;SUPER;A;NFK|5502|20041|202242
5502;20088;17/10/2022;202242;159;8983,50;;SUPER;B;NFK|5502|20088|202242
5502;20131;17/10/2022;202242;89;1880,12;;SUPER;C;NFK|5502|20131|202242
5502;30012;17/10/2022;202242;76;1230,25;;SUPER;;NFK|5502|30012|202242
5502;30077;17/10/2022;202242;103;5407,50;;SUPER;;NFK|5502|30077|202242
5502;30154;17/10/2022;202242;92;1552,50;;SUPER;;NFK|5502|30154|202242
5502;30209;17/10/2022;202242;95;3556,56;;SUPER;;NFK|5502|30209|202242
5511;10023;17/10/2022;202242;140;1662,50;;PARTNER;;NFK|5511|10023|202242
5511;10047;17/10/2022;202242;101;1136,25;;PARTNER;;NFK|5511|10047|202242
5511;10112;17/10/2022;202242;67;1206,84;KUPON;PARTNER;;NFK|5511|10112|202242
5511;10310;17/10/2022;202242;37;994,38;;PARTNER;;NFK|5511|10310|202242
5511;11020;17/10/2022;202242;114;2130,38;;PARTNER;;NFK|5511|11020|202242
5511;11085;17/10/2022;202242;71;794,31;;PARTNER;;NFK|5511|11085|202242
5511;11142;17/10/2022;202242;48;1197,00;;PARTNER;;NFK|5511|11142|202242
5511;12004;17/10/2022;202242;79;2844,00;AVIS;PARTNER;;NFK|5511|12004|202242
5511;12066;17/10/2022;202242;42;2546,25;;PARTNER;;NFK|5511|12066|202242
5511;12190;17/10/2022;202242;61;919,58;TILBUD;PARTNER;;NFK|5511|12190|202242
5511;20015;17/10/2022;202242;80;2035,00;;PARTNER;C;NFK|5511|20015|202242
5511;20041;17/10/2022;202242;133;997,50;MP;PARTNER;A;NFK|5511|20041|202242
5511;20088;17/10/2022;202242;55;3107,50;;PARTNER;B;NFK|5511|20088|202242
5511;20131;17/10/2022;202242;37;781,62;;PARTNER;C;NFK|5511|20131|202242
5511;30012;17/10/2022;202242;32;518,00;;PARTNER;;NFK|5511|30012|202242
5511;30077;17/10/2022;202242;43;2257,50;;PARTNER;;NFK|5511|30077|202242
5511;30154;17/10/2022;202242;30;506,25;;PARTNER;;NFK|5511|30154|202242
5511;30209;17/10/2022;202242;41;1534,94;;PARTNER;;NFK|5511|30209|202242
9001;10023;17/10/2022;202242;21;249,38;;DEPOT;;NFK|9001|10023|202242
9001;10047;17/10/2022;202242;12;135,00;;DEPOT;;NFK|9001|10047|202242
9001;10112;17/10/2022;202242;8;144,10;KUPON;DEPOT;;NFK|9001|10112|202242
9001;10310;17/10/2022;202242;6;161,25;;DEPOT;;NFK|9001|10310|202242
9001;11020;17/10/2022;202242;15;280,31;;DEPOT;;NFK|9001|11020|202242
9001;11085;17/10/2022;202242;10;111,88;;DEPOT;;NFK|9001|11085|202242
9001;11142;17/10/2022;202242;6;149,62;;DEPOT;;NFK|9001|11142|202242
9001;12004;17/10/2022;202242;12;432,00;AVIS;DEPOT;;NFK|9001|12004|202242
9001;12066;17/10/2022;202242;7;424,38;;DEPOT;;NFK|9001|12066|202242
9001;12190;17/10/2022;202242;5;112,50;;DEPOT;;NFK|9001|12190|202242
9001;20015;17/10/2022;202242;11;279,81;;DEPOT;C;NFK|9001|20015|202242
9001;20041;17/10/2022;202242;21;157,50;MP;DEPOT;A;NFK|9001|20041|202242
9001;20088;17/10/2022;202242;7;395,50;;DEPOT;B;NFK|9001|20088|202242
9001;20131;17/10/2022;202242;6;126,75;;DEPOT;C;NFK|9001|20131|202242
9001;30012;17/10/2022;202242;4;64,75;;DEPOT;;NFK|9001|30012|202242
9001;30077;17/10/2022;202242;6;315,00;;DEPOT;;NFK|9001|30077|202242
9001;30154;17/10/2022;202242;5;84,38;;DEPOT;;NFK|9001|30154|202242
9001;30209;17/10/2022;202242;7;262,06;;DEPOT;;NFK|9001|30209|202242
9001;99001;17/10/2022;202242;0;0,00;;DEPOT;;NFK|9001|99001|202242
1101;10023;24/10/2022;202243;437;5189,38;;SUPER;;NFK|1101|10023|202243
1101;10047;24/10/2022;202243;237;2666,25;;SUPER;;NFK|1101|10047|202243
1101;10112;24/10/2022;202243;138;2923,88;;SUPER;;NFK|1101|10112|202243
1101;10310;24/10/2022;202243;128;3440,00;;SUPER;;NFK|1101|10310|202243
1101;11020;24/10/2022;202243;297;5550,19;;SUPER;;NFK|1101|11020|202243
1101;11085;24/10/2022;202243;173;1935,44;;SUPER;;NFK|1101|11085|202243
1101;11142;24/10/2022;202243;151;3765,56;;SUPER;;NFK|1101|11142|202243
1101;12004;24/10/2022;202243;171;6840,00;;SUPER;;NFK|1101|12004|202243
1101;12066;24/10/2022;202243;131;7941,88;;SUPER;;NFK|1101|12066|202243
1101;12190;24/10/2022;202243;101;2272,50;;SUPER;;NFK|1101|12190|202243
1101;20015;24/10/2022;202243;262;6664,62;;SUPER;C;NFK|1101|20015|202243
1101;20041;24/10/2022;202243;275;2509,38;;SUPER;A;NFK|1101|20041|202243
1101;20088;24/10/2022;202243;152;8588,00;;SUPER;B;NFK|1101|20088|202243
1101;20131;24/10/2022;202243;121;2556,12;;SUPER;C;NFK|1101|20131|202243
1101;30012;24/10/2022;202243;86;1392,12;;SUPER;;NFK|1101|30012|202243
1101;30077;24/10/2022;202243;111;5827,50;;SUPER;;NFK|1101|30077|202243
1101;30154;24/10/2022;202243;99;1670,62;;SUPER;;NFK|1101|30154|202243
1101;30209;24/10/2022;202243;108;4043,25;;SUPER;;NFK|1101|30209|202243
1101;99001;24/10/2022;202243;6;0,00;;SUPER;;NFK|1101|99001|202243
1102;10023;24/10/2022;202243;342;4061,25;;SUPER;;NFK|1102|10023|202243
1102;10047;24/10/2022;202243;256;2880,00;;SUPER;;NFK|1102|10047|202243
1102;10112;24/10/2022;202243;136;2881,50;;SUPER;;NFK|1102|10112|202243
1102;10310;24/10/2022;202243;121;3251,88;;SUPER;;NFK|1102|10310|202243
1102;11020;24/10/2022;202243;323;6036,06;;SUPER;;NFK|1102|11020|202243
1102;11085;24/10/2022;202243;189;2114,44;;SUPER;;NFK|1102|11085|202243
1102;11142;24/10/2022;202243;130;3241,88;;SUPER;;NFK|1102|11142|202243
1102;12004;24/10/2022;202243;176;7040,00;;SUPER;;NFK|1102|12004|202243
1102;12066;24/10/2022;202243;121;7335,62;;SUPER;;NFK|1102|12066|202243
1102;12190;24/10/2022;202243;96;2160,00;;SUPER;;NFK|1102|12190|202243
1102;20015;24/10/2022;202243;244;6206,75;;SUPER;C;NFK|1102|20015|202243
1102;20041;24/10/2022;202243;246;2244,75;;SUPER;A;NFK|1102|20041|202243
1102;20088;24/10/2022;202243;156;8814,00;;SUPER;B;NFK|1102|20088|202243
1102;20131;24/10/2022;202243;91;1922,38;;SUPER;C;NFK|1102|20131|202243
1102;30012;24/10/2022;202243;87;1408,31;;SUPER;;NFK|1102|30012|202243
1102;30077;24/10/2022;202243;121;6352,50;;SUPER;;NFK|1102|30077|202243
1102;30154;24/10/2022;202243;97;1636,88;;SUPER;;NFK|1102|30154|202243
1102;30209;24/10/2022;202243;113;4230,44;;SUPER;;NFK|1102|30209|202243
1103;10023;24/10/2022;202243;192;2280,00;;NAER;;NFK|1103|10023|202243
1103;10047;24/10/2022;202243;128;1440,00;;NAER;;NFK|1103|10047|202243
1103;10112;24/10/2022;202243;74;1567,88;;NAER;;NFK|1103|10112|202243
1103;10310;24/10/2022;202243;0;0,00;;NAER;;NFK|1103|10310|202243
1103;11020;24/10/2022;202243;176;3289,00;;NAER;;NFK|1103|11020|202243
1103;11085;24/10/2022;202243;79;883,81;;NAER;;NFK|1103|11085|202243
1103;11142;24/10/2022;202243;68;1695,75;;NAER;;NFK|1103|11142|202243
1103;12004;24/10/2022;202243;81;3240,00;;NAER;;NFK|1103|12004|202243
1103;12066;24/10/2022;202243;65;3940,62;;NAER;;NFK|1103|12066|202243
1103;12190;24/10/2022;202243;51;1147,50;;NAER;;NFK|1103|12190|202243
1103;20015;24/10/2022;202243;109;2772,69;;NAER;C;NFK|1103|20015|202243
1103;20041;24/10/2022;202243;157;1432,62;;NAER;A;NFK|1103|20041|202243
1103;20088;24/10/2022;202243;76;4294,00;;NAER;B;NFK|1103|20088|202243
1103;20131;24/10/2022;202243;48;1014,00;;NAER;C;NFK|1103|20131|202243
1103;30012;24/10/2022;202243;44;712,25;;NAER;;NFK|1103|30012|202243
1103;30077;24/10/2022;202243;57;2992,50;;NAER;;NFK|1103|30077|202243
1103;30154;24/10/2022;202243;39;658,12;;NAER;;NFK|1103|30154|202243
1103;30209;24/10/2022;202243;58;2171,38;;NAER;;NFK|1103|30209|202243
1108;10023;24/10/2022;202243;810;9618,75;;HYPER;;NFK|1108|10023|202243
1108;10047;24/10/2022;202243;415;4668,75;;HYPER;;NFK|1108|10047|202243
1108;10112;24/10/2022;202243;240;5085,00;;HYPER;;NFK|1108|10112|202243
1108;10310;24/10/2022;202243;213;5724,38;;HYPER;;NFK|1108|10310|202243
1108;11020;24/10/2022;202243;521;9736,19;;HYPER;;NFK|1108|11020|202243
1108;11085;24/10/2022;202243;388;4340,75;;HYPER;;NFK|1108|11085|202243
1108;11142;24/10/2022;202243;237;5910,19;;HYPER;;NFK|1108|11142|202243
1108;12004;24/10/2022;202243;310;12400,00;;HYPER;;NFK|1108|12004|202243
1108;12066;24/10/2022;202243;218;13216,25;;HYPER;;NFK|1108|12066|202243
1108;12190;24/10/2022;202243;160;3600,00;;HYPER;;NFK|1108|12190|202243
1108;20015;24/10/2022;202243;450;11446,88;;HYPER;C;NFK|1108|20015|202243
1108;20041;24/10/2022;202243;474;4325,25;;HYPER;A;NFK|1108|20041|202243
1108;20088;24/10/2022;202243;255;14407,50;;HYPER;B;NFK|1108|20088|202243
1108;20131;24/10/2022;202243;220;4647,50;;HYPER;C;NFK|1108|20131|202243
1108;30012;24/10/2022;202243;149;2411,94;;HYPER;;NFK|1108|30012|202243
1108;30077;24/10/2022;202243;264;13860,00;;HYPER;;NFK|1108|30077|202243
1108;30154;24/10/2022;202243;155;2615,62;;HYPER;;NFK|1108|30154|202243
1108;30209;24/10/2022;202243;242;9059,88;;HYPER;;NFK|1108|30209|202243
3104;10023;24/10/2022;202243;359;4263,12;;SUPER;;NFK|3104|10023|202243
3104;10047;24/10/2022;202243;206;2317,50;;SUPER;;NFK|3104|10047|202243
3104;10112;24/10/2022;202243;135;2860,31;;SUPER;;NFK|3104|10112|202243
3104;10310;24/10/2022;202243;97;2606,88;;SUPER;;NFK|3104|10310|202243
3104;11020;24/10/2022;202243;268;5008,25;;SUPER;;NFK|3104|11020|202243
3104;11085;24/10/2022;202243;161;1801,19;;SUPER;;NFK|3104|11085|202243
3104;11142;24/10/2022;202243;125;3117,19;;SUPER;;NFK|3104|11142|202243
3104;12004;24/10/2022;202243;169;6760,00;;SUPER;;NFK|3104|12004|202243
3104;12066;24/10/2022;202243;125;7578,12;;SUPER;;NFK|3104|12066|202243
3104;12190;24/10/2022;202243;71;1597,50;;SUPER;;NFK|3104|12190|202243
3104;20015;24/10/2022;202243;212;5392,75;;SUPER;C;NFK|3104|20015|202243
3104;20041;24/10/2022;202243;250;2281,25;;SUPER;A;NFK|3104|20041|202243
3104;20088;24/10/2022;202243;142;8023,00;;SUPER;B;NFK|3104|20088|202243
3104;20131;24/10/2022;202243;86;1816,75;;SUPER;C;NFK|3104|20131|202243
3104;30012;24/10/2022;202243;83;1343,56;;SUPER;;NFK|3104|30012|202243
3104;30077;24/10/2022;202243;98;5145,00;;SUPER;;NFK|3104|30077|202243
3104;30154;24/10/2022;202243;93;1569,38;;SUPER;;NFK|3104|30154|202243
3104;30209;24/10/2022;202243;116;4342,75;;SUPER;;NFK|3104|30209|202243
3104;99001;24/10/2022;202243;4;0,00;;SUPER;;NFK|3104|99001|202243
3117;10023;24/10/2022;202243;154;1828,75;;NAER;;NFK|3117|10023|202243
3117;10047;24/10/2022;202243;105;1181,25;;NAER;;NFK|3117|10047|202243
3117;10112;24/10/2022;202243;56;1186,50;;NAER;;NFK|3117|10112|202243
3117;10310;24/10/2022;202243;52;1397,50;;NAER;;NFK|3117|10310|202243
3117;11020;24/10/2022;202243;132;2466,75;;NAER;;NFK|3117|11020|202243
3117;11085;24/10/2022;202243;66;738,37;;NAER;;NFK|3117|11085|202243
3117;11142;24/10/2022;202243;51;1271,81;;NAER;;NFK|3117|11142|202243
3117;12004;24/10/2022;202243;67;2680,00;;NAER;;NFK|3117|12004|202243
3117;12066;24/10/2022;202243;51;3091,88;;NAER;;NFK|3117|12066|202243
3117;12190;24/10/2022;202243;37;832,50;;NAER;;NFK|3117|12190|202243
3117;20015;24/10/2022;202243;97;2467,44;;NAER;C;NFK|3117|20015|202243
3117;20041;24/10/2022;202243;112;1022,00;;NAER;A;NFK|3117|20041|202243
3117;20088;24/10/2022;202243;62;3503,00;;NAER;B;NFK|3117|20088|202243
3117;20131;24/10/2022;202243;38;802,75;;NAER;C;NFK|3117|20131|202243
3117;30012;24/10/2022;202243;38;615,12;;NAER;;NFK|3117|30012|202243
3117;30077;24/10/2022;202243;51;2677,50;;NAER;;NFK|3117|30077|202243
3117;30154;24/10/2022;202243;43;725,62;;NAER;;NFK|3117|30154|202243
3117;30209;24/10/2022;202243;47;1759,56;;NAER;;NFK|3117|30209|202243
3122;10023;24/10/2022;202243;135;1603,12;;FRANCHISE;;NFK|3122|10023|202243
3122;10047;24/10/2022;202243;84;945,00;;FRANCHISE;;NFK|3122|10047|202243
3122;10112;24/10/2022;202243;40;847,50;;FRANCHISE;;NFK|3122|10112|202243
3122;10310;24/10/2022;202243;39;1048,12;;FRANCHISE;;NFK|3122|10310|202243
3122;11020;24/10/2022;202243;103;1924,81;;FRANCHISE;;NFK|3122|11020|202243
3122;11085;24/10/2022;202243;54;604,12;;FRANCHISE;;NFK|3122|11085|202243
3122;11142;24/10/2022;202243;37;922,69;;FRANCHISE;;NFK|3122|11142|202243
3122;12004;24/10/2022;202243;58;2320,00;;FRANCHISE;;NFK|3122|12004|202243
3122;12066;24/10/2022;202243;43;2606,88;;FRANCHISE;;NFK|3122|12066|202243
3122;12190;24/10/2022;202243;25;562,50;;FRANCHISE;;NFK|3122|12190|202243
3122;20015;24/10/2022;202243;67;1704,31;;FRANCHISE;C;NFK|3122|20015|202243
3122;20041;24/10/2022;202243;86;784,75;;FRANCHISE;A;NFK|3122|20041|202243
3122;20088;24/10/2022;202243;47;2655,50;;FRANCHISE;B;NFK|3122|20088|202243
3122;20131;24/10/2022;202243;34;718,25;;FRANCHISE;C;NFK|3122|20131|202243
3122;30012;24/10/2022;202243;26;420,88;;FRANCHISE;;NFK|3122|30012|202243
3122;30077;24/10/2022;202243;33;1732,50;;FRANCHISE;;NFK|3122|30077|202243
3122;30154;24/10/2022;202243;26;438,75;;FRANCHISE;;NFK|3122|30154|202243
3122;30209;24/10/2022;202243;36;1347,75;;FRANCHISE;;NFK|3122|30209|202243
4201;10023;24/10/2022;202243;581;6899,38;;HYPER;;NFK|4201|10023|202243
4201;10047;24/10/2022;202243;446;5017,50;;HYPER;;NFK|4201|10047|202243
4201;10112;24/10/2022;202243;229;4851,94;;HYPER;;NFK|4201|10112|202243
4201;10310;24/10/2022;202243;189;5079,38;;HYPER;;NFK|4201|10310|202243
4201;11020;24/10/2022;202243;549;10259,44;;HYPER;;NFK|4201|11020|202243
4201;11085;24/10/2022;202243;290;3244,38;;HYPER;;NFK|4201|11085|202243
4201;11142;24/10/2022;202243;248;6184,50;;HYPER;;NFK|4201|11142|202243
4201;12004;24/10/2022;202243;300;12000,00;;HYPER;;NFK|4201|12004|202243
4201;12066;24/10/2022;202243;186;11276,25;;HYPER;;NFK|4201|12066|202243
4201;12190;24/10/2022;202243;169;3802,50;;HYPER;;NFK|4201|12190|202243
4201;20015;24/10/2022;202243;336;8547,00;;HYPER;C;NFK|4201|20015|202243
4201;20041;24/10/2022;202243;527;4808,88;;HYPER;A;NFK|4201|20041|202243
4201;20088;24/10/2022;202243;266;15029,00;;HYPER;B;NFK|4201|20088|202243
4201;20131;24/10/2022;202243;168;3549,00;;HYPER;C;NFK|4201|20131|202243
4201;30012;24/10/2022;202243;143;2314,81;;HYPER;;NFK|4201|30012|202243
4201;30077;24/10/2022;202243;216;11340,00;;HYPER;;NFK|4201|30077|202243
4201;30154;24/10/2022;202243;142;2396,25;;HYPER;;NFK|4201|30154|202243
4201;30209;24/10/2022;202243;209;7824,44;;HYPER;;NFK|4201|30209|202243
4201;99001;24/10/2022;202243;8;0,00;;HYPER;;NFK|4201|99001|202243
4205;10023;24/10/2022;202243;390;4631,25;;SUPER;;NFK|4205|10023|202243
4205;10047;24/10/2022;202243;232;2610,00;;SUPER;;NFK|4205|10047|202243
4205;10112;24/10/2022;202243;139;2945,06;;SUPER;;NFK|4205|10112|202243
4205;10310;24/10/2022;202243;104;2795,00;;SUPER;;NFK|4205|10310|202243
4205;11020;24/10/2022;202243;342;6391,12;;SUPER;;NFK|4205|11020|202243
4205;11085;24/10/2022;202243;170;1901,87;;SUPER;;NFK|4205|11085|202243
4205;11142;24/10/2022;202243;122;3042,38;;SUPER;;NFK|4205|11142|202243
4205;12004;24/10/2022;202243;145;5800,00;;SUPER;;NFK|4205|12004|202243
4205;12066;24/10/2022;202243;115;6971,88;;SUPER;;NFK|4205|12066|202243
4205;12190;24/10/2022;202243;100;2250,00;;SUPER;;NFK|4205|12190|202243
4205;20015;24/10/2022;202243;229;5825,19;;SUPER;C;NFK|4205|20015|202243
4205;20041;24/10/2022;202243;309;2819,62;;SUPER;A;NFK|4205|20041|202243
4205;20088;24/10/2022;202243;142;8023,00;;SUPER;B;NFK|4205|20088|202243
4205;20131;24/10/2022;202243;102;2154,75;;SUPER;C;NFK|4205|20131|202243
4205;30012;24/10/2022;202243;88;1424,50;;SUPER;;NFK|4205|30012|202243
4205;30077;24/10/2022;202243;107;5617,50;;SUPER;;NFK|4205|30077|202243
4205;30154;24/10/2022;202243;77;1299,38;;SUPER;;NFK|4205|30154|202243
4205;30209;24/10/2022;202243;122;4567,38;;SUPER;;NFK|4205|30209|202243
4205;99001;24/10/2022;202243;5;0,00;;SUPER;;NFK|4205|99001|202243
4218;10023;24/10/2022;202243;367;4358,12;;SUPER;;NFK|4218|10023|202243
4218;10047;24/10/2022;202243;278;3127,50;;SUPER;;NFK|4218|10047|202243
4218;10112;24/10/2022;202243;146;3093,38;;SUPER;;NFK|4218|10112|202243
4218;10310;24/10/2022;202243;111;2983,12;;SUPER;;NFK|4218|10310|202243
4218;11020;24/10/2022;202243;357;6671,44;;SUPER;;NFK|4218|11020|202243
4218;11085;24/10/2022;202243;205;2293,44;;SUPER;;NFK|4218|11085|202243
4218;11142;24/10/2022;202243;125;3117,19;;SUPER;;NFK|4218|11142|202243
4218;12004;24/10/2022;202243;176;7040,00;;SUPER;;NFK|4218|12004|202243
4218;12066;24/10/2022;202243;124;7517,50;;SUPER;;NFK|4218|12066|202243
4218;12190;24/10/2022;202243;91;2047,50;;SUPER;;NFK|4218|12190|202243
4218;20015;24/10/2022;202243;211;5367,31;;SUPER;C;NFK|4218|20015|202243
4218;20041;24/10/2022;202243;304;2774,00;;SUPER;A;NFK|4218|20041|202243
4218;20088;24/10/2022;202243;148;8362,00;;SUPER;B;NFK|4218|20088|202243
4218;20131;24/10/2022;202243;124;2619,50;;SUPER;C;NFK|4218|20131|202243
4218;30012;24/10/2022;202243;87;1408,31;;SUPER;;NFK|4218|30012|202243
4218;30077;24/10/2022;202243;147;7717,50;;SUPER;;NFK|4218|30077|202243
4218;30154;24/10/2022;202243;89;1501,88;;SUPER;;NFK|4218|30154|202243
4218;30209;24/10/2022;202243;115;4305,31;;SUPER;;NFK|4218|30209|202243
4218;99001;24/10/2022;202243;6;0,00;;SUPER;;NFK|4218|99001|202243
5502;10023;24/10/2022;202243;-39;-463,12;;SUPER;;NFK|5502|10023|202243
5502;10047;24/10/2022;202243;206;2317,50;;SUPER;;NFK|5502|10047|202243
5502;10112;24/10/2022;202243;141;2987,44;;SUPER;;NFK|5502|10112|202243
5502;10310;24/10/2022;202243;116;3117,50;;SUPER;;NFK|5502|10310|202243
5502;11020;24/10/2022;202243;326;6092,12;;SUPER;;NFK|5502|11020|202243
5502;11085;24/10/2022;202243;183;2047,31;;SUPER;;NFK|5502|11085|202243
5502;11142;24/10/2022;202243;108;2693,25;;SUPER;;NFK|5502|11142|202243
5502;12004;24/10/2022;202243;146;5840,00;;SUPER;;NFK|5502|12004|202243
5502;12066;24/10/2022;202243;129;7820,62;;SUPER;;NFK|5502|12066|202243
5502;12190;24/10/2022;202243;89;2002,50;;SUPER;;NFK|5502|12190|202243
5502;20015;24/10/2022;202243;225;5723,44;;SUPER;C;NFK|5502|20015|202243
5502;20041;24/10/2022;202243;241;2199,12;;SUPER;A;NFK|5502|20041|202243
5502;20088;24/10/2022;202243;159;8983,50;;SUPER;B;NFK|5502|20088|202243
5502;20131;24/10/2022;202243;99;2091,38;;SUPER;C;NFK|5502|20131|202243
5502;30012;24/10/2022;202243;65;1052,19;;SUPER;;NFK|5502|30012|202243
5502;30077;24/10/2022;202243;103;5407,50;;SUPER;;NFK|5502|30077|202243
5502;30154;24/10/2022;202243;80;1350,00;;SUPER;;NFK|5502|30154|202243
5502;30209;24/10/2022;202243;105;3930,94;;SUPER;;NFK|5502|30209|202243
5502;99001;24/10/2022;202243;6;0,00;;SUPER;;NFK|5502|99001|202243
5511;10023;24/10/2022;202243;158;1876,25;;PARTNER;;NFK|5511|10023|202243
5511;10047;24/10/2022;202243;99;1113,75;;PARTNER;;NFK|5511|10047|202243
5511;10112;24/10/2022;202243;45;953,44;;PARTNER;;NFK|5511|10112|202243
5511;10310;24/10/2022;202243;47;1263,12;;PARTNER;;NFK|5511|10310|202243
5511;11020;24/10/2022;202243;98;1831,38;;PARTNER;;NFK|5511|11020|202243
5511;11085;24/10/2022;202243;65;727,19;;PARTNER;;NFK|5511|11085|202243
5511;11142;24/10/2022;202243;53;1321,69;;PARTNER;;NFK|5511|11142|202243
5511;12004;24/10/2022;202243;64;2560,00;;PARTNER;;NFK|5511|12004|202243
5511;12066;24/10/2022;202243;44;2667,50;;PARTNER;;NFK|5511|12066|202243
5511;12190;24/10/2022;202243;36;810,00;;PARTNER;;NFK|5511|12190|202243
5511;20015;24/10/2022;202243;80;2035,00;;PARTNER;C;NFK|5511|20015|202243
5511;20041;24/10/2022;202243;91;830,38;;PARTNER;A;NFK|5511|20041|202243
5511;20088;24/10/2022;202243;53;2994,50;;PARTNER;B;NFK|5511|20088|202243
5511;20131;24/10/2022;202243;39;823,88;;PARTNER;C;NFK|5511|20131|202243
5511;30012;24/10/2022;202243;33;534,19;;PARTNER;;NFK|5511|30012|202243
5511;30077;24/10/2022;202243;47;2467,50;;PARTNER;;NFK|5511|30077|202243
5511;30154;24/10/2022;202243;31;523,12;;PARTNER;;NFK|5511|30154|202243
5511;30209;24/10/2022;202243;36;1347,75;;PARTNER;;NFK|5511|30209|202243
5511;99001;24/10/2022;202243;2;0,00;;PARTNER;;NFK|5511|99001|202243
9001;10023;24/10/2022;202243;21;249,38;;DEPOT;;NFK|9001|10023|202243
9001;10047;24/10/2022;202243;12;135,00;;DEPOT;;NFK|9001|10047|202243
9001;10112;24/10/2022;202243;8;169,50;;DEPOT;;NFK|9001|10112|202243
9001;10310;24/10/2022;202243;6;161,25;;DEPOT;;NFK|9001|10310|202243
9001;11020;24/10/2022;202243;16;299,00;;DEPOT;;NFK|9001|11020|202243
9001;11085;24/10/2022;202243;8;89,50;;DEPOT;;NFK|9001|11085|202243
9001;11142;24/10/2022;202243;6;149,62;;DEPOT;;NFK|9001|11142|202243
9001;12004;24/10/2022;202243;9;360,00;;DEPOT;;NFK|9001|12004|202243
9001;12066;24/10/2022;202243;6;363,75;;DEPOT;;NFK|9001|12066|202243
9001;12190;24/10/2022;202243;4;90,00;;DEPOT;;NFK|9001|12190|202243
9001;20015;24/10/2022;202243;13;330,69;;DEPOT;C;NFK|9001|20015|202243
9001;20041;24/10/2022;202243;14;127,75;;DEPOT;A;NFK|9001|20041|202243
9001;20088;24/10/2022;202243;8;452,00;;DEPOT;B;NFK|9001|20088|202243
9001;20131;24/10/2022;202243;6;126,75;;DEPOT;C;NFK|9001|20131|202243
9001;30012;24/10/2022;202243;4;64,75;;DEPOT;;NFK|9001|30012|202243
9001;30077;24/10/2022;202243;6;315,00;;DEPOT;;NFK|9001|30077|202243
9001;30154;24/10/2022;202243;5;84,38;;DEPOT;;NFK|9001|30154|202243
9001;30209;24/10/2022;202243;6;224,62;;DEPOT;;NFK|9001|30209|202243
1199;10023;24/10/2022;202243;8;95,00;;SUPER;;NFK|1199|10023|202243
1199;10047;24/10/2022;202243;6;67,50;;SUPER;;NFK|1199|10047|202243
1199;10112;24/10/2022;202243;3;63,56;;SUPER;;NFK|1199|10112|202243
1199;10310;24/10/2022;202243;2;53,75;;SUPER;;NFK|1199|10310|202243
1199;11020;24/10/2022;202243;7;130,81;;SUPER;;NFK|1199|11020|202243
1199;11085;24/10/2022;202243;4;44,75;;SUPER;;NFK|1199|11085|202243
1199;11142;24/10/2022;202243;3;74,81;;SUPER;;NFK|1199|11142|202243
1199;12004;24/10/2022;202243;4;160,00;;SUPER;;NFK|1199|12004|202243
1199;12066;24/10/2022;202243;2;121,25;;SUPER;;NFK|1199|12066|202243
1199;12190;24/10/2022;202243;2;45,00;;SUPER;;NFK|1199|12190|202243
1199;20015;24/10/2022;202243;5;127,19;;SUPER;C;NFK|1199|20015|202243
1199;20041;24/10/2022;202243;0;0,00;;SUPER;A;NFK|1199|20041|202243
1199;20088;24/10/2022;202243;3;169,50;;SUPER;B;NFK|1199|20088|202243
1199;20131;24/10/2022;202243;2;42,25;;SUPER;C;NFK|1199|20131|202243
1199;30012;24/10/2022;202243;2;32,38;;SUPER;;NFK|1199|30012|202243
1199;30077;24/10/2022;202243;3;157,50;;SUPER;;NFK|1199|30077|202243
1199;30154;24/10/2022;202243;2;33,75;;SUPER;;NFK|1199|30154|202243
1199;30209;24/10/2022;202243;2;74,88;;SUPER;;NFK|1199|30209|202243
1199;99001;24/10/2022;202243;0;0,00;;SUPER;;NFK|1199|99001|202243
1101;10023;31/10/2022;202244;382;4536,25;;SUPER;;NFK|1101|10023|202244
1101;10047;31/10/2022;202244;229;2576,25;;SUPER;;NFK|1101|10047|202244
1101;10112;31/10/2022;202244;134;2839,12;;SUPER;;NFK|1101|10112|202244
1101;10310;31/10/2022;202244;213;4291,95;3F2;SUPER;;NFK|1101|10310|202244
1101;11020;31/10/2022;202244;353;6596,69;;SUPER;;NFK|1101|11020|202244
1101;11085;31/10/2022;202244;183;2047,31;;SUPER;;NFK|1101|11085|202244
1101;11142;31/10/2022;202244;120;2992,50;;SUPER;;NFK|1101|11142|202244
1101;12004;31/10/2022;202244;195;7800,00;;SUPER;;NFK|1101|12004|202244
1101;12066;31/10/2022;202244;131;7941,88;;SUPER;;NFK|1101|12066|202244
1101;12190;31/10/2022;202244;97;2182,50;;SUPER;;NFK|1101|12190|202244
1101;20015;31/10/2022;202244;227;5774,31;;SUPER;C;NFK|1101|20015|202244
1101;20041;31/10/2022;202244;259;2363,38;;SUPER;A;NFK|1101|20041|202244
1101;20088;31/10/2022;202244;169;9548,50;;SUPER;B;NFK|1101|20088|202244
1101;20131;31/10/2022;202244;107;2260,38;;SUPER;C;NFK|1101|20131|202244
1101;30012;31/10/2022;202244;134;1844,17;AVIS;SUPER;;NFK|1101|30012|202244
1101;30077;31/10/2022;202244;131;6877,50;;SUPER;;NFK|1101|30077|202244
1101;30154;31/10/2022;202244;86;1451,25;;SUPER;;NFK|1101|30154|202244
1101;30209;31/10/2022;202244;118;4417,62;;SUPER;;NFK|1101|30209|202244
1101;99001;31/10/2022;202244;6;0,00;;SUPER;;NFK|1101|99001|202244
1102;10023;31/10/2022;202244;325;3859,38;;SUPER;;NFK|1102|10023|202244
1102;10047;31/10/2022;202244;253;2846,25;;SUPER;;NFK|1102|10047|202244
1102;10112;31/10/2022;202244;134;2839,12;;SUPER;;NFK|1102|10112|202244
1102;10310;31/10/2022;202244;196;3949,40;3F2;SUPER;;NFK|1102|10310|202244
1102;11020;31/10/2022;202244;332;6204,25;;SUPER;;NFK|1102|11020|202244
1102;11085;31/10/2022;202244;192;2148,00;;SUPER;;NFK|1102|11085|202244
1102;11142;31/10/2022;202244;109;2718,19;;SUPER;;NFK|1102|11142|202244
1102;12004;31/10/2022;202244;150;6000,00;;SUPER;;NFK|1102|12004|202244
1102;12066;31/10/2022;202244;124;7517,50;;SUPER;;NFK|1102|12066|202244
1102;12190;31/10/2022;202244;97;2182,50;;SUPER;;NFK|1102|12190|202244
1102;20015;31/10/2022;202244;235;5977,81;;SUPER;C;NFK|1102|20015|202244
1102;20041;31/10/2022;202244;-26;-211,25;;SUPER;A;NFK|1102|20041|202244
1102;20088;31/10/2022;202244;141;7966,50;;SUPER;B;NFK|1102|20088|202244
1102;20131;31/10/2022;202244;88;1859,00;;SUPER;C;NFK|1102|20131|202244
1102;30012;31/10/2022;202244;110;1513,88;AVIS;SUPER;;NFK|1102|30012|202244
1102;30077;31/10/2022;202244;127;6667,50;;SUPER;;NFK|1102|30077|202244
1102;30154;31/10/2022;202244;97;1636,88;;SUPER;;NFK|1102|30154|202244
1102;30209;31/10/2022;202244;123;4604,81;;SUPER;;NFK|1102|30209|202244
1103;10023;31/10/2022;202244;214;2541,25;;NAER;;NFK|1103|10023|202244
1103;10047;31/10/2022;202244;105;1181,25;;NAER;;NFK|1103|10047|202244
1103;10112;31/10/2022;202244;71;1504,31;;NAER;;NFK|1103|10112|202244
1103;10310;31/10/2022;202244;89;1793,35;3F2;NAER;;NFK|1103|10310|202244
1103;11020;31/10/2022;202244;159;2971,31;;NAER;;NFK|1103|11020|202244
1103;11085;31/10/2022;202244;100;1118,75;;NAER;;NFK|1103|11085|202244
1103;11142;31/10/2022;202244;62;1546,12;;NAER;;NFK|1103|11142|202244
1103;12004;31/10/2022;202244;81;3240,00;;NAER;;NFK|1103|12004|202244
1103;12066;31/10/2022;202244;63;3819,38;;NAER;;NFK|1103|12066|202244
1103;12190;31/10/2022;202244;49;1102,50;;NAER;;NFK|1103|12190|202244
1103;20015;31/10/2022;202244;104;2645,50;;NAER;C;NFK|1103|20015|202244
1103;20041;31/10/2022;202244;139;1268,38;;NAER;A;NFK|1103|20041|202244
1103;20088;31/10/2022;202244;79;4463,50;;NAER;B;NFK|1103|20088|202244
1103;20131;31/10/2022;202244;52;1098,50;;NAER;C;NFK|1103|20131|202244
1103;30012;31/10/2022;202244;73;1004,66;AVIS;NAER;;NFK|1103|30012|202244
1103;30077;31/10/2022;202244;69;3622,50;;NAER;;NFK|1103|30077|202244
1103;30154;31/10/2022;202244;0;0,00;;NAER;;NFK|1103|30154|202244
1103;30209;31/10/2022;202244;55;2059,06;;NAER;;NFK|1103|30209|202244
1108;10023;31/10/2022;202244;718;8526,25;;HYPER;;NFK|1108|10023|202244
1108;10047;31/10/2022;202244;497;5591,25;;HYPER;;NFK|1108|10047|202244
1108;10112;31/10/2022;202244;258;5466,37;;HYPER;;NFK|1108|10112|202244
1108;10310;31/10/2022;202244;398;8019,70;3F2;HYPER;;NFK|1108|10310|202244
1108;11020;31/10/2022;202244;648;12109,50;;HYPER;;NFK|1108|11020|202244
1108;11085;31/10/2022;202244;359;4016,31;;HYPER;;NFK|1108|11085|202244
1108;11142;31/10/2022;202244;244;6084,75;;HYPER;;NFK|1108|11142|202244
1108;12004;31/10/2022;202244;336;13440,00;;HYPER;;NFK|1108|12004|202244
1108;12066;31/10/2022;202244;221;13398,12;;HYPER;;NFK|1108|12066|202244
1108;12190;31/10/2022;202244;180;4050,00;;HYPER;;NFK|1108|12190|202244
1108;20015;31/10/2022;202244;441;11217,94;;HYPER;C;NFK|1108|20015|202244
1108;20041;31/10/2022;202244;534;4872,75;;HYPER;A;NFK|1108|20041|202244
1108;20088;31/10/2022;202244;309;17458,50;;HYPER;B;NFK|1108|20088|202244
1108;20131;31/10/2022;202244;201;4246,12;;HYPER;C;NFK|1108|20131|202244
1108;30012;31/10/2022;202244;263;3619,54;AVIS;HYPER;;NFK|1108|30012|202244
1108;30077;31/10/2022;202244;229;12022,50;;HYPER;;NFK|1108|30077|202244
1108;30154;31/10/2022;202244;179;3020,62;;HYPER;;NFK|1108|30154|202244
1108;30209;31/10/2022;202244;212;7936,75;;HYPER;;NFK|1108|30209|202244
3104;10023;31/10/2022;202244;381;4524,38;;SUPER;;NFK|3104|10023|202244
3104;10047;31/10/2022;202244;249;2801,25;;SUPER;;NFK|3104|10047|202244
3104;10112;31/10/2022;202244;130;2754,38;;SUPER;;NFK|3104|10112|202244
3104;10310;31/10/2022;202244;186;3747,90;3F2;SUPER;;NFK|3104|10310|202244
3104;11020;31/10/2022;202244;286;5344,62;;SUPER;;NFK|3104|11020|202244
3104;11085;31/10/2022;202244;141;1577,44;;SUPER;;NFK|3104|11085|202244
3104;11142;31/10/2022;202244;117;2917,69;;SUPER;;NFK|3104|11142|202244
3104;12004;31/10/2022;202244;130;5200,00;;SUPER;;NFK|3104|12004|202244
3104;12066;31/10/2022;202244;97;5880,62;;SUPER;;NFK|3104|12066|202244
3104;12190;31/10/2022;202244;0;0,00;;SUPER;;NFK|3104|12190|202244
3104;20015;31/10/2022;202244;203;5163,81;;SUPER;C;NFK|3104|20015|202244
3104;20041;31/10/2022;202244;258;2354,25;;SUPER;A;NFK|3104|20041|202244
3104;20088;31/10/2022;202244;125;7062,50;;SUPER;B;NFK|3104|20088|202244
3104;20131;31/10/2022;202244;83;1753,38;;SUPER;C;NFK|3104|20131|202244
3104;30012;31/10/2022;202244;127;1747,84;AVIS;SUPER;;NFK|3104|30012|202244
3104;30077;31/10/2022;202244;103;5407,50;;SUPER;;NFK|3104|30077|202244
3104;30154;31/10/2022;202244;73;1231,88;;SUPER;;NFK|3104|30154|202244
3104;30209;31/10/2022;202244;105;3930,94;;SUPER;;NFK|3104|30209|202244
3104;99001;31/10/2022;202244;5;0,00;;SUPER;;NFK|3104|99001|202244
3117;10023;31/10/2022;202244;151;1793,12;;NAER;;NFK|3117|10023|202244
3117;10047;31/10/2022;202244;92;1035,00;;NAER;;NFK|3117|10047|202244
3117;10112;31/10/2022;202244;63;1334,81;;NAER;;NFK|3117|10112|202244
3117;10310;31/10/2022;202244;90;1813,50;3F2;NAER;;NFK|3117|10310|202244
3117;11020;31/10/2022;202244;146;2728,38;;NAER;;NFK|3117|11020|202244
3117;11085;31/10/2022;202244;77;861,44;;NAER;;NFK|3117|11085|202244
3117;11142;31/10/2022;202244;60;1496,25;;NAER;;NFK|3117|11142|202244
3117;12004;31/10/2022;202244;70;2800,00;;NAER;;NFK|3117|12004|202244
3117;12066;31/10/2022;202244;48;2910,00;;NAER;;NFK|3117|12066|202244
3117;12190;31/10/2022;202244;36;810,00;;NAER;;NFK|3117|12190|202244
3117;20015;31/10/2022;202244;90;2289,38;;NAER;C;NFK|3117|20015|202244
3117;20041;31/10/2022;202244;111;1012,88;;NAER;A;NFK|3117|20041|202244
3117;20088;31/10/2022;202244;58;3277,00;;NAER;B;NFK|3117|20088|202244
3117;20131;31/10/2022;202244;48;1014,00;;NAER;C;NFK|3117|20131|202244
3117;30012;31/10/2022;202244;54;743,17;AVIS;NAER;;NFK|3117|30012|202244
3117;30077;31/10/2022;202244;51;2677,50;;NAER;;NFK|3117|30077|202244
3117;30154;31/10/2022;202244;40;675,00;;NAER;;NFK|3117|30154|202244
3117;30209;31/10/2022;202244;45;1684,69;;NAER;;NFK|3117|30209|202244
3122;10023;31/10/2022;202244;122;1448,75;;FRANCHISE;;NFK|3122|10023|202244
3122;10047;31/10/2022;202244;82;922,50;;FRANCHISE;;NFK|3122|10047|202244
3122;10112;31/10/2022;202244;47;995,81;;FRANCHISE;;NFK|3122|10112|202244
3122;10310;31/10/2022;202244;60;1209,00;3F2;FRANCHISE;;NFK|3122|10310|202244
3122;11020;31/10/2022;202244;100;1868,75;;FRANCHISE;;NFK|3122|11020|202244
3122;11085;31/10/2022;202244;52;581,75;;FRANCHISE;;NFK|3122|11085|202244
3122;11142;31/10/2022;202244;39;972,56;;FRANCHISE;;NFK|3122|11142|202244
3122;12004;31/10/2022;202244;48;1920,00;;FRANCHISE;;NFK|3122|12004|202244
3122;12066;31/10/2022;202244;36;2182,50;;FRANCHISE;;NFK|3122|12066|202244
3122;12190;31/10/2022;202244;30;675,00;;FRANCHISE;;NFK|3122|12190|202244
3122;20015;31/10/2022;202244;67;1704,31;;FRANCHISE;C;NFK|3122|20015|202244
3122;20041;31/10/2022;202244;89;812,12;;FRANCHISE;A;NFK|3122|20041|202244
3122;20088;31/10/2022;202244;51;2881,50;;FRANCHISE;B;NFK|3122|20088|202244
3122;20131;31/10/2022;202244;32;676,00;;FRANCHISE;C;NFK|3122|20131|202244
3122;30012;31/10/2022;202244;40;550,50;AVIS;FRANCHISE;;NFK|3122|30012|202244
3122;30077;31/10/2022;202244;40;2100,00;;FRANCHISE;;NFK|3122|30077|202244
3122;30154;31/10/2022;202244;26;438,75;;FRANCHISE;;NFK|3122|30154|202244
3122;30209;31/10/2022;202244;33;1235,44;;FRANCHISE;;NFK|3122|30209|202244
4201;10023;31/10/2022;202244;634;7528,75;;HYPER;;NFK|4201|10023|202244
4201;10047;31/10/2022;202244;350;3937,50;;HYPER;;NFK|4201|10047|202244
4201;10112;31/10/2022;202244;203;4301,06;;HYPER;;NFK|4201|10112|202244
4201;10310;31/10/2022;202244;282;5682,30;3F2;HYPER;;NFK|4201|10310|202244
4201;11020;31/10/2022;202244;563;10521,06;;HYPER;;NFK|4201|11020|202244
4201;11085;31/10/2022;202244;296;3311,50;;HYPER;;NFK|4201|11085|202244
4201;11142;31/10/2022;202244;193;4812,94;;HYPER;;NFK|4201|11142|202244
4201;12004;31/10/2022;202244;300;12000,00;;HYPER;;NFK|4201|12004|202244
4201;12066;31/10/2022;202244;188;11397,50;;HYPER;;NFK|4201|12066|202244
4201;12190;31/10/2022;202244;137;3082,50;;HYPER;;NFK|4201|12190|202244
4201;20015;31/10/2022;202244;421;10709,19;;HYPER;C;NFK|4201|20015|202244
4201;20041;31/10/2022;202244;431;3932,88;;HYPER;A;NFK|4201|20041|202244
4201;20088;31/10/2022;202244;285;16102,50;;HYPER;B;NFK|4201|20088|202244
4201;20131;31/10/2022;202244;191;4034,88;;HYPER;C;NFK|4201|20131|202244
4201;30012;31/10/2022;202244;200;2752,50;AVIS;HYPER;;NFK|4201|30012|202244
4201;30077;31/10/2022;202244;186;9765,00;;HYPER;;NFK|4201|30077|202244
4201;30154;31/10/2022;202244;165;2784,38;;HYPER;;NFK|4201|30154|202244
4201;30209;31/10/2022;202244;195;7300,31;;HYPER;;NFK|4201|30209|202244
4205;10023;31/10/2022;202244;388;4607,50;;SUPER;;NFK|4205|10023|202244
4205;10047;31/10/2022;202244;270;3037,50;;SUPER;;NFK|4205|10047|202244
4205;10112;31/10/2022;202244;143;3029,81;;SUPER;;NFK|4205|10112|202244
4205;10310;31/10/2022;202244;183;3687,45;3F2;SUPER;;NFK|4205|10310|202244
4205;11020;31/10/2022;202244;309;5774,44;;SUPER;;NFK|4205|11020|202244
4205;11085;31/10/2022;202244;185;2069,69;;SUPER;;NFK|4205|11085|202244
4205;11142;31/10/2022;202244;120;2992,50;;SUPER;;NFK|4205|11142|202244
4205;12004;31/10/2022;202244;154;6160,00;;SUPER;;NFK|4205|12004|202244
4205;12066;31/10/2022;202244;131;7941,88;;SUPER;;NFK|4205|12066|202244
4205;12190;31/10/2022;202244;96;2160,00;;SUPER;;NFK|4205|12190|202244
4205;20015;31/10/2022;202244;241;6130,44;;SUPER;C;NFK|4205|20015|202244
4205;20041;31/10/2022;202244;310;2828,75;;SUPER;A;NFK|4205|20041|202244
4205;20088;31/10/2022;202244;150;8475,00;;SUPER;B;NFK|4205|20088|202244
4205;20131;31/10/2022;202244;94;1985,75;;SUPER;C;NFK|4205|20131|202244
4205;30012;31/10/2022;202244;117;1610,21;AVIS;SUPER;;NFK|4205|30012|202244
4205;30077;31/10/2022;202244;110;5775,00;;SUPER;;NFK|4205|30077|202244
4205;30154;31/10/2022;202244;86;1451,25;;SUPER;;NFK|4205|30154|202244
4205;30209;31/10/2022;202244;98;3668,88;;SUPER;;NFK|4205|30209|202244
4205;99001;31/10/2022;202244;6;0,00;;SUPER;;NFK|4205|99001|202244
4218;10023;31/10/2022;202244;391;4643,12;;SUPER;;NFK|4218|10023|202244
4218;10047;31/10/2022;202244;240;2700,00;;SUPER;;NFK|4218|10047|202244
4218;10112;31/10/2022;202244;138;2923,88;;SUPER;;NFK|4218|10112|202244
4218;10310;31/10/2022;202244;215;4332,25;3F2;SUPER;;NFK|4218|10310|202244
4218;11020;31/10/2022;202244;361;6746,19;;SUPER;;NFK|4218|11020|202244
4218;11085;31/10/2022;202244;167;1868,31;;SUPER;;NFK|4218|11085|202244
4218;11142;31/10/2022;202244;140;3491,25;;SUPER;;NFK|4218|11142|202244
4218;12004;31/10/2022;202244;198;7920,00;;SUPER;;NFK|4218|12004|202244
4218;12066;31/10/2022;202244;116;7032,50;;SUPER;;NFK|4218|12066|202244
4218;12190;31/10/2022;202244;83;1867,50;;SUPER;;NFK|4218|12190|202244
4218;20015;31/10/2022;202244;268;6817,25;;SUPER;C;NFK|4218|20015|202244
4218;20041;31/10/2022;202244;332;3029,50;;SUPER;A;NFK|4218|20041|202244
4218;20088;31/10/2022;202244;176;9944,00;;SUPER;B;NFK|4218|20088|202244
4218;20131;31/10/2022;202244;114;2408,25;;SUPER;C;NFK|4218|20131|202244
4218;30012;31/10/2022;202244;139;1912,99;AVIS;SUPER;;NFK|4218|30012|202244
4218;30077;31/10/2022;202244;141;7402,50;;SUPER;;NFK|4218|30077|202244
4218;30154;31/10/2022;202244;84;1417,50;;SUPER;;NFK|4218|30154|202244
4218;30209;31/10/2022;202244;111;4155,56;;SUPER;;NFK|4218|30209|202244
5502;10023;31/10/2022;202244;407;4833,12;;SUPER;;NFK|5502|10023|202244
5502;10047;31/10/2022;202244;198;2227,50;;SUPER;;NFK|5502|10047|202244
5502;10112;31/10/2022;202244;131;2775,56;;SUPER;;NFK|5502|10112|202244
5502;10310;31/10/2022;202244;170;3425,50;3F2;SUPER;;NFK|5502|10310|202244
5502;11020;31/10/2022;202244;298;5568,87;;SUPER;;NFK|5502|11020|202244
5502;11085;31/10/2022;202244;173;1935,44;;SUPER;;NFK|5502|11085|202244
5502;11142;31/10/2022;202244;110;2743,12;;SUPER;;NFK|5502|11142|202244
5502;12004;31/10/2022;202244;167;6680,00;;SUPER;;NFK|5502|12004|202244
5502;12066;31/10/2022;202244;129;7820,62;;SUPER;;NFK|5502|12066|202244
5502;12190;31/10/2022;202244;91;2047,50;;SUPER;;NFK|5502|12190|202244
5502;20015;31/10/2022;202244;201;5112,94;;SUPER;C;NFK|5502|20015|202244
5502;20041;31/10/2022;202244;242;2208,25;;SUPER;A;NFK|5502|20041|202244
5502;20088;31/10/2022;202244;152;8588,00;;SUPER;B;NFK|5502|20088|202244
5502;20131;31/10/2022;202244;107;2260,38;;SUPER;C;NFK|5502|20131|202244
5502;30012;31/10/2022;202244;123;1692,79;AVIS;SUPER;;NFK|5502|30012|202244
5502;30077;31/10/2022;202244;114;5985,00;;SUPER;;NFK|5502|30077|202244
5502;30154;31/10/2022;202244;75;1265,62;;SUPER;;NFK|5502|30154|202244
5502;30209;31/10/2022;202244;92;3444,25;;SUPER;;NFK|5502|30209|202244
5511;10023;31/10/2022;202244;157;1864,38;;PARTNER;;NFK|5511|10023|202244
5511;10047;31/10/2022;202244;79;888,75;;PARTNER;;NFK|5511|10047|202244
5511;10112;31/10/2022;202244;48;1017,00;;PARTNER;;NFK|5511|10112|202244
5511;10310;31/10/2022;202244;0;0,00;3F2;PARTNER;;NFK|5511|10310|202244
5511;11020;31/10/2022;202244;118;2205,12;;PARTNER;;NFK|5511|11020|202244
5511;11085;31/10/2022;202244;69;771,94;;PARTNER;;NFK|5511|11085|202244
5511;11142;31/10/2022;202244;51;1271,81;;PARTNER;;NFK|5511|11142|202244
5511;12004;31/10/2022;202244;68;2720,00;;PARTNER;;NFK|5511|12004|202244
5511;12066;31/10/2022;202244;45;2728,12;;PARTNER;;NFK|5511|12066|202244
5511;12190;31/10/2022;202244;37;832,50;;PARTNER;;NFK|5511|12190|202244
5511;20015;31/10/2022;202244;75;1907,81;;PARTNER;C;NFK|5511|20015|202244
5511;20041;31/10/2022;202244;101;921,62;;PARTNER;A;NFK|5511|20041|202244
5511;20088;31/10/2022;202244;47;2655,50;;PARTNER;B;NFK|5511|20088|202244
5511;20131;31/10/2022;202244;33;697,12;;PARTNER;C;NFK|5511|20131|202244
5511;30012;31/10/2022;202244;51;701,89;AVIS;PARTNER;;NFK|5511|30012|202244
5511;30077;31/10/2022;202244;39;2047,50;;PARTNER;;NFK|5511|30077|202244
5511;30154;31/10/2022;202244;30;506,25;;PARTNER;;NFK|5511|30154|202244
5511;30209;31/10/2022;202244;42;1572,37;;PARTNER;;NFK|5511|30209|202244
9001;10023;31/10/2022;202244;23;273,12;;DEPOT;;NFK|9001|10023|202244
9001;10047;31/10/2022;202244;13;146,25;;DEPOT;;NFK|9001|10047|202244
9001;10112;31/10/2022;202244;6;127,12;;DEPOT;;NFK|9001|10112|202244
9001;10310;31/10/2022;202244;9;181,35;3F2;DEPOT;;NFK|9001|10310|202244
9001;11020;31/10/2022;202244;15;280,31;;DEPOT;;NFK|9001|11020|202244
9001;11085;31/10/2022;202244;9;100,69;;DEPOT;;NFK|9001|11085|202244
9001;11142;31/10/2022;202244;8;199,50;;DEPOT;;NFK|9001|11142|202244
9001;12004;31/10/2022;202244;7;280,00;;DEPOT;;NFK|9001|12004|202244
9001;12066;31/10/2022;202244;6;363,75;;DEPOT;;NFK|9001|12066|202244
9001;12190;31/10/2022;202244;5;112,50;;DEPOT;;NFK|9001|12190|202244
9001;20015;31/10/2022;202244;10;254,38;;DEPOT;C;NFK|9001|20015|202244
9001;20041;31/10/2022;202244;15;136,88;;DEPOT;A;NFK|9001|20041|202244
9001;20088;31/10/2022;202244;7;395,50;;DEPOT;B;NFK|9001|20088|202244
9001;20131;31/10/2022;202244;5;105,62;;DEPOT;C;NFK|9001|20131|202244
9001;30012;31/10/2022;202244;8;110,10;AVIS;DEPOT;;NFK|9001|30012|202244
9001;30077;31/10/2022;202244;6;315,00;;DEPOT;;NFK|9001|30077|202244
9001;30154;31/10/2022;202244;5;84,38;;DEPOT;;NFK|9001|30154|202244
9001;30209;31/10/2022;202244;5;187,19;;DEPOT;;NFK|9001|30209|202244
1101;10023;07/11/2022;202245;363;4310,62;;SUPER;;NFK|1101|10023|202245
1101;10047;07/11/2022;202245;226;2542,50;;SUPER;;NFK|1101|10047|202245
1101;10112;07/11/2022;202245;137;2902,69;;SUPER;;NFK|1101|10112|202245
1101;10310;07/11/2022;202245;274;5521,10;AVIS;SUPER;;NFK|1101|10310|202245
1101;11020;07/11/2022;202245;301;5624,94;;SUPER;;NFK|1101|11020|202245
1101;11085;07/11/2022;202245;185;2069,69;;SUPER;;NFK|1101|11085|202245
1101;11142;07/11/2022;202245;146;3640,88;;SUPER;;NFK|1101|11142|202245
1101;12004;07/11/2022;202245;162;6480,00;;SUPER;;NFK|1101|12004|202245
1101;12066;07/11/2022;202245;133;8063,12;;SUPER;;NFK|1101|12066|202245
1101;12190;07/11/2022;202245;100;2250,00;;SUPER;;NFK|1101|12190|202245
1101;20015;07/11/2022;202245;345;8004,00;AVIS;SUPER;C;NFK|1101|20015|202245
1101;20041;07/11/2022;202245;278;2536,75;;SUPER;A;NFK|1101|20041|202245
1101;20088;07/11/2022;202245;166;9379,00;;SUPER;B;NFK|1101|20088|202245
1101;20131;07/11/2022;202245;150;2760,00;3F2;SUPER;C;NFK|1101|20131|202245
1101;30012;07/11/2022;202245;78;1262,62;;SUPER;;NFK|1101|30012|202245
1101;30077;07/11/2022;202245;113;5932,50;;SUPER;;NFK|1101|30077|202245
1101;30154;07/11/2022;202245;91;1535,62;;SUPER;;NFK|1101|30154|202245
1101;30209;07/11/2022;202245;125;4679,69;;SUPER;;NFK|1101|30209|202245
1101;99001;07/11/2022;202245;6;0,00;;SUPER;;NFK|1101|99001|202245
1102;10023;07/11/2022;202245;343;4073,12;;SUPER;;NFK|1102|10023|202245
1102;10047;07/11/2022;202245;223;2508,75;;SUPER;;NFK|1102|10047|202245
1102;10112;07/11/2022;202245;140;2966,25;;SUPER;;NFK|1102|10112|202245
1102;10310;07/11/2022;202245;213;4291,95;AVIS;SUPER;;NFK|1102|10310|202245
1102;11020;07/11/2022;202245;284;5307,25;;SUPER;;NFK|1102|11020|202245
1102;11085;07/11/2022;202245;182;2036,12;;SUPER;;NFK|1102|11085|202245
1102;11142;07/11/2022;202245;137;3416,44;;SUPER;;NFK|1102|11142|202245
1102;12004;07/11/2022;202245;152;6080,00;;SUPER;;NFK|1102|12004|202245
1102;12066;07/11/2022;202245;121;7335,62;;SUPER;;NFK|1102|12066|202245
1102;12190;07/11/2022;202245;85;1912,50;;SUPER;;NFK|1102|12190|202245
1102;20015;07/11/2022;202245;296;6867,20;AVIS;SUPER;C;NFK|1102|20015|202245
1102;20041;07/11/2022;202245;304;2774,00;;SUPER;A;NFK|1102|20041|202245
1102;20088;07/11/2022;202245;150;8475,00;;SUPER;B;NFK|1102|20088|202245
1102;20131;07/11/2022;202245;124;2281,60;3F2;SUPER;C;NFK|1102|20131|202245
1102;30012;07/11/2022;202245;70;1133,12;;SUPER;;NFK|1102|30012|202245
1102;30077;07/11/2022;202245;132;6930,00;;SUPER;;NFK|1102|30077|202245
1102;30154;07/11/2022;202245;94;1586,25;;SUPER;;NFK|1102|30154|202245
1102;30209;07/11/2022;202245;103;3856,06;;SUPER;;NFK|1102|30209|202245
1103;10023;07/11/2022;202245;203;2410,62;;NAER;;NFK|1103|10023|202245
1103;10047;07/11/2022;202245;130;1462,50;;NAER;;NFK|1103|10047|202245
1103;10112;07/11/2022;202245;70;1483,12;;NAER;;NFK|1103|10112|202245
1103;10310;07/11/2022;202245;100;2015,00;AVIS;NAER;;NFK|1103|10310|202245
1103;11020;07/11/2022;202245;156;2915,25;;NAER;;NFK|1103|11020|202245
1103;11085;07/11/2022;202245;95;1062,81;;NAER;;NFK|1103|11085|202245
1103;11142;07/11/2022;202245;62;1546,12;;NAER;;NFK|1103|11142|202245
1103;12004;07/11/2022;202245;88;3520,00;;NAER;;NFK|1103|12004|202245
1103;12066;07/11/2022;202245;69;4183,12;;NAER;;NFK|1103|12066|202245
1103;12190;07/11/2022;202245;46;1035,00;;NAER;;NFK|1103|12190|202245
1103;20015;07/11/2022;202245;171;3967,20;AVIS;NAER;C;NFK|1103|20015|202245
1103;20041;07/11/2022;202245;126;1149,75;;NAER;A;NFK|1103|20041|202245
1103;20088;07/11/2022;202245;79;4463,50;;NAER;B;NFK|1103|20088|202245
1103;20131;07/11/2022;202245;64;1177,60;3F2;NAER;C;NFK|1103|20131|202245
1103;30012;07/11/2022;202245;35;566,56;;NAER;;NFK|1103|30012|202245
1103;30077;07/11/2022;202245;53;2782,50;;NAER;;NFK|1103|30077|202245
1103;30154;07/11/2022;202245;49;826,88;;NAER;;NFK|1103|30154|202245
1103;30209;07/11/2022;202245;59;2208,81;;NAER;;NFK|1103|30209|202245
1108;10023;07/11/2022;202245;783;9298,12;;HYPER;;NFK|1108|10023|202245
1108;10047;07/11/2022;202245;511;5748,75;;HYPER;;NFK|1108|10047|202245
1108;10112;07/11/2022;202245;241;5106,19;;HYPER;;NFK|1108|10112|202245
1108;10310;07/11/2022;202245;427;8604,05;AVIS;HYPER;;NFK|1108|10310|202245
1108;11020;07/11/2022;202245;533;9960,44;;HYPER;;NFK|1108|11020|202245
1108;11085;07/11/2022;202245;333;3725,44;;HYPER;;NFK|1108|11085|202245
1108;11142;07/11/2022;202245;256;6384,00;;HYPER;;NFK|1108|11142|202245
1108;12004;07/11/2022;202245;311;12440,00;;HYPER;;NFK|1108|12004|202245
1108;12066;07/11/2022;202245;226;13701,25;;HYPER;;NFK|1108|12066|202245
1108;12190;07/11/2022;202245;149;3352,50;;HYPER;;NFK|1108|12190|202245
1108;20015;07/11/2022;202245;648;15033,60;AVIS;HYPER;C;NFK|1108|20015|202245
1108;20041;07/11/2022;202245;586;5347,25;;HYPER;A;NFK|1108|20041|202245
1108;20088;07/11/2022;202245;280;15820,00;;HYPER;B;NFK|1108|20088|202245
1108;20131;07/11/2022;202245;254;4673,60;3F2;HYPER;C;NFK|1108|20131|202245
1108;30012;07/11/2022;202245;138;2233,88;;HYPER;;NFK|1108|30012|202245
1108;30077;07/11/2022;202245;258;13545,00;;HYPER;;NFK|1108|30077|202245
1108;30154;07/11/2022;202245;184;3105,00;;HYPER;;NFK|1108|30154|202245
1108;30209;07/11/2022;202245;245;9172,19;;HYPER;;NFK|1108|30209|202245
3104;10023;07/11/2022;202245;307;3645,62;;SUPER;;NFK|3104|10023|202245
3104;10047;07/11/2022;202245;234;2632,50;;SUPER;;NFK|3104|10047|202245
3104;10112;07/11/2022;202245;145;3072,19;;SUPER;;NFK|3104|10112|202245
3104;10310;07/11/2022;202245;224;4513,60;AVIS;SUPER;;NFK|3104|10310|202245
3104;11020;07/11/2022;202245;270;5045,62;;SUPER;;NFK|3104|11020|202245
3104;11085;07/11/2022;202245;152;1700,50;;SUPER;;NFK|3104|11085|202245
3104;11142;07/11/2022;202245;136;3391,50;;SUPER;;NFK|3104|11142|202245
3104;12004;07/11/2022;202245;166;6640,00;;SUPER;;NFK|3104|12004|202245
3104;12066;07/11/2022;202245;116;7032,50;;SUPER;;NFK|3104|12066|202245
3104;12190;07/11/2022;202245;77;1732,50;;SUPER;;NFK|3104|12190|202245
3104;20015;07/11/2022;202245;280;6496,00;AVIS;SUPER;C;NFK|3104|20015|202245
3104;20041;07/11/2022;202245;287;2618,88;;SUPER;A;NFK|3104|20041|202245
3104;20088;07/11/2022;202245;147;8305,50;;SUPER;B;NFK|3104|20088|202245
3104;20131;07/11/2022;202245;115;2116,00;3F2;SUPER;C;NFK|3104|20131|202245
3104;30012;07/11/2022;202245;82;1327,37;;SUPER;;NFK|3104|30012|202245
3104;30077;07/11/2022;202245;108;5670,00;;SUPER;;NFK|3104|30077|202245
3104;30154;07/11/2022;202245;84;1417,50;;SUPER;;NFK|3104|30154|202245
3104;30209;07/11/2022;202245;100;3743,75;;SUPER;;NFK|3104|30209|202245
3117;10023;07/11/2022;202245;183;2173,12;;NAER;;NFK|3117|10023|202245
3117;10047;07/11/2022;202245;95;1068,75;;NAER;;NFK|3117|10047|202245
3117;10112;07/11/2022;202245;62;1313,62;;NAER;;NFK|3117|10112|202245
3117;10310;07/11/2022;202245;90;1813,50;AVIS;NAER;;NFK|3117|10310|202245
3117;11020;07/11/2022;202245;148;2765,75;;NAER;;NFK|3117|11020|202245
3117;11085;07/11/2022;202245;72;805,50;;NAER;;NFK|3117|11085|202245
3117;11142;07/11/2022;202245;63;1571,06;;NAER;;NFK|3117|11142|202245
3117;12004;07/11/2022;202245;79;3160,00;;NAER;;NFK|3117|12004|202245
3117;12066;07/11/2022;202245;56;3395,00;;NAER;;NFK|3117|12066|202245
3117;12190;07/11/2022;202245;39;877,50;;NAER;;NFK|3117|12190|202245
3117;20015;07/11/2022;202245;138;3201,60;AVIS;NAER;C;NFK|3117|20015|202245
3117;20041;07/11/2022;202245;131;1195,38;;NAER;A;NFK|3117|20041|202245
3117;20088;07/11/2022;202245;58;3277,00;;NAER;B;NFK|3117|20088|202245
3117;20131;07/11/2022;202245;58;1067,20;3F2;NAER;C;NFK|3117|20131|202245
3117;30012;07/11/2022;202245;30;485,62;;NAER;;NFK|3117|30012|202245
3117;30077;07/11/2022;202245;56;2940,00;;NAER;;NFK|3117|30077|202245
3117;30154;07/11/2022;202245;35;590,62;;NAER;;NFK|3117|30154|202245
3117;30209;07/11/2022;202245;48;1797,00;;NAER;;NFK|3117|30209|202245
3122;10023;07/11/2022;202245;104;1235,00;;FRANCHISE;;NFK|3122|10023|202245
3122;10047;07/11/2022;202245;71;798,75;;FRANCHISE;;NFK|3122|10047|202245
3122;10112;07/11/2022;202245;46;974,62;;FRANCHISE;;NFK|3122|10112|202245
3122;10310;07/11/2022;202245;64;1289,60;AVIS;FRANCHISE;;NFK|3122|10310|202245
3122;11020;07/11/2022;202245;95;1775,31;;FRANCHISE;;NFK|3122|11020|202245
3122;11085;07/11/2022;202245;53;592,94;;FRANCHISE;;NFK|3122|11085|202245
3122;11142;07/11/2022;202245;40;997,50;;FRANCHISE;;NFK|3122|11142|202245
3122;12004;07/11/2022;202245;45;1800,00;;FRANCHISE;;NFK|3122|12004|202245
3122;12066;07/11/2022;202245;43;2606,88;;FRANCHISE;;NFK|3122|12066|202245
3122;12190;07/11/2022;202245;26;585,00;;FRANCHISE;;NFK|3122|12190|202245
3122;20015;07/11/2022;202245;101;2343,20;AVIS;FRANCHISE;C;NFK|3122|20015|202245
3122;20041;07/11/2022;202245;82;748,25;;FRANCHISE;A;NFK|3122|20041|202245
3122;20088;07/11/2022;202245;46;2599,00;;FRANCHISE;B;NFK|3122|20088|202245
3122;20131;07/11/2022;202245;49;901,60;3F2;FRANCHISE;C;NFK|3122|20131|202245
3122;30012;07/11/2022;202245;23;372,31;;FRANCHISE;;NFK|3122|30012|202245
3122;30077;07/11/2022;202245;38;1995,00;;FRANCHISE;;NFK|3122|30077|202245
3122;30154;07/11/2022;202245;27;455,62;;FRANCHISE;;NFK|3122|30154|202245
3122;30209;07/11/2022;202245;38;1422,62;;FRANCHISE;;NFK|3122|30209|202245
4201;10023;07/11/2022;202245;630;7481,25;;HYPER;;NFK|4201|10023|202245
4201;10047;07/11/2022;202245;454;5107,50;;HYPER;;NFK|4201|10047|202245
4201;10112;07/11/2022;202245;206;4364,62;;HYPER;;NFK|4201|10112|202245
4201;10310;07/11/2022;202245;427;8604,05;AVIS;HYPER;;NFK|4201|10310|202245
4201;11020;07/11/2022;202245;546;10203,38;;HYPER;;NFK|4201|11020|202245
4201;11085;07/11/2022;202245;283;3166,06;;HYPER;;NFK|4201|11085|202245
4201;11142;07/11/2022;202245;226;5635,88;;HYPER;;NFK|4201|11142|202245
4201;12004;07/11/2022;202245;244;9760,00;;HYPER;;NFK|4201|12004|202245
4201;12066;07/11/2022;202245;229;13883,12;;HYPER;;NFK|4201|12066|202245
4201;12190;07/11/2022;202245;149;3352,50;;HYPER;;NFK|4201|12190|202245
4201;20015;07/11/2022;202245;492;11414,40;AVIS;HYPER;C;NFK|4201|20015|202245
4201;20041;07/11/2022;202245;483;4407,38;;HYPER;A;NFK|4201|20041|202245
4201;20088;07/11/2022;202245;225;12712,50;;HYPER;B;NFK|4201|20088|202245
4201;20131;07/11/2022;202245;241;4434,40;3F2;HYPER;C;NFK|4201|20131|202245
4201;30012;07/11/2022;202245;116;1877,75;;HYPER;;NFK|4201|30012|202245
4201;30077;07/11/2022;202245;228;11970,00;;HYPER;;NFK|4201|30077|202245
4201;30154;07/11/2022;202245;158;2666,25;;HYPER;;NFK|4201|30154|202245
4201;30209;07/11/2022;202245;184;6888,50;;HYPER;;NFK|4201|30209|202245
4205;10023;07/11/2022;202245;361;4286,88;;SUPER;;NFK|4205|10023|202245
4205;10047;07/11/2022;202245;238;2677,50;;SUPER;;NFK|4205|10047|202245
4205;10112;07/11/2022;202245;155;3284,06;;SUPER;;NFK|4205|10112|202245
4205;10310;07/11/2022;202245;239;4815,85;AVIS;SUPER;;NFK|4205|10310|202245
4205;11020;07/11/2022;202245;281;5251,19;;SUPER;;NFK|4205|11020|202245
4205;11085;07/11/2022;202245;185;2069,69;;SUPER;;NFK|4205|11085|202245
4205;11142;07/11/2022;202245;0;0,00;;SUPER;;NFK|4205|11142|202245
4205;12004;07/11/2022;202245;178;7120,00;;SUPER;;NFK|4205|12004|202245
4205;12066;07/11/2022;202245;106;6426,25;;SUPER;;NFK|4205|12066|202245
4205;12190;07/11/2022;202245;77;1732,50;;SUPER;;NFK|4205|12190|202245
4205;20015;07/11/2022;202245;361;8375,20;AVIS;SUPER;C;NFK|4205|20015|202245
4205;20041;07/11/2022;202245;316;2883,50;;SUPER;A;NFK|4205|20041|202245
4205;20088;07/11/2022;202245;156;8814,00;;SUPER;B;NFK|4205|20088|202245
4205;20131;07/11/2022;202245;138;2539,20;3F2;SUPER;C;NFK|4205|20131|202245
4205;30012;07/11/2022;202245;87;1408,31;;SUPER;;NFK|4205|30012|202245
4205;30077;07/11/2022;202245;128;6720,00;;SUPER;;NFK|4205|30077|202245
4205;30154;07/11/2022;202245;79;1333,12;;SUPER;;NFK|4205|30154|202245
4205;30209;07/11/2022;202245;125;4679,69;;SUPER;;NFK|4205|30209|202245
4218;10023;07/11/2022;202245;395;4690,62;;SUPER;;NFK|4218|10023|202245
4218;10047;07/11/2022;202245;288;3240,00;;SUPER;;NFK|4218|10047|202245
4218;10112;07/11/2022;202245;164;3474,75;;SUPER;;NFK|4218|10112|202245
4218;10310;07/11/2022;202245;223;4493,45;AVIS;SUPER;;NFK|4218|10310|202245
4218;11020;07/11/2022;202245;359;6708,81;;SUPER;;NFK|4218|11020|202245
4218;11085;07/11/2022;202245;183;2047,31;;SUPER;;NFK|4218|11085|202245
4218;11142;07/11/2022;202245;148;3690,75;;SUPER;;NFK|4218|11142|202245
4218;12004;07/11/2022;202245;154;6160,00;;SUPER;;NFK|4218|12004|202245
4218;12066;07/11/2022;202245;127;7699,38;;SUPER;;NFK|4218|12066|202245
4218;12190;07/11/2022;202245;82;1845,00;;SUPER;;NFK|4218|12190|202245
4218;20015;07/11/2022;202245;306;7099,20;AVIS;SUPER;C;NFK|4218|20015|202245
4218;20041;07/11/2022;202245;313;2856,12;;SUPER;A;NFK|4218|20041|202245
4218;20088;07/11/2022;202245;170;9605,00;;SUPER;B;NFK|4218|20088|202245
4218;20131;07/11/2022;202245;145;2668,00;3F2;SUPER;C;NFK|4218|20131|202245
4218;30012;07/11/2022;202245;86;1392,12;;SUPER;;NFK|4218|30012|202245
4218;30077;07/11/2022;202245;118;6195,00;;SUPER;;NFK|4218|30077|202245
4218;30154;07/11/2022;202245;98;1653,75;;SUPER;;NFK|4218|30154|202245
4218;30209;07/11/2022;202245;135;5054,06;;SUPER;;NFK|4218|30209|202245
5502;10023;07/11/2022;202245;388;4607,50;;SUPER;;NFK|5502|10023|202245
5502;10047;07/11/2022;202245;215;2418,75;;SUPER;;NFK|5502|10047|202245
5502;10112;07/11/2022;202245;118;2500,12;;SUPER;;NFK|5502|10112|202245
5502;10310;07/11/2022;202245;242;4876,30;AVIS;SUPER;;NFK|5502|10310|202245
5502;11020;07/11/2022;202245;327;6110,81;;SUPER;;NFK|5502|11020|202245
5502;11085;07/11/2022;202245;173;1935,44;;SUPER;;NFK|5502|11085|202245
5502;11142;07/11/2022;202245;120;2992,50;;SUPER;;NFK|5502|11142|202245
5502;12004;07/11/2022;202245;167;6680,00;;SUPER;;NFK|5502|12004|202245
5502;12066;07/11/2022;202245;113;6850,62;;SUPER;;NFK|5502|12066|202245
5502;12190;07/11/2022;202245;92;2070,00;;SUPER;;NFK|5502|12190|202245
5502;20015;07/11/2022;202245;269;6240,80;AVIS;SUPER;C;NFK|5502|20015|202245
5502;20041;07/11/2022;202245;266;2427,25;;SUPER;A;NFK|5502|20041|202245
5502;20088;07/11/2022;202245;155;8757,50;;SUPER;B;NFK|5502|20088|202245
5502;20131;07/11/2022;202245;137;2520,80;3F2;SUPER;C;NFK|5502|20131|202245
5502;30012;07/11/2022;202245;85;1375,94;;SUPER;;NFK|5502|30012|202245
5502;30077;07/11/2022;202245;118;6195,00;;SUPER;;NFK|5502|30077|202245
5502;30154;07/11/2022;202245;81;1366,88;;SUPER;;NFK|5502|30154|202245
5502;30209;07/11/2022;202245;120;4492,50;;SUPER;;NFK|5502|30209|202245
5511;10023;07/11/2022;202245;125;1484,38;;PARTNER;;NFK|5511|10023|202245
5511;10047;07/11/2022;202245;90;1012,50;;PARTNER;;NFK|5511|10047|202245
5511;10112;07/11/2022;202245;58;1228,88;;PARTNER;;NFK|5511|10112|202245
5511;10310;07/11/2022;202245;81;1632,15;AVIS;PARTNER;;NFK|5511|10310|202245
5511;11020;07/11/2022;202245;117;2186,44;;PARTNER;;NFK|5511|11020|202245
5511;11085;07/11/2022;202245;65;727,19;;PARTNER;;NFK|5511|11085|202245
5511;11142;07/11/2022;202245;51;1271,81;;PARTNER;;NFK|5511|11142|202245
5511;12004;07/11/2022;202245;63;2520,00;;PARTNER;;NFK|5511|12004|202245
5511;12066;07/11/2022;202245;45;2728,12;;PARTNER;;NFK|5511|12066|202245
5511;12190;07/11/2022;202245;30;675,00;;PARTNER;;NFK|5511|12190|202245
5511;20015;07/11/2022;202245;113;2621,60;AVIS;PARTNER;C;NFK|5511|20015|202245
5511;20041;07/11/2022;202245;98;894,25;;PARTNER;A;NFK|5511|20041|202245
5511;20088;07/11/2022;202245;52;2938,00;;PARTNER;B;NFK|5511|20088|202245
5511;20131;07/11/2022;202245;59;1085,60;3F2;PARTNER;C;NFK|5511|20131|202245
5511;30012;07/11/2022;202245;29;469,44;;PARTNER;;NFK|5511|30012|202245
5511;30077;07/11/2022;202245;48;2520,00;;PARTNER;;NFK|5511|30077|202245
5511;30154;07/11/2022;202245;28;472,50;;PARTNER;;NFK|5511|30154|202245
5511;30209;07/11/2022;202245;44;1647,25;;PARTNER;;NFK|5511|30209|202245
9001;10023;07/11/2022;202245;21;249,38;;DEPOT;;NFK|9001|10023|202245
9001;10047;07/11/2022;202245;13;146,25;;DEPOT;;NFK|9001|10047|202245
9001;10112;07/11/2022;202245;7;148,31;;DEPOT;;NFK|9001|10112|202245
9001;10310;07/11/2022;202245;12;241,80;AVIS;DEPOT;;NFK|9001|10310|202245
9001;11020;07/11/2022;202245;18;336,37;;DEPOT;;NFK|9001|11020|202245
9001;11085;07/11/2022;202245;11;123,06;;DEPOT;;NFK|9001|11085|202245
9001;11142;07/11/2022;202245;7;174,56;;DEPOT;;NFK|9001|11142|202245
9001;12004;07/11/2022;202245;9;360,00;;DEPOT;;NFK|9001|12004|202245
9001;12066;07/11/2022;202245;6;363,75;;DEPOT;;NFK|9001|12066|202245
9001;12190;07/11/2022;202245;4;90,00;;DEPOT;;NFK|9001|12190|202245
9001;20015;07/11/2022;202245;17;394,40;AVIS;DEPOT;C;NFK|9001|20015|202245
9001;20041;07/11/2022;202245;15;136,88;;DEPOT;A;NFK|9001|20041|202245
9001;20088;07/11/2022;202245;9;508,50;;DEPOT;B;NFK|9001|20088|202245
9001;20131;07/11/2022;202245;8;147,20;3F2;DEPOT;C;NFK|9001|20131|202245
9001;30012;07/11/2022;202245;4;64,75;;DEPOT;;NFK|9001|30012|202245
9001;30077;07/11/2022;202245;7;367,50;;DEPOT;;NFK|9001|30077|202245
9001;30154;07/11/2022;202245;5;84,38;;DEPOT;;NFK|9001|30154|202245
9001;30209;07/11/2022;202245;6;224,62;;DEPOT;;NFK|9001|30209|202245
1101;10023;14/11/2022;202246;436;5177,50;;SUPER;;NFK|1101|10023|202246
1101;10047;14/11/2022;202246;267;3003,75;;SUPER;;NFK|1101|10047|202246
1101;10112;14/11/2022;202246;160;3390,00;;SUPER;;NFK|1101|10112|202246
1101;10310;14/11/2022;202246;112;3010,00;;SUPER;;NFK|1101|10310|202246
1101;11020;14/11/2022;202246;303;5662,31;;SUPER;;NFK|1101|11020|202246
1101;11085;14/11/2022;202246;209;2338,19;;SUPER;;NFK|1101|11085|202246
1101;11142;14/11/2022;202246;130;3241,88;;SUPER;;NFK|1101|11142|202246
1101;12004;14/11/2022;202246;154;6160,00;;SUPER;;NFK|1101|12004|202246
1101;12066;14/11/2022;202246;153;8348,06;3F2;SUPER;;NFK|1101|12066|202246
1101;12190;14/11/2022;202246;106;2385,00;;SUPER;;NFK|1101|12190|202246
1101;20015;14/11/2022;202246;228;5799,75;;SUPER;C;NFK|1101|20015|202246
1101;20041;14/11/2022;202246;324;2956,50;;SUPER;A;NFK|1101|20041|202246
1101;20088;14/11/2022;202246;169;9548,50;;SUPER;B;NFK|1101|20088|202246
1101;20131;14/11/2022;202246;110;2323,75;;SUPER;C;NFK|1101|20131|202246
1101;30012;14/11/2022;202246;78;1262,62;;SUPER;;NFK|1101|30012|202246
1101;30077;14/11/2022;202246;144;7560,00;;SUPER;;NFK|1101|30077|202246
1101;30154;14/11/2022;202246;102;1721,25;;SUPER;;NFK|1101|30154|202246
1101;30209;14/11/2022;202246;121;4529,94;;SUPER;;NFK|1101|30209|202246
1102;10023;14/11/2022;202246;359;4263,12;;SUPER;;NFK|1102|10023|202246
1102;10047;14/11/2022;202246;260;2925,00;;SUPER;;NFK|1102|10047|202246
1102;10112;14/11/2022;202246;153;3241,69;;SUPER;;NFK|1102|10112|202246
1102;10310;14/11/2022;202246;105;2821,88;;SUPER;;NFK|1102|10310|202246
1102;11020;14/11/2022;202246;267;4989,56;;SUPER;;NFK|1102|11020|202246
1102;11085;14/11/2022;202246;170;1901,87;;SUPER;;NFK|1102|11085|202246
1102;11142;14/11/2022;202246;139;3466,31;;SUPER;;NFK|1102|11142|202246
1102;12004;14/11/2022;202246;169;6760,00;;SUPER;;NFK|1102|12004|202246
1102;12066;14/11/2022;202246;164;8948,25;3F2;SUPER;;NFK|1102|12066|202246
1102;12190;14/11/2022;202246;85;1912,50;;SUPER;;NFK|1102|12190|202246
1102;20015;14/11/2022;202246;205;5214,69;;SUPER;C;NFK|1102|20015|202246
1102;20041;14/11/2022;202246;289;2637,12;;SUPER;A;NFK|1102|20041|202246
1102;20088;14/11/2022;202246;163;9209,50;;SUPER;B;NFK|1102|20088|202246
1102;20131;14/11/2022;202246;108;2281,50;;SUPER;C;NFK|1102|20131|202246
1102;30012;14/11/2022;202246;86;1392,12;;SUPER;;NFK|1102|30012|202246
1102;30077;14/11/2022;202246;127;6667,50;;SUPER;;NFK|1102|30077|202246
1102;30154;14/11/2022;202246;96;1620,00;;SUPER;;NFK|1102|30154|202246
1102;30209;14/11/2022;202246;113;4230,44;;SUPER;;NFK|1102|30209|202246
1103;10023;14/11/2022;202246;167;1983,12;;NAER;;NFK|1103|10023|202246
1103;10047;14/11/2022;202246;137;1541,25;;NAER;;NFK|1103|10047|202246
1103;10112;14/11/2022;202246;61;1292,44;;NAER;;NFK|1103|10112|202246
1103;10310;14/11/2022;202246;56;1505,00;;NAER;;NFK|1103|10310|202246
1103;11020;14/11/2022;202246;137;2560,19;;NAER;;NFK|1103|11020|202246
1103;11085;14/11/2022;202246;80;895,00;;NAER;;NFK|1103|11085|202246
1103;11142;14/11/2022;202246;72;1795,50;;NAER;;NFK|1103|11142|202246
1103;12004;14/11/2022;202246;81;3240,00;;NAER;;NFK|1103|12004|202246
1103;12066;14/11/2022;202246;71;3873,94;3F2;NAER;;NFK|1103|12066|202246
1103;12190;14/11/2022;202246;47;1057,50;;NAER;;NFK|1103|12190|202246
1103;20015;14/11/2022;202246;100;2543,75;;NAER;C;NFK|1103|20015|202246
1103;20041;14/11/2022;202246;151;1377,88;;NAER;A;NFK|1103|20041|202246
1103;20088;14/11/2022;202246;75;4237,50;;NAER;B;NFK|1103|20088|202246
1103;20131;14/11/2022;202246;57;1204,12;;NAER;C;NFK|1103|20131|202246
1103;30012;14/11/2022;202246;40;647,50;;NAER;;NFK|1103|30012|202246
1103;30077;14/11/2022;202246;61;3202,50;;NAER;;NFK|1103|30077|202246
1103;30154;14/11/2022;202246;40;675,00;;NAER;;NFK|1103|30154|202246
1103;30209;14/11/2022;202246;57;2133,94;;NAER;;NFK|1103|30209|202246
1108;10023;14/11/2022;202246;747;8870,62;;HYPER;;NFK|1108|10023|202246
1108;10047;14/11/2022;202246;493;5546,25;;HYPER;;NFK|1108|10047|202246
1108;10112;14/11/2022;202246;289;6123,19;;HYPER;;NFK|1108|10112|202246
1108;10310;14/11/2022;202246;206;5536,25;;HYPER;;NFK|1108|10310|202246
1108;11020;14/11/2022;202246;544;10166,00;;HYPER;;NFK|1108|11020|202246
1108;11085;14/11/2022;202246;334;3736,62;;HYPER;;NFK|1108|11085|202246
1108;11142;14/11/2022;202246;234;5835,38;;HYPER;;NFK|1108|11142|202246
1108;12004;14/11/2022;202246;314;12560,00;;HYPER;;NFK|1108|12004|202246
1108;12066;14/11/2022;202246;281;15332,06;3F2;HYPER;;NFK|1108|12066|202246
1108;12190;14/11/2022;202246;170;3825,00;;HYPER;;NFK|1108|12190|202246
1108;20015;14/11/2022;202246;390;9920,62;;HYPER;C;NFK|1108|20015|202246
1108;20041;14/11/2022;202246;518;4726,75;;HYPER;A;NFK|1108|20041|202246
1108;20088;14/11/2022;202246;285;16102,50;;HYPER;B;NFK|1108|20088|202246
1108;20131;14/11/2022;202246;176;3718,00;;HYPER;C;NFK|1108|20131|202246
1108;30012;14/11/2022;202246;159;2573,81;;HYPER;;NFK|1108|30012|202246
1108;30077;14/11/2022;202246;263;13807,50;;HYPER;;NFK|1108|30077|202246
1108;30154;14/11/2022;202246;186;3138,75;;HYPER;;NFK|1108|30154|202246
1108;30209;14/11/2022;202246;223;8348,56;;HYPER;;NFK|1108|30209|202246
1108;99001;14/11/2022;202246;10;0,00;;HYPER;;NFK|1108|99001|202246
3104;10023;14/11/2022;202246;399;4738,12;;SUPER;;NFK|3104|10023|202246
3104;10047;14/11/2022;202246;250;2812,50;;SUPER;;NFK|3104|10047|202246
3104;10112;14/11/2022;202246;130;2754,38;;SUPER;;NFK|3104|10112|202246
3104;10310;14/11/2022;202246;90;2418,75;;SUPER;;NFK|3104|10310|202246
3104;11020;14/11/2022;202246;267;4989,56;;SUPER;;NFK|3104|11020|202246
3104;11085;14/11/2022;202246;157;1756,44;;SUPER;;NFK|3104|11085|202246
3104;11142;14/11/2022;202246;116;2892,75;;SUPER;;NFK|3104|11142|202246
3104;12004;14/11/2022;202246;145;5800,00;;SUPER;;NFK|3104|12004|202246
3104;12066;14/11/2022;202246;159;8675,44;3F2;SUPER;;NFK|3104|12066|202246
3104;12190;14/11/2022;202246;73;1642,50;;SUPER;;NFK|3104|12190|202246
3104;20015;14/11/2022;202246;202;5138,38;;SUPER;C;NFK|3104|20015|202246
3104;20041;14/11/2022;202246;238;2171,75;;SUPER;A;NFK|3104|20041|202246
3104;20088;14/11/2022;202246;119;6723,50;;SUPER;B;NFK|3104|20088|202246
3104;20131;14/11/2022;202246;92;1943,50;;SUPER;C;NFK|3104|20131|202246
3104;30012;14/11/2022;202246;68;1100,75;;SUPER;;NFK|3104|30012|202246
3104;30077;14/11/2022;202246;104;5460,00;;SUPER;;NFK|3104|30077|202246
3104;30154;14/11/2022;202246;75;1265,62;;SUPER;;NFK|3104|30154|202246
3104;30209;14/11/2022;202246;103;3856,06;;SUPER;;NFK|3104|30209|202246
3117;10023;14/11/2022;202246;166;1971,25;;NAER;;NFK|3117|10023|202246
3117;10047;14/11/2022;202246;91;1023,75;;NAER;;NFK|3117|10047|202246
3117;10112;14/11/2022;202246;55;1165,31;;NAER;;NFK|3117|10112|202246
3117;10310;14/11/2022;202246;52;1397,50;;NAER;;NFK|3117|10310|202246
3117;11020;14/11/2022;202246;126;2354,62;;NAER;;NFK|3117|11020|202246
3117;11085;14/11/2022;202246;84;939,75;;NAER;;NFK|3117|11085|202246
3117;11142;14/11/2022;202246;64;1596,00;;NAER;;NFK|3117|11142|202246
3117;12004;14/11/2022;202246;66;2640,00;;NAER;;NFK|3117|12004|202246
3117;12066;14/11/2022;202246;69;3764,81;3F2;NAER;;NFK|3117|12066|202246
3117;12190;14/11/2022;202246;42;945,00;;NAER;;NFK|3117|12190|202246
3117;20015;14/11/2022;202246;102;2594,62;;NAER;C;NFK|3117|20015|202246
3117;20041;14/11/2022;202246;133;1213,62;;NAER;A;NFK|3117|20041|202246
3117;20088;14/11/2022;202246;69;3898,50;;NAER;B;NFK|3117|20088|202246
3117;20131;14/11/2022;202246;49;1035,12;;NAER;C;NFK|3117|20131|202246
3117;30012;14/11/2022;202246;30;485,62;;NAER;;NFK|3117|30012|202246
3117;30077;14/11/2022;202246;56;2940,00;;NAER;;NFK|3117|30077|202246
3117;30154;14/11/2022;202246;37;624,38;;NAER;;NFK|3117|30154|202246
3117;30209;14/11/2022;202246;45;1684,69;;NAER;;NFK|3117|30209|202246
3117;99001;14/11/2022;202246;2;0,00;;NAER;;NFK|3117|99001|202246
3122;10023;14/11/2022;202246;106;1258,75;;FRANCHISE;;NFK|3122|10023|202246
3122;10047;14/11/2022;202246;68;765,00;;FRANCHISE;;NFK|3122|10047|202246
3122;10112;14/11/2022;202246;38;805,12;;FRANCHISE;;NFK|3122|10112|202246
3122;10310;14/11/2022;202246;38;1021,25;;FRANCHISE;;NFK|3122|10310|202246
3122;11020;14/11/2022;202246;97;1812,69;;FRANCHISE;;NFK|3122|11020|202246
3122;11085;14/11/2022;202246;64;716,00;;FRANCHISE;;NFK|3122|11085|202246
3122;11142;14/11/2022;202246;37;922,69;;FRANCHISE;;NFK|3122|11142|202246
3122;12004;14/11/2022;202246;47;1880,00;;FRANCHISE;;NFK|3122|12004|202246
3122;12066;14/11/2022;202246;54;2946,38;3F2;FRANCHISE;;NFK|3122|12066|202246
3122;12190;14/11/2022;202246;30;675,00;;FRANCHISE;;NFK|3122|12190|202246
3122;20015;14/11/2022;202246;77;1958,69;;FRANCHISE;C;NFK|3122|20015|202246
3122;20041;14/11/2022;202246;100;912,50;;FRANCHISE;A;NFK|3122|20041|202246
3122;20088;14/11/2022;202246;50;2825,00;;FRANCHISE;B;NFK|3122|20088|202246
3122;20131;14/11/2022;202246;36;760,50;;FRANCHISE;C;NFK|3122|20131|202246
3122;30012;14/11/2022;202246;25;404,69;;FRANCHISE;;NFK|3122|30012|202246
3122;30077;14/11/2022;202246;35;1837,50;;FRANCHISE;;NFK|3122|30077|202246
3122;30154;14/11/2022;202246;28;472,50;;FRANCHISE;;NFK|3122|30154|202246
3122;30209;14/11/2022;202246;34;1272,88;;FRANCHISE;;NFK|3122|30209|202246
3122;99001;14/11/2022;202246;2;0,00;;FRANCHISE;;NFK|3122|99001|202246
4201;10023;14/11/2022;202246;578;6863,75;;HYPER;;NFK|4201|10023|202246
4201;10047;14/11/2022;202246;399;4488,75;;HYPER;;NFK|4201|10047|202246
4201;10112;14/11/2022;202246;219;4640,06;;HYPER;;NFK|4201|10112|202246
4201;10310;14/11/2022;202246;184;4945,00;;HYPER;;NFK|4201|10310|202246
4201;11020;14/11/2022;202246;558;10427,62;;HYPER;;NFK|4201|11020|202246
4201;11085;14/11/2022;202246;268;2998,25;;HYPER;;NFK|4201|11085|202246
4201;11142;14/11/2022;202246;237;5910,19;;HYPER;;NFK|4201|11142|202246
4201;12004;14/11/2022;202246;300;12000,00;;HYPER;;NFK|4201|12004|202246
4201;12066;14/11/2022;202246;275;15004,69;3F2;HYPER;;NFK|4201|12066|202246
4201;12190;14/11/2022;202246;129;2902,50;;HYPER;;NFK|4201|12190|202246
4201;20015;14/11/2022;202246;395;10047,81;;HYPER;C;NFK|4201|20015|202246
4201;20041;14/11/2022;202246;488;4453,00;;HYPER;A;NFK|4201|20041|202246
4201;20088;14/11/2022;202246;308;13167,00;KUPON;HYPER;B;NFK|4201|20088|202246
4201;20131;14/11/2022;202246;190;4013,75;;HYPER;C;NFK|4201|20131|202246
4201;30012;14/11/2022;202246;139;2250,06;;HYPER;;NFK|4201|30012|202246
4201;30077;14/11/2022;202246;178;9345,00;;HYPER;;NFK|4201|30077|202246
4201;30154;14/11/2022;202246;134;2261,25;;HYPER;;NFK|4201|30154|202246
4201;30209;14/11/2022;202246;171;6401,81;;HYPER;;NFK|4201|30209|202246
4205;10023;14/11/2022;202246;349;4144,38;;SUPER;;NFK|4205|10023|202246
4205;10047;14/11/2022;202246;252;2835,00;;SUPER;;NFK|4205|10047|202246
4205;10112;14/11/2022;202246;154;3262,87;;SUPER;;NFK|4205|10112|202246
4205;10310;14/11/2022;202246;113;3036,88;;SUPER;;NFK|4205|10310|202246
4205;11020;14/11/2022;202246;291;5438,06;;SUPER;;NFK|4205|11020|202246
4205;11085;14/11/2022;202246;191;2136,81;;SUPER;;NFK|4205|11085|202246
4205;11142;14/11/2022;202246;146;3640,88;;SUPER;;NFK|4205|11142|202246
4205;12004;14/11/2022;202246;172;6880,00;;SUPER;;NFK|4205|12004|202246
4205;12066;14/11/2022;202246;158;8620,88;3F2;SUPER;;NFK|4205|12066|202246
4205;12190;14/11/2022;202246;100;2250,00;;SUPER;;NFK|4205|12190|202246
4205;20015;14/11/2022;202246;249;6333,94;;SUPER;C;NFK|4205|20015|202246
4205;20041;14/11/2022;202246;285;2600,62;;SUPER;A;NFK|4205|20041|202246
4205;20088;14/11/2022;202246;215;9191,25;KUPON;SUPER;B;NFK|4205|20088|202246
4205;20131;14/11/2022;202246;101;2133,62;;SUPER;C;NFK|4205|20131|202246
4205;30012;14/11/2022;202246;82;1327,37;;SUPER;;NFK|4205|30012|202246
4205;30077;14/11/2022;202246;135;7087,50;;SUPER;;NFK|4205|30077|202246
4205;30154;14/11/2022;202246;95;1603,12;;SUPER;;NFK|4205|30154|202246
4205;30209;14/11/2022;202246;102;3818,62;;SUPER;;NFK|4205|30209|202246
4218;10023;14/11/2022;202246;375;4453,12;;SUPER;;NFK|4218|10023|202246
4218;10047;14/11/2022;202246;264;2970,00;;SUPER;;NFK|4218|10047|202246
4218;10112;14/11/2022;202246;160;3390,00;;SUPER;;NFK|4218|10112|202246
4218;10310;14/11/2022;202246;134;3601,25;;SUPER;;NFK|4218|10310|202246
4218;11020;14/11/2022;202246;320;5980,00;;SUPER;;NFK|4218|11020|202246
4218;11085;14/11/2022;202246;211;2360,56;;SUPER;;NFK|4218|11085|202246
4218;11142;14/11/2022;202246;123;3067,31;;SUPER;;NFK|4218|11142|202246
4218;12004;14/11/2022;202246;160;6400,00;;SUPER;;NFK|4218|12004|202246
4218;12066;14/11/2022;202246;144;7857,00;3F2;SUPER;;NFK|4218|12066|202246
4218;12190;14/11/2022;202246;101;2272,50;;SUPER;;NFK|4218|12190|202246
4218;20015;14/11/2022;202246;225;5723,44;;SUPER;C;NFK|4218|20015|202246
4218;20041;14/11/2022;202246;342;3120,75;;SUPER;A;NFK|4218|20041|202246
4218;20088;14/11/2022;202246;203;8678,25;KUPON;SUPER;B;NFK|4218|20088|202246
4218;20131;14/11/2022;202246;124;2619,50;;SUPER;C;NFK|4218|20131|202246
4218;30012;14/11/2022;202246;91;1473,06;;SUPER;;NFK|4218|30012|202246
4218;30077;14/11/2022;202246;126;6615,00;;SUPER;;NFK|4218|30077|202246
4218;30154;14/11/2022;202246;95;1603,12;;SUPER;;NFK|4218|30154|202246
4218;30209;14/11/2022;202246;124;4642,25;;SUPER;;NFK|4218|30209|202246
4218;99001;14/11/2022;202246;6;0,00;;SUPER;;NFK|4218|99001|202246
5502;10023;14/11/2022;202246;413;4904,38;;SUPER;;NFK|5502|10023|202246
5502;10047;14/11/2022;202246;243;2733,75;;SUPER;;NFK|5502|10047|202246
5502;10112;14/11/2022;202246;120;2542,50;;SUPER;;NFK|5502|10112|202246
5502;10310;14/11/2022;202246;102;2741,25;;SUPER;;NFK|5502|10310|202246
5502;11020;14/11/2022;202246;301;5624,94;;SUPER;;NFK|5502|11020|202246
5502;11085;14/11/2022;202246;190;2125,62;;SUPER;;NFK|5502|11085|202246
5502;11142;14/11/2022;202246;106;2643,38;;SUPER;;NFK|5502|11142|202246
5502;12004;14/11/2022;202246;167;6680,00;;SUPER;;NFK|5502|12004|202246
5502;12066;14/11/2022;202246;149;8129,81;3F2;SUPER;;NFK|5502|12066|202246
5502;12190;14/11/2022;202246;74;1665,00;;SUPER;;NFK|5502|12190|202246
5502;20015;14/11/2022;202246;199;5062,06;;SUPER;C;NFK|5502|20015|202246
5502;20041;14/11/2022;202246;301;2746,62;;SUPER;A;NFK|5502|20041|202246
5502;20088;14/11/2022;202246;177;7566,75;KUPON;SUPER;B;NFK|5502|20088|202246
5502;20131;14/11/2022;202246;98;2070,25;;SUPER;C;NFK|5502|20131|202246
5502;30012;14/11/2022;202246;82;1327,37;;SUPER;;NFK|5502|30012|202246
5502;30077;14/11/2022;202246;107;5617,50;;SUPER;;NFK|5502|30077|202246
5502;30154;14/11/2022;202246;79;1333,12;;SUPER;;NFK|5502|30154|202246
5502;30209;14/11/2022;202246;91;3406,81;;SUPER;;NFK|5502|30209|202246
5502;99001;14/11/2022;202246;5;0,00;;SUPER;;NFK|5502|99001|202246
5511;10023;14/11/2022;202246;143;1698,12;;PARTNER;;NFK|5511|10023|202246
5511;10047;14/11/2022;202246;100;1125,00;;PARTNER;;NFK|5511|10047|202246
5511;10112;14/11/2022;202246;57;1207,69;;PARTNER;;NFK|5511|10112|202246
5511;10310;14/11/2022;202246;39;1048,12;;PARTNER;;NFK|5511|10310|202246
5511;11020;14/11/2022;202246;101;1887,44;;PARTNER;;NFK|5511|11020|202246
5511;11085;14/11/2022;202246;74;827,88;;PARTNER;;NFK|5511|11085|202246
5511;11142;14/11/2022;202246;55;1371,56;;PARTNER;;NFK|5511|11142|202246
5511;12004;14/11/2022;202246;61;2440,00;;PARTNER;;NFK|5511|12004|202246
5511;12066;14/11/2022;202246;58;3164,62;3F2;PARTNER;;NFK|5511|12066|202246
5511;12190;14/11/2022;202246;35;787,50;;PARTNER;;NFK|5511|12190|202246
5511;20015;14/11/2022;202246;94;2391,12;;PARTNER;C;NFK|5511|20015|202246
5511;20041;14/11/2022;202246;110;1003,75;;PARTNER;A;NFK|5511|20041|202246
5511;20088;14/11/2022;202246;77;3291,75;KUPON;PARTNER;B;NFK|5511|20088|202246
5511;20131;14/11/2022;202246;41;866,12;;PARTNER;C;NFK|5511|20131|202246
5511;30012;14/11/2022;202246;27;437,06;;PARTNER;;NFK|5511|30012|202246
5511;30077;14/11/2022;202246;41;2152,50;;PARTNER;;NFK|5511|30077|202246
5511;30154;14/11/2022;202246;30;506,25;;PARTNER;;NFK|5511|30154|202246
5511;30209;14/11/2022;202246;36;1347,75;;PARTNER;;NFK|5511|30209|202246
9001;10023;14/11/2022;202246;22;261,25;;DEPOT;;NFK|9001|10023|202246
9001;10047;14/11/2022;202246;14;157,50;;DEPOT;;NFK|9001|10047|202246
9001;10112;14/11/2022;202246;7;148,31;;DEPOT;;NFK|9001|10112|202246
9001;10310;14/11/2022;202246;6;161,25;;DEPOT;;NFK|9001|10310|202246
9001;11020;14/11/2022;202246;16;299,00;;DEPOT;;NFK|9001|11020|202246
9001;11085;14/11/2022;202246;9;100,69;;DEPOT;;NFK|9001|11085|202246
9001;11142;14/11/2022;202246;7;174,56;;DEPOT;;NFK|9001|11142|202246
9001;12004;14/11/2022;202246;8;320,00;;DEPOT;;NFK|9001|12004|202246
9001;12066;14/11/2022;202246;9;491,06;3F2;DEPOT;;NFK|9001|12066|202246
9001;12190;14/11/2022;202246;5;112,50;;DEPOT;;NFK|9001|12190|202246
9001;20015;14/11/2022;202246;12;305,25;;DEPOT;C;NFK|9001|20015|202246
9001;20041;14/11/2022;202246;15;136,88;;DEPOT;A;NFK|9001|20041|202246
9001;20088;14/11/2022;202246;7;395,50;;DEPOT;B;NFK|9001|20088|202246
9001;20131;14/11/2022;202246;5;105,62;;DEPOT;C;NFK|9001|20131|202246
9001;30012;14/11/2022;202246;5;80,94;;DEPOT;;NFK|9001|30012|202246
9001;30077;14/11/2022;202246;6;315,00;;DEPOT;;NFK|9001|30077|202246
9001;30154;14/11/2022;202246;4;67,50;;DEPOT;;NFK|9001|30154|202246
9001;30209;14/11/2022;202246;6;224,62;;DEPOT;;NFK|9001|30209|202246
1101;10023;21/11/2022;202247;362;4298,75;;SUPER;;NFK|1101|10023|202247
1101;10047;21/11/2022;202247;322;3260,25;TILBUD;SUPER;;NFK|1101|10047|202247
1101;10112;21/11/2022;202247;129;2733,19;;SUPER;;NFK|1101|10112|202247
1101;10310;21/11/2022;202247;124;3332,50;;SUPER;;NFK|1101|10310|202247
1101;11020;21/11/2022;202247;360;6727,50;;SUPER;;NFK|1101|11020|202247
1101;11085;21/11/2022;202247;256;1920,00;KUPON;SUPER;;NFK|1101|11085|202247
1101;11142;21/11/2022;202247;126;3142,12;;SUPER;;NFK|1101|11142|202247
1101;12004;21/11/2022;202247;184;7360,00;;SUPER;;NFK|1101|12004|202247
1101;12066;21/11/2022;202247;138;8366,25;;SUPER;;NFK|1101|12066|202247
1101;12190;21/11/2022;202247;83;1867,50;;SUPER;;NFK|1101|12190|202247
1101;20015;21/11/2022;202247;251;6384,81;;SUPER;C;NFK|1101|20015|202247
1101;20041;21/11/2022;202247;328;2993,00;;SUPER;A;NFK|1101|20041|202247
1101;20088;21/11/2022;202247;149;8418,50;;SUPER;B;NFK|1101|20088|202247
1101;20131;21/11/2022;202247;98;2070,25;;SUPER;C;NFK|1101|20131|202247
1101;30012;21/11/2022;202247;75;1214,06;;SUPER;;NFK|1101|30012|202247
1101;30077;21/11/2022;202247;120;6300,00;;SUPER;;NFK|1101|30077|202247
1101;30154;21/11/2022;202247;89;1501,88;;SUPER;;NFK|1101|30154|202247
1101;30209;21/11/2022;202247;119;4455,06;;SUPER;;NFK|1101|30209|202247
1102;10023;21/11/2022;202247;369;4381,88;;SUPER;;NFK|1102|10023|202247
1102;10047;21/11/2022;202247;303;3067,87;TILBUD;SUPER;;NFK|1102|10047|202247
1102;10112;21/11/2022;202247;122;2584,88;;SUPER;;NFK|1102|10112|202247
1102;10310;21/11/2022;202247;103;2768,12;;SUPER;;NFK|1102|10310|202247
1102;11020;21/11/2022;202247;263;4914,81;;SUPER;;NFK|1102|11020|202247
1102;11085;21/11/2022;202247;224;1680,00;KUPON;SUPER;;NFK|1102|11085|202247
1102;11142;21/11/2022;202247;144;3591,00;;SUPER;;NFK|1102|11142|202247
1102;12004;21/11/2022;202247;155;6200,00;;SUPER;;NFK|1102|12004|202247
1102;12066;21/11/2022;202247;113;6850,62;;SUPER;;NFK|1102|12066|202247
1102;12190;21/11/2022;202247;82;1845,00;;SUPER;;NFK|1102|12190|202247
1102;20015;21/11/2022;202247;214;5443,62;;SUPER;C;NFK|1102|20015|202247
1102;20041;21/11/2022;202247;302;2755,75;;SUPER;A;NFK|1102|20041|202247
1102;20088;21/11/2022;202247;160;9040,00;;SUPER;B;NFK|1102|20088|202247
1102;20131;21/11/2022;202247;111;2344,88;;SUPER;C;NFK|1102|20131|202247
1102;30012;21/11/2022;202247;79;1278,81;;SUPER;;NFK|1102|30012|202247
1102;30077;21/11/2022;202247;127;6667,50;;SUPER;;NFK|1102|30077|202247
1102;30154;21/11/2022;202247;91;1535,62;;SUPER;;NFK|1102|30154|202247
1102;30209;21/11/2022;202247;105;3930,94;;SUPER;;NFK|1102|30209|202247
1103;10023;21/11/2022;202247;179;2125,62;;NAER;;NFK|1103|10023|202247
1103;10047;21/11/2022;202247;146;1478,25;TILBUD;NAER;;NFK|1103|10047|202247
1103;10112;21/11/2022;202247;78;1652,62;;NAER;;NFK|1103|10112|202247
1103;10310;21/11/2022;202247;63;1693,12;;NAER;;NFK|1103|10310|202247
1103;11020;21/11/2022;202247;147;2747,06;;NAER;;NFK|1103|11020|202247
1103;11085;21/11/2022;202247;144;1080,00;KUPON;NAER;;NFK|1103|11085|202247
1103;11142;21/11/2022;202247;64;1596,00;;NAER;;NFK|1103|11142|202247
1103;12004;21/11/2022;202247;94;3760,00;;NAER;;NFK|1103|12004|202247
1103;12066;21/11/2022;202247;54;3273,75;;NAER;;NFK|1103|12066|202247
1103;12190;21/11/2022;202247;50;1125,00;;NAER;;NFK|1103|12190|202247
1103;20015;21/11/2022;202247;125;3179,69;;NAER;C;NFK|1103|20015|202247
1103;20041;21/11/2022;202247;152;1387,00;;NAER;A;NFK|1103|20041|202247
1103;20088;21/11/2022;202247;75;4237,50;;NAER;B;NFK|1103|20088|202247
1103;20131;21/11/2022;202247;58;1225,25;;NAER;C;NFK|1103|20131|202247
1103;30012;21/11/2022;202247;41;663,69;;NAER;;NFK|1103|30012|202247
1103;30077;21/11/2022;202247;58;3045,00;;NAER;;NFK|1103|30077|202247
1103;30154;21/11/2022;202247;40;675,00;;NAER;;NFK|1103|30154|202247
1103;30209;21/11/2022;202247;51;1909,31;;NAER;;NFK|1103|30209|202247
1103;99001;21/11/2022;202247;3;0,00;;NAER;;NFK|1103|99001|202247
1108;10023;21/11/2022;202247;848;10070,00;;HYPER;;NFK|1108|10023|202247
1108;10047;21/11/2022;202247;602;6095,25;TILBUD;HYPER;;NFK|1108|10047|202247
1108;10112;21/11/2022;202247;309;6546,94;;HYPER;;NFK|1108|10112|202247
1108;10310;21/11/2022;202247;228;6127,50;;HYPER;;NFK|1108|10310|202247
1108;11020;21/11/2022;202247;680;12707,50;;HYPER;;NFK|1108|11020|202247
1108;11085;21/11/2022;202247;445;3337,50;KUPON;HYPER;;NFK|1108|11085|202247
1108;11142;21/11/2022;202247;238;5935,12;;HYPER;;NFK|1108|11142|202247
1108;12004;21/11/2022;202247;345;13800,00;;HYPER;;NFK|1108|12004|202247
1108;12066;21/11/2022;202247;219;13276,88;;HYPER;;NFK|1108|12066|202247
1108;12190;21/11/2022;202247;152;3420,00;;HYPER;;NFK|1108|12190|202247
1108;20015;21/11/2022;202247;396;10073,25;;HYPER;C;NFK|1108|20015|202247
1108;20041;21/11/2022;202247;515;4699,38;;HYPER;A;NFK|1108|20041|202247
1108;20088;21/11/2022;202247;295;16667,50;;HYPER;B;NFK|1108|20088|202247
1108;20131;21/11/2022;202247;208;4394,00;;HYPER;C;NFK|1108|20131|202247
1108;30012;21/11/2022;202247;171;2768,06;;HYPER;;NFK|1108|30012|202247
1108;30077;21/11/2022;202247;222;11655,00;;HYPER;;NFK|1108|30077|202247
1108;30154;21/11/2022;202247;181;3054,38;;HYPER;;NFK|1108|30154|202247
1108;30209;21/11/2022;202247;199;7450,06;;HYPER;;NFK|1108|30209|202247
3104;10023;21/11/2022;202247;385;4571,88;;SUPER;;NFK|3104|10023|202247
3104;10047;21/11/2022;202247;230;2587,50;;SUPER;;NFK|3104|10047|202247
3104;10112;21/11/2022;202247;147;3114,56;;SUPER;;NFK|3104|10112|202247
3104;10310;21/11/2022;202247;99;2660,62;;SUPER;;NFK|3104|10310|202247
3104;11020;21/11/2022;202247;268;5008,25;;SUPER;;NFK|3104|11020|202247
3104;11085;21/11/2022;202247;243;1822,50;KUPON;SUPER;;NFK|3104|11085|202247
3104;11142;21/11/2022;202247;109;2718,19;;SUPER;;NFK|3104|11142|202247
3104;12004;21/11/2022;202247;170;6800,00;;SUPER;;NFK|3104|12004|202247
3104;12066;21/11/2022;202247;104;6305,00;;SUPER;;NFK|3104|12066|202247
3104;12190;21/11/2022;202247;78;1755,00;;SUPER;;NFK|3104|12190|202247
3104;20015;21/11/2022;202247;204;5189,25;;SUPER;C;NFK|3104|20015|202247
3104;20041;21/11/2022;202247;276;2518,50;;SUPER;A;NFK|3104|20041|202247
3104;20088;21/11/2022;202247;152;8588,00;;SUPER;B;NFK|3104|20088|202247
3104;20131;21/11/2022;202247;108;2281,50;;SUPER;C;NFK|3104|20131|202247
3104;30012;21/11/2022;202247;82;1327,37;;SUPER;;NFK|3104|30012|202247
3104;30077;21/11/2022;202247;99;5197,50;;SUPER;;NFK|3104|30077|202247
3104;30154;21/11/2022;202247;90;1518,75;;SUPER;;NFK|3104|30154|202247
3104;30209;21/11/2022;202247;95;3556,56;;SUPER;;NFK|3104|30209|202247
3117;10023;21/11/2022;202247;158;1876,25;;NAER;;NFK|3117|10023|202247
3117;10047;21/11/2022;202247;113;1271,25;;NAER;;NFK|3117|10047|202247
3117;10112;21/11/2022;202247;63;1334,81;;NAER;;NFK|3117|10112|202247
3117;10310;21/11/2022;202247;43;1155,62;;NAER;;NFK|3117|10310|202247
3117;11020;21/11/2022;202247;149;2784,44;;NAER;;NFK|3117|11020|202247
3117;11085;21/11/2022;202247;97;727,50;KUPON;NAER;;NFK|3117|11085|202247
3117;11142;21/11/2022;202247;57;1421,44;;NAER;;NFK|3117|11142|202247
3117;12004;21/11/2022;202247;71;2840,00;;NAER;;NFK|3117|12004|202247
3117;12066;21/11/2022;202247;59;3576,88;;NAER;;NFK|3117|12066|202247
3117;12190;21/11/2022;202247;33;742,50;;NAER;;NFK|3117|12190|202247
3117;20015;21/11/2022;202247;107;2721,81;;NAER;C;NFK|3117|20015|202247
3117;20041;21/11/2022;202247;119;1085,88;;NAER;A;NFK|3117|20041|202247
3117;20088;21/11/2022;202247;58;3277,00;;NAER;B;NFK|3117|20088|202247
3117;20131;21/11/2022;202247;42;887,25;;NAER;C;NFK|3117|20131|202247
3117;30012;21/11/2022;202247;33;534,19;;NAER;;NFK|3117|30012|202247
3117;30077;21/11/2022;202247;52;2730,00;;NAER;;NFK|3117|30077|202247
3117;30154;21/11/2022;202247;37;624,38;;NAER;;NFK|3117|30154|202247
3117;30209;21/11/2022;202247;50;1871,88;;NAER;;NFK|3117|30209|202247
3122;10023;21/11/2022;202247;111;1318,12;;FRANCHISE;;NFK|3122|10023|202247
3122;10047;21/11/2022;202247;72;810,00;;FRANCHISE;;NFK|3122|10047|202247
3122;10112;21/11/2022;202247;50;1059,38;;FRANCHISE;;NFK|3122|10112|202247
3122;10310;21/11/2022;202247;34;913,75;;FRANCHISE;;NFK|3122|10310|202247
3122;11020;21/11/2022;202247;108;2018,25;;FRANCHISE;;NFK|3122|11020|202247
3122;11085;21/11/2022;202247;84;630,00;KUPON;FRANCHISE;;NFK|3122|11085|202247
3122;11142;21/11/2022;202247;40;997,50;;FRANCHISE;;NFK|3122|11142|202247
3122;12004;21/11/2022;202247;54;2160,00;;FRANCHISE;;NFK|3122|12004|202247
3122;12066;21/11/2022;202247;34;2061,25;;FRANCHISE;;NFK|3122|12066|202247
3122;12190;21/11/2022;202247;29;652,50;;FRANCHISE;;NFK|3122|12190|202247
3122;20015;21/11/2022;202247;78;1984,12;;FRANCHISE;C;NFK|3122|20015|202247
3122;20041;21/11/2022;202247;95;866,88;;FRANCHISE;A;NFK|3122|20041|202247
3122;20088;21/11/2022;202247;45;2542,50;;FRANCHISE;B;NFK|3122|20088|202247
3122;20131;21/11/2022;202247;31;654,88;;FRANCHISE;C;NFK|3122|20131|202247
3122;30012;21/11/2022;202247;23;372,31;;FRANCHISE;;NFK|3122|30012|202247
3122;30077;21/11/2022;202247;39;2047,50;;FRANCHISE;;NFK|3122|30077|202247
3122;30154;21/11/2022;202247;25;421,88;;FRANCHISE;;NFK|3122|30154|202247
3122;30209;21/11/2022;202247;39;1460,06;;FRANCHISE;;NFK|3122|30209|202247
3122;99001;21/11/2022;202247;2;0,00;;FRANCHISE;;NFK|3122|99001|202247
4201;10023;21/11/2022;202247;587;6970,62;;HYPER;;NFK|4201|10023|202247
4201;10047;21/11/2022;202247;494;5001,75;TILBUD;HYPER;;NFK|4201|10047|202247
4201;10112;21/11/2022;202247;208;4407,00;;HYPER;;NFK|4201|10112|202247
4201;10310;21/11/2022;202247;183;4918,12;;HYPER;;NFK|4201|10310|202247
4201;11020;21/11/2022;202247;537;10035,19;;HYPER;;NFK|4201|11020|202247
4201;11085;21/11/2022;202247;474;3555,00;KUPON;HYPER;;NFK|4201|11085|202247
4201;11142;21/11/2022;202247;200;4987,50;;HYPER;;NFK|4201|11142|202247
4201;12004;21/11/2022;202247;248;9920,00;;HYPER;;NFK|4201|12004|202247
4201;12066;21/11/2022;202247;187;11336,88;;HYPER;;NFK|4201|12066|202247
4201;12190;21/11/2022;202247;138;3105,00;;HYPER;;NFK|4201|12190|202247
4201;20015;21/11/2022;202247;373;9488,19;;HYPER;C;NFK|4201|20015|202247
4201;20041;21/11/2022;202247;449;4097,12;;HYPER;A;NFK|4201|20041|202247
4201;20088;21/11/2022;202247;278;15707,00;;HYPER;B;NFK|4201|20088|202247
4201;20131;21/11/2022;202247;181;3823,62;;HYPER;C;NFK|4201|20131|202247
4201;30012;21/11/2022;202247;139;2250,06;;HYPER;;NFK|4201|30012|202247
4201;30077;21/11/2022;202247;201;10552,50;;HYPER;;NFK|4201|30077|202247
4201;30154;21/11/2022;202247;160;2700,00;;HYPER;;NFK|4201|30154|202247
4201;30209;21/11/2022;202247;168;6289,50;;HYPER;;NFK|4201|30209|202247
4201;99001;21/11/2022;202247;9;0,00;;HYPER;;NFK|4201|99001|202247
4205;10023;21/11/2022;202247;421;4999,38;;SUPER;;NFK|4205|10023|202247
4205;10047;21/11/2022;202247;339;3432,38;TILBUD;SUPER;;NFK|4205|10047|202247
4205;10112;21/11/2022;202247;121;2563,69;;SUPER;;NFK|4205|10112|202247
4205;10310;21/11/2022;202247;124;3332,50;;SUPER;;NFK|4205|10310|202247
4205;11020;21/11/2022;202247;345;6447,19;;SUPER;;NFK|4205|11020|202247
4205;11085;21/11/2022;202247;230;1725,00;KUPON;SUPER;;NFK|4205|11085|202247
4205;11142;21/11/2022;202247;135;3366,56;;SUPER;;NFK|4205|11142|202247
4205;12004;21/11/2022;202247;149;5960,00;;SUPER;;NFK|4205|12004|202247
4205;12066;21/11/2022;202247;111;6729,38;;SUPER;;NFK|4205|12066|202247
4205;12190;21/11/2022;202247;88;1980,00;;SUPER;;NFK|4205|12190|202247
4205;20015;21/11/2022;202247;229;5825,19;;SUPER;C;NFK|4205|20015|202247
4205;20041;21/11/2022;202247;318;2901,75;;SUPER;A;NFK|4205|20041|202247
4205;20088;21/11/2022;202247;161;9096,50;;SUPER;B;NFK|4205|20088|202247
4205;20131;21/11/2022;202247;111;2344,88;;SUPER;C;NFK|4205|20131|202247
4205;30012;21/11/2022;202247;89;1440,69;;SUPER;;NFK|4205|30012|202247
4205;30077;21/11/2022;202247;130;6825,00;;SUPER;;NFK|4205|30077|202247
4205;30154;21/11/2022;202247;78;1316,25;;SUPER;;NFK|4205|30154|202247
4205;30209;21/11/2022;202247;122;4567,38;;SUPER;;NFK|4205|30209|202247
4218;10023;21/11/2022;202247;386;4583,75;;SUPER;;NFK|4218|10023|202247
4218;10047;21/11/2022;202247;354;3584,25;TILBUD;SUPER;;NFK|4218|10047|202247
4218;10112;21/11/2022;202247;148;3135,75;;SUPER;;NFK|4218|10112|202247
4218;10310;21/11/2022;202247;126;3386,25;;SUPER;;NFK|4218|10310|202247
4218;11020;21/11/2022;202247;369;6895,69;;SUPER;;NFK|4218|11020|202247
4218;11085;21/11/2022;202247;288;2160,00;KUPON;SUPER;;NFK|4218|11085|202247
4218;11142;21/11/2022;202247;137;3416,44;;SUPER;;NFK|4218|11142|202247
4218;12004;21/11/2022;202247;172;6880,00;;SUPER;;NFK|4218|12004|202247
4218;12066;21/11/2022;202247;118;7153,75;;SUPER;;NFK|4218|12066|202247
4218;12190;21/11/2022;202247;88;1980,00;;SUPER;;NFK|4218|12190|202247
4218;20015;21/11/2022;202247;256;6512,00;;SUPER;C;NFK|4218|20015|202247
4218;20041;21/11/2022;202247;302;2755,75;;SUPER;A;NFK|4218|20041|202247
4218;20088;21/11/2022;202247;159;8983,50;;SUPER;B;NFK|4218|20088|202247
4218;20131;21/11/2022;202247;99;2091,38;;SUPER;C;NFK|4218|20131|202247
4218;30012;21/11/2022;202247;83;1343,56;;SUPER;;NFK|4218|30012|202247
4218;30077;21/11/2022;202247;121;6352,50;;SUPER;;NFK|4218|30077|202247
4218;30154;21/11/2022;202247;86;1451,25;;SUPER;;NFK|4218|30154|202247
4218;30209;21/11/2022;202247;120;4492,50;;SUPER;;NFK|4218|30209|202247
5502;10023;21/11/2022;202247;400;4750,00;;SUPER;;NFK|5502|10023|202247
5502;10047;21/11/2022;202247;241;2711,25;;SUPER;;NFK|5502|10047|202247
5502;10112;21/11/2022;202247;151;3199,31;;SUPER;;NFK|5502|10112|202247
5502;10310;21/11/2022;202247;116;3117,50;;SUPER;;NFK|5502|10310|202247
5502;11020;21/11/2022;202247;306;5718,38;;SUPER;;NFK|5502|11020|202247
5502;11085;21/11/2022;202247;278;2085,00;KUPON;SUPER;;NFK|5502|11085|202247
5502;11142;21/11/2022;202247;121;3017,44;;SUPER;;NFK|5502|11142|202247
5502;12004;21/11/2022;202247;149;5960,00;;SUPER;;NFK|5502|12004|202247
5502;12066;21/11/2022;202247;100;6062,50;;SUPER;;NFK|5502|12066|202247
5502;12190;21/11/2022;202247;92;2070,00;;SUPER;;NFK|5502|12190|202247
5502;20015;21/11/2022;202247;191;4858,56;;SUPER;C;NFK|5502|20015|202247
5502;20041;21/11/2022;202247;251;2290,38;;SUPER;A;NFK|5502|20041|202247
5502;20088;21/11/2022;202247;141;7966,50;;SUPER;B;NFK|5502|20088|202247
5502;20131;21/11/2022;202247;96;2028,00;;SUPER;C;NFK|5502|20131|202247
5502;30012;21/11/2022;202247;80;1295,00;;SUPER;;NFK|5502|30012|202247
5502;30077;21/11/2022;202247;112;5880,00;;SUPER;;NFK|5502|30077|202247
5502;30154;21/11/2022;202247;88;1485,00;;SUPER;;NFK|5502|30154|202247
5502;30209;21/11/2022;202247;95;3556,56;;SUPER;;NFK|5502|30209|202247
5502;99001;21/11/2022;202247;5;0,00;;SUPER;;NFK|5502|99001|202247
5511;10023;21/11/2022;202247;155;1840,62;;PARTNER;;NFK|5511|10023|202247
5511;10047;21/11/2022;202247;88;990,00;;PARTNER;;NFK|5511|10047|202247
5511;10112;21/11/2022;202247;51;1080,56;;PARTNER;;NFK|5511|10112|202247
5511;10310;21/11/2022;202247;40;1075,00;;PARTNER;;NFK|5511|10310|202247
5511;11020;21/11/2022;202247;122;2279,88;;PARTNER;;NFK|5511|11020|202247
5511;11085;21/11/2022;202247;90;675,00;KUPON;PARTNER;;NFK|5511|11085|202247
5511;11142;21/11/2022;202247;46;1147,12;;PARTNER;;NFK|5511|11142|202247
5511;12004;21/11/2022;202247;54;2160,00;;PARTNER;;NFK|5511|12004|202247
5511;12066;21/11/2022;202247;47;2849,38;;PARTNER;;NFK|5511|12066|202247
5511;12190;21/11/2022;202247;29;652,50;;PARTNER;;NFK|5511|12190|202247
5511;20015;21/11/2022;202247;86;2187,62;;PARTNER;C;NFK|5511|20015|202247
5511;20041;21/11/2022;202247;104;949,00;;PARTNER;A;NFK|5511|20041|202247
5511;20088;21/11/2022;202247;49;2768,50;;PARTNER;B;NFK|5511|20088|202247
5511;20131;21/11/2022;202247;39;823,88;;PARTNER;C;NFK|5511|20131|202247
5511;30012;21/11/2022;202247;32;518,00;;PARTNER;;NFK|5511|30012|202247
5511;30077;21/11/2022;202247;50;2625,00;;PARTNER;;NFK|5511|30077|202247
5511;30154;21/11/2022;202247;35;590,62;;PARTNER;;NFK|5511|30154|202247
5511;30209;21/11/2022;202247;47;1759,56;;PARTNER;;NFK|5511|30209|202247
5511;99001;21/11/2022;202247;2;0,00;;PARTNER;;NFK|5511|99001|202247
9001;10023;21/11/2022;202247;22;261,25;;DEPOT;;NFK|9001|10023|202247
9001;10047;21/11/2022;202247;13;146,25;;DEPOT;;NFK|9001|10047|202247
9001;10112;21/11/2022;202247;7;148,31;;DEPOT;;NFK|9001|10112|202247
9001;10310;21/11/2022;202247;6;161,25;;DEPOT;;NFK|9001|10310|202247
9001;11020;21/11/2022;202247;16;299,00;;DEPOT;;NFK|9001|11020|202247
9001;11085;21/11/2022;202247;12;90,00;KUPON;DEPOT;;NFK|9001|11085|202247
9001;11142;21/11/2022;202247;6;149,62;;DEPOT;;NFK|9001|11142|202247
9001;12004;21/11/2022;202247;8;320,00;;DEPOT;;NFK|9001|12004|202247
9001;12066;21/11/2022;202247;7;424,38;;DEPOT;;NFK|9001|12066|202247
9001;12190;21/11/2022;202247;5;112,50;;DEPOT;;NFK|9001|12190|202247
9001;20015;21/11/2022;202247;13;330,69;;DEPOT;C;NFK|9001|20015|202247
9001;20041;21/11/2022;202247;14;127,75;;DEPOT;A;NFK|9001|20041|202247
9001;20088;21/11/2022;202247;8;452,00;;DEPOT;B;NFK|9001|20088|202247
9001;20131;21/11/2022;202247;6;126,75;;DEPOT;C;NFK|9001|20131|202247
9001;30012;21/11/2022;202247;5;80,94;;DEPOT;;NFK|9001|30012|202247
9001;30077;21/11/2022;202247;6;315,00;;DEPOT;;NFK|9001|30077|202247
9001;30154;21/11/2022;202247;5;84,38;;DEPOT;;NFK|9001|30154|202247
9001;30209;21/11/2022;202247;6;224,62;;DEPOT;;NFK|9001|30209|202247
9001;99001;21/11/2022;202247;0;0,00;;DEPOT;;NFK|9001|99001|202247
1101;10023;28/11/2022;202248;931;7401,45;TILBUD;SUPER;;NFK|1101|10023|202248
1101;10047;28/11/2022;202248;259;2913,75;;SUPER;;NFK|1101|10047|202248
1101;10112;28/11/2022;202248;144;3051,00;;SUPER;;NFK|1101|10112|202248
1101;10310;28/11/2022;202248;121;3251,88;;SUPER;;NFK|1101|10310|202248
1101;11020;28/11/2022;202248;294;5494,12;;SUPER;;NFK|1101|11020|202248
1101;11085;28/11/2022;202248;287;2568,65;MP;SUPER;;NFK|1101|11085|202248
1101;11142;28/11/2022;202248;129;3216,94;;SUPER;;NFK|1101|11142|202248
1101;12004;28/11/2022;202248;197;7880,00;;SUPER;;NFK|1101|12004|202248
1101;12066;28/11/2022;202248;124;7517,50;;SUPER;;NFK|1101|12066|202248
1101;12190;28/11/2022;202248;99;2227,50;;SUPER;;NFK|1101|12190|202248
1101;20015;28/11/2022;202248;260;6613,75;;SUPER;C;NFK|1101|20015|202248
1101;20041;28/11/2022;202248;286;2609,75;;SUPER;A;NFK|1101|20041|202248
1101;20088;28/11/2022;202248;146;8249,00;;SUPER;B;NFK|1101|20088|202248
1101;20131;28/11/2022;202248;111;2344,88;;SUPER;C;NFK|1101|20131|202248
1101;30012;28/11/2022;202248;74;1197,88;;SUPER;;NFK|1101|30012|202248
1101;30077;28/11/2022;202248;146;7665,00;;SUPER;;NFK|1101|30077|202248
1101;30154;28/11/2022;202248;85;1434,38;;SUPER;;NFK|1101|30154|202248
1101;30209;28/11/2022;202248;109;4080,69;;SUPER;;NFK|1101|30209|202248
1102;10023;28/11/2022;202248;836;6646,20;TILBUD;SUPER;;NFK|1102|10023|202248
1102;10047;28/11/2022;202248;236;2655,00;;SUPER;;NFK|1102|10047|202248
1102;10112;28/11/2022;202248;128;2712,00;;SUPER;;NFK|1102|10112|202248
1102;10310;28/11/2022;202248;122;3278,75;;SUPER;;NFK|1102|10310|202248
1102;11020;28/11/2022;202248;329;6148,19;;SUPER;;NFK|1102|11020|202248
1102;11085;28/11/2022;202248;230;2058,50;MP;SUPER;;NFK|1102|11085|202248
1102;11142;28/11/2022;202248;110;2743,12;;SUPER;;NFK|1102|11142|202248
1102;12004;28/11/2022;202248;149;5960,00;;SUPER;;NFK|1102|12004|202248
1102;12066;28/11/2022;202248;107;6486,88;;SUPER;;NFK|1102|12066|202248
1102;12190;28/11/2022;202248;86;1935,00;;SUPER;;NFK|1102|12190|202248
1102;20015;28/11/2022;202248;210;5341,88;;SUPER;C;NFK|1102|20015|202248
1102;20041;28/11/2022;202248;274;2500,25;;SUPER;A;NFK|1102|20041|202248
1102;20088;28/11/2022;202248;148;8362,00;;SUPER;B;NFK|1102|20088|202248
1102;20131;28/11/2022;202248;100;2112,50;;SUPER;C;NFK|1102|20131|202248
1102;30012;28/11/2022;202248;72;1165,50;;SUPER;;NFK|1102|30012|202248
1102;30077;28/11/2022;202248;125;6562,50;;SUPER;;NFK|1102|30077|202248
1102;30154;28/11/2022;202248;94;1586,25;;SUPER;;NFK|1102|30154|202248
1102;30209;28/11/2022;202248;125;4679,69;;SUPER;;NFK|1102|30209|202248
1102;99001;28/11/2022;202248;5;0,00;;SUPER;;NFK|1102|99001|202248
1103;10023;28/11/2022;202248;366;2909,70;TILBUD;NAER;;NFK|1103|10023|202248
1103;10047;28/11/2022;202248;121;1361,25;;NAER;;NFK|1103|10047|202248
1103;10112;28/11/2022;202248;65;1377,19;;NAER;;NFK|1103|10112|202248
1103;10310;28/11/2022;202248;52;1397,50;;NAER;;NFK|1103|10310|202248
1103;11020;28/11/2022;202248;138;2578,88;;NAER;;NFK|1103|11020|202248
1103;11085;28/11/2022;202248;120;1074,00;MP;NAER;;NFK|1103|11085|202248
1103;11142;28/11/2022;202248;75;1870,31;;NAER;;NFK|1103|11142|202248
1103;12004;28/11/2022;202248;78;3120,00;;NAER;;NFK|1103|12004|202248
1103;12066;28/11/2022;202248;55;3334,38;;NAER;;NFK|1103|12066|202248
1103;12190;28/11/2022;202248;41;922,50;;NAER;;NFK|1103|12190|202248
1103;20015;28/11/2022;202248;118;3001,62;;NAER;C;NFK|1103|20015|202248
1103;20041;28/11/2022;202248;143;1304,88;;NAER;A;NFK|1103|20041|202248
1103;20088;28/11/2022;202248;66;3729,00;;NAER;B;NFK|1103|20088|202248
1103;20131;28/11/2022;202248;56;1183,00;;NAER;C;NFK|1103|20131|202248
1103;30012;28/11/2022;202248;37;598,94;;NAER;;NFK|1103|30012|202248
1103;30077;28/11/2022;202248;55;2887,50;;NAER;;NFK|1103|30077|202248
1103;30154;28/11/2022;202248;47;793,12;;NAER;;NFK|1103|30154|202248
1103;30209;28/11/2022;202248;60;2246,25;;NAER;;NFK|1103|30209|202248
1108;10023;28/11/2022;202248;1595;12680,25;TILBUD;HYPER;;NFK|1108|10023|202248
1108;10047;28/11/2022;202248;540;6075,00;;HYPER;;NFK|1108|10047|202248
1108;10112;28/11/2022;202248;308;6525,75;;HYPER;;NFK|1108|10112|202248
1108;10310;28/11/2022;202248;228;6127,50;;HYPER;;NFK|1108|10310|202248
1108;11020;28/11/2022;202248;597;11156,44;;HYPER;;NFK|1108|11020|202248
1108;11085;28/11/2022;202248;418;3741,10;MP;HYPER;;NFK|1108|11085|202248
1108;11142;28/11/2022;202248;266;6633,38;;HYPER;;NFK|1108|11142|202248
1108;12004;28/11/2022;202248;315;12600,00;;HYPER;;NFK|1108|12004|202248
1108;12066;28/11/2022;202248;239;14489,38;;HYPER;;NFK|1108|12066|202248
1108;12190;28/11/2022;202248;153;3442,50;;HYPER;;NFK|1108|12190|202248
1108;20015;28/11/2022;202248;463;11777,56;;HYPER;C;NFK|1108|20015|202248
1108;20041;28/11/2022;202248;608;5548,00;;HYPER;A;NFK|1108|20041|202248
1108;20088;28/11/2022;202248;263;14859,50;;HYPER;B;NFK|1108|20088|202248
1108;20131;28/11/2022;202248;177;3739,12;;HYPER;C;NFK|1108|20131|202248
1108;30012;28/11/2022;202248;139;2250,06;;HYPER;;NFK|1108|30012|202248
1108;30077;28/11/2022;202248;216;11340,00;;HYPER;;NFK|1108|30077|202248
1108;30154;28/11/2022;202248;181;3054,38;;HYPER;;NFK|1108|30154|202248
1108;30209;28/11/2022;202248;202;7562,38;;HYPER;;NFK|1108|30209|202248
3104;10023;28/11/2022;202248;801;6367,95;TILBUD;SUPER;;NFK|3104|10023|202248
3104;10047;28/11/2022;202248;241;2711,25;;SUPER;;NFK|3104|10047|202248
3104;10112;28/11/2022;202248;124;2627,25;;SUPER;;NFK|3104|10112|202248
3104;10310;28/11/2022;202248;103;2768,12;;SUPER;;NFK|3104|10310|202248
3104;11020;28/11/2022;202248;274;5120,38;;SUPER;;NFK|3104|11020|202248
3104;11085;28/11/2022;202248;200;1790,00;MP;SUPER;;NFK|3104|11085|202248
3104;11142;28/11/2022;202248;119;2967,56;;SUPER;;NFK|3104|11142|202248
3104;12004;28/11/2022;202248;173;6920,00;;SUPER;;NFK|3104|12004|202248
3104;12066;28/11/2022;202248;120;7275,00;;SUPER;;NFK|3104|12066|202248
3104;12190;28/11/2022;202248;75;1687,50;;SUPER;;NFK|3104|12190|202248
3104;20015;28/11/2022;202248;202;5138,38;;SUPER;C;NFK|3104|20015|202248
3104;20041;28/11/2022;202248;278;2536,75;;SUPER;A;NFK|3104|20041|202248
3104;20088;28/11/2022;202248;131;7401,50;;SUPER;B;NFK|3104|20088|202248
3104;20131;28/11/2022;202248;93;1964,62;;SUPER;C;NFK|3104|20131|202248
3104;30012;28/11/2022;202248;76;1230,25;;SUPER;;NFK|3104|30012|202248
3104;30077;28/11/2022;202248;105;5512,50;;SUPER;;NFK|3104|30077|202248
3104;30154;28/11/2022;202248;94;1586,25;;SUPER;;NFK|3104|30154|202248
3104;30209;28/11/2022;202248;109;4080,69;;SUPER;;NFK|3104|30209|202248
3104;99001;28/11/2022;202248;5;0,00;;SUPER;;NFK|3104|99001|202248
3117;10023;28/11/2022;202248;310;2464,50;TILBUD;NAER;;NFK|3117|10023|202248
3117;10047;28/11/2022;202248;116;1305,00;;NAER;;NFK|3117|10047|202248
3117;10112;28/11/2022;202248;63;1334,81;;NAER;;NFK|3117|10112|202248
3117;10310;28/11/2022;202248;48;1290,00;;NAER;;NFK|3117|10310|202248
3117;11020;28/11/2022;202248;151;2821,81;;NAER;;NFK|3117|11020|202248
3117;11085;28/11/2022;202248;102;912,90;MP;NAER;;NFK|3117|11085|202248
3117;11142;28/11/2022;202248;55;1371,56;;NAER;;NFK|3117|11142|202248
3117;12004;28/11/2022;202248;79;3160,00;;NAER;;NFK|3117|12004|202248
3117;12066;28/11/2022;202248;57;3455,62;;NAER;;NFK|3117|12066|202248
3117;12190;28/11/2022;202248;37;832,50;;NAER;;NFK|3117|12190|202248
3117;20015;28/11/2022;202248;102;2594,62;;NAER;C;NFK|3117|20015|202248
3117;20041;28/11/2022;202248;116;1058,50;;NAER;A;NFK|3117|20041|202248
3117;20088;28/11/2022;202248;65;3672,50;;NAER;B;NFK|3117|20088|202248
3117;20131;28/11/2022;202248;47;992,88;;NAER;C;NFK|3117|20131|202248
3117;30012;28/11/2022;202248;32;518,00;;NAER;;NFK|3117|30012|202248
3117;30077;28/11/2022;202248;47;2467,50;;NAER;;NFK|3117|30077|202248
3117;30154;28/11/2022;202248;36;607,50;;NAER;;NFK|3117|30154|202248
3117;30209;28/11/2022;202248;55;2059,06;;NAER;;NFK|3117|30209|202248
3122;10023;28/11/2022;202248;269;2138,55;TILBUD;FRANCHISE;;NFK|3122|10023|202248
3122;10047;28/11/2022;202248;81;911,25;;FRANCHISE;;NFK|3122|10047|202248
3122;10112;28/11/2022;202248;49;1038,19;;FRANCHISE;;NFK|3122|10112|202248
3122;10310;28/11/2022;202248;40;1075,00;;FRANCHISE;;NFK|3122|10310|202248
3122;11020;28/11/2022;202248;92;1719,25;;FRANCHISE;;NFK|3122|11020|202248
3122;11085;28/11/2022;202248;89;796,55;MP;FRANCHISE;;NFK|3122|11085|202248
3122;11142;28/11/2022;202248;47;1172,06;;FRANCHISE;;NFK|3122|11142|202248
3122;12004;28/11/2022;202248;47;1880,00;;FRANCHISE;;NFK|3122|12004|202248
3122;12066;28/11/2022;202248;43;2606,88;;FRANCHISE;;NFK|3122|12066|202248
3122;12190;28/11/2022;202248;28;630,00;;FRANCHISE;;NFK|3122|12190|202248
3122;20015;28/11/2022;202248;72;1831,50;;FRANCHISE;C;NFK|3122|20015|202248
3122;20041;28/11/2022;202248;90;821,25;;FRANCHISE;A;NFK|3122|20041|202248
3122;20088;28/11/2022;202248;49;2768,50;;FRANCHISE;B;NFK|3122|20088|202248
3122;20131;28/11/2022;202248;35;739,38;;FRANCHISE;C;NFK|3122|20131|202248
3122;30012;28/11/2022;202248;25;404,69;;FRANCHISE;;NFK|3122|30012|202248
3122;30077;28/11/2022;202248;38;1995,00;;FRANCHISE;;NFK|3122|30077|202248
3122;30154;28/11/2022;202248;32;540,00;;FRANCHISE;;NFK|3122|30154|202248
3122;30209;28/11/2022;202248;35;1310,31;;FRANCHISE;;NFK|3122|30209|202248
3122;99001;28/11/2022;202248;2;0,00;;FRANCHISE;;NFK|3122|99001|202248
4201;10023;28/11/2022;202248;1307;10390,65;TILBUD;HYPER;;NFK|4201|10023|202248
4201;10047;28/11/2022;202248;365;4106,25;;HYPER;;NFK|4201|10047|202248
4201;10112;28/11/2022;202248;210;4449,38;;HYPER;;NFK|4201|10112|202248
4201;10310;28/11/2022;202248;186;4998,75;;HYPER;;NFK|4201|10310|202248
4201;11020;28/11/2022;202248;462;8633,62;;HYPER;;NFK|4201|11020|202248
4201;11085;28/11/2022;202248;424;3794,80;MP;HYPER;;NFK|4201|11085|202248
4201;11142;28/11/2022;202248;193;4812,94;;HYPER;;NFK|4201|11142|202248
4201;12004;28/11/2022;202248;243;9720,00;;HYPER;;NFK|4201|12004|202248
4201;12066;28/11/2022;202248;194;11761,25;;HYPER;;NFK|4201|12066|202248
4201;12190;28/11/2022;202248;140;3150,00;;HYPER;;NFK|4201|12190|202248
4201;20015;28/11/2022;202248;335;8521,56;;HYPER;C;NFK|4201|20015|202248
4201;20041;28/11/2022;202248;513;4681,12;;HYPER;A;NFK|4201|20041|202248
4201;20088;28/11/2022;202248;229;12938,50;;HYPER;B;NFK|4201|20088|202248
4201;20131;28/11/2022;202248;153;3232,12;;HYPER;C;NFK|4201|20131|202248
4201;30012;28/11/2022;202248;138;2233,88;;HYPER;;NFK|4201|30012|202248
4201;30077;28/11/2022;202248;192;10080,00;;HYPER;;NFK|4201|30077|202248
4201;30154;28/11/2022;202248;163;2750,62;;HYPER;;NFK|4201|30154|202248
4201;30209;28/11/2022;202248;168;6289,50;;HYPER;;NFK|4201|30209|202248
4205;10023;28/11/2022;202248;734;5835,30;TILBUD;SUPER;;NFK|4205|10023|202248
4205;10047;28/11/2022;202248;267;3003,75;;SUPER;;NFK|4205|10047|202248
4205;10112;28/11/2022;202248;157;3326,44;;SUPER;;NFK|4205|10112|202248
4205;10310;28/11/2022;202248;110;2956,25;;SUPER;;NFK|4205|10310|202248
4205;11020;28/11/2022;202248;305;5699,69;;SUPER;;NFK|4205|11020|202248
4205;11085;28/11/2022;202248;278;2488,10;MP;SUPER;;NFK|4205|11085|202248
4205;11142;28/11/2022;202248;135;3366,56;;SUPER;;NFK|4205|11142|202248
4205;12004;28/11/2022;202248;171;6840,00;;SUPER;;NFK|4205|12004|202248
4205;12066;28/11/2022;202248;117;7093,12;;SUPER;;NFK|4205|12066|202248
4205;12190;28/11/2022;202248;77;1732,50;;SUPER;;NFK|4205|12190|202248
4205;20015;28/11/2022;202248;230;5850,62;;SUPER;C;NFK|4205|20015|202248
4205;20041;28/11/2022;202248;313;2856,12;;SUPER;A;NFK|4205|20041|202248
4205;20088;28/11/2022;202248;168;9492,00;;SUPER;B;NFK|4205|20088|202248
4205;20131;28/11/2022;202248;116;2450,50;;SUPER;C;NFK|4205|20131|202248
4205;30012;28/11/2022;202248;82;1327,37;;SUPER;;NFK|4205|30012|202248
4205;30077;28/11/2022;202248;113;5932,50;;SUPER;;NFK|4205|30077|202248
4205;30154;28/11/2022;202248;101;1704,38;;SUPER;;NFK|4205|30154|202248
4205;30209;28/11/2022;202248;119;4455,06;;SUPER;;NFK|4205|30209|202248
4218;10023;28/11/2022;202248;921;7321,95;TILBUD;SUPER;;NFK|4218|10023|202248
4218;10047;28/11/2022;202248;274;3082,50;;SUPER;;NFK|4218|10047|202248
4218;10112;28/11/2022;202248;156;3305,25;;SUPER;;NFK|4218|10112|202248
4218;10310;28/11/2022;202248;114;3063,75;;SUPER;;NFK|4218|10310|202248
4218;11020;28/11/2022;202248;365;6820,94;;SUPER;;NFK|4218|11020|202248
4218;11085;28/11/2022;202248;236;2112,20;MP;SUPER;;NFK|4218|11085|202248
4218;11142;28/11/2022;202248;130;3241,88;;SUPER;;NFK|4218|11142|202248
4218;12004;28/11/2022;202248;193;7720,00;;SUPER;;NFK|4218|12004|202248
4218;12066;28/11/2022;202248;129;7820,62;;SUPER;;NFK|4218|12066|202248
4218;12190;28/11/2022;202248;97;2182,50;;SUPER;;NFK|4218|12190|202248
4218;20015;28/11/2022;202248;255;6486,56;;SUPER;C;NFK|4218|20015|202248
4218;20041;28/11/2022;202248;309;2819,62;;SUPER;A;NFK|4218|20041|202248
4218;20088;28/11/2022;202248;181;10226,50;;SUPER;B;NFK|4218|20088|202248
4218;20131;28/11/2022;202248;105;2218,12;;SUPER;C;NFK|4218|20131|202248
4218;30012;28/11/2022;202248;75;1214,06;;SUPER;;NFK|4218|30012|202248
4218;30077;28/11/2022;202248;137;7192,50;;SUPER;;NFK|4218|30077|202248
4218;30154;28/11/2022;202248;107;1805,62;;SUPER;;NFK|4218|30154|202248
4218;30209;28/11/2022;202248;136;5091,50;;SUPER;;NFK|4218|30209|202248
4218;99001;28/11/2022;202248;7;0,00;;SUPER;;NFK|4218|99001|202248
5502;10023;28/11/2022;202248;717;5700,15;TILBUD;SUPER;;NFK|5502|10023|202248
5502;10047;28/11/2022;202248;247;2778,75;;SUPER;;NFK|5502|10047|202248
5502;10112;28/11/2022;202248;137;2902,69;;SUPER;;NFK|5502|10112|202248
5502;10310;28/11/2022;202248;97;2606,88;;SUPER;;NFK|5502|10310|202248
5502;11020;28/11/2022;202248;312;5830,50;;SUPER;;NFK|5502|11020|202248
5502;11085;28/11/2022;202248;262;2344,90;MP;SUPER;;NFK|5502|11085|202248
5502;11142;28/11/2022;202248;112;2793,00;;SUPER;;NFK|5502|11142|202248
5502;12004;28/11/2022;202248;156;6240,00;;SUPER;;NFK|5502|12004|202248
5502;12066;28/11/2022;202248;118;7153,75;;SUPER;;NFK|5502|12066|202248
5502;12190;28/11/2022;202248;87;1957,50;;SUPER;;NFK|5502|12190|202248
5502;20015;28/11/2022;202248;186;4731,38;;SUPER;C;NFK|5502|20015|202248
5502;20041;28/11/2022;202248;296;2701,00;;SUPER;A;NFK|5502|20041|202248
5502;20088;28/11/2022;202248;152;8588,00;;SUPER;B;NFK|5502|20088|202248
5502;20131;28/11/2022;202248;109;2302,62;;SUPER;C;NFK|5502|20131|202248
5502;30012;28/11/2022;202248;78;1262,62;;SUPER;;NFK|5502|30012|202248
5502;30077;28/11/2022;202248;130;6825,00;;SUPER;;NFK|5502|30077|202248
5502;30154;28/11/2022;202248;93;1569,38;;SUPER;;NFK|5502|30154|202248
5502;30209;28/11/2022;202248;93;3481,69;;SUPER;;NFK|5502|30209|202248
5502;99001;28/11/2022;202248;5;0,00;;SUPER;;NFK|5502|99001|202248
5511;10023;28/11/2022;202248;296;2353,20;TILBUD;PARTNER;;NFK|5511|10023|202248
5511;10047;28/11/2022;202248;78;877,50;;PARTNER;;NFK|5511|10047|202248
5511;10112;28/11/2022;202248;48;1017,00;;PARTNER;;NFK|5511|10112|202248
5511;10310;28/11/2022;202248;38;1021,25;;PARTNER;;NFK|5511|10310|202248
5511;11020;28/11/2022;202248;109;2036,94;;PARTNER;;NFK|5511|11020|202248
5511;11085;28/11/2022;202248;99;886,05;MP;PARTNER;;NFK|5511|11085|202248
5511;11142;28/11/2022;202248;47;1172,06;;PARTNER;;NFK|5511|11142|202248
5511;12004;28/11/2022;202248;66;2640,00;;PARTNER;;NFK|5511|12004|202248
5511;12066;28/11/2022;202248;44;2667,50;;PARTNER;;NFK|5511|12066|202248
5511;12190;28/11/2022;202248;36;810,00;;PARTNER;;NFK|5511|12190|202248
5511;20015;28/11/2022;202248;83;2111,31;;PARTNER;C;NFK|5511|20015|202248
5511;20041;28/11/2022;202248;90;821,25;;PARTNER;A;NFK|5511|20041|202248
5511;20088;28/11/2022;202248;57;3220,50;;PARTNER;B;NFK|5511|20088|202248
5511;20131;28/11/2022;202248;41;866,12;;PARTNER;C;NFK|5511|20131|202248
5511;30012;28/11/2022;202248;33;534,19;;PARTNER;;NFK|5511|30012|202248
5511;30077;28/11/2022;202248;44;2310,00;;PARTNER;;NFK|5511|30077|202248
5511;30154;28/11/2022;202248;32;540,00;;PARTNER;;NFK|5511|30154|202248
5511;30209;28/11/2022;202248;44;1647,25;;PARTNER;;NFK|5511|30209|202248
5511;99001;28/11/2022;202248;2;0,00;;PARTNER;;NFK|5511|99001|202248
9001;10023;28/11/2022;202248;36;286,20;TILBUD;DEPOT;;NFK|9001|10023|202248
9001;10047;28/11/2022;202248;11;123,75;;DEPOT;;NFK|9001|10047|202248
9001;10112;28/11/2022;202248;8;169,50;;DEPOT;;NFK|9001|10112|202248
9001;10310;28/11/2022;202248;5;134,38;;DEPOT;;NFK|9001|10310|202248
9001;11020;28/11/2022;202248;16;299,00;;DEPOT;;NFK|9001|11020|202248
9001;11085;28/11/2022;202248;15;134,25;MP;DEPOT;;NFK|9001|11085|202248
9001;11142;28/11/2022;202248;7;174,56;;DEPOT;;NFK|9001|11142|202248
9001;12004;28/11/2022;202248;9;360,00;;DEPOT;;NFK|9001|12004|202248
9001;12066;28/11/2022;202248;6;363,75;;DEPOT;;NFK|9001|12066|202248
9001;12190;28/11/2022;202248;5;112,50;;DEPOT;;NFK|9001|12190|202248
9001;20015;28/11/2022;202248;12;305,25;;DEPOT;C;NFK|9001|20015|202248
9001;20041;28/11/2022;202248;13;118,62;;DEPOT;A;NFK|9001|20041|202248
9001;20088;28/11/2022;202248;7;395,50;;DEPOT;B;NFK|9001|20088|202248
9001;20131;28/11/2022;202248;5;105,62;;DEPOT;C;NFK|9001|20131|202248
9001;30012;28/11/2022;202248;5;80,94;;DEPOT;;NFK|9001|30012|202248
9001;30077;28/11/2022;202248;6;315,00;;DEPOT;;NFK|9001|30077|202248
9001;30154;28/11/2022;202248;5;84,38;;DEPOT;;NFK|9001|30154|202248
9001;30209;28/11/2022;202248;5;187,19;;DEPOT;;NFK|9001|30209|202248
1101;10023;05/12/2022;202249;416;4940,00;;SUPER;;NFK|1101|10023|202249
1101;10047;05/12/2022;202249;240;2700,00;;SUPER;;NFK|1101|10047|202249
1101;10112;05/12/2022;202249;144;3051,00;;SUPER;;NFK|1101|10112|202249
1101;10310;05/12/2022;202249;166;3569,00;MP;SUPER;;NFK|1101|10310|202249
1101;11020;05/12/2022;202249;318;5942,62;;SUPER;;NFK|1101|11020|202249
1101;11085;05/12/2022;202249;253;2545,81;MP;SUPER;;NFK|1101|11085|202249
1101;11142;05/12/2022;202249;148;3690,75;;SUPER;;NFK|1101|11142|202249
1101;12004;05/12/2022;202249;180;7200,00;;SUPER;;NFK|1101|12004|202249
1101;12066;05/12/2022;202249;118;7153,75;;SUPER;;NFK|1101|12066|202249
1101;12190;05/12/2022;202249;146;2200,95;KUPON;SUPER;;NFK|1101|12190|202249
1101;20015;05/12/2022;202249;274;6969,88;;SUPER;C;NFK|1101|20015|202249
1101;20041;05/12/2022;202249;475;3057,81;MP;SUPER;A;NFK|1101|20041|202249
1101;20088;05/12/2022;202249;173;9774,50;;SUPER;B;NFK|1101|20088|202249
1101;20131;05/12/2022;202249;257;3890,34;AVIS;SUPER;C;NFK|1101|20131|202249
1101;30012;05/12/2022;202249;83;1343,56;;SUPER;;NFK|1101|30012|202249
1101;30077;05/12/2022;202249;118;6195,00;;SUPER;;NFK|1101|30077|202249
1101;30154;05/12/2022;202249;98;1653,75;;SUPER;;NFK|1101|30154|202249
1101;30209;05/12/2022;202249;239;6709,93;AVIS;SUPER;;NFK|1101|30209|202249
1102;10023;05/12/2022;202249;430;5106,25;;SUPER;;NFK|1102|10023|202249
1102;10047;05/12/2022;202249;267;3003,75;;SUPER;;NFK|1102|10047|202249
1102;10112;05/12/2022;202249;150;3178,12;;SUPER;;NFK|1102|10112|202249
1102;10310;05/12/2022;202249;145;3117,50;MP;SUPER;;NFK|1102|10310|202249
1102;11020;05/12/2022;202249;312;5830,50;;SUPER;;NFK|1102|11020|202249
1102;11085;05/12/2022;202249;206;2072,88;MP;SUPER;;NFK|1102|11085|202249
1102;11142;05/12/2022;202249;143;3566,06;;SUPER;;NFK|1102|11142|202249
1102;12004;05/12/2022;202249;164;6560,00;;SUPER;;NFK|1102|12004|202249
1102;12066;05/12/2022;202249;128;7760,00;;SUPER;;NFK|1102|12066|202249
1102;12190;05/12/2022;202249;140;2110,50;KUPON;SUPER;;NFK|1102|12190|202249
1102;20015;05/12/2022;202249;214;5443,62;;SUPER;C;NFK|1102|20015|202249
1102;20041;05/12/2022;202249;501;3225,19;MP;SUPER;A;NFK|1102|20041|202249
1102;20088;05/12/2022;202249;159;8983,50;;SUPER;B;NFK|1102|20088|202249
1102;20131;05/12/2022;202249;246;3723,83;AVIS;SUPER;C;NFK|1102|20131|202249
1102;30012;05/12/2022;202249;89;1440,69;;SUPER;;NFK|1102|30012|202249
1102;30077;05/12/2022;202249;135;7087,50;;SUPER;;NFK|1102|30077|202249
1102;30154;05/12/2022;202249;82;1383,75;;SUPER;;NFK|1102|30154|202249
1102;30209;05/12/2022;202249;248;6962,60;AVIS;SUPER;;NFK|1102|30209|202249
1103;10023;05/12/2022;202249;192;2280,00;;NAER;;NFK|1103|10023|202249
1103;10047;05/12/2022;202249;133;1496,25;;NAER;;NFK|1103|10047|202249
1103;10112;05/12/2022;202249;73;1546,69;;NAER;;NFK|1103|10112|202249
1103;10310;05/12/2022;202249;84;1806,00;MP;NAER;;NFK|1103|10310|202249
1103;11020;05/12/2022;202249;166;3102,12;;NAER;;NFK|1103|11020|202249
1103;11085;05/12/2022;202249;108;1086,75;MP;NAER;;NFK|1103|11085|202249
1103;11142;05/12/2022;202249;75;1870,31;;NAER;;NFK|1103|11142|202249
1103;12004;05/12/2022;202249;82;3280,00;;NAER;;NFK|1103|12004|202249
1103;12066;05/12/2022;202249;58;3516,25;;NAER;;NFK|1103|12066|202249
1103;12190;05/12/2022;202249;-8;-120,60;KUPON;NAER;;NFK|1103|12190|202249
1103;20015;05/12/2022;202249;118;3001,62;;NAER;C;NFK|1103|20015|202249
1103;20041;05/12/2022;202249;219;1409,81;MP;NAER;A;NFK|1103|20041|202249
1103;20088;05/12/2022;202249;86;4859,00;;NAER;B;NFK|1103|20088|202249
1103;20131;05/12/2022;202249;128;1937,60;AVIS;NAER;C;NFK|1103|20131|202249
1103;30012;05/12/2022;202249;46;744,62;;NAER;;NFK|1103|30012|202249
1103;30077;05/12/2022;202249;69;3622,50;;NAER;;NFK|1103|30077|202249
1103;30154;05/12/2022;202249;46;776,25;;NAER;;NFK|1103|30154|202249
1103;30209;05/12/2022;202249;105;2947,88;AVIS;NAER;;NFK|1103|30209|202249
1108;10023;05/12/2022;202249;771;9155,62;;HYPER;;NFK|1108|10023|202249
1108;10047;05/12/2022;202249;512;5760,00;;HYPER;;NFK|1108|10047|202249
1108;10112;05/12/2022;202249;266;5635,88;;HYPER;;NFK|1108|10112|202249
1108;10310;05/12/2022;202249;315;6772,50;MP;HYPER;;NFK|1108|10310|202249
1108;11020;05/12/2022;202249;569;10633,19;;HYPER;;NFK|1108|11020|202249
1108;11085;05/12/2022;202249;448;4508,00;MP;HYPER;;NFK|1108|11085|202249
1108;11142;05/12/2022;202249;237;5910,19;;HYPER;;NFK|1108|11142|202249
1108;12004;05/12/2022;202249;342;13680,00;;HYPER;;NFK|1108|12004|202249
1108;12066;05/12/2022;202249;272;16490,00;;HYPER;;NFK|1108|12066|202249
1108;12190;05/12/2022;202249;262;3949,65;KUPON;HYPER;;NFK|1108|12190|202249
1108;20015;05/12/2022;202249;465;11828,44;;HYPER;C;NFK|1108|20015|202249
1108;20041;05/12/2022;202249;930;5986,87;MP;HYPER;A;NFK|1108|20041|202249
1108;20088;05/12/2022;202249;333;18814,50;;HYPER;B;NFK|1108|20088|202249
1108;20131;05/12/2022;202249;438;6630,23;AVIS;HYPER;C;NFK|1108|20131|202249
1108;30012;05/12/2022;202249;163;2638,56;;HYPER;;NFK|1108|30012|202249
1108;30077;05/12/2022;202249;220;11550,00;;HYPER;;NFK|1108|30077|202249
1108;30154;05/12/2022;202249;195;3290,62;;HYPER;;NFK|1108|30154|202249
1108;30209;05/12/2022;202249;400;11230,00;AVIS;HYPER;;NFK|1108|30209|202249
3104;10023;05/12/2022;202249;317;3764,38;;SUPER;;NFK|3104|10023|202249
3104;10047;05/12/2022;202249;200;2250,00;;SUPER;;NFK|3104|10047|202249
3104;10112;05/12/2022;202249;141;2987,44;;SUPER;;NFK|3104|10112|202249
3104;10310;05/12/2022;202249;99;2660,62;;SUPER;;NFK|3104|10310|202249
3104;11020;05/12/2022;202249;327;6110,81;;SUPER;;NFK|3104|11020|202249
3104;11085;05/12/2022;202249;224;2254,00;MP;SUPER;;NFK|3104|11085|202249
3104;11142;05/12/2022;202249;115;2867,81;;SUPER;;NFK|3104|11142|202249
3104;12004;05/12/2022;202249;173;6920,00;;SUPER;;NFK|3104|12004|202249
3104;12066;05/12/2022;202249;122;7396,25;;SUPER;;NFK|3104|12066|202249
3104;12190;05/12/2022;202249;116;1748,70;KUPON;SUPER;;NFK|3104|12190|202249
3104;20015;05/12/2022;202249;191;4858,56;;SUPER;C;NFK|3104|20015|202249
3104;20041;05/12/2022;202249;257;2345,12;;SUPER;A;NFK|3104|20041|202249
3104;20088;05/12/2022;202249;130;7345,00;;SUPER;B;NFK|3104|20088|202249
3104;20131;05/12/2022;202249;204;3088,05;AVIS;SUPER;C;NFK|3104|20131|202249
3104;30012;05/12/2022;202249;65;1052,19;;SUPER;;NFK|3104|30012|202249
3104;30077;05/12/2022;202249;107;5617,50;;SUPER;;NFK|3104|30077|202249
3104;30154;05/12/2022;202249;83;1400,62;;SUPER;;NFK|3104|30154|202249
3104;30209;05/12/2022;202249;102;3818,62;;SUPER;;NFK|3104|30209|202249
3117;10023;05/12/2022;202249;168;1995,00;;NAER;;NFK|3117|10023|202249
3117;10047;05/12/2022;202249;111;1248,75;;NAER;;NFK|3117|10047|202249
3117;10112;05/12/2022;202249;69;1461,94;;NAER;;NFK|3117|10112|202249
3117;10310;05/12/2022;202249;44;1182,50;;NAER;;NFK|3117|10310|202249
3117;11020;05/12/2022;202249;131;2448,06;;NAER;;NFK|3117|11020|202249
3117;11085;05/12/2022;202249;89;895,56;MP;NAER;;NFK|3117|11085|202249
3117;11142;05/12/2022;202249;58;1446,38;;NAER;;NFK|3117|11142|202249
3117;12004;05/12/2022;202249;76;3040,00;;NAER;;NFK|3117|12004|202249
3117;12066;05/12/2022;202249;57;3455,62;;NAER;;NFK|3117|12066|202249
3117;12190;05/12/2022;202249;62;934,65;KUPON;NAER;;NFK|3117|12190|202249
3117;20015;05/12/2022;202249;92;2340,25;;NAER;C;NFK|3117|20015|202249
3117;20041;05/12/2022;202249;135;1231,88;;NAER;A;NFK|3117|20041|202249
3117;20088;05/12/2022;202249;74;4181,00;;NAER;B;NFK|3117|20088|202249
3117;20131;05/12/2022;202249;119;1801,36;AVIS;NAER;C;NFK|3117|20131|202249
3117;30012;05/12/2022;202249;39;631,31;;NAER;;NFK|3117|30012|202249
3117;30077;05/12/2022;202249;54;2835,00;;NAER;;NFK|3117|30077|202249
3117;30154;05/12/2022;202249;35;590,62;;NAER;;NFK|3117|30154|202249
3117;30209;05/12/2022;202249;51;1909,31;;NAER;;NFK|3117|30209|202249
3122;10023;05/12/2022;202249;111;1318,12;;FRANCHISE;;NFK|3122|10023|202249
3122;10047;05/12/2022;202249;74;832,50;;FRANCHISE;;NFK|3122|10047|202249
3122;10112;05/12/2022;202249;42;889,88;;FRANCHISE;;NFK|3122|10112|202249
3122;10310;05/12/2022;202249;35;940,62;;FRANCHISE;;NFK|3122|10310|202249
3122;11020;05/12/2022;202249;107;1999,56;;FRANCHISE;;NFK|3122|11020|202249
3122;11085;05/12/2022;202249;59;593,69;MP;FRANCHISE;;NFK|3122|11085|202249
3122;11142;05/12/2022;202249;38;947,62;;FRANCHISE;;NFK|3122|11142|202249
3122;12004;05/12/2022;202249;53;2120,00;;FRANCHISE;;NFK|3122|12004|202249
3122;12066;05/12/2022;202249;40;2425,00;;FRANCHISE;;NFK|3122|12066|202249
3122;12190;05/12/2022;202249;42;633,15;KUPON;FRANCHISE;;NFK|3122|12190|202249
3122;20015;05/12/2022;202249;63;1602,56;;FRANCHISE;C;NFK|3122|20015|202249
3122;20041;05/12/2022;202249;90;821,25;;FRANCHISE;A;NFK|3122|20041|202249
3122;20088;05/12/2022;202249;47;2655,50;;FRANCHISE;B;NFK|3122|20088|202249
3122;20131;05/12/2022;202249;84;1271,55;AVIS;FRANCHISE;C;NFK|3122|20131|202249
3122;30012;05/12/2022;202249;25;404,69;;FRANCHISE;;NFK|3122|30012|202249
3122;30077;05/12/2022;202249;41;2152,50;;FRANCHISE;;NFK|3122|30077|202249
3122;30154;05/12/2022;202249;32;540,00;;FRANCHISE;;NFK|3122|30154|202249
3122;30209;05/12/2022;202249;35;1310,31;;FRANCHISE;;NFK|3122|30209|202249
4201;10023;05/12/2022;202249;703;8348,12;;HYPER;;NFK|4201|10023|202249
4201;10047;05/12/2022;202249;439;4938,75;;HYPER;;NFK|4201|10047|202249
4201;10112;05/12/2022;202249;248;5254,50;;HYPER;;NFK|4201|10112|202249
4201;10310;05/12/2022;202249;250;5375,00;MP;HYPER;;NFK|4201|10310|202249
4201;11020;05/12/2022;202249;530;9904,38;;HYPER;;NFK|4201|11020|202249
4201;11085;05/12/2022;202249;375;3773,44;MP;HYPER;;NFK|4201|11085|202249
4201;11142;05/12/2022;202249;221;5511,19;;HYPER;;NFK|4201|11142|202249
4201;12004;05/12/2022;202249;260;10400,00;;HYPER;;NFK|4201|12004|202249
4201;12066;05/12/2022;202249;237;14368,12;;HYPER;;NFK|4201|12066|202249
4201;12190;05/12/2022;202249;231;3482,33;KUPON;HYPER;;NFK|4201|12190|202249
4201;20015;05/12/2022;202249;343;8725,06;;HYPER;C;NFK|4201|20015|202249
4201;20041;05/12/2022;202249;700;4506,25;MP;HYPER;A;NFK|4201|20041|202249
4201;20088;05/12/2022;202249;255;14407,50;;HYPER;B;NFK|4201|20088|202249
4201;20131;05/12/2022;202249;472;7144,90;AVIS;HYPER;C;NFK|4201|20131|202249
4201;30012;05/12/2022;202249;143;2314,81;;HYPER;;NFK|4201|30012|202249
4201;30077;05/12/2022;202249;232;12180,00;;HYPER;;NFK|4201|30077|202249
4201;30154;05/12/2022;202249;157;2649,38;;HYPER;;NFK|4201|30154|202249
4201;30209;05/12/2022;202249;429;12044,17;AVIS;HYPER;;NFK|4201|30209|202249
4205;10023;05/12/2022;202249;357;4239,38;;SUPER;;NFK|4205|10023|202249
4205;10047;05/12/2022;202249;280;3150,00;;SUPER;;NFK|4205|10047|202249
4205;10112;05/12/2022;202249;140;2966,25;;SUPER;;NFK|4205|10112|202249
4205;10310;05/12/2022;202249;139;2988,50;MP;SUPER;;NFK|4205|10310|202249
4205;11020;05/12/2022;202249;275;5139,06;;SUPER;;NFK|4205|11020|202249
4205;11085;05/12/2022;202249;199;2002,44;MP;SUPER;;NFK|4205|11085|202249
4205;11142;05/12/2022;202249;119;2967,56;;SUPER;;NFK|4205|11142|202249
4205;12004;05/12/2022;202249;188;7520,00;;SUPER;;NFK|4205|12004|202249
4205;12066;05/12/2022;202249;134;8123,75;;SUPER;;NFK|4205|12066|202249
4205;12190;05/12/2022;202249;123;1854,23;KUPON;SUPER;;NFK|4205|12190|202249
4205;20015;05/12/2022;202249;260;6613,75;;SUPER;C;NFK|4205|20015|202249
4205;20041;05/12/2022;202249;504;3244,50;MP;SUPER;A;NFK|4205|20041|202249
4205;20088;05/12/2022;202249;131;7401,50;;SUPER;B;NFK|4205|20088|202249
4205;20131;05/12/2022;202249;267;4041,71;AVIS;SUPER;C;NFK|4205|20131|202249
4205;30012;05/12/2022;202249;84;1359,75;;SUPER;;NFK|4205|30012|202249
4205;30077;05/12/2022;202249;132;6930,00;;SUPER;;NFK|4205|30077|202249
4205;30154;05/12/2022;202249;88;1485,00;;SUPER;;NFK|4205|30154|202249
4205;30209;05/12/2022;202249;225;6316,88;AVIS;SUPER;;NFK|4205|30209|202249
4205;99001;05/12/2022;202249;5;0,00;;SUPER;;NFK|4205|99001|202249
4218;10023;05/12/2022;202249;435;5165,62;;SUPER;;NFK|4218|10023|202249
4218;10047;05/12/2022;202249;267;3003,75;;SUPER;;NFK|4218|10047|202249
4218;10112;05/12/2022;202249;143;3029,81;;SUPER;;NFK|4218|10112|202249
4218;10310;05/12/2022;202249;153;3289,50;MP;SUPER;;NFK|4218|10310|202249
4218;11020;05/12/2022;202249;306;5718,38;;SUPER;;NFK|4218|11020|202249
4218;11085;05/12/2022;202249;255;2565,94;MP;SUPER;;NFK|4218|11085|202249
4218;11142;05/12/2022;202249;151;3765,56;;SUPER;;NFK|4218|11142|202249
4218;12004;05/12/2022;202249;172;6880,00;;SUPER;;NFK|4218|12004|202249
4218;12066;05/12/2022;202249;136;8245,00;;SUPER;;NFK|4218|12066|202249
4218;12190;05/12/2022;202249;150;2261,25;KUPON;SUPER;;NFK|4218|12190|202249
4218;20015;05/12/2022;202249;270;6868,12;;SUPER;C;NFK|4218|20015|202249
4218;20041;05/12/2022;202249;540;3476,25;MP;SUPER;A;NFK|4218|20041|202249
4218;20088;05/12/2022;202249;178;10057,00;;SUPER;B;NFK|4218|20088|202249
4218;20131;05/12/2022;202249;238;3602,72;AVIS;SUPER;C;NFK|4218|20131|202249
4218;30012;05/12/2022;202249;80;1295,00;;SUPER;;NFK|4218|30012|202249
4218;30077;05/12/2022;202249;148;7770,00;;SUPER;;NFK|4218|30077|202249
4218;30154;05/12/2022;202249;110;1856,25;;SUPER;;NFK|4218|30154|202249
4218;30209;05/12/2022;202249;218;6120,35;AVIS;SUPER;;NFK|4218|30209|202249
5502;10023;05/12/2022;202249;347;4120,62;;SUPER;;NFK|5502|10023|202249
5502;10047;05/12/2022;202249;216;2430,00;;SUPER;;NFK|5502|10047|202249
5502;10112;05/12/2022;202249;132;2796,75;;SUPER;;NFK|5502|10112|202249
5502;10310;05/12/2022;202249;114;3063,75;;SUPER;;NFK|5502|10310|202249
5502;11020;05/12/2022;202249;338;6316,37;;SUPER;;NFK|5502|11020|202249
5502;11085;05/12/2022;202249;207;2082,94;MP;SUPER;;NFK|5502|11085|202249
5502;11142;05/12/2022;202249;111;2768,06;;SUPER;;NFK|5502|11142|202249
5502;12004;05/12/2022;202249;164;6560,00;;SUPER;;NFK|5502|12004|202249
5502;12066;05/12/2022;202249;102;6183,75;;SUPER;;NFK|5502|12066|202249
5502;12190;05/12/2022;202249;115;1733,62;KUPON;SUPER;;NFK|5502|12190|202249
5502;20015;05/12/2022;202249;229;5825,19;;SUPER;C;NFK|5502|20015|202249
5502;20041;05/12/2022;202249;239;2180,88;;SUPER;A;NFK|5502|20041|202249
5502;20088;05/12/2022;202249;131;7401,50;;SUPER;B;NFK|5502|20088|202249
5502;20131;05/12/2022;202249;264;3996,30;AVIS;SUPER;C;NFK|5502|20131|202249
5502;30012;05/12/2022;202249;69;1116,94;;SUPER;;NFK|5502|30012|202249
5502;30077;05/12/2022;202249;116;6090,00;;SUPER;;NFK|5502|30077|202249
5502;30154;05/12/2022;202249;75;1265,62;;SUPER;;NFK|5502|30154|202249
5502;30209;05/12/2022;202249;108;4043,25;;SUPER;;NFK|5502|30209|202249
5511;10023;05/12/2022;202249;137;1626,88;;PARTNER;;NFK|5511|10023|202249
5511;10047;05/12/2022;202249;94;1057,50;;PARTNER;;NFK|5511|10047|202249
5511;10112;05/12/2022;202249;58;1228,88;;PARTNER;;NFK|5511|10112|202249
5511;10310;05/12/2022;202249;37;994,38;;PARTNER;;NFK|5511|10310|202249
5511;11020;05/12/2022;202249;126;2354,62;;PARTNER;;NFK|5511|11020|202249
5511;11085;05/12/2022;202249;75;754,69;MP;PARTNER;;NFK|5511|11085|202249
5511;11142;05/12/2022;202249;45;1122,19;;PARTNER;;NFK|5511|11142|202249
5511;12004;05/12/2022;202249;65;2600,00;;PARTNER;;NFK|5511|12004|202249
5511;12066;05/12/2022;202249;41;2485,62;;PARTNER;;NFK|5511|12066|202249
5511;12190;05/12/2022;202249;55;829,13;KUPON;PARTNER;;NFK|5511|12190|202249
5511;20015;05/12/2022;202249;87;2213,06;;PARTNER;C;NFK|5511|20015|202249
5511;20041;05/12/2022;202249;118;1076,75;;PARTNER;A;NFK|5511|20041|202249
5511;20088;05/12/2022;202249;49;2768,50;;PARTNER;B;NFK|5511|20088|202249
5511;20131;05/12/2022;202249;100;1513,75;AVIS;PARTNER;C;NFK|5511|20131|202249
5511;30012;05/12/2022;202249;29;469,44;;PARTNER;;NFK|5511|30012|202249
5511;30077;05/12/2022;202249;48;2520,00;;PARTNER;;NFK|5511|30077|202249
5511;30154;05/12/2022;202249;31;523,12;;PARTNER;;NFK|5511|30154|202249
5511;30209;05/12/2022;202249;46;1722,12;;PARTNER;;NFK|5511|30209|202249
9001;10023;05/12/2022;202249;18;213,75;;DEPOT;;NFK|9001|10023|202249
9001;10047;05/12/2022;202249;12;135,00;;DEPOT;;NFK|9001|10047|202249
9001;10112;05/12/2022;202249;8;169,50;;DEPOT;;NFK|9001|10112|202249
9001;10310;05/12/2022;202249;6;161,25;;DEPOT;;NFK|9001|10310|202249
9001;11020;05/12/2022;202249;18;336,37;;DEPOT;;NFK|9001|11020|202249
9001;11085;05/12/2022;202249;11;110,69;MP;DEPOT;;NFK|9001|11085|202249
9001;11142;05/12/2022;202249;6;149,62;;DEPOT;;NFK|9001|11142|202249
9001;12004;05/12/2022;202249;9;360,00;;DEPOT;;NFK|9001|12004|202249
9001;12066;05/12/2022;202249;7;424,38;;DEPOT;;NFK|9001|12066|202249
9001;12190;05/12/2022;202249;8;120,60;KUPON;DEPOT;;NFK|9001|12190|202249
9001;20015;05/12/2022;202249;13;330,69;;DEPOT;C;NFK|9001|20015|202249
9001;20041;05/12/2022;202249;17;155,12;;DEPOT;A;NFK|9001|20041|202249
9001;20088;05/12/2022;202249;8;452,00;;DEPOT;B;NFK|9001|20088|202249
9001;20131;05/12/2022;202249;12;181,65;AVIS;DEPOT;C;NFK|9001|20131|202249
9001;30012;05/12/2022;202249;4;64,75;;DEPOT;;NFK|9001|30012|202249
9001;30077;05/12/2022;202249;7;367,50;;DEPOT;;NFK|9001|30077|202249
9001;30154;05/12/2022;202249;5;84,38;;DEPOT;;NFK|9001|30154|202249
9001;30209;05/12/2022;202249;6;224,62;;DEPOT;;NFK|9001|30209|202249
1101;10023;12/12/2022;202250;566;6721,25;;SUPER;;NFK|1101|10023|202250
1101;10047;12/12/2022;202250;431;4848,75;;SUPER;;NFK|1101|10047|202250
1101;10112;12/12/2022;202250;243;5148,56;;SUPER;;NFK|1101|10112|202250
1101;10310;12/12/2022;202250;184;4945,00;;SUPER;;NFK|1101|10310|202250
1101;11020;12/12/2022;202250;537;10035,19;;SUPER;;NFK|1101|11020|202250
1101;11085;12/12/2022;202250;311;3479,31;;SUPER;;NFK|1101|11085|202250
1101;11142;12/12/2022;202250;223;5561,06;;SUPER;;NFK|1101|11142|202250
1101;12004;12/12/2022;202250;223;8920,00;;SUPER;;NFK|1101|12004|202250
1101;12066;12/12/2022;202250;187;11336,88;;SUPER;;NFK|1101|12066|202250
1101;12190;12/12/2022;202250;128;2880,00;;SUPER;;NFK|1101|12190|202250
1101;20015;12/12/2022;202250;505;10579,75;AVIS;SUPER;C;NFK|1101|20015|202250
1101;20041;12/12/2022;202250;272;2482,00;;SUPER;A;NFK|1101|20041|202250
1101;20088;12/12/2022;202250;142;8023,00;;SUPER;B;NFK|1101|20088|202250
1101;20131;12/12/2022;202250;105;2218,12;;SUPER;C;NFK|1101|20131|202250
1101;30012;12/12/2022;202250;81;1311,19;;SUPER;;NFK|1101|30012|202250
1101;30077;12/12/2022;202250;117;6142,50;;SUPER;;NFK|1101|30077|202250
1101;30154;12/12/2022;202250;195;2203,50;3F2;SUPER;;NFK|1101|30154|202250
1101;30209;12/12/2022;202250;113;4230,44;;SUPER;;NFK|1101|30209|202250
1101;99001;12/12/2022;202250;5;0,00;;SUPER;;NFK|1101|99001|202250
1102;10023;12/12/2022;202250;602;7148,75;;SUPER;;NFK|1102|10023|202250
1102;10047;12/12/2022;202250;342;3847,50;;SUPER;;NFK|1102|10047|202250
1102;10112;12/12/2022;202250;204;4322,25;;SUPER;;NFK|1102|10112|202250
1102;10310;12/12/2022;202250;184;4945,00;;SUPER;;NFK|1102|10310|202250
1102;11020;12/12/2022;202250;405;7568,44;;SUPER;;NFK|1102|11020|202250
1102;11085;12/12/2022;202250;273;3054,19;;SUPER;;NFK|1102|11085|202250
1102;11142;12/12/2022;202250;199;4962,56;;SUPER;;NFK|1102|11142|202250
1102;12004;12/12/2022;202250;216;8640,00;;SUPER;;NFK|1102|12004|202250
1102;12066;12/12/2022;202250;180;10912,50;;SUPER;;NFK|1102|12066|202250
1102;12190;12/12/2022;202250;135;3037,50;;SUPER;;NFK|1102|12190|202250
1102;20015;12/12/2022;202250;410;8589,50;AVIS;SUPER;C;NFK|1102|20015|202250
1102;20041;12/12/2022;202250;315;2874,38;;SUPER;A;NFK|1102|20041|202250
1102;20088;12/12/2022;202250;138;7797,00;;SUPER;B;NFK|1102|20088|202250
1102;20131;12/12/2022;202250;110;2323,75;;SUPER;C;NFK|1102|20131|202250
1102;30012;12/12/2022;202250;82;1327,37;;SUPER;;NFK|1102|30012|202250
1102;30077;12/12/2022;202250;119;6247,50;;SUPER;;NFK|1102|30077|202250
1102;30154;12/12/2022;202250;182;2056,60;3F2;SUPER;;NFK|1102|30154|202250
1102;30209;12/12/2022;202250;119;4455,06;;SUPER;;NFK|1102|30209|202250
1102;99001;12/12/2022;202250;6;0,00;;SUPER;;NFK|1102|99001|202250
1103;10023;12/12/2022;202250;273;3241,88;;NAER;;NFK|1103|10023|202250
1103;10047;12/12/2022;202250;209;2351,25;;NAER;;NFK|1103|10047|202250
1103;10112;12/12/2022;202250;116;2457,75;;NAER;;NFK|1103|10112|202250
1103;10310;12/12/2022;202250;77;2069,38;;NAER;;NFK|1103|10310|202250
1103;11020;12/12/2022;202250;263;4914,81;;NAER;;NFK|1103|11020|202250
1103;11085;12/12/2022;202250;153;1711,69;;NAER;;NFK|1103|11085|202250
1103;11142;12/12/2022;202250;93;2319,19;;NAER;;NFK|1103|11142|202250
1103;12004;12/12/2022;202250;119;4760,00;;NAER;;NFK|1103|12004|202250
1103;12066;12/12/2022;202250;102;6183,75;;NAER;;NFK|1103|12066|202250
1103;12190;12/12/2022;202250;70;1575,00;;NAER;;NFK|1103|12190|202250
1103;20015;12/12/2022;202250;201;4210,95;AVIS;NAER;C;NFK|1103|20015|202250
1103;20041;12/12/2022;202250;137;1250,12;;NAER;A;NFK|1103|20041|202250
1103;20088;12/12/2022;202250;88;4972,00;;NAER;B;NFK|1103|20088|202250
1103;20131;12/12/2022;202250;53;1119,62;;NAER;C;NFK|1103|20131|202250
1103;30012;12/12/2022;202250;45;728,44;;NAER;;NFK|1103|30012|202250
1103;30077;12/12/2022;202250;64;3360,00;;NAER;;NFK|1103|30077|202250
1103;30154;12/12/2022;202250;84;949,20;3F2;NAER;;NFK|1103|30154|202250
1103;30209;12/12/2022;202250;52;1946,75;;NAER;;NFK|1103|30209|202250
1108;10023;12/12/2022;202250;1197;14214,38;;HYPER;;NFK|1108|10023|202250
1108;10047;12/12/2022;202250;743;8358,75;;HYPER;;NFK|1108|10047|202250
1108;10112;12/12/2022;202250;354;7500,38;;HYPER;;NFK|1108|10112|202250
1108;10310;12/12/2022;202250;317;8519,38;;HYPER;;NFK|1108|10310|202250
1108;11020;12/12/2022;202250;863;16127,31;;HYPER;;NFK|1108|11020|202250
1108;11085;12/12/2022;202250;470;5258,12;;HYPER;;NFK|1108|11085|202250
1108;11142;12/12/2022;202250;355;8852,81;;HYPER;;NFK|1108|11142|202250
1108;12004;12/12/2022;202250;505;20200,00;;HYPER;;NFK|1108|12004|202250
1108;12066;12/12/2022;202250;353;21400,62;;HYPER;;NFK|1108|12066|202250
1108;12190;12/12/2022;202250;242;5445,00;;HYPER;;NFK|1108|12190|202250
1108;20015;12/12/2022;202250;880;18436,00;AVIS;HYPER;C;NFK|1108|20015|202250
1108;20041;12/12/2022;202250;621;5666,62;;HYPER;A;NFK|1108|20041|202250
1108;20088;12/12/2022;202250;339;19153,50;;HYPER;B;NFK|1108|20088|202250
1108;20131;12/12/2022;202250;181;3823,62;;HYPER;C;NFK|1108|20131|202250
1108;30012;12/12/2022;202250;162;2622,38;;HYPER;;NFK|1108|30012|202250
1108;30077;12/12/2022;202250;251;13177,50;;HYPER;;NFK|1108|30077|202250
1108;30154;12/12/2022;202250;374;4226,20;3F2;HYPER;;NFK|1108|30154|202250
1108;30209;12/12/2022;202250;236;8835,25;;HYPER;;NFK|1108|30209|202250
3104;10023;12/12/2022;202250;499;5925,62;;SUPER;;NFK|3104|10023|202250
3104;10047;12/12/2022;202250;350;3937,50;;SUPER;;NFK|3104|10047|202250
3104;10112;12/12/2022;202250;174;3686,62;;SUPER;;NFK|3104|10112|202250
3104;10310;12/12/2022;202250;149;4004,38;;SUPER;;NFK|3104|10310|202250
3104;11020;12/12/2022;202250;374;6989,12;;SUPER;;NFK|3104|11020|202250
3104;11085;12/12/2022;202250;279;3121,31;;SUPER;;NFK|3104|11085|202250
3104;11142;12/12/2022;202250;175;4364,06;;SUPER;;NFK|3104|11142|202250
3104;12004;12/12/2022;202250;239;9560,00;;SUPER;;NFK|3104|12004|202250
3104;12066;12/12/2022;202250;165;10003,12;;SUPER;;NFK|3104|12066|202250
3104;12190;12/12/2022;202250;127;2857,50;;SUPER;;NFK|3104|12190|202250
3104;20015;12/12/2022;202250;235;5977,81;;SUPER;C;NFK|3104|20015|202250
3104;20041;12/12/2022;202250;264;2409,00;;SUPER;A;NFK|3104|20041|202250
3104;20088;12/12/2022;202250;147;8305,50;;SUPER;B;NFK|3104|20088|202250
3104;20131;12/12/2022;202250;96;2028,00;;SUPER;C;NFK|3104|20131|202250
3104;30012;12/12/2022;202250;72;1165,50;;SUPER;;NFK|3104|30012|202250
3104;30077;12/12/2022;202250;118;6195,00;;SUPER;;NFK|3104|30077|202250
3104;30154;12/12/2022;202250;159;1796,70;3F2;SUPER;;NFK|3104|30154|202250
3104;30209;12/12/2022;202250;98;3668,88;;SUPER;;NFK|3104|30209|202250
3117;10023;12/12/2022;202250;281;3336,88;;NAER;;NFK|3117|10023|202250
3117;10047;12/12/2022;202250;148;1665,00;;NAER;;NFK|3117|10047|202250
3117;10112;12/12/2022;202250;100;2118,75;;NAER;;NFK|3117|10112|202250
3117;10310;12/12/2022;202250;75;2015,62;;NAER;;NFK|3117|10310|202250
3117;11020;12/12/2022;202250;216;4036,50;;NAER;;NFK|3117|11020|202250
3117;11085;12/12/2022;202250;101;1129,94;;NAER;;NFK|3117|11085|202250
3117;11142;12/12/2022;202250;76;1895,25;;NAER;;NFK|3117|11142|202250
3117;12004;12/12/2022;202250;96;3840,00;;NAER;;NFK|3117|12004|202250
3117;12066;12/12/2022;202250;80;4850,00;;NAER;;NFK|3117|12066|202250
3117;12190;12/12/2022;202250;65;1462,50;;NAER;;NFK|3117|12190|202250
3117;20015;12/12/2022;202250;91;2314,81;;NAER;C;NFK|3117|20015|202250
3117;20041;12/12/2022;202250;138;1259,25;;NAER;A;NFK|3117|20041|202250
3117;20088;12/12/2022;202250;57;3220,50;;NAER;B;NFK|3117|20088|202250
3117;20131;12/12/2022;202250;47;992,88;;NAER;C;NFK|3117|20131|202250
3117;30012;12/12/2022;202250;36;582,75;;NAER;;NFK|3117|30012|202250
3117;30077;12/12/2022;202250;58;3045,00;;NAER;;NFK|3117|30077|202250
3117;30154;12/12/2022;202250;81;915,30;3F2;NAER;;NFK|3117|30154|202250
3117;30209;12/12/2022;202250;54;2021,62;;NAER;;NFK|3117|30209|202250
3122;10023;12/12/2022;202250;164;1947,50;;FRANCHISE;;NFK|3122|10023|202250
3122;10047;12/12/2022;202250;121;1361,25;;FRANCHISE;;NFK|3122|10047|202250
3122;10112;12/12/2022;202250;66;1398,38;;FRANCHISE;;NFK|3122|10112|202250
3122;10310;12/12/2022;202250;46;1236,25;;FRANCHISE;;NFK|3122|10310|202250
3122;11020;12/12/2022;202250;161;3008,69;;FRANCHISE;;NFK|3122|11020|202250
3122;11085;12/12/2022;202250;91;1018,06;;FRANCHISE;;NFK|3122|11085|202250
3122;11142;12/12/2022;202250;60;1496,25;;FRANCHISE;;NFK|3122|11142|202250
3122;12004;12/12/2022;202250;85;3400,00;;FRANCHISE;;NFK|3122|12004|202250
3122;12066;12/12/2022;202250;57;3455,62;;FRANCHISE;;NFK|3122|12066|202250
3122;12190;12/12/2022;202250;46;1035,00;;FRANCHISE;;NFK|3122|12190|202250
3122;20015;12/12/2022;202250;78;1984,12;;FRANCHISE;C;NFK|3122|20015|202250
3122;20041;12/12/2022;202250;89;812,12;;FRANCHISE;A;NFK|3122|20041|202250
3122;20088;12/12/2022;202250;46;2599,00;;FRANCHISE;B;NFK|3122|20088|202250
3122;20131;12/12/2022;202250;37;781,62;;FRANCHISE;C;NFK|3122|20131|202250
3122;30012;12/12/2022;202250;29;469,44;;FRANCHISE;;NFK|3122|30012|202250
3122;30077;12/12/2022;202250;41;2152,50;;FRANCHISE;;NFK|3122|30077|202250
3122;30154;12/12/2022;202250;55;621,50;3F2;FRANCHISE;;NFK|3122|30154|202250
3122;30209;12/12/2022;202250;41;1534,94;;FRANCHISE;;NFK|3122|30209|202250
3122;99001;12/12/2022;202250;2;0,00;;FRANCHISE;;NFK|3122|99001|202250
4201;10023;12/12/2022;202250;983;11673,12;;HYPER;;NFK|4201|10023|202250
4201;10047;12/12/2022;202250;667;7503,75;;HYPER;;NFK|4201|10047|202250
4201;10112;12/12/2022;202250;383;8114,81;;HYPER;;NFK|4201|10112|202250
4201;10310;12/12/2022;202250;268;7202,50;;HYPER;;NFK|4201|10310|202250
4201;11020;12/12/2022;202250;765;14295,94;;HYPER;;NFK|4201|11020|202250
4201;11085;12/12/2022;202250;493;5515,44;;HYPER;;NFK|4201|11085|202250
4201;11142;12/12/2022;202250;364;9077,25;;HYPER;;NFK|4201|11142|202250
4201;12004;12/12/2022;202250;436;17440,00;;HYPER;;NFK|4201|12004|202250
4201;12066;12/12/2022;202250;308;18672,50;;HYPER;;NFK|4201|12066|202250
4201;12190;12/12/2022;202250;237;5332,50;;HYPER;;NFK|4201|12190|202250
4201;20015;12/12/2022;202250;683;14308,85;AVIS;HYPER;C;NFK|4201|20015|202250
4201;20041;12/12/2022;202250;515;4699,38;;HYPER;A;NFK|4201|20041|202250
4201;20088;12/12/2022;202250;231;13051,50;;HYPER;B;NFK|4201|20088|202250
4201;20131;12/12/2022;202250;154;3253,25;;HYPER;C;NFK|4201|20131|202250
4201;30012;12/12/2022;202250;137;2217,69;;HYPER;;NFK|4201|30012|202250
4201;30077;12/12/2022;202250;236;12390,00;;HYPER;;NFK|4201|30077|202250
4201;30154;12/12/2022;202250;300;3390,00;3F2;HYPER;;NFK|4201|30154|202250
4201;30209;12/12/2022;202250;176;6589,00;;HYPER;;NFK|4201|30209|202250
4201;99001;12/12/2022;202250;8;0,00;;HYPER;;NFK|4201|99001|202250
4205;10023;12/12/2022;202250;590;7006,25;;SUPER;;NFK|4205|10023|202250
4205;10047;12/12/2022;202250;406;4567,50;;SUPER;;NFK|4205|10047|202250
4205;10112;12/12/2022;202250;224;4746,00;;SUPER;;NFK|4205|10112|202250
4205;10310;12/12/2022;202250;168;4515,00;;SUPER;;NFK|4205|10310|202250
4205;11020;12/12/2022;202250;401;7493,69;;SUPER;;NFK|4205|11020|202250
4205;11085;12/12/2022;202250;287;3210,81;;SUPER;;NFK|4205|11085|202250
4205;11142;12/12/2022;202250;218;5436,37;;SUPER;;NFK|4205|11142|202250
4205;12004;12/12/2022;202250;264;10560,00;;SUPER;;NFK|4205|12004|202250
4205;12066;12/12/2022;202250;179;10851,88;;SUPER;;NFK|4205|12066|202250
4205;12190;12/12/2022;202250;120;2700,00;;SUPER;;NFK|4205|12190|202250
4205;20015;12/12/2022;202250;441;9238,95;AVIS;SUPER;C;NFK|4205|20015|202250
4205;20041;12/12/2022;202250;272;2482,00;;SUPER;A;NFK|4205|20041|202250
4205;20088;12/12/2022;202250;145;8192,50;;SUPER;B;NFK|4205|20088|202250
4205;20131;12/12/2022;202250;106;2239,25;;SUPER;C;NFK|4205|20131|202250
4205;30012;12/12/2022;202250;93;1505,44;;SUPER;;NFK|4205|30012|202250
4205;30077;12/12/2022;202250;119;6247,50;;SUPER;;NFK|4205|30077|202250
4205;30154;12/12/2022;202250;148;1672,40;3F2;SUPER;;NFK|4205|30154|202250
4205;30209;12/12/2022;202250;125;4679,69;;SUPER;;NFK|4205|30209|202250
4218;10023;12/12/2022;202250;588;6982,50;;SUPER;;NFK|4218|10023|202250
4218;10047;12/12/2022;202250;429;4826,25;;SUPER;;NFK|4218|10047|202250
4218;10112;12/12/2022;202250;196;4152,75;;SUPER;;NFK|4218|10112|202250
4218;10310;12/12/2022;202250;200;5375,00;;SUPER;;NFK|4218|10310|202250
4218;11020;12/12/2022;202250;509;9511,94;;SUPER;;NFK|4218|11020|202250
4218;11085;12/12/2022;202250;268;2998,25;;SUPER;;NFK|4218|11085|202250
4218;11142;12/12/2022;202250;239;5960,06;;SUPER;;NFK|4218|11142|202250
4218;12004;12/12/2022;202250;287;11480,00;;SUPER;;NFK|4218|12004|202250
4218;12066;12/12/2022;202250;204;12367,50;;SUPER;;NFK|4218|12066|202250
4218;12190;12/12/2022;202250;138;3105,00;;SUPER;;NFK|4218|12190|202250
4218;20015;12/12/2022;202250;462;9678,90;AVIS;SUPER;C;NFK|4218|20015|202250
4218;20041;12/12/2022;202250;294;2682,75;;SUPER;A;NFK|4218|20041|202250
4218;20088;12/12/2022;202250;159;8983,50;;SUPER;B;NFK|4218|20088|202250
4218;20131;12/12/2022;202250;106;2239,25;;SUPER;C;NFK|4218|20131|202250
4218;30012;12/12/2022;202250;97;1570,19;;SUPER;;NFK|4218|30012|202250
4218;30077;12/12/2022;202250;145;7612,50;;SUPER;;NFK|4218|30077|202250
4218;30154;12/12/2022;202250;194;2192,20;3F2;SUPER;;NFK|4218|30154|202250
4218;30209;12/12/2022;202250;140;5241,25;;SUPER;;NFK|4218|30209|202250
5502;10023;12/12/2022;202250;567;6733,12;;SUPER;;NFK|5502|10023|202250
5502;10047;12/12/2022;202250;367;4128,75;;SUPER;;NFK|5502|10047|202250
5502;10112;12/12/2022;202250;178;3771,38;;SUPER;;NFK|5502|10112|202250
5502;10310;12/12/2022;202250;156;4192,50;;SUPER;;NFK|5502|10310|202250
5502;11020;12/12/2022;202250;422;7886,12;;SUPER;;NFK|5502|11020|202250
5502;11085;12/12/2022;202250;280;3132,50;;SUPER;;NFK|5502|11085|202250
5502;11142;12/12/2022;202250;189;4713,19;;SUPER;;NFK|5502|11142|202250
5502;12004;12/12/2022;202250;204;8160,00;;SUPER;;NFK|5502|12004|202250
5502;12066;12/12/2022;202250;175;10609,38;;SUPER;;NFK|5502|12066|202250
5502;12190;12/12/2022;202250;116;2610,00;;SUPER;;NFK|5502|12190|202250
5502;20015;12/12/2022;202250;189;4807,69;;SUPER;C;NFK|5502|20015|202250
5502;20041;12/12/2022;202250;262;2390,75;;SUPER;A;NFK|5502|20041|202250
5502;20088;12/12/2022;202250;134;7571,00;;SUPER;B;NFK|5502|20088|202250
5502;20131;12/12/2022;202250;97;2049,12;;SUPER;C;NFK|5502|20131|202250
5502;30012;12/12/2022;202250;71;1149,31;;SUPER;;NFK|5502|30012|202250
5502;30077;12/12/2022;202250;120;6300,00;;SUPER;;NFK|5502|30077|202250
5502;30154;12/12/2022;202250;175;1977,50;3F2;SUPER;;NFK|5502|30154|202250
5502;30209;12/12/2022;202250;114;4267,88;;SUPER;;NFK|5502|30209|202250
5511;10023;12/12/2022;202250;209;2481,88;;PARTNER;;NFK|5511|10023|202250
5511;10047;12/12/2022;202250;139;1563,75;;PARTNER;;NFK|5511|10047|202250
5511;10112;12/12/2022;202250;86;1822,12;;PARTNER;;NFK|5511|10112|202250
5511;10310;12/12/2022;202250;54;1451,25;;PARTNER;;NFK|5511|10310|202250
5511;11020;12/12/2022;202250;191;3569,31;;PARTNER;;NFK|5511|11020|202250
5511;11085;12/12/2022;202250;106;1185,88;;PARTNER;;NFK|5511|11085|202250
5511;11142;12/12/2022;202250;67;1670,81;;PARTNER;;NFK|5511|11142|202250
5511;12004;12/12/2022;202250;97;3880,00;;PARTNER;;NFK|5511|12004|202250
5511;12066;12/12/2022;202250;58;3516,25;;PARTNER;;NFK|5511|12066|202250
5511;12190;12/12/2022;202250;54;1215,00;;PARTNER;;NFK|5511|12190|202250
5511;20015;12/12/2022;202250;87;2213,06;;PARTNER;C;NFK|5511|20015|202250
5511;20041;12/12/2022;202250;109;994,62;;PARTNER;A;NFK|5511|20041|202250
5511;20088;12/12/2022;202250;64;3616,00;;PARTNER;B;NFK|5511|20088|202250
5511;20131;12/12/2022;202250;42;887,25;;PARTNER;C;NFK|5511|20131|202250
5511;30012;12/12/2022;202250;32;518,00;;PARTNER;;NFK|5511|30012|202250
5511;30077;12/12/2022;202250;44;2310,00;;PARTNER;;NFK|5511|30077|202250
5511;30154;12/12/2022;202250;69;779,70;3F2;PARTNER;;NFK|5511|30154|202250
5511;30209;12/12/2022;202250;38;1422,62;;PARTNER;;NFK|5511|30209|202250
9001;10023;12/12/2022;202250;28;332,50;;DEPOT;;NFK|9001|10023|202250
9001;10047;12/12/2022;202250;20;225,00;;DEPOT;;NFK|9001|10047|202250
9001;10112;12/12/2022;202250;10;211,88;;DEPOT;;NFK|9001|10112|202250
9001;10310;12/12/2022;202250;8;215,00;;DEPOT;;NFK|9001|10310|202250
9001;11020;12/12/2022;202250;25;467,19;;DEPOT;;NFK|9001|11020|202250
9001;11085;12/12/2022;202250;13;145,44;;DEPOT;;NFK|9001|11085|202250
9001;11142;12/12/2022;202250;9;224,44;;DEPOT;;NFK|9001|11142|202250
9001;12004;12/12/2022;202250;14;560,00;;DEPOT;;NFK|9001|12004|202250
9001;12066;12/12/2022;202250;9;545,62;;DEPOT;;NFK|9001|12066|202250
9001;12190;12/12/2022;202250;7;157,50;;DEPOT;;NFK|9001|12190|202250
9001;20015;12/12/2022;202250;12;305,25;;DEPOT;C;NFK|9001|20015|202250
9001;20041;12/12/2022;202250;16;146,00;;DEPOT;A;NFK|9001|20041|202250
9001;20088;12/12/2022;202250;7;395,50;;DEPOT;B;NFK|9001|20088|202250
9001;20131;12/12/2022;202250;5;105,62;;DEPOT;C;NFK|9001|20131|202250
9001;30012;12/12/2022;202250;4;64,75;;DEPOT;;NFK|9001|30012|202250
9001;30077;12/12/2022;202250;6;315,00;;DEPOT;;NFK|9001|30077|202250
9001;30154;12/12/2022;202250;9;101,70;3F2;DEPOT;;NFK|9001|30154|202250
9001;30209;12/12/2022;202250;6;224,62;;DEPOT;;NFK|9001|30209|202250
9001;99001;12/12/2022;202250;0;0,00;;DEPOT;;NFK|9001|99001|202250
1199;10023;12/12/2022;202250;11;130,62;;SUPER;;NFK|1199|10023|202250
1199;10047;12/12/2022;202250;7;78,75;;SUPER;;NFK|1199|10047|202250
1199;10112;12/12/2022;202250;4;84,75;;SUPER;;NFK|1199|10112|202250
1199;10310;12/12/2022;202250;4;107,50;;SUPER;;NFK|1199|10310|202250
1199;11020;12/12/2022;202250;10;186,88;;SUPER;;NFK|1199|11020|202250
1199;11085;12/12/2022;202250;6;67,12;;SUPER;;NFK|1199|11085|202250
1199;11142;12/12/2022;202250;4;99,75;;SUPER;;NFK|1199|11142|202250
1199;12004;12/12/2022;202250;5;200,00;;SUPER;;NFK|1199|12004|202250
1199;12066;12/12/2022;202250;4;242,50;;SUPER;;NFK|1199|12066|202250
1199;12190;12/12/2022;202250;2;45,00;;SUPER;;NFK|1199|12190|202250
1199;20015;12/12/2022;202250;8;167,60;AVIS;SUPER;C;NFK|1199|20015|202250
1199;20041;12/12/2022;202250;7;63,88;;SUPER;A;NFK|1199|20041|202250
1199;20088;12/12/2022;202250;4;226,00;;SUPER;B;NFK|1199|20088|202250
1199;20131;12/12/2022;202250;2;42,25;;SUPER;C;NFK|1199|20131|202250
1199;30012;12/12/2022;202250;2;32,38;;SUPER;;NFK|1199|30012|202250
1199;30077;12/12/2022;202250;3;157,50;;SUPER;;NFK|1199|30077|202250
1199;30154;12/12/2022;202250;3;33,90;3F2;SUPER;;NFK|1199|30154|202250
1199;30209;12/12/2022;202250;2;74,88;;SUPER;;NFK|1199|30209|202250
1101;10023;19/12/2022;202251;590;7006,25;;SUPER;;NFK|1101|10023|202251
1101;10047;19/12/2022;202251;459;5163,75;;SUPER;;NFK|1101|10047|202251
1101;10112;19/12/2022;202251;271;5741,81;;SUPER;;NFK|1101|10112|202251
1101;10310;19/12/2022;202251;219;5885,62;;SUPER;;NFK|1101|10310|202251
1101;11020;19/12/2022;202251;485;9063,44;;SUPER;;NFK|1101|11020|202251
1101;11085;19/12/2022;202251;326;3647,12;;SUPER;;NFK|1101|11085|202251
1101;11142;19/12/2022;202251;414;8776,80;AVIS;SUPER;;NFK|1101|11142|202251
1101;12004;19/12/2022;202251;285;11400,00;;SUPER;;NFK|1101|12004|202251
1101;12066;19/12/2022;202251;182;11033,75;;SUPER;;NFK|1101|12066|202251
1101;12190;19/12/2022;202251;156;3510,00;;SUPER;;NFK|1101|12190|202251
1101;20015;19/12/2022;202251;304;7733,00;;SUPER;C;NFK|1101|20015|202251
1101;20041;19/12/2022;202251;292;2664,50;;SUPER;A;NFK|1101|20041|202251
1101;20088;19/12/2022;202251;183;10339,50;;SUPER;B;NFK|1101|20088|202251
1101;20131;19/12/2022;202251;136;2873,00;;SUPER;C;NFK|1101|20131|202251
1101;30012;19/12/2022;202251;87;1408,31;;SUPER;;NFK|1101|30012|202251
1101;30077;19/12/2022;202251;140;7350,00;;SUPER;;NFK|1101|30077|202251
1101;30154;19/12/2022;202251;109;1839,38;;SUPER;;NFK|1101|30154|202251
1101;30209;19/12/2022;202251;134;5016,62;;SUPER;;NFK|1101|30209|202251
1102;10023;19/12/2022;202251;690;8193,75;;SUPER;;NFK|1102|10023|202251
1102;10047;19/12/2022;202251;384;4320,00;;SUPER;;NFK|1102|10047|202251
1102;10112;19/12/2022;202251;210;4449,38;;SUPER;;NFK|1102|10112|202251
1102;10310;19/12/2022;202251;160;4300,00;;SUPER;;NFK|1102|10310|202251
1102;11020;19/12/2022;202251;538;10053,88;;SUPER;;NFK|1102|11020|202251
1102;11085;19/12/2022;202251;276;3087,75;;SUPER;;NFK|1102|11085|202251
1102;11142;19/12/2022;202251;370;7844,00;AVIS;SUPER;;NFK|1102|11142|202251
1102;12004;19/12/2022;202251;256;10240,00;;SUPER;;NFK|1102|12004|202251
1102;12066;19/12/2022;202251;204;12367,50;;SUPER;;NFK|1102|12066|202251
1102;12190;19/12/2022;202251;128;2880,00;;SUPER;;NFK|1102|12190|202251
1102;20015;19/12/2022;202251;261;6639,19;;SUPER;C;NFK|1102|20015|202251
1102;20041;19/12/2022;202251;336;3066,00;;SUPER;A;NFK|1102|20041|202251
1102;20088;19/12/2022;202251;153;8644,50;;SUPER;B;NFK|1102|20088|202251
1102;20131;19/12/2022;202251;114;2408,25;;SUPER;C;NFK|1102|20131|202251
1102;30012;19/12/2022;202251;97;1570,19;;SUPER;;NFK|1102|30012|202251
1102;30077;19/12/2022;202251;147;7717,50;;SUPER;;NFK|1102|30077|202251
1102;30154;19/12/2022;202251;96;1620,00;;SUPER;;NFK|1102|30154|202251
1102;30209;19/12/2022;202251;108;4043,25;;SUPER;;NFK|1102|30209|202251
1103;10023;19/12/2022;202251;359;4263,12;;NAER;;NFK|1103|10023|202251
1103;10047;19/12/2022;202251;207;2328,75;;NAER;;NFK|1103|10047|202251
1103;10112;19/12/2022;202251;133;2817,94;;NAER;;NFK|1103|10112|202251
1103;10310;19/12/2022;202251;103;2768,12;;NAER;;NFK|1103|10310|202251
1103;11020;19/12/2022;202251;259;4840,06;;NAER;;NFK|1103|11020|202251
1103;11085;19/12/2022;202251;148;1655,75;;NAER;;NFK|1103|11085|202251
1103;11142;19/12/2022;202251;160;3392,00;AVIS;NAER;;NFK|1103|11142|202251
1103;12004;19/12/2022;202251;122;4880,00;;NAER;;NFK|1103|12004|202251
1103;12066;19/12/2022;202251;98;5941,25;;NAER;;NFK|1103|12066|202251
1103;12190;19/12/2022;202251;72;1620,00;;NAER;;NFK|1103|12190|202251
1103;20015;19/12/2022;202251;144;3663,00;;NAER;C;NFK|1103|20015|202251
1103;20041;19/12/2022;202251;155;1414,38;;NAER;A;NFK|1103|20041|202251
1103;20088;19/12/2022;202251;77;4350,50;;NAER;B;NFK|1103|20088|202251
1103;20131;19/12/2022;202251;62;1309,75;;NAER;C;NFK|1103|20131|202251
1103;30012;19/12/2022;202251;51;825,56;;NAER;;NFK|1103|30012|202251
1103;30077;19/12/2022;202251;75;3937,50;;NAER;;NFK|1103|30077|202251
1103;30154;19/12/2022;202251;53;894,38;;NAER;;NFK|1103|30154|202251
1103;30209;19/12/2022;202251;66;2470,88;;NAER;;NFK|1103|30209|202251
1103;99001;19/12/2022;202251;3;0,00;;NAER;;NFK|1103|99001|202251
1108;10023;19/12/2022;202251;1283;15235,62;;HYPER;;NFK|1108|10023|202251
1108;10047;19/12/2022;202251;773;8696,25;;HYPER;;NFK|1108|10047|202251
1108;10112;19/12/2022;202251;475;10064,06;;HYPER;;NFK|1108|10112|202251
1108;10310;19/12/2022;202251;380;10212,50;;HYPER;;NFK|1108|10310|202251
1108;11020;19/12/2022;202251;854;15959,12;;HYPER;;NFK|1108|11020|202251
1108;11085;19/12/2022;202251;636;7115,25;;HYPER;;NFK|1108|11085|202251
1108;11142;19/12/2022;202251;671;14225,20;AVIS;HYPER;;NFK|1108|11142|202251
1108;12004;19/12/2022;202251;541;21640,00;;HYPER;;NFK|1108|12004|202251
1108;12066;19/12/2022;202251;359;21764,38;;HYPER;;NFK|1108|12066|202251
1108;12190;19/12/2022;202251;274;6165,00;;HYPER;;NFK|1108|12190|202251
1108;20015;19/12/2022;202251;546;13888,87;;HYPER;C;NFK|1108|20015|202251
1108;20041;19/12/2022;202251;613;5593,62;;HYPER;A;NFK|1108|20041|202251
1108;20088;19/12/2022;202251;345;19492,50;;HYPER;B;NFK|1108|20088|202251
1108;20131;19/12/2022;202251;214;4520,75;;HYPER;C;NFK|1108|20131|202251
1108;30012;19/12/2022;202251;179;2897,56;;HYPER;;NFK|1108|30012|202251
1108;30077;19/12/2022;202251;231;12127,50;;HYPER;;NFK|1108|30077|202251
1108;30154;19/12/2022;202251;208;3510,00;;HYPER;;NFK|1108|30154|202251
1108;30209;19/12/2022;202251;281;10519,94;;HYPER;;NFK|1108|30209|202251
1108;99001;19/12/2022;202251;12;0,00;;HYPER;;NFK|1108|99001|202251
3104;10023;19/12/2022;202251;606;7196,25;;SUPER;;NFK|3104|10023|202251
3104;10047;19/12/2022;202251;388;4365,00;;SUPER;;NFK|3104|10047|202251
3104;10112;19/12/2022;202251;228;4830,75;;SUPER;;NFK|3104|10112|202251
3104;10310;19/12/2022;202251;189;5079,38;;SUPER;;NFK|3104|10310|202251
3104;11020;19/12/2022;202251;494;9231,62;;SUPER;;NFK|3104|11020|202251
3104;11085;19/12/2022;202251;256;2864,00;;SUPER;;NFK|3104|11085|202251
3104;11142;19/12/2022;202251;225;5610,94;;SUPER;;NFK|3104|11142|202251
3104;12004;19/12/2022;202251;237;9480,00;;SUPER;;NFK|3104|12004|202251
3104;12066;19/12/2022;202251;164;9942,50;;SUPER;;NFK|3104|12066|202251
3104;12190;19/12/2022;202251;137;3082,50;;SUPER;;NFK|3104|12190|202251
3104;20015;19/12/2022;202251;212;5392,75;;SUPER;C;NFK|3104|20015|202251
3104;20041;19/12/2022;202251;312;2847,00;;SUPER;A;NFK|3104|20041|202251
3104;20088;19/12/2022;202251;177;10000,50;;SUPER;B;NFK|3104|20088|202251
3104;20131;19/12/2022;202251;103;2175,88;;SUPER;C;NFK|3104|20131|202251
3104;30012;19/12/2022;202251;73;1181,69;;SUPER;;NFK|3104|30012|202251
3104;30077;19/12/2022;202251;126;6615,00;;SUPER;;NFK|3104|30077|202251
3104;30154;19/12/2022;202251;93;1569,38;;SUPER;;NFK|3104|30154|202251
3104;30209;19/12/2022;202251;116;4342,75;;SUPER;;NFK|3104|30209|202251
3104;99001;19/12/2022;202251;6;0,00;;SUPER;;NFK|3104|99001|202251
3117;10023;19/12/2022;202251;279;3313,12;;NAER;;NFK|3117|10023|202251
3117;10047;19/12/2022;202251;174;1957,50;;NAER;;NFK|3117|10047|202251
3117;10112;19/12/2022;202251;87;1843,31;;NAER;;NFK|3117|10112|202251
3117;10310;19/12/2022;202251;79;2123,12;;NAER;;NFK|3117|10310|202251
3117;11020;19/12/2022;202251;204;3812,25;;NAER;;NFK|3117|11020|202251
3117;11085;19/12/2022;202251;128;1432,00;;NAER;;NFK|3117|11085|202251
3117;11142;19/12/2022;202251;82;2044,87;;NAER;;NFK|3117|11142|202251
3117;12004;19/12/2022;202251;102;4080,00;;NAER;;NFK|3117|12004|202251
3117;12066;19/12/2022;202251;78;4728,75;;NAER;;NFK|3117|12066|202251
3117;12190;19/12/2022;202251;62;1395,00;;NAER;;NFK|3117|12190|202251
3117;20015;19/12/2022;202251;104;2645,50;;NAER;C;NFK|3117|20015|202251
3117;20041;19/12/2022;202251;135;1231,88;;NAER;A;NFK|3117|20041|202251
3117;20088;19/12/2022;202251;80;4520,00;;NAER;B;NFK|3117|20088|202251
3117;20131;19/12/2022;202251;55;1161,88;;NAER;C;NFK|3117|20131|202251
3117;30012;19/12/2022;202251;38;615,12;;NAER;;NFK|3117|30012|202251
3117;30077;19/12/2022;202251;60;3150,00;;NAER;;NFK|3117|30077|202251
3117;30154;19/12/2022;202251;49;826,88;;NAER;;NFK|3117|30154|202251
3117;30209;19/12/2022;202251;52;1946,75;;NAER;;NFK|3117|30209|202251
3117;99001;19/12/2022;202251;3;0,00;;NAER;;NFK|3117|99001|202251
3122;10023;19/12/2022;202251;227;2695,62;;FRANCHISE;;NFK|3122|10023|202251
3122;10047;19/12/2022;202251;120;1350,00;;FRANCHISE;;NFK|3122|10047|202251
3122;10112;19/12/2022;202251;81;1716,19;;FRANCHISE;;NFK|3122|10112|202251
3122;10310;19/12/2022;202251;55;1478,12;;FRANCHISE;;NFK|3122|10310|202251
3122;11020;19/12/2022;202251;147;2747,06;;FRANCHISE;;NFK|3122|11020|202251
3122;11085;19/12/2022;202251;105;1174,69;;FRANCHISE;;NFK|3122|11085|202251
3122;11142;19/12/2022;202251;70;1745,62;;FRANCHISE;;NFK|3122|11142|202251
3122;12004;19/12/2022;202251;94;3760,00;;FRANCHISE;;NFK|3122|12004|202251
3122;12066;19/12/2022;202251;63;3819,38;;FRANCHISE;;NFK|3122|12066|202251
3122;12190;19/12/2022;202251;50;1125,00;;FRANCHISE;;NFK|3122|12190|202251
3122;20015;19/12/2022;202251;70;1780,62;;FRANCHISE;C;NFK|3122|20015|202251
3122;20041;19/12/2022;202251;99;903,38;;FRANCHISE;A;NFK|3122|20041|202251
3122;20088;19/12/2022;202251;48;2712,00;;FRANCHISE;B;NFK|3122|20088|202251
3122;20131;19/12/2022;202251;42;887,25;;FRANCHISE;C;NFK|3122|20131|202251
3122;30012;19/12/2022;202251;30;485,62;;FRANCHISE;;NFK|3122|30012|202251
3122;30077;19/12/2022;202251;48;2520,00;;FRANCHISE;;NFK|3122|30077|202251
3122;30154;19/12/2022;202251;35;590,62;;FRANCHISE;;NFK|3122|30154|202251
3122;30209;19/12/2022;202251;36;1347,75;;FRANCHISE;;NFK|3122|30209|202251
4201;10023;19/12/2022;202251;1055;12528,12;;HYPER;;NFK|4201|10023|202251
4201;10047;19/12/2022;202251;631;7098,75;;HYPER;;NFK|4201|10047|202251
4201;10112;19/12/2022;202251;382;8093,62;;HYPER;;NFK|4201|10112|202251
4201;10310;19/12/2022;202251;312;8385,00;;HYPER;;NFK|4201|10310|202251
4201;11020;19/12/2022;202251;746;13940,87;;HYPER;;NFK|4201|11020|202251
4201;11085;19/12/2022;202251;464;5191,00;;HYPER;;NFK|4201|11085|202251
4201;11142;19/12/2022;202251;528;11193,60;AVIS;HYPER;;NFK|4201|11142|202251
4201;12004;19/12/2022;202251;483;19320,00;;HYPER;;NFK|4201|12004|202251
4201;12066;19/12/2022;202251;366;22188,75;;HYPER;;NFK|4201|12066|202251
4201;12190;19/12/2022;202251;274;6165,00;;HYPER;;NFK|4201|12190|202251
4201;20015;19/12/2022;202251;440;11192,50;;HYPER;C;NFK|4201|20015|202251
4201;20041;19/12/2022;202251;559;5100,88;;HYPER;A;NFK|4201|20041|202251
4201;20088;19/12/2022;202251;303;17119,50;;HYPER;B;NFK|4201|20088|202251
4201;20131;19/12/2022;202251;180;3802,50;;HYPER;C;NFK|4201|20131|202251
4201;30012;19/12/2022;202251;141;2282,44;;HYPER;;NFK|4201|30012|202251
4201;30077;19/12/2022;202251;240;12600,00;;HYPER;;NFK|4201|30077|202251
4201;30154;19/12/2022;202251;165;2784,38;;HYPER;;NFK|4201|30154|202251
4201;30209;19/12/2022;202251;283;8475,85;3F2;HYPER;;NFK|4201|30209|202251
4205;10023;19/12/2022;202251;707;8395,62;;SUPER;;NFK|4205|10023|202251
4205;10047;19/12/2022;202251;425;4781,25;;SUPER;;NFK|4205|10047|202251
4205;10112;19/12/2022;202251;258;5466,37;;SUPER;;NFK|4205|10112|202251
4205;10310;19/12/2022;202251;175;4703,12;;SUPER;;NFK|4205|10310|202251
4205;11020;19/12/2022;202251;569;10633,19;;SUPER;;NFK|4205|11020|202251
4205;11085;19/12/2022;202251;256;2864,00;;SUPER;;NFK|4205|11085|202251
4205;11142;19/12/2022;202251;358;7589,60;AVIS;SUPER;;NFK|4205|11142|202251
4205;12004;19/12/2022;202251;279;11160,00;;SUPER;;NFK|4205|12004|202251
4205;12066;19/12/2022;202251;177;10730,62;;SUPER;;NFK|4205|12066|202251
4205;12190;19/12/2022;202251;166;3735,00;;SUPER;;NFK|4205|12190|202251
4205;20015;19/12/2022;202251;286;7275,12;;SUPER;C;NFK|4205|20015|202251
4205;20041;19/12/2022;202251;304;2774,00;;SUPER;A;NFK|4205|20041|202251
4205;20088;19/12/2022;202251;180;10170,00;;SUPER;B;NFK|4205|20088|202251
4205;20131;19/12/2022;202251;114;2408,25;;SUPER;C;NFK|4205|20131|202251
4205;30012;19/12/2022;202251;90;1456,88;;SUPER;;NFK|4205|30012|202251
4205;30077;19/12/2022;202251;152;7980,00;;SUPER;;NFK|4205|30077|202251
4205;30154;19/12/2022;202251;99;1670,62;;SUPER;;NFK|4205|30154|202251
4205;30209;19/12/2022;202251;187;5600,65;3F2;SUPER;;NFK|4205|30209|202251
4205;99001;19/12/2022;202251;6;0,00;;SUPER;;NFK|4205|99001|202251
4218;10023;19/12/2022;202251;749;8894,38;;SUPER;;NFK|4218|10023|202251
4218;10047;19/12/2022;202251;489;5501,25;;SUPER;;NFK|4218|10047|202251
4218;10112;19/12/2022;202251;217;4597,69;;SUPER;;NFK|4218|10112|202251
4218;10310;19/12/2022;202251;198;5321,25;;SUPER;;NFK|4218|10310|202251
4218;11020;19/12/2022;202251;475;8876,56;;SUPER;;NFK|4218|11020|202251
4218;11085;19/12/2022;202251;300;3356,25;;SUPER;;NFK|4218|11085|202251
4218;11142;19/12/2022;202251;355;7526,00;AVIS;SUPER;;NFK|4218|11142|202251
4218;12004;19/12/2022;202251;279;11160,00;;SUPER;;NFK|4218|12004|202251
4218;12066;19/12/2022;202251;234;14186,25;;SUPER;;NFK|4218|12066|202251
4218;12190;19/12/2022;202251;148;3330,00;;SUPER;;NFK|4218|12190|202251
4218;20015;19/12/2022;202251;285;7249,69;;SUPER;C;NFK|4218|20015|202251
4218;20041;19/12/2022;202251;365;3330,62;;SUPER;A;NFK|4218|20041|202251
4218;20088;19/12/2022;202251;197;11130,50;;SUPER;B;NFK|4218|20088|202251
4218;20131;19/12/2022;202251;120;2535,00;;SUPER;C;NFK|4218|20131|202251
4218;30012;19/12/2022;202251;95;1537,81;;SUPER;;NFK|4218|30012|202251
4218;30077;19/12/2022;202251;159;8347,50;;SUPER;;NFK|4218|30077|202251
4218;30154;19/12/2022;202251;118;1991,25;;SUPER;;NFK|4218|30154|202251
4218;30209;19/12/2022;202251;189;5660,55;3F2;SUPER;;NFK|4218|30209|202251
5502;10023;19/12/2022;202251;679;8063,12;;SUPER;;NFK|5502|10023|202251
5502;10047;19/12/2022;202251;375;4218,75;;SUPER;;NFK|5502|10047|202251
5502;10112;19/12/2022;202251;196;4152,75;;SUPER;;NFK|5502|10112|202251
5502;10310;19/12/2022;202251;178;4783,75;;SUPER;;NFK|5502|10310|202251
5502;11020;19/12/2022;202251;541;10109,94;;SUPER;;NFK|5502|11020|202251
5502;11085;19/12/2022;202251;293;3277,94;;SUPER;;NFK|5502|11085|202251
5502;11142;19/12/2022;202251;187;4663,31;;SUPER;;NFK|5502|11142|202251
5502;12004;19/12/2022;202251;0;0,00;;SUPER;;NFK|5502|12004|202251
5502;12066;19/12/2022;202251;188;11397,50;;SUPER;;NFK|5502|12066|202251
5502;12190;19/12/2022;202251;153;3442,50;;SUPER;;NFK|5502|12190|202251
5502;20015;19/12/2022;202251;250;6359,38;;SUPER;C;NFK|5502|20015|202251
5502;20041;19/12/2022;202251;310;2828,75;;SUPER;A;NFK|5502|20041|202251
5502;20088;19/12/2022;202251;147;8305,50;;SUPER;B;NFK|5502|20088|202251
5502;20131;19/12/2022;202251;107;2260,38;;SUPER;C;NFK|5502|20131|202251
5502;30012;19/12/2022;202251;92;1489,25;;SUPER;;NFK|5502|30012|202251
5502;30077;19/12/2022;202251;120;6300,00;;SUPER;;NFK|5502|30077|202251
5502;30154;19/12/2022;202251;108;1822,50;;SUPER;;NFK|5502|30154|202251
5502;30209;19/12/2022;202251;208;6229,60;3F2;SUPER;;NFK|5502|30209|202251
5511;10023;19/12/2022;202251;244;2897,50;;PARTNER;;NFK|5511|10023|202251
5511;10047;19/12/2022;202251;128;1440,00;;PARTNER;;NFK|5511|10047|202251
5511;10112;19/12/2022;202251;83;1758,56;;PARTNER;;NFK|5511|10112|202251
5511;10310;19/12/2022;202251;65;1746,88;;PARTNER;;NFK|5511|10310|202251
5511;11020;19/12/2022;202251;212;3961,75;;PARTNER;;NFK|5511|11020|202251
5511;11085;19/12/2022;202251;121;1353,69;;PARTNER;;NFK|5511|11085|202251
5511;11142;19/12/2022;202251;73;1820,44;;PARTNER;;NFK|5511|11142|202251
5511;12004;19/12/2022;202251;102;4080,00;;PARTNER;;NFK|5511|12004|202251
5511;12066;19/12/2022;202251;76;4607,50;;PARTNER;;NFK|5511|12066|202251
5511;12190;19/12/2022;202251;55;1237,50;;PARTNER;;NFK|5511|12190|202251
5511;20015;19/12/2022;202251;98;2492,88;;PARTNER;C;NFK|5511|20015|202251
5511;20041;19/12/2022;202251;134;1222,75;;PARTNER;A;NFK|5511|20041|202251
5511;20088;19/12/2022;202251;64;3616,00;;PARTNER;B;NFK|5511|20088|202251
5511;20131;19/12/2022;202251;43;908,38;;PARTNER;C;NFK|5511|20131|202251
5511;30012;19/12/2022;202251;29;469,44;;PARTNER;;NFK|5511|30012|202251
5511;30077;19/12/2022;202251;49;2572,50;;PARTNER;;NFK|5511|30077|202251
5511;30154;19/12/2022;202251;36;607,50;;PARTNER;;NFK|5511|30154|202251
5511;30209;19/12/2022;202251;67;2006,65;3F2;PARTNER;;NFK|5511|30209|202251
9001;10023;19/12/2022;202251;31;368,12;;DEPOT;;NFK|9001|10023|202251
9001;10047;19/12/2022;202251;21;236,25;;DEPOT;;NFK|9001|10047|202251
9001;10112;19/12/2022;202251;12;254,25;;DEPOT;;NFK|9001|10112|202251
9001;10310;19/12/2022;202251;8;215,00;;DEPOT;;NFK|9001|10310|202251
9001;11020;19/12/2022;202251;30;560,62;;DEPOT;;NFK|9001|11020|202251
9001;11085;19/12/2022;202251;14;156,62;;DEPOT;;NFK|9001|11085|202251
9001;11142;19/12/2022;202251;10;249,38;;DEPOT;;NFK|9001|11142|202251
9001;12004;19/12/2022;202251;14;560,00;;DEPOT;;NFK|9001|12004|202251
9001;12066;19/12/2022;202251;10;606,25;;DEPOT;;NFK|9001|12066|202251
9001;12190;19/12/2022;202251;8;180,00;;DEPOT;;NFK|9001|12190|202251
9001;20015;19/12/2022;202251;12;305,25;;DEPOT;C;NFK|9001|20015|202251
9001;20041;19/12/2022;202251;19;173,38;;DEPOT;A;NFK|9001|20041|202251
9001;20088;19/12/2022;202251;8;452,00;;DEPOT;B;NFK|9001|20088|202251
9001;20131;19/12/2022;202251;7;147,88;;DEPOT;C;NFK|9001|20131|202251
9001;30012;19/12/2022;202251;5;80,94;;DEPOT;;NFK|9001|30012|202251
9001;30077;19/12/2022;202251;6;315,00;;DEPOT;;NFK|9001|30077|202251
9001;30154;19/12/2022;202251;5;84,38;;DEPOT;;NFK|9001|30154|202251
9001;30209;19/12/2022;202251;6;224,62;;DEPOT;;NFK|9001|30209|202251
1101;10023;26/12/2022;202252;455;5403,12;;SUPER;;NFK|1101|10023|202252
1101;10047;26/12/2022;202252;317;3566,25;;SUPER;;NFK|1101|10047|202252
1101;10112;26/12/2022;202252;167;3538,31;;SUPER;;NFK|1101|10112|202252
1101;10310;26/12/2022;202252;137;3681,88;;SUPER;;NFK|1101|10310|202252
1101;11020;26/12/2022;202252;355;6634,06;;SUPER;;NFK|1101|11020|202252
1101;11085;26/12/2022;202252;237;2384,81;MP;SUPER;;NFK|1101|11085|202252
1101;11142;26/12/2022;202252;169;4214,44;;SUPER;;NFK|1101|11142|202252
1101;12004;26/12/2022;202252;203;8120,00;;SUPER;;NFK|1101|12004|202252
1101;12066;26/12/2022;202252;164;9942,50;;SUPER;;NFK|1101|12066|202252
1101;12190;26/12/2022;202252;96;2160,00;;SUPER;;NFK|1101|12190|202252
1101;20015;26/12/2022;202252;357;7479,15;KUPON;SUPER;C;NFK|1101|20015|202252
1101;20041;26/12/2022;202252;584;4146,40;3F2;SUPER;A;NFK|1101|20041|202252
1101;20088;26/12/2022;202252;178;10057,00;;SUPER;B;NFK|1101|20088|202252
1101;20131;26/12/2022;202252;118;2492,75;;SUPER;C;NFK|1101|20131|202252
1101;30012;26/12/2022;202252;94;1521,62;;SUPER;;NFK|1101|30012|202252
1101;30077;26/12/2022;202252;166;8715,00;;SUPER;;NFK|1101|30077|202252
1101;30154;26/12/2022;202252;120;2025,00;;SUPER;;NFK|1101|30154|202252
1101;30209;26/12/2022;202252;126;4717,12;;SUPER;;NFK|1101|30209|202252
1102;10023;26/12/2022;202252;417;4951,88;;SUPER;;NFK|1102|10023|202252
1102;10047;26/12/2022;202252;247;2778,75;;SUPER;;NFK|1102|10047|202252
1102;10112;26/12/2022;202252;135;2860,31;;SUPER;;NFK|1102|10112|202252
1102;10310;26/12/2022;202252;112;3010,00;;SUPER;;NFK|1102|10310|202252
1102;11020;26/12/2022;202252;362;6764,88;;SUPER;;NFK|1102|11020|202252
1102;11085;26/12/2022;202252;222;2233,88;MP;SUPER;;NFK|1102|11085|202252
1102;11142;26/12/2022;202252;153;3815,44;;SUPER;;NFK|1102|11142|202252
1102;12004;26/12/2022;202252;200;8000,00;;SUPER;;NFK|1102|12004|202252
1102;12066;26/12/2022;202252;118;7153,75;;SUPER;;NFK|1102|12066|202252
1102;12190;26/12/2022;202252;96;2160,00;;SUPER;;NFK|1102|12190|202252
1102;20015;26/12/2022;202252;319;6683,05;KUPON;SUPER;C;NFK|1102|20015|202252
1102;20041;26/12/2022;202252;497;3528,70;3F2;SUPER;A;NFK|1102|20041|202252
1102;20088;26/12/2022;202252;190;10735,00;;SUPER;B;NFK|1102|20088|202252
1102;20131;26/12/2022;202252;125;2640,62;;SUPER;C;NFK|1102|20131|202252
1102;30012;26/12/2022;202252;89;1440,69;;SUPER;;NFK|1102|30012|202252
1102;30077;26/12/2022;202252;135;7087,50;;SUPER;;NFK|1102|30077|202252
1102;30154;26/12/2022;202252;101;1704,38;;SUPER;;NFK|1102|30154|202252
1102;30209;26/12/2022;202252;111;4155,56;;SUPER;;NFK|1102|30209|202252
1103;10023;26/12/2022;202252;238;2826,25;;NAER;;NFK|1103|10023|202252
1103;10047;26/12/2022;202252;134;1507,50;;NAER;;NFK|1103|10047|202252
1103;10112;26/12/2022;202252;84;1779,75;;NAER;;NFK|1103|10112|202252
1103;10310;26/12/2022;202252;60;1612,50;;NAER;;NFK|1103|10310|202252
1103;11020;26/12/2022;202252;183;3419,81;;NAER;;NFK|1103|11020|202252
1103;11085;26/12/2022;202252;115;1157,19;MP;NAER;;NFK|1103|11085|202252
1103;11142;26/12/2022;202252;86;2144,62;;NAER;;NFK|1103|11142|202252
1103;12004;26/12/2022;202252;83;3320,00;;NAER;;NFK|1103|12004|202252
1103;12066;26/12/2022;202252;78;4728,75;;NAER;;NFK|1103|12066|202252
1103;12190;26/12/2022;202252;48;1080,00;;NAER;;NFK|1103|12190|202252
1103;20015;26/12/2022;202252;188;3938,60;KUPON;NAER;C;NFK|1103|20015|202252
1103;20041;26/12/2022;202252;237;1682,70;3F2;NAER;A;NFK|1103|20041|202252
1103;20088;26/12/2022;202252;92;5198,00;;NAER;B;NFK|1103|20088|202252
1103;20131;26/12/2022;202252;62;1309,75;;NAER;C;NFK|1103|20131|202252
1103;30012;26/12/2022;202252;43;696,06;;NAER;;NFK|1103|30012|202252
1103;30077;26/12/2022;202252;70;3675,00;;NAER;;NFK|1103|30077|202252
1103;30154;26/12/2022;202252;56;945,00;;NAER;;NFK|1103|30154|202252
1103;30209;26/12/2022;202252;56;2096,50;;NAER;;NFK|1103|30209|202252
1108;10023;26/12/2022;202252;796;9452,50;;HYPER;;NFK|1108|10023|202252
1108;10047;26/12/2022;202252;557;6266,25;;HYPER;;NFK|1108|10047|202252
1108;10112;26/12/2022;202252;290;6144,38;;HYPER;;NFK|1108|10112|202252
1108;10310;26/12/2022;202252;284;7632,50;;HYPER;;NFK|1108|10310|202252
1108;11020;26/12/2022;202252;677;12651,44;;HYPER;;NFK|1108|11020|202252
1108;11085;26/12/2022;202252;431;4336,94;MP;HYPER;;NFK|1108|11085|202252
1108;11142;26/12/2022;202252;265;6608,44;;HYPER;;NFK|1108|11142|202252
1108;12004;26/12/2022;202252;390;15600,00;;HYPER;;NFK|1108|12004|202252
1108;12066;26/12/2022;202252;280;16975,00;;HYPER;;NFK|1108|12066|202252
1108;12190;26/12/2022;202252;207;4657,50;;HYPER;;NFK|1108|12190|202252
1108;20015;26/12/2022;202252;565;11836,75;KUPON;HYPER;C;NFK|1108|20015|202252
1108;20041;26/12/2022;202252;910;6461,00;3F2;HYPER;A;NFK|1108|20041|202252
1108;20088;26/12/2022;202252;379;21413,50;;HYPER;B;NFK|1108|20088|202252
1108;20131;26/12/2022;202252;250;5281,25;;HYPER;C;NFK|1108|20131|202252
1108;30012;26/12/2022;202252;200;3237,50;;HYPER;;NFK|1108|30012|202252
1108;30077;26/12/2022;202252;273;14332,50;;HYPER;;NFK|1108|30077|202252
1108;30154;26/12/2022;202252;201;3391,88;;HYPER;;NFK|1108|30154|202252
1108;30209;26/12/2022;202252;250;9359,38;;HYPER;;NFK|1108|30209|202252
3104;10023;26/12/2022;202252;424;5035,00;;SUPER;;NFK|3104|10023|202252
3104;10047;26/12/2022;202252;225;2531,25;;SUPER;;NFK|3104|10047|202252
3104;10112;26/12/2022;202252;137;2902,69;;SUPER;;NFK|3104|10112|202252
3104;10310;26/12/2022;202252;109;2929,38;;SUPER;;NFK|3104|10310|202252
3104;11020;26/12/2022;202252;299;5587,56;;SUPER;;NFK|3104|11020|202252
3104;11085;26/12/2022;202252;229;2304,31;MP;SUPER;;NFK|3104|11085|202252
3104;11142;26/12/2022;202252;158;3940,12;;SUPER;;NFK|3104|11142|202252
3104;12004;26/12/2022;202252;192;7680,00;;SUPER;;NFK|3104|12004|202252
3104;12066;26/12/2022;202252;143;8669,38;;SUPER;;NFK|3104|12066|202252
3104;12190;26/12/2022;202252;90;2025,00;;SUPER;;NFK|3104|12190|202252
3104;20015;26/12/2022;202252;349;7311,55;KUPON;SUPER;C;NFK|3104|20015|202252
3104;20041;26/12/2022;202252;452;3209,20;3F2;SUPER;A;NFK|3104|20041|202252
3104;20088;26/12/2022;202252;176;9944,00;;SUPER;B;NFK|3104|20088|202252
3104;20131;26/12/2022;202252;113;2387,12;;SUPER;C;NFK|3104|20131|202252
3104;30012;26/12/2022;202252;91;1473,06;;SUPER;;NFK|3104|30012|202252
3104;30077;26/12/2022;202252;130;6825,00;;SUPER;;NFK|3104|30077|202252
3104;30154;26/12/2022;202252;101;1704,38;;SUPER;;NFK|3104|30154|202252
3104;30209;26/12/2022;202252;110;4118,12;;SUPER;;NFK|3104|30209|202252
3104;99001;26/12/2022;202252;6;0,00;;SUPER;;NFK|3104|99001|202252
3117;10023;26/12/2022;202252;177;2101,88;;NAER;;NFK|3117|10023|202252
3117;10047;26/12/2022;202252;116;1305,00;;NAER;;NFK|3117|10047|202252
3117;10112;26/12/2022;202252;60;1271,25;;NAER;;NFK|3117|10112|202252
3117;10310;26/12/2022;202252;48;1290,00;;NAER;;NFK|3117|10310|202252
3117;11020;26/12/2022;202252;144;2691,00;;NAER;;NFK|3117|11020|202252
3117;11085;26/12/2022;202252;95;955,94;MP;NAER;;NFK|3117|11085|202252
3117;11142;26/12/2022;202252;58;1446,38;;NAER;;NFK|3117|11142|202252
3117;12004;26/12/2022;202252;92;3680,00;;NAER;;NFK|3117|12004|202252
3117;12066;26/12/2022;202252;53;3213,12;;NAER;;NFK|3117|12066|202252
3117;12190;26/12/2022;202252;47;1057,50;;NAER;;NFK|3117|12190|202252
3117;20015;26/12/2022;202252;136;2849,20;KUPON;NAER;C;NFK|3117|20015|202252
3117;20041;26/12/2022;202252;255;1810,50;3F2;NAER;A;NFK|3117|20041|202252
3117;20088;26/12/2022;202252;74;4181,00;;NAER;B;NFK|3117|20088|202252
3117;20131;26/12/2022;202252;51;1077,38;;NAER;C;NFK|3117|20131|202252
3117;30012;26/12/2022;202252;44;712,25;;NAER;;NFK|3117|30012|202252
3117;30077;26/12/2022;202252;60;3150,00;;NAER;;NFK|3117|30077|202252
3117;30154;26/12/2022;202252;45;759,38;;NAER;;NFK|3117|30154|202252
3117;30209;26/12/2022;202252;58;2171,38;;NAER;;NFK|3117|30209|202252
3117;99001;26/12/2022;202252;3;0,00;;NAER;;NFK|3117|99001|202252
3122;10023;26/12/2022;202252;151;1793,12;;FRANCHISE;;NFK|3122|10023|202252
3122;10047;26/12/2022;202252;78;877,50;;FRANCHISE;;NFK|3122|10047|202252
3122;10112;26/12/2022;202252;49;1038,19;;FRANCHISE;;NFK|3122|10112|202252
3122;10310;26/12/2022;202252;35;940,62;;FRANCHISE;;NFK|3122|10310|202252
3122;11020;26/12/2022;202252;119;2223,81;;FRANCHISE;;NFK|3122|11020|202252
3122;11085;26/12/2022;202252;72;724,50;MP;FRANCHISE;;NFK|3122|11085|202252
3122;11142;26/12/2022;202252;42;1047,38;;FRANCHISE;;NFK|3122|11142|202252
3122;12004;26/12/2022;202252;63;2520,00;;FRANCHISE;;NFK|3122|12004|202252
3122;12066;26/12/2022;202252;40;2425,00;;FRANCHISE;;NFK|3122|12066|202252
3122;12190;26/12/2022;202252;31;697,50;;FRANCHISE;;NFK|3122|12190|202252
3122;20015;26/12/2022;202252;107;2241,65;KUPON;FRANCHISE;C;NFK|3122|20015|202252
3122;20041;26/12/2022;202252;186;1320,60;3F2;FRANCHISE;A;NFK|3122|20041|202252
3122;20088;26/12/2022;202252;54;3051,00;;FRANCHISE;B;NFK|3122|20088|202252
3122;20131;26/12/2022;202252;35;739,38;;FRANCHISE;C;NFK|3122|20131|202252
3122;30012;26/12/2022;202252;27;437,06;;FRANCHISE;;NFK|3122|30012|202252
3122;30077;26/12/2022;202252;45;2362,50;;FRANCHISE;;NFK|3122|30077|202252
3122;30154;26/12/2022;202252;34;573,75;;FRANCHISE;;NFK|3122|30154|202252
3122;30209;26/12/2022;202252;40;1497,50;;FRANCHISE;;NFK|3122|30209|202252
3122;99001;26/12/2022;202252;2;0,00;;FRANCHISE;;NFK|3122|99001|202252
4201;10023;26/12/2022;202252;789;9369,38;;HYPER;;NFK|4201|10023|202252
4201;10047;26/12/2022;202252;519;5838,75;;HYPER;;NFK|4201|10047|202252
4201;10112;26/12/2022;202252;256;5424,00;;HYPER;;NFK|4201|10112|202252
4201;10310;26/12/2022;202252;237;6369,38;;HYPER;;NFK|4201|10310|202252
4201;11020;26/12/2022;202252;564;10539,75;;HYPER;;NFK|4201|11020|202252
4201;11085;26/12/2022;202252;464;4669,00;MP;HYPER;;NFK|4201|11085|202252
4201;11142;26/12/2022;202252;238;5935,12;;HYPER;;NFK|4201|11142|202252
4201;12004;26/12/2022;202252;320;12800,00;;HYPER;;NFK|4201|12004|202252
4201;12066;26/12/2022;202252;245;14853,12;;HYPER;;NFK|4201|12066|202252
4201;12190;26/12/2022;202252;160;3600,00;;HYPER;;NFK|4201|12190|202252
4201;20015;26/12/2022;202252;570;11941,50;KUPON;HYPER;C;NFK|4201|20015|202252
4201;20041;26/12/2022;202252;979;6950,90;3F2;HYPER;A;NFK|4201|20041|202252
4201;20088;26/12/2022;202252;279;15763,50;;HYPER;B;NFK|4201|20088|202252
4201;20131;26/12/2022;202252;197;4161,62;;HYPER;C;NFK|4201|20131|202252
4201;30012;26/12/2022;202252;154;2492,88;;HYPER;;NFK|4201|30012|202252
4201;30077;26/12/2022;202252;266;13965,00;;HYPER;;NFK|4201|30077|202252
4201;30154;26/12/2022;202252;180;3037,50;;HYPER;;NFK|4201|30154|202252
4201;30209;26/12/2022;202252;188;7038,25;;HYPER;;NFK|4201|30209|202252
4205;10023;26/12/2022;202252;451;5355,62;;SUPER;;NFK|4205|10023|202252
4205;10047;26/12/2022;202252;281;3161,25;;SUPER;;NFK|4205|10047|202252
4205;10112;26/12/2022;202252;162;3432,38;;SUPER;;NFK|4205|10112|202252
4205;10310;26/12/2022;202252;124;3332,50;;SUPER;;NFK|4205|10310|202252
4205;11020;26/12/2022;202252;319;5961,31;;SUPER;;NFK|4205|11020|202252
4205;11085;26/12/2022;202252;0;0,00;MP;SUPER;;NFK|4205|11085|202252
4205;11142;26/12/2022;202252;170;4239,38;;SUPER;;NFK|4205|11142|202252
4205;12004;26/12/2022;202252;209;8360,00;;SUPER;;NFK|4205|12004|202252
4205;12066;26/12/2022;202252;144;8730,00;;SUPER;;NFK|4205|12066|202252
4205;12190;26/12/2022;202252;90;2025,00;;SUPER;;NFK|4205|12190|202252
4205;20015;26/12/2022;202252;363;7604,85;KUPON;SUPER;C;NFK|4205|20015|202252
4205;20041;26/12/2022;202252;589;4181,90;3F2;SUPER;A;NFK|4205|20041|202252
4205;20088;26/12/2022;202252;185;10452,50;;SUPER;B;NFK|4205|20088|202252
4205;20131;26/12/2022;202252;122;2577,25;;SUPER;C;NFK|4205|20131|202252
4205;30012;26/12/2022;202252;97;1570,19;;SUPER;;NFK|4205|30012|202252
4205;30077;26/12/2022;202252;134;7035,00;;SUPER;;NFK|4205|30077|202252
4205;30154;26/12/2022;202252;88;1485,00;;SUPER;;NFK|4205|30154|202252
4205;30209;26/12/2022;202252;127;4754,56;;SUPER;;NFK|4205|30209|202252
4218;10023;26/12/2022;202252;505;5996,88;;SUPER;;NFK|4218|10023|202252
4218;10047;26/12/2022;202252;275;3093,75;;SUPER;;NFK|4218|10047|202252
4218;10112;26/12/2022;202252;170;3601,88;;SUPER;;NFK|4218|10112|202252
4218;10310;26/12/2022;202252;153;4111,88;;SUPER;;NFK|4218|10310|202252
4218;11020;26/12/2022;202252;354;6615,38;;SUPER;;NFK|4218|11020|202252
4218;11085;26/12/2022;202252;281;2827,56;MP;SUPER;;NFK|4218|11085|202252
4218;11142;26/12/2022;202252;157;3915,19;;SUPER;;NFK|4218|11142|202252
4218;12004;26/12/2022;202252;204;8160,00;;SUPER;;NFK|4218|12004|202252
4218;12066;26/12/2022;202252;163;9881,88;;SUPER;;NFK|4218|12066|202252
4218;12190;26/12/2022;202252;100;2250,00;;SUPER;;NFK|4218|12190|202252
4218;20015;26/12/2022;202252;403;8442,85;KUPON;SUPER;C;NFK|4218|20015|202252
4218;20041;26/12/2022;202252;493;3500,30;3F2;SUPER;A;NFK|4218|20041|202252
4218;20088;26/12/2022;202252;211;11921,50;;SUPER;B;NFK|4218|20088|202252
4218;20131;26/12/2022;202252;133;2809,62;;SUPER;C;NFK|4218|20131|202252
4218;30012;26/12/2022;202252;89;1440,69;;SUPER;;NFK|4218|30012|202252
4218;30077;26/12/2022;202252;130;6825,00;;SUPER;;NFK|4218|30077|202252
4218;30154;26/12/2022;202252;118;1991,25;;SUPER;;NFK|4218|30154|202252
4218;30209;26/12/2022;202252;141;5278,69;;SUPER;;NFK|4218|30209|202252
5502;10023;26/12/2022;202252;443;5260,62;;SUPER;;NFK|5502|10023|202252
5502;10047;26/12/2022;202252;276;3105,00;;SUPER;;NFK|5502|10047|202252
5502;10112;26/12/2022;202252;148;3135,75;;SUPER;;NFK|5502|10112|202252
5502;10310;26/12/2022;202252;121;3251,88;;SUPER;;NFK|5502|10310|202252
5502;11020;26/12/2022;202252;369;6895,69;;SUPER;;NFK|5502|11020|202252
5502;11085;26/12/2022;202252;202;2032,63;MP;SUPER;;NFK|5502|11085|202252
5502;11142;26/12/2022;202252;157;3915,19;;SUPER;;NFK|5502|11142|202252
5502;12004;26/12/2022;202252;173;6920,00;;SUPER;;NFK|5502|12004|202252
5502;12066;26/12/2022;202252;129;7820,62;;SUPER;;NFK|5502|12066|202252
5502;12190;26/12/2022;202252;86;1935,00;;SUPER;;NFK|5502|12190|202252
5502;20015;26/12/2022;202252;314;6578,30;KUPON;SUPER;C;NFK|5502|20015|202252
5502;20041;26/12/2022;202252;519;3684,90;3F2;SUPER;A;NFK|5502|20041|202252
5502;20088;26/12/2022;202252;186;10509,00;;SUPER;B;NFK|5502|20088|202252
5502;20131;26/12/2022;202252;118;2492,75;;SUPER;C;NFK|5502|20131|202252
5502;30012;26/12/2022;202252;89;1440,69;;SUPER;;NFK|5502|30012|202252
5502;30077;26/12/2022;202252;143;7507,50;;SUPER;;NFK|5502|30077|202252
5502;30154;26/12/2022;202252;87;1468,12;;SUPER;;NFK|5502|30154|202252
5502;30209;26/12/2022;202252;137;5128,94;;SUPER;;NFK|5502|30209|202252
5511;10023;26/12/2022;202252;165;1959,38;;PARTNER;;NFK|5511|10023|202252
5511;10047;26/12/2022;202252;96;1080,00;;PARTNER;;NFK|5511|10047|202252
5511;10112;26/12/2022;202252;61;1292,44;;PARTNER;;NFK|5511|10112|202252
5511;10310;26/12/2022;202252;47;1263,12;;PARTNER;;NFK|5511|10310|202252
5511;11020;26/12/2022;202252;138;2578,88;;PARTNER;;NFK|5511|11020|202252
5511;11085;26/12/2022;202252;80;805,00;MP;PARTNER;;NFK|5511|11085|202252
5511;11142;26/12/2022;202252;58;1446,38;;PARTNER;;NFK|5511|11142|202252
5511;12004;26/12/2022;202252;60;2400,00;;PARTNER;;NFK|5511|12004|202252
5511;12066;26/12/2022;202252;55;3334,38;;PARTNER;;NFK|5511|12066|202252
5511;12190;26/12/2022;202252;37;832,50;;PARTNER;;NFK|5511|12190|202252
5511;20015;26/12/2022;202252;115;2409,25;KUPON;PARTNER;C;NFK|5511|20015|202252
5511;20041;26/12/2022;202252;197;1398,70;3F2;PARTNER;A;NFK|5511|20041|202252
5511;20088;26/12/2022;202252;64;3616,00;;PARTNER;B;NFK|5511|20088|202252
5511;20131;26/12/2022;202252;40;845,00;;PARTNER;C;NFK|5511|20131|202252
5511;30012;26/12/2022;202252;32;518,00;;PARTNER;;NFK|5511|30012|202252
5511;30077;26/12/2022;202252;58;3045,00;;PARTNER;;NFK|5511|30077|202252
5511;30154;26/12/2022;202252;38;641,25;;PARTNER;;NFK|5511|30154|202252
5511;30209;26/12/2022;202252;49;1834,44;;PARTNER;;NFK|5511|30209|202252
5511;99001;26/12/2022;202252;2;0,00;;PARTNER;;NFK|5511|99001|202252
9001;10023;26/12/2022;202252;21;249,38;;DEPOT;;NFK|9001|10023|202252
9001;10047;26/12/2022;202252;17;191,25;;DEPOT;;NFK|9001|10047|202252
9001;10112;26/12/2022;202252;8;169,50;;DEPOT;;NFK|9001|10112|202252
9001;10310;26/12/2022;202252;6;161,25;;DEPOT;;NFK|9001|10310|202252
9001;11020;26/12/2022;202252;21;392,44;;DEPOT;;NFK|9001|11020|202252
9001;11085;26/12/2022;202252;11;110,69;MP;DEPOT;;NFK|9001|11085|202252
9001;11142;26/12/2022;202252;8;199,50;;DEPOT;;NFK|9001|11142|202252
9001;12004;26/12/2022;202252;11;440,00;;DEPOT;;NFK|9001|12004|202252
9001;12066;26/12/2022;202252;8;485,00;;DEPOT;;NFK|9001|12066|202252
9001;12190;26/12/2022;202252;6;135,00;;DEPOT;;NFK|9001|12190|202252
9001;20015;26/12/2022;202252;19;398,05;KUPON;DEPOT;C;NFK|9001|20015|202252
9001;20041;26/12/2022;202252;30;213,00;3F2;DEPOT;A;NFK|9001|20041|202252
9001;20088;26/12/2022;202252;8;452,00;;DEPOT;B;NFK|9001|20088|202252
9001;20131;26/12/2022;202252;7;147,88;;DEPOT;C;NFK|9001|20131|202252
9001;30012;26/12/2022;202252;4;64,75;;DEPOT;;NFK|9001|30012|202252
9001;30077;26/12/2022;202252;8;420,00;;DEPOT;;NFK|9001|30077|202252
9001;30154;26/12/2022;202252;5;84,38;;DEPOT;;NFK|9001|30154|202252
9001;30209;26/12/2022;202252;6;224,62;;DEPOT;;NFK|9001|30209|202252
1199;10023;26/12/2022;202252;10;118,75;;SUPER;;NFK|1199|10023|202252
1199;10047;26/12/2022;202252;6;67,50;;SUPER;;NFK|1199|10047|202252
1199;10112;26/12/2022;202252;4;84,75;;SUPER;;NFK|1199|10112|202252
1199;10310;26/12/2022;202252;3;80,62;;SUPER;;NFK|1199|10310|202252
1199;11020;26/12/2022;202252;8;149,50;;SUPER;;NFK|1199|11020|202252
1199;11085;26/12/2022;202252;5;50,31;MP;SUPER;;NFK|1199|11085|202252
1199;11142;26/12/2022;202252;3;74,81;;SUPER;;NFK|1199|11142|202252
1199;12004;26/12/2022;202252;4;160,00;;SUPER;;NFK|1199|12004|202252
1199;12066;26/12/2022;202252;3;181,88;;SUPER;;NFK|1199|12066|202252
1199;12190;26/12/2022;202252;2;45,00;;SUPER;;NFK|1199|12190|202252
1199;20015;26/12/2022;202252;7;146,65;KUPON;SUPER;C;NFK|1199|20015|202252
1199;20041;26/12/2022;202252;10;71,00;3F2;SUPER;A;NFK|1199|20041|202252
1199;20088;26/12/2022;202252;4;226,00;;SUPER;B;NFK|1199|20088|202252
1199;20131;26/12/2022;202252;3;63,38;;SUPER;C;NFK|1199|20131|202252
1199;30012;26/12/2022;202252;2;32,38;;SUPER;;NFK|1199|30012|202252
1199;30077;26/12/2022;202252;3;157,50;;SUPER;;NFK|1199|30077|202252
1199;30154;26/12/2022;202252;2;33,75;;SUPER;;NFK|1199|30154|202252
1199;30209;26/12/2022;202252;2;74,88;;SUPER;;NFK|1199|30209|202252
